# mdl2obj: faith_plate.mdl
g lock
v -3.8865 -10.2279 42.4267
v -3.8865 -1.0921 38.4569
v -3.8865 -2.2187 35.8640
v -3.8864 -11.3546 39.8338
v -1.4382 -11.9179 38.5373
v -1.4382 -2.7821 34.5676
v -1.4382 -11.9179 38.5373
v -1.4382 -2.7821 34.5676
v 1.0101 -11.3546 39.8338
v 1.0101 -2.2187 35.8640
v 1.0101 -10.2279 42.4267
v 1.0101 -1.0921 38.4569
v -1.4382 -0.5287 39.7534
v -1.4382 -9.6646 43.7231
v -3.8865 -1.0921 38.4569
v -3.8865 -2.2187 35.8640
v -1.4382 -2.7821 34.5676
v 1.0101 -2.2187 35.8640
v 1.0101 -1.0921 38.4569
v -1.4382 -0.5287 39.7534
v -3.8865 -10.2279 42.4267
v -1.4382 -10.7913 41.1302
v -3.8864 -11.3546 39.8338
v -1.4382 -10.7913 41.1302
v -1.4382 -11.9179 38.5373
v -1.4382 -10.7913 41.1302
v -1.4382 -11.9179 38.5373
v 1.0101 -11.3546 39.8338
v -1.4382 -10.7913 41.1302
v 1.0101 -10.2279 42.4267
v -1.4382 -10.7913 41.1302
v -1.4382 -9.6646 43.7231
v -1.4382 -10.7913 41.1302
v -7.1377 0.5418 36.8284
v -6.9440 -0.8864 36.6980
v -6.7692 -4.4061 43.2002
v -6.4943 -5.2894 42.0626
v -1.3355 -6.9375 44.6556
v -1.3355 -6.0542 45.7931
v -6.9440 -0.9116 28.7422
v -6.9440 -4.8485 28.7422
v -6.4943 -5.2894 42.0626
v -5.4286 -8.7980 43.2570
v -5.4286 -6.4959 43.2570
v -1.3355 -8.7980 44.6556
v -1.3355 -6.9375 44.6556
v -5.7035 -5.6126 44.3945
v -5.4286 -6.4959 43.2570
v -12.5564 -9.5551 28.7422
v -12.5564 -2.8044 34.0390
v -12.5564 -2.8044 28.7422
v -12.5564 -9.1225 41.4716
v -12.5564 -12.2638 36.8001
v -12.5564 -25.6670 45.2393
v -12.5564 -25.3852 39.7882
v -1.3355 -26.3305 50.5131
v -1.3355 -6.2408 45.9381
v -1.3355 -25.3852 39.7882
v -12.5564 -25.3852 39.7882
v -1.3355 -12.2638 36.8001
v -12.5564 -12.2638 36.8001
v -12.5564 -9.5551 28.7422
v -6.9440 -9.5551 28.7422
v -6.9440 -4.8485 28.7422
v -1.3355 -9.5551 28.7422
v -7.1377 0.5418 28.7422
v -6.9440 -0.9116 28.7422
v -6.9440 -0.8864 36.6980
v -1.3355 -8.7980 44.6556
v -1.3355 -8.7980 29.2352
v -6.9440 -4.8485 29.2352
v -1.3355 -8.7980 29.2352
v -1.3355 -4.8485 29.2352
v -1.3355 -4.8485 28.7422
v -1.3355 -9.5551 28.7422
v -6.9440 -4.8485 29.2352
v -1.3355 -4.8485 28.7422
v -1.3355 -4.8485 29.2352
v -6.9440 -4.8485 28.7422
v -12.5564 -41.5750 6.2141
v -12.5564 -42.9264 6.5776
v -12.5564 -38.3784 8.2507
v -12.5564 -40.7627 37.4909
v -12.5564 -37.3576 33.6430
v -12.5564 -47.3461 21.8519
v -12.5564 -42.5789 21.2397
v -1.3355 -51.8946 14.2637
v -1.3355 -52.6550 22.1143
v -1.3355 -44.6610 41.1043
v -12.5564 -38.1382 7.7267
v -9.7688 -41.5750 6.2141
v -9.7688 -38.3784 8.2507
v -12.5564 -38.3784 8.2507
v -12.5564 -42.5789 21.2397
v -1.3355 -42.5789 21.2397
v -1.3355 -37.3576 33.6430
v -12.5564 -37.3576 33.6430
v -1.3355 -51.4538 13.6744
v -1.3355 -42.5789 21.2397
v -6.6492 -42.4664 18.2361
v -1.3355 -51.8946 14.2637
v -1.3355 -51.4538 13.6744
v -7.1377 0.5418 28.7422
v -9.7688 -41.5750 6.2141
v -12.5564 -42.9264 6.5776
v -10.1535 -2.3142 28.7422
v -6.9440 -0.9116 28.7422
v -12.5564 -2.8044 28.7422
v -5.7035 -5.6126 44.3945
v -1.3355 -6.0542 45.7931
v 4.4666 0.5418 36.8284
v 4.2729 -0.8864 36.6980
v 4.0981 -4.4061 43.2002
v 3.8232 -5.2894 42.0626
v -1.3355 -6.9375 44.6556
v -1.3355 -6.0542 45.7931
v 4.2729 -0.9116 28.7422
v 4.2729 -4.8485 28.7422
v 3.8232 -5.2894 42.0626
v 2.7575 -8.7980 43.2570
v 2.7575 -6.4959 43.2570
v 3.0324 -5.6126 44.3945
v 2.7575 -6.4959 43.2570
v 9.8853 -2.8044 34.0390
v 9.8853 -9.5551 28.7422
v 9.8853 -2.8044 28.7422
v 9.8853 -9.1225 41.4716
v 9.8853 -12.2638 36.8001
v 9.8853 -25.6670 45.2393
v 9.8853 -25.3852 39.7882
v -1.3355 -26.3305 50.5131
v -1.3355 -6.2408 45.9381
v 9.8853 -25.3852 39.7882
v 9.8853 -12.2638 36.8001
v 9.8853 -9.5551 28.7422
v 4.2729 -4.8485 28.7422
v 4.2729 -9.5551 28.7422
v 4.4666 0.5418 28.7422
v 4.2729 -0.9116 28.7422
v 4.2729 -0.8864 36.6980
v 4.2729 -4.8485 29.2352
v 4.2729 -4.8485 29.2352
v 4.2729 -4.8485 28.7422
v 9.8853 -41.5750 6.2141
v 9.8853 -38.3784 8.2507
v 9.8853 -42.9264 6.5776
v 9.8853 -40.7627 37.4909
v 9.8853 -37.3576 33.6430
v 9.8853 -47.3461 21.8519
v 9.8853 -42.5789 21.2397
v -1.3355 -51.8946 14.2637
v -1.3355 -52.6550 22.1143
v 9.8853 -38.1382 7.7267
v 7.0977 -41.5750 6.2141
v 7.0977 -38.3784 8.2507
v 9.8853 -38.3784 8.2507
v 9.8853 -42.5789 21.2397
v 9.8853 -37.3576 33.6430
v 3.9781 -42.4664 18.2361
v -1.3355 -51.8946 14.2637
v -1.3355 -51.4538 13.6744
v 4.4666 0.5418 28.7422
v 7.0977 -41.5750 6.2141
v 9.8853 -42.9264 6.5776
v 7.4824 -2.3142 28.7422
v 4.2729 -0.9116 28.7422
v 9.8853 -2.8044 28.7422
v 3.0324 -5.6126 44.3945
v -1.3355 -6.0542 45.7931
v -6.0967 -4.2721 37.6735
v -6.8769 -4.2721 37.6735
v -6.8769 3.1532 36.1416
v -6.0967 3.1532 36.1416
v -6.8769 0.7401 38.4866
v -6.0967 0.7401 38.4866
v -6.0967 -4.2721 37.6735
v -6.8769 -4.2721 37.6735
v -6.0967 2.0028 28.8951
v -6.8769 2.0028 28.8951
v -6.8769 2.0028 28.8951
v -6.0967 2.0028 28.8951
v -6.8769 -3.4130 30.4609
v -6.0967 -2.6721 28.6426
v -6.8769 -2.6721 28.6426
v -6.0967 -3.4130 30.4609
v -6.8769 -5.4116 33.6381
v -6.0967 -5.4116 33.6381
v -6.8769 -10.8963 38.7222
v -6.0967 -10.8963 38.7222
v -6.0967 -2.6721 28.6426
v -6.0967 -3.4130 30.4609
v -6.0967 -5.4116 33.6381
v -6.0967 -10.8963 38.7222
v -6.0967 -8.9551 41.7310
v -6.0967 -4.2721 37.6735
v -6.8769 -4.2721 37.6735
v -6.0967 -8.9551 41.7310
v -6.8769 -8.9551 41.7310
v -6.8769 -2.6721 28.6426
v -6.8769 -3.4130 30.4609
v -6.8769 -5.4116 33.6381
v -6.8769 -10.8963 38.7222
v -6.8769 -8.9551 41.7310
v -6.0967 -1.2411 27.4632
v -6.8769 -1.2411 27.4632
v -6.8769 -1.2411 27.4632
v -6.0967 -1.2411 27.4632
v 4.2110 -4.2721 37.6735
v 3.4308 -4.2721 37.6735
v 3.4308 3.1532 36.1416
v 4.2110 3.1532 36.1416
v 3.4308 0.7401 38.4866
v 4.2110 0.7401 38.4866
v 4.2110 -4.2721 37.6735
v 3.4308 -4.2721 37.6735
v 4.2110 2.0028 28.8951
v 3.4308 2.0028 28.8951
v 3.4308 2.0028 28.8951
v 4.2110 2.0028 28.8951
v 3.4308 -3.4130 30.4609
v 4.2110 -2.6721 28.6426
v 3.4308 -2.6721 28.6426
v 4.2110 -3.4130 30.4609
v 3.4308 -5.4116 33.6381
v 4.2110 -5.4116 33.6381
v 3.4308 -10.8963 38.7222
v 4.2110 -10.8963 38.7222
v 4.2110 -2.6721 28.6426
v 4.2110 -3.4130 30.4609
v 4.2110 -5.4116 33.6381
v 4.2110 -10.8963 38.7222
v 4.2110 -8.9551 41.7310
v 4.2110 -4.2721 37.6735
v 3.4308 -4.2721 37.6735
v 4.2110 -8.9551 41.7310
v 3.4308 -8.9551 41.7310
v 3.4308 -2.6721 28.6426
v 3.4308 -3.4130 30.4609
v 3.4308 -5.4116 33.6381
v 3.4308 -10.8963 38.7222
v 3.4308 -8.9551 41.7310
v 4.2110 -1.2411 27.4632
v 3.4308 -1.2411 27.4632
v 3.4308 -1.2411 27.4632
v 4.2110 -1.2411 27.4632
v -7.4870 0.4341 36.7502
v 4.6106 0.4341 36.7502
v -7.4870 0.5630 35.6219
v 4.6106 0.5630 35.6219
v 4.6106 0.5630 35.6219
v -7.4870 0.5630 35.6219
v -7.4870 1.4757 36.2976
v 4.6106 1.4757 36.2976
v -7.4870 0.4341 36.7502
v -7.4870 0.5630 35.6219
v -7.4870 0.8243 36.2233
v -7.4870 0.5630 35.6219
v -7.4870 1.4757 36.2976
v -7.4870 0.8243 36.2233
v -7.4870 0.8243 36.2233
v 4.6106 0.8243 36.2233
v 4.6106 0.4341 36.7502
v 4.6106 0.5630 35.6219
v 4.6106 0.8243 36.2233
v 4.6106 0.5630 35.6219
v 4.6106 1.4757 36.2976
v 4.6106 0.8243 36.2233
v -3.2400 0.7156 38.0707
v -3.7939 0.2206 38.2598
v -3.7939 1.1470 34.6143
v -3.2400 -0.3819 35.1984
v -3.2400 1.1470 34.6143
v -3.7939 -0.8769 35.3876
v -3.7939 2.1159 37.5356
v -3.7939 1.1470 34.6143
v -3.7939 -0.8769 35.3876
v -3.7939 0.2206 38.2598
v -3.2400 2.9198 36.3024
v -3.7939 2.9198 36.3024
v -3.2400 1.1470 34.6143
v -3.7939 1.9915 34.9012
v -3.2400 1.9915 34.9012
v -3.7939 2.9198 36.3024
v -3.2400 2.1159 37.5356
v -3.2400 2.9198 36.3024
v -3.7939 1.9915 34.9012
v -3.2400 1.9915 34.9012
v -3.2400 1.1470 34.6143
v -3.7939 -0.8769 35.3876
v -1.4379 0.2206 38.2598
v -1.4379 -0.8769 35.3876
v -3.7939 0.2206 38.2598
v -3.2400 0.7156 38.0707
v -1.4379 0.2206 38.2598
v -1.4379 0.7156 38.0707
v -3.2400 -0.3819 35.1984
v -1.4379 -0.8769 35.3876
v -1.4379 -0.3819 35.1984
v -3.2400 -0.3819 35.1984
v -3.2400 0.7156 38.0707
v -3.2400 0.7156 38.0707
v -1.4379 -0.3819 35.1984
v -1.4379 0.7156 38.0707
v -3.2400 -0.3819 35.1984
v 0.3641 0.7156 38.0707
v 0.9180 0.2206 38.2598
v 0.3641 -0.3819 35.1984
v 0.9180 1.1470 34.6143
v 0.3641 1.1470 34.6143
v 0.9180 -0.8769 35.3876
v 0.9180 2.1159 37.5356
v 0.9180 -0.8769 35.3876
v 0.9180 0.2206 38.2598
v 0.9180 1.1470 34.6143
v 0.3641 2.9198 36.3024
v 0.9180 2.9198 36.3024
v 0.3641 1.1470 34.6143
v 0.3641 1.9915 34.9012
v 0.9180 1.9915 34.9012
v 0.9180 2.9198 36.3024
v 0.3641 2.9198 36.3024
v 0.3641 2.1159 37.5356
v 0.9180 1.9915 34.9012
v 0.3641 1.9915 34.9012
v 0.3641 1.1470 34.6143
v 0.9180 0.2206 38.2598
v 0.9180 -0.8769 35.3876
v 0.3641 0.7156 38.0707
v 0.3641 -0.3819 35.1984
v 0.3641 -0.3819 35.1984
v 0.3641 0.7156 38.0707
v 0.3641 0.7156 38.0707
v 0.3641 -0.3819 35.1984
v -2.4971 -1.4812 37.5613
v -2.4971 0.5932 36.6599
v -2.4971 0.1059 35.5385
v -2.4971 -1.9685 36.4399
v -1.4382 -2.2122 35.8791
v -1.4382 -0.1377 34.9777
v -1.4382 -0.1377 34.9777
v -1.4382 -2.2122 35.8791
v -0.3793 0.1059 35.5385
v -0.3793 -1.9685 36.4399
v -0.3793 -1.4812 37.5613
v -0.3793 0.5932 36.6599
v -1.4382 0.8369 37.2206
v -1.4382 -1.2376 38.1220
v -2.4971 0.5932 36.6599
v -1.4382 0.3496 36.0992
v -2.4971 0.1059 35.5385
v -1.4382 0.3496 36.0992
v -1.4382 -0.1377 34.9777
v -1.4382 0.3496 36.0992
v -1.4382 -0.1377 34.9777
v -0.3793 0.1059 35.5385
v -1.4382 0.3496 36.0992
v -0.3793 0.5932 36.6599
v -1.4382 0.3496 36.0992
v -1.4382 0.8369 37.2206
v -1.4382 0.3496 36.0992
v -1.4382 -1.6554 37.1605
v -1.4382 -1.6554 37.1605
v -1.4382 -1.6554 37.1605
v -1.4382 -2.7821 34.5676
v -1.4382 -1.6554 37.1605
v -1.4382 -1.6554 37.1605
v -1.4382 -1.6554 37.1605
v -7.1378 -0.3461 39.1342
v -6.9440 -1.4850 38.2790
v -6.8689 -8.7980 40.8499
v -6.9440 -1.4850 38.2790
v -12.5564 -9.5551 34.6968
v -12.5564 -3.7036 36.6076
v -8.4837 -0.1437 28.7422
v -12.5564 -17.0626 44.8140
v -12.5564 -18.5611 39.4510
v -1.3355 -15.8823 49.9968
v -1.3355 -18.5611 39.4510
v -12.5564 -18.5611 39.4510
v -1.3355 -9.5551 34.6968
v -12.5564 -9.5551 34.6968
v -12.5564 -9.5551 34.6968
v -6.9440 -9.5551 28.7422
v -12.5564 -9.5551 28.7422
v -1.3355 -9.5551 34.6968
v -9.3891 -43.8038 6.8136
v -9.3625 -46.0967 8.0525
v -8.6007 -46.0967 8.0525
v -8.6007 -46.0967 8.0525
v -12.5564 -44.6390 9.3001
v -12.5564 -40.3182 11.2192
v -9.3625 -46.0967 8.0525
v -12.5564 -33.8980 42.6959
v -12.5564 -31.9132 37.7711
v -12.5564 -45.4332 30.2518
v -12.5564 -41.0618 27.9017
v -12.5564 -46.2707 13.3044
v -12.5564 -41.7260 14.4607
v -1.3355 -50.3322 32.3141
v -1.3355 -36.3253 47.4248
v -12.5564 -39.5622 6.2948
v -12.5564 -41.5750 6.2141
v -9.7688 -39.5622 6.2948
v -12.5564 -39.5622 6.2948
v -1.3355 -41.0618 27.9017
v -12.5564 -41.0618 27.9017
v -1.3355 -31.9132 37.7711
v -12.5564 -31.9132 37.7711
v -9.7688 -38.3784 8.2507
v -9.7688 -38.1382 7.7267
v -9.7688 -39.5622 6.2948
v -9.7688 -41.5750 6.2141
v -9.7688 -40.3182 11.2192
v -12.5564 -40.3182 11.2192
v -12.5564 -41.7260 14.4607
v -8.6191 -41.7278 14.5797
v -8.6007 -46.0967 8.0525
v -9.7688 -40.3182 11.2192
v -9.3891 -43.8038 6.8136
v -8.6191 -41.7278 14.5797
v -7.2004 -50.4467 12.3282
v -6.5532 -50.1369 11.9680
v -7.8881 0.3510 28.7422
v -8.4837 -0.1437 28.7422
v -10.2921 -43.4776 6.7258
v -9.3891 -43.8038 6.8136
v 4.4667 -0.3461 39.1342
v 4.2729 -1.4850 38.2790
v 4.1978 -8.7980 40.8499
v 4.2729 -1.4850 38.2790
v 9.8853 -9.5551 34.6968
v 9.8853 -3.7036 36.6076
v 5.8126 -0.1437 28.7422
v 9.8853 -17.0626 44.8140
v 9.8853 -18.5611 39.4510
v -1.3355 -15.8823 49.9968
v 9.8853 -18.5611 39.4510
v 9.8853 -9.5551 34.6968
v 4.2729 -9.5551 28.7422
v 9.8853 -9.5551 34.6968
v 9.8853 -9.5551 28.7422
v 6.6915 -46.0967 8.0525
v 6.7180 -43.8038 6.8136
v 5.9296 -46.0967 8.0525
v 5.9296 -46.0967 8.0525
v 9.8853 -40.3182 11.2192
v 9.8853 -44.6390 9.3001
v 6.6915 -46.0967 8.0525
v 9.8853 -33.8980 42.6959
v 9.8853 -31.9132 37.7711
v 9.8853 -45.4332 30.2518
v 9.8853 -41.0618 27.9017
v 9.8853 -46.2707 13.3044
v 9.8853 -41.7260 14.4607
v -1.3355 -50.3322 32.3141
v 9.8853 -39.5622 6.2948
v 9.8853 -41.5750 6.2141
v 7.0977 -39.5622 6.2948
v 9.8853 -39.5622 6.2948
v 9.8853 -41.0618 27.9017
v 9.8853 -31.9132 37.7711
v 7.0977 -38.1382 7.7267
v 7.0977 -38.3784 8.2507
v 7.0977 -39.5622 6.2948
v 7.0977 -41.5750 6.2141
v 7.0977 -40.3182 11.2192
v 9.8853 -40.3182 11.2192
v 9.8853 -41.7260 14.4607
v 5.9480 -41.7278 14.5797
v 5.9296 -46.0967 8.0525
v 7.0977 -40.3182 11.2192
v 5.9480 -41.7278 14.5797
v 6.7180 -43.8038 6.8136
v 4.5294 -50.4467 12.3282
v 3.8822 -50.1369 11.9680
v 5.2170 0.3510 28.7422
v 5.8126 -0.1437 28.7422
v 7.6210 -43.4776 6.7258
v 6.7180 -43.8038 6.8136
v -6.8769 0.4649 28.0010
v -6.0967 0.4649 28.0010
v -6.8769 0.7401 38.4866
v -6.0967 0.7401 38.4866
v -6.8769 2.5567 37.8008
v -6.0967 2.5567 37.8008
v -6.0967 3.1532 36.1416
v -6.8769 3.1532 36.1416
v -6.8769 2.5567 37.8008
v -6.0967 2.5567 37.8008
v -6.0967 0.4649 28.0010
v -6.8769 0.4649 28.0010
v -6.8769 -7.9316 36.4201
v -6.0967 -7.9316 36.4201
v -6.0967 -7.9316 36.4201
v -6.0967 -5.4974 39.0461
v -6.8769 -5.4974 39.0461
v -6.0967 -5.4974 39.0461
v -6.8769 -7.9316 36.4201
v -6.8769 -5.4974 39.0461
v 3.4308 0.4649 28.0010
v 4.2110 0.4649 28.0010
v 3.4308 0.7401 38.4866
v 4.2110 0.7401 38.4866
v 3.4308 2.5567 37.8008
v 4.2110 2.5567 37.8008
v 4.2110 3.1532 36.1416
v 3.4308 3.1532 36.1416
v 3.4308 2.5567 37.8008
v 4.2110 2.5567 37.8008
v 4.2110 0.4649 28.0010
v 3.4308 0.4649 28.0010
v 3.4308 -7.9316 36.4201
v 4.2110 -7.9316 36.4201
v 4.2110 -7.9316 36.4201
v 4.2110 -5.4974 39.0461
v 3.4308 -5.4974 39.0461
v 4.2110 -5.4974 39.0461
v 3.4308 -7.9316 36.4201
v 3.4308 -5.4974 39.0461
v 4.6106 0.1728 36.1489
v -7.4870 0.1728 36.1489
v -7.4870 1.2144 35.6963
v 4.6106 1.2144 35.6963
v -7.4870 1.0856 36.8246
v 4.6106 1.0856 36.8246
v -7.4870 0.1728 36.1489
v -7.4870 0.8243 36.2233
v -7.4870 1.2144 35.6963
v -7.4870 0.8243 36.2233
v -7.4870 1.0856 36.8246
v -7.4870 0.8243 36.2233
v 4.6106 0.1728 36.1489
v 4.6106 0.8243 36.2233
v 4.6106 1.2144 35.6963
v 4.6106 0.8243 36.2233
v 4.6106 1.0856 36.8246
v 4.6106 0.8243 36.2233
v -3.7939 2.1159 37.5356
v -3.2400 2.1159 37.5356
v -3.7939 2.8389 35.9190
v -3.7939 2.8389 35.9190
v -3.2400 2.8389 35.9190
v -3.2400 2.8782 36.6919
v -3.7939 2.8782 36.6919
v -3.7939 2.7182 37.0495
v -3.2400 2.7182 37.0495
v -3.7939 2.4556 37.3402
v -3.2400 2.4556 37.3402
v -3.2400 1.5851 34.7112
v -3.7939 1.5851 34.7112
v -3.7939 2.3468 35.1752
v -3.2400 2.3468 35.1752
v -3.2400 2.6338 35.5199
v -3.7939 2.6338 35.5199
v -3.7939 2.7182 37.0495
v -3.7939 2.8782 36.6919
v -3.7939 2.4556 37.3402
v -3.2400 2.7182 37.0495
v -3.2400 2.4556 37.3402
v -3.2400 2.8389 35.9190
v -3.2400 2.8782 36.6919
v -3.7939 1.5851 34.7112
v -3.7939 2.6338 35.5199
v -3.7939 2.3468 35.1752
v -3.2400 2.6338 35.5199
v -3.2400 2.3468 35.1752
v -3.2400 1.5851 34.7112
v 0.9180 2.1159 37.5356
v 0.3641 2.1159 37.5356
v 0.9180 2.8389 35.9190
v 0.9180 2.8389 35.9190
v 0.3641 2.8389 35.9190
v 0.9180 2.8782 36.6919
v 0.3641 2.8782 36.6919
v 0.3641 2.7182 37.0495
v 0.9180 2.7182 37.0495
v 0.3641 2.4556 37.3402
v 0.9180 2.4556 37.3402
v 0.3641 1.5851 34.7112
v 0.9180 1.5851 34.7112
v 0.3641 2.3468 35.1752
v 0.9180 2.3468 35.1752
v 0.3641 2.6338 35.5199
v 0.9180 2.6338 35.5199
v 0.9180 2.7182 37.0495
v 0.9180 2.4556 37.3402
v 0.9180 2.8782 36.6919
v 0.3641 2.7182 37.0495
v 0.3641 2.8782 36.6919
v 0.3641 2.8389 35.9190
v 0.3641 2.4556 37.3402
v 0.9180 2.6338 35.5199
v 0.9180 2.3468 35.1752
v 0.9180 1.5851 34.7112
v 0.3641 1.5851 34.7112
v 0.3641 2.6338 35.5199
v 0.3641 2.3468 35.1752
v -2.0496 0.7716 37.0704
v -2.0496 -1.3029 37.9718
v -2.6610 0.3496 36.0992
v -2.6610 -1.7249 37.0006
v -2.0496 -0.0724 35.1280
v -2.0496 -2.1469 36.0294
v -0.8268 -2.1469 36.0294
v -0.8268 -0.0724 35.1280
v -0.2155 -1.7249 37.0006
v -0.2155 0.3496 36.0992
v -0.8268 0.7716 37.0704
v -0.8268 -1.3029 37.9718
v -2.0496 0.7716 37.0704
v -2.6610 0.3496 36.0992
v -1.4382 0.3496 36.0992
v -2.0496 -0.0724 35.1280
v -1.4382 0.3496 36.0992
v -0.8268 -0.0724 35.1280
v -1.4382 0.3496 36.0992
v -0.2155 0.3496 36.0992
v -1.4382 0.3496 36.0992
v -0.8268 0.7716 37.0704
v -1.4382 0.3496 36.0992
v -1.4382 0.3496 36.0992
v -2.8517 -0.6797 39.4060
v -2.8517 -9.8155 43.3757
v -4.2652 -10.7913 41.1302
v -4.2652 -1.6554 37.1605
v -2.8517 -2.6311 34.9150
v -2.8517 -11.7670 38.8847
v -0.0247 -2.6311 34.9150
v -0.0247 -11.7670 38.8847
v 1.3888 -1.6554 37.1605
v 1.3888 -10.7913 41.1302
v -0.0247 -0.6797 39.4060
v -0.0247 -9.8155 43.3757
v -2.8517 -0.6797 39.4060
v -4.2652 -1.6554 37.1605
v -1.4382 -1.6554 37.1605
v -2.8517 -2.6311 34.9150
v -1.4382 -1.6554 37.1605
v -0.0247 -2.6311 34.9150
v -1.4382 -1.6554 37.1605
v 1.3888 -1.6554 37.1605
v -1.4382 -1.6554 37.1605
v -0.0247 -0.6797 39.4060
v -1.4382 -1.6554 37.1605
v -1.4382 -1.6554 37.1605
v -1.4382 -10.7913 41.1302
v -2.8517 -9.8155 43.3757
v -4.2652 -10.7913 41.1302
v -1.4382 -10.7913 41.1302
v -2.8517 -11.7670 38.8847
v -1.4382 -10.7913 41.1302
v -0.0247 -11.7670 38.8847
v -1.4382 -10.7913 41.1302
v 1.3888 -10.7913 41.1302
v -1.4382 -10.7913 41.1302
v -0.0247 -9.8155 43.3757
v -1.4382 -10.7913 41.1302
v -6.7692 -4.4061 43.2002
v -7.8678 -2.9947 41.7460
v -7.1378 -2.8496 41.9025
v -7.8724 -7.0510 44.9084
v -6.9440 -0.9932 37.5620
v -7.1380 0.3122 38.0638
v -7.1378 -2.8496 41.9025
v -6.8689 -3.8262 40.8499
v -4.2477 -6.0542 45.0893
v -3.9728 -6.9375 43.9517
v -12.5564 -3.0149 35.4070
v -11.1491 -2.8044 34.1414
v -11.1491 -3.0220 35.4541
v -12.5564 -2.8044 34.0390
v -12.5564 -3.7036 36.6076
v -11.1491 -3.6973 36.6007
v -8.4783 -0.1367 36.1520
v -10.1966 -2.5900 35.7995
v -10.1590 -2.3214 34.5423
v -8.4263 -0.2845 37.5200
v -10.2073 -3.2743 36.9164
v -8.4110 -0.9399 38.6874
v -6.9440 -4.8485 29.2352
v -6.8689 -3.8262 40.8499
v -6.9440 -8.7980 38.2790
v -3.9728 -6.9375 43.9517
v -3.9728 -8.7980 43.9517
v -12.5564 -3.0149 35.4070
v -11.1491 -2.8044 28.7422
v -12.5564 -2.8044 28.7422
v -10.1535 -2.3142 28.7422
v -12.5564 -5.7073 38.8197
v -12.5564 -12.9463 43.4901
v -12.5564 -15.2964 38.4010
v -12.5564 -21.3462 45.4030
v -12.5564 -21.9584 39.9181
v -12.5564 -29.8938 44.3277
v -12.5564 -28.7375 39.0652
v -11.1491 -5.7073 38.8197
v -12.5564 -5.7073 38.8197
v -11.1491 -9.1225 41.4716
v -12.5564 -9.1225 41.4716
v -11.1491 -12.9463 43.4901
v -12.5564 -12.9463 43.4901
v -11.1491 -17.0626 44.8140
v -12.5564 -17.0626 44.8140
v -11.1491 -21.3462 45.4030
v -12.5564 -21.3462 45.4030
v -11.1491 -25.6670 45.2393
v -12.5564 -25.6670 45.2393
v -11.1491 -29.8938 44.3277
v -12.5564 -29.8938 44.3277
v -10.2073 -5.3487 39.2064
v -8.4109 -3.3565 41.3557
v -10.2073 -8.8366 41.9147
v -8.4108 -7.2478 44.3773
v -8.4108 -11.6047 46.6773
v -10.2073 -12.7417 43.9762
v -8.4108 -16.2948 48.1857
v -10.2073 -16.9455 45.3282
v -8.4108 -21.1755 48.8568
v -10.2073 -21.3202 45.9297
v -10.2073 -25.7329 45.7625
v -8.4108 -26.0987 48.6702
v -10.2073 -30.0495 44.8315
v -8.4108 -30.9146 47.6315
v -1.3355 -31.4630 49.4062
v -7.1495 -26.2054 49.5186
v -7.1495 -31.1671 48.4485
v -7.1495 -21.1333 49.7109
v -1.3355 -21.0838 50.7120
v -7.1495 -16.1049 49.0195
v -7.1495 -11.2729 47.4654
v -1.3355 -10.8840 48.3892
v -7.1495 -6.7842 45.0958
v -12.5564 -28.7375 39.0652
v -1.3355 -28.7375 39.0652
v -1.3355 -21.9584 39.9181
v -12.5564 -21.9584 39.9181
v -1.3355 -15.2964 38.4010
v -12.5564 -15.2964 38.4010
v -6.9440 -8.7980 37.5620
v -6.9440 -0.9932 37.5620
v -6.9440 -8.7980 37.5620
v -6.8689 -8.7980 40.8499
v -6.9440 -8.7980 38.2790
v -5.4286 -8.7980 43.2570
v -3.9728 -8.7980 43.9517
v -6.9440 -8.7980 29.2352
v -6.9440 -8.7980 29.2352
v -6.9440 -8.7980 29.2352
v -10.1509 -43.8038 6.8136
v -8.5727 -48.2974 9.8464
v -7.8109 -48.2974 9.8464
v -7.4678 -49.4192 11.1218
v -7.8109 -48.2974 9.8464
v -8.1393 -49.7144 11.4574
v -12.5564 -42.9264 6.5776
v -11.1491 -44.6390 9.3001
v -11.1491 -42.9264 6.5776
v -12.5564 -44.6390 9.3001
v -10.1509 -43.8038 6.8136
v -10.2017 -45.0494 8.9489
v -10.2921 -43.4776 6.7258
v -12.5564 -37.5581 40.3937
v -12.5564 -34.8160 35.9452
v -12.5564 -43.4146 34.0756
v -12.5564 -39.4609 30.9344
v -12.5564 -46.7571 26.1355
v -12.5564 -42.1118 24.6371
v -12.5564 -47.1823 17.5311
v -12.5564 -42.4490 17.8129
v -11.1491 -33.8980 42.6959
v -12.5564 -33.8980 42.6959
v -11.1491 -37.5581 40.3937
v -12.5564 -37.5581 40.3937
v -11.1491 -40.7627 37.4909
v -12.5564 -40.7627 37.4909
v -11.1491 -43.4146 34.0756
v -12.5564 -43.4146 34.0756
v -11.1491 -45.4332 30.2518
v -12.5564 -45.4332 30.2518
v -11.1491 -46.7571 26.1355
v -12.5564 -46.7571 26.1355
v -11.1491 -47.3461 21.8519
v -12.5564 -47.3461 21.8519
v -11.1491 -47.1823 17.5311
v -12.5564 -47.1823 17.5311
v -11.1491 -46.2707 13.3044
v -12.5564 -46.2707 13.3044
v -8.4108 -35.4771 45.7723
v -10.2073 -34.1388 43.1651
v -8.4108 -39.6474 43.1492
v -10.2073 -37.8767 40.8139
v -8.4108 -43.2988 39.8416
v -10.2073 -41.1495 37.8493
v -10.2073 -43.8577 34.3615
v -8.4108 -46.3204 35.9503
v -8.4108 -48.6203 31.5935
v -10.2073 -45.9192 30.4564
v -8.4108 -50.1288 26.9034
v -10.2073 -47.2713 26.2526
v -8.4108 -50.7999 22.0226
v -10.2073 -47.8728 21.8779
v -8.4108 -50.6133 17.0994
v -10.2073 -47.7055 17.4653
v -10.2073 -46.7745 13.1487
v -8.4108 -49.5746 12.2835
v -8.5727 -48.2974 9.8464
v -8.1393 -49.7144 11.4574
v -7.1495 -51.4617 16.9927
v -7.2004 -50.4467 12.3282
v -1.3355 -52.4561 16.8676
v -7.1495 -51.6540 22.0648
v -1.3355 -51.9398 27.3158
v -7.1495 -50.9625 27.0932
v -7.1495 -49.4084 31.9252
v -7.1495 -47.0389 36.4139
v -1.3355 -47.8811 36.9573
v -7.1495 -43.9259 40.4230
v -7.1495 -40.1640 43.8305
v -1.3355 -40.7696 44.6292
v -7.1495 -35.8676 46.5331
v -12.5564 -38.6541 6.7561
v -12.5564 -38.2427 7.1599
v -9.7688 -38.6541 6.7561
v -12.5564 -38.6541 6.7561
v -9.7688 -38.2427 7.1599
v -12.5564 -38.2427 7.1599
v -9.7688 -38.1382 7.7267
v -12.5564 -38.1382 7.7267
v -12.5564 -38.1382 7.7267
v -9.7688 -38.1382 7.7267
v -1.3355 -42.1118 24.6371
v -12.5564 -42.1118 24.6371
v -1.3355 -39.4609 30.9344
v -12.5564 -39.4609 30.9344
v -1.3355 -34.8160 35.9452
v -12.5564 -34.8160 35.9452
v -9.7688 -38.2427 7.1599
v -9.7688 -38.6541 6.7561
v -9.7688 -42.9264 6.5776
v -6.6492 -42.4664 18.2361
v -6.5532 -50.1369 11.9680
v -7.8109 -48.2974 9.8464
v -8.1071 -41.9982 15.8169
v -7.4678 -49.4192 11.1218
v -7.6168 -42.2571 17.0017
v -7.2906 -42.4294 17.7898
v -6.9755 -49.9722 11.7646
v -7.2915 -49.7242 11.4722
v -8.1071 -41.9982 15.8169
v -12.5564 -42.4490 17.8129
v -7.2906 -42.4294 17.7898
v -7.6168 -42.2571 17.0017
v -7.2915 -49.7242 11.4722
v -6.9755 -49.9722 11.7646
v -7.8724 -11.3860 47.1968
v -7.8679 -0.5159 39.0081
v -7.1378 -0.3461 39.1342
v -7.9086 0.3429 36.5486
v -7.8774 0.1488 37.8690
v -7.1377 0.5418 36.8284
v -7.1380 0.3122 38.0638
v -7.8881 0.3510 28.7422
v -7.1377 0.5418 28.7422
v -7.8724 -16.1696 48.7353
v -7.8724 -21.1477 49.4198
v -7.8724 -26.1691 49.2295
v -7.8724 -31.0811 48.1701
v -7.8724 -35.7345 46.2738
v -7.8724 -39.9879 43.5983
v -7.8724 -43.7121 40.2248
v -7.8724 -46.7940 36.2559
v -7.8724 -49.1398 31.8121
v -7.8724 -49.1398 31.8121
v -7.8724 -50.6783 27.0285
v -7.8724 -51.3628 22.0504
v -7.8724 -51.1725 17.0291
v -7.8849 -50.1262 12.1960
v -10.6343 -43.0768 6.6180
v -9.7688 -42.9264 6.5776
v -11.1491 -42.9264 6.5776
v -10.5942 -2.6752 28.7422
v -10.5765 -2.6674 34.2763
v -10.6021 -2.9064 35.5573
v -10.6094 -3.5830 36.6836
v -10.6094 -5.6115 38.9230
v -10.6094 -9.0462 41.5899
v -10.6094 -12.8917 43.6199
v -10.6094 -17.0313 44.9513
v -10.6094 -21.3393 45.5437
v -10.6094 -25.6846 45.3790
v -10.6094 -29.9353 44.4622
v -10.6094 -33.9623 42.8212
v -10.6343 -43.0768 6.6180
v -10.6047 -44.7500 9.2051
v -10.6094 -46.4052 13.2628
v -10.6094 -37.6431 40.5059
v -10.6094 -40.8660 37.5866
v -10.6094 -43.5329 34.1520
v -10.6094 -45.5630 30.3064
v -10.6094 -46.8944 26.1668
v -10.6094 -47.4867 21.8589
v -10.6094 -47.3220 17.5135
v -11.1491 -2.8044 28.7422
v -10.5942 -2.6752 28.7422
v -4.2477 -6.0542 45.0893
v 4.0981 -4.4061 43.2002
v 5.1968 -2.9947 41.7460
v 5.2014 -7.0510 44.9084
v 4.4667 -2.8496 41.9025
v 4.2729 -0.9932 37.5620
v 4.4669 0.3122 38.0638
v 4.4667 -2.8496 41.9025
v 4.1978 -3.8262 40.8499
v 1.5766 -6.0542 45.0893
v 1.3017 -6.9375 43.9517
v 8.4780 -2.8044 34.1414
v 9.8853 -3.0149 35.4070
v 8.4780 -3.0220 35.4541
v 9.8853 -2.8044 34.0390
v 9.8853 -3.7036 36.6076
v 8.4781 -3.6973 36.6007
v 7.5255 -2.5900 35.7995
v 5.8072 -0.1367 36.1520
v 7.4879 -2.3214 34.5423
v 5.7552 -0.2845 37.5200
v 7.5362 -3.2743 36.9164
v 5.7399 -0.9399 38.6874
v 4.2729 -4.8485 29.2352
v 4.2729 -8.7980 38.2790
v 4.1978 -3.8262 40.8499
v 1.3017 -6.9375 43.9517
v 1.3017 -8.7980 43.9517
v 9.8853 -3.0149 35.4070
v 8.4781 -2.8044 28.7422
v 9.8853 -2.8044 28.7422
v 7.4824 -2.3142 28.7422
v 9.8853 -5.7073 38.8197
v 9.8853 -12.9463 43.4901
v 9.8853 -15.2964 38.4010
v 9.8853 -21.3462 45.4030
v 9.8853 -21.9584 39.9181
v 9.8853 -29.8938 44.3277
v 9.8853 -28.7375 39.0652
v 8.4781 -5.7073 38.8197
v 9.8853 -5.7073 38.8197
v 8.4781 -9.1225 41.4716
v 9.8853 -9.1225 41.4716
v 8.4781 -12.9463 43.4901
v 9.8853 -12.9463 43.4901
v 8.4781 -17.0626 44.8140
v 9.8853 -17.0626 44.8140
v 8.4781 -21.3462 45.4030
v 9.8853 -21.3462 45.4030
v 8.4781 -25.6670 45.2393
v 9.8853 -25.6670 45.2393
v 8.4781 -29.8938 44.3277
v 9.8853 -29.8938 44.3277
v 7.5362 -5.3487 39.2064
v 5.7398 -3.3565 41.3557
v 7.5363 -8.8366 41.9147
v 5.7397 -7.2478 44.3773
v 5.7397 -11.6047 46.6773
v 7.5363 -12.7417 43.9762
v 5.7397 -16.2948 48.1857
v 7.5363 -16.9455 45.3282
v 5.7397 -21.1755 48.8568
v 7.5363 -21.3202 45.9297
v 7.5363 -25.7329 45.7625
v 5.7397 -26.0987 48.6702
v 7.5363 -30.0495 44.8315
v 5.7397 -30.9146 47.6315
v 4.4785 -26.2054 49.5186
v 4.4785 -31.1671 48.4485
v 4.4785 -21.1333 49.7109
v -1.3355 -21.0838 50.7120
v 4.4785 -16.1049 49.0195
v 4.4785 -11.2729 47.4654
v -1.3355 -10.8840 48.3892
v 4.4785 -6.7842 45.0958
v 9.8853 -28.7375 39.0652
v 9.8853 -21.9584 39.9181
v 9.8853 -15.2964 38.4010
v 4.2729 -8.7980 37.5620
v 4.2729 -0.9932 37.5620
v 4.2729 -8.7980 37.5620
v 4.2729 -8.7980 29.2352
v 1.3017 -8.7980 43.9517
v 2.7575 -8.7980 43.2570
v 4.1978 -8.7980 40.8499
v 4.2729 -8.7980 38.2790
v 4.2729 -8.7980 29.2352
v 4.2729 -8.7980 29.2352
v 7.4798 -43.8038 6.8136
v 5.9016 -48.2974 9.8464
v 5.1398 -48.2974 9.8464
v 4.7967 -49.4192 11.1218
v 5.4682 -49.7144 11.4574
v 5.1398 -48.2974 9.8464
v 9.8853 -42.9264 6.5776
v 8.4781 -44.6390 9.3001
v 9.8853 -44.6390 9.3001
v 8.4781 -42.9264 6.5776
v 7.4798 -43.8038 6.8136
v 7.5307 -45.0494 8.9489
v 7.6210 -43.4776 6.7258
v 9.8853 -37.5581 40.3937
v 9.8853 -34.8160 35.9452
v 9.8853 -43.4146 34.0756
v 9.8853 -39.4609 30.9344
v 9.8853 -46.7571 26.1355
v 9.8853 -42.1118 24.6371
v 9.8853 -47.1823 17.5311
v 9.8853 -42.4490 17.8129
v 8.4781 -33.8980 42.6959
v 9.8853 -33.8980 42.6959
v 8.4781 -37.5581 40.3937
v 9.8853 -37.5581 40.3937
v 8.4781 -40.7627 37.4909
v 9.8853 -40.7627 37.4909
v 8.4781 -43.4146 34.0756
v 9.8853 -43.4146 34.0756
v 8.4781 -45.4332 30.2518
v 9.8853 -45.4332 30.2518
v 8.4781 -46.7571 26.1355
v 9.8853 -46.7571 26.1355
v 8.4781 -47.3461 21.8519
v 9.8853 -47.3461 21.8519
v 8.4781 -47.1823 17.5311
v 9.8853 -47.1823 17.5311
v 8.4781 -46.2707 13.3044
v 9.8853 -46.2707 13.3044
v 5.7397 -35.4771 45.7723
v 7.5363 -34.1388 43.1651
v 5.7397 -39.6474 43.1492
v 7.5363 -37.8767 40.8139
v 5.7397 -43.2988 39.8416
v 7.5363 -41.1495 37.8493
v 7.5363 -43.8577 34.3615
v 5.7397 -46.3204 35.9503
v 5.7397 -48.6203 31.5935
v 7.5363 -45.9192 30.4564
v 5.7397 -50.1288 26.9034
v 7.5363 -47.2713 26.2526
v 5.7397 -50.7999 22.0226
v 7.5363 -47.8728 21.8779
v 5.7397 -50.6133 17.0994
v 7.5363 -47.7055 17.4653
v 7.5362 -46.7745 13.1487
v 5.7397 -49.5746 12.2835
v 5.9016 -48.2974 9.8464
v 5.4682 -49.7144 11.4574
v 4.4785 -51.4617 16.9927
v -1.3355 -52.4561 16.8676
v 4.5294 -50.4467 12.3282
v 4.4785 -51.6540 22.0648
v -1.3355 -51.9398 27.3158
v 4.4785 -50.9625 27.0932
v 4.4785 -49.4084 31.9252
v 4.4785 -47.0389 36.4139
v 4.4785 -43.9259 40.4230
v 4.4785 -40.1640 43.8305
v 4.4785 -35.8676 46.5331
v 9.8853 -38.6541 6.7561
v 9.8853 -38.2427 7.1599
v 7.0977 -38.6541 6.7561
v 9.8853 -38.6541 6.7561
v 7.0977 -38.2427 7.1599
v 9.8853 -38.2427 7.1599
v 7.0977 -38.1382 7.7267
v 9.8853 -38.1382 7.7267
v 9.8853 -38.1382 7.7267
v 7.0977 -38.1382 7.7267
v 9.8853 -42.1118 24.6371
v 9.8853 -39.4609 30.9344
v 9.8853 -34.8160 35.9452
v 7.0977 -38.2427 7.1599
v 7.0977 -38.6541 6.7561
v 7.0977 -42.9264 6.5776
v 3.9781 -42.4664 18.2361
v 3.8822 -50.1369 11.9680
v 5.1398 -48.2974 9.8464
v 5.4360 -41.9982 15.8169
v 4.7967 -49.4192 11.1218
v 4.9457 -42.2571 17.0017
v 4.6195 -42.4294 17.7898
v 4.3044 -49.9722 11.7646
v 4.6204 -49.7242 11.4722
v 5.4360 -41.9982 15.8169
v 9.8853 -42.4490 17.8129
v 4.6195 -42.4294 17.7898
v 4.9457 -42.2571 17.0017
v 4.6204 -49.7242 11.4722
v 4.3044 -49.9722 11.7646
v 5.2014 -11.3860 47.1968
v 5.1968 -0.5159 39.0081
v 4.4667 -0.3461 39.1342
v 5.2375 0.3429 36.5486
v 5.2064 0.1488 37.8690
v 4.4666 0.5418 36.8284
v 4.4669 0.3122 38.0638
v 5.2170 0.3510 28.7422
v 4.4666 0.5418 28.7422
v 5.2014 -16.1696 48.7353
v 5.2014 -21.1477 49.4198
v 5.2014 -26.1691 49.2295
v 5.2014 -31.0811 48.1701
v 5.2014 -35.7345 46.2738
v 5.2014 -39.9879 43.5983
v 5.2014 -43.7121 40.2248
v 5.2014 -46.7940 36.2559
v 5.2014 -49.1398 31.8121
v 5.2014 -49.1398 31.8121
v 5.2014 -50.6783 27.0285
v 5.2014 -51.3628 22.0504
v 5.2014 -51.1725 17.0291
v 5.2138 -50.1262 12.1960
v 7.9632 -43.0768 6.6180
v 7.0977 -42.9264 6.5776
v 8.4781 -42.9264 6.5776
v 7.9231 -2.6752 28.7422
v 7.9054 -2.6674 34.2763
v 7.9310 -2.9064 35.5573
v 7.9383 -3.5830 36.6836
v 7.9383 -5.6115 38.9230
v 7.9384 -9.0462 41.5899
v 7.9384 -12.8917 43.6199
v 7.9384 -17.0313 44.9513
v 7.9384 -21.3393 45.5437
v 7.9384 -25.6846 45.3790
v 7.9384 -29.9353 44.4622
v 7.9384 -33.9623 42.8212
v 7.9632 -43.0768 6.6180
v 7.9337 -44.7500 9.2051
v 7.9384 -46.4052 13.2628
v 7.9384 -37.6431 40.5059
v 7.9384 -40.8660 37.5866
v 7.9384 -43.5329 34.1520
v 7.9384 -45.5630 30.3064
v 7.9384 -46.8944 26.1668
v 7.9384 -47.4867 21.8589
v 7.9384 -47.3220 17.5135
v 8.4781 -2.8044 28.7422
v 7.9231 -2.6752 28.7422
v 1.5766 -6.0542 45.0893
v -6.0967 1.5139 28.5364
v -6.8769 1.5139 28.5364
v -6.0967 3.0318 37.0022
v -6.8769 3.0318 37.0022
v -6.0967 2.5096 29.9786
v -6.8769 2.5096 29.9786
v -6.0967 1.7249 38.3464
v -6.8769 1.7249 38.3464
v -6.8769 2.5096 29.9786
v -6.8769 3.0318 37.0022
v -6.0967 2.5096 29.9786
v -6.0967 3.0318 37.0022
v -6.8769 1.7249 38.3464
v -6.0967 1.7249 38.3464
v -6.0967 1.5139 28.5364
v -6.8769 1.5139 28.5364
v -6.0967 2.3473 29.3942
v -6.8769 2.3473 29.3942
v -6.8769 2.3473 29.3942
v -6.0967 2.3473 29.3942
v -6.0967 -0.2860 27.5133
v -6.8769 -0.2860 27.5133
v -6.0967 -2.1055 27.8723
v -6.8769 -2.1055 27.8723
v -6.0967 -0.2860 27.5133
v -6.8769 -0.2860 27.5133
v -6.8769 -2.1055 27.8723
v -6.0967 -2.1055 27.8723
v 4.2110 1.5139 28.5364
v 3.4308 1.5139 28.5364
v 4.2110 3.0318 37.0022
v 3.4308 3.0318 37.0022
v 4.2110 2.5096 29.9786
v 3.4308 2.5096 29.9786
v 4.2110 1.7249 38.3464
v 3.4308 1.7249 38.3464
v 3.4308 2.5096 29.9786
v 3.4308 3.0318 37.0022
v 4.2110 2.5096 29.9786
v 4.2110 3.0318 37.0022
v 3.4308 1.7249 38.3464
v 4.2110 1.7249 38.3464
v 4.2110 1.5139 28.5364
v 3.4308 1.5139 28.5364
v 4.2110 2.3473 29.3942
v 3.4308 2.3473 29.3942
v 3.4308 2.3473 29.3942
v 4.2110 2.3473 29.3942
v 4.2110 -0.2860 27.5133
v 3.4308 -0.2860 27.5133
v 4.2110 -2.1055 27.8723
v 3.4308 -2.1055 27.8723
v 4.2110 -0.2860 27.5133
v 3.4308 -0.2860 27.5133
v 3.4308 -2.1055 27.8723
v 4.2110 -2.1055 27.8723
vt 0.5139 0.7884
vt 0.5140 0.7501
vt 0.5253 0.7502
vt 0.5252 0.7884
vt 0.5365 0.7884
vt 0.5366 0.7502
vt 0.4686 0.7882
vt 0.4687 0.7500
vt 0.4799 0.7882
vt 0.4800 0.7500
vt 0.4912 0.7883
vt 0.4913 0.7501
vt 0.5027 0.7501
vt 0.5025 0.7883
vt 0.5140 0.7501
vt 0.5253 0.7502
vt 0.5366 0.7502
vt 0.4800 0.7500
vt 0.4913 0.7501
vt 0.5027 0.7501
vt 0.5139 0.7884
vt 0.5164 0.7991
vt 0.5252 0.7884
vt 0.5277 0.7991
vt 0.5365 0.7884
vt 0.4711 0.7990
vt 0.4686 0.7882
vt 0.4799 0.7882
vt 0.4824 0.7990
vt 0.4912 0.7883
vt 0.4937 0.7990
vt 0.5025 0.7883
vt 0.5051 0.7991
vt 0.9155 0.9235
vt 0.9208 0.9212
vt 0.8806 0.8956
vt 0.8846 0.8913
vt 0.8776 0.8702
vt 0.8719 0.8688
vt 0.8068 0.9512
vt 0.8068 0.9642
vt 0.8585 0.9690
vt 0.8548 0.9822
vt 0.8654 0.9775
vt 0.8594 0.9958
vt 0.8654 0.9942
vt 0.8746 0.8883
vt 0.8803 0.8855
vt 0.8722 0.9729
vt 0.8925 0.9442
vt 0.8987 0.9650
vt 0.8585 0.9221
vt 0.8516 0.9444
vt 0.7808 0.9106
vt 0.7772 0.9326
vt 0.7858 0.8558
vt 0.8709 0.8686
vt 0.7018 0.9958
vt 0.7018 0.9587
vt 0.7471 0.9958
vt 0.7471 0.9587
vt 0.7782 0.9587
vt 0.7782 0.9773
vt 0.7937 0.9773
vt 0.7782 0.9958
vt 0.9258 0.9565
vt 0.9315 0.9547
vt 0.8331 0.9511
vt 0.8594 0.9958
vt 0.8084 0.9958
vt 0.7954 0.9773
vt 0.8084 0.9958
vt 0.7954 0.9958
vt 0.7937 0.9958
vt 0.7782 0.9958
vt 0.7954 0.9773
vt 0.7937 0.9958
vt 0.7954 0.9958
vt 0.7937 0.9773
vt 0.5532 0.9370
vt 0.5563 0.9326
vt 0.5609 0.9520
vt 0.7013 0.9081
vt 0.6998 0.9291
vt 0.6220 0.9151
vt 0.6233 0.9347
vt 0.5820 0.8662
vt 0.6140 0.8606
vt 0.6997 0.8533
vt 0.5586 0.9527
vt 0.5428 0.9370
vt 0.5645 0.9682
vt 0.5644 0.9586
vt 0.6111 0.9587
vt 0.6111 0.9959
vt 0.6564 0.9958
vt 0.6564 0.9587
vt 0.9378 0.9970
vt 0.9384 0.9584
vt 0.6011 0.9783
vt 0.5820 0.8662
vt 0.5790 0.8669
vt 0.8079 0.9760
vt 0.5465 0.9273
vt 0.5563 0.9326
vt 0.8021 0.9667
vt 0.8068 0.9773
vt 0.8005 0.9587
vt 0.8746 0.8883
vt 0.8719 0.8688
vt 0.9157 0.7836
vt 0.9210 0.7859
vt 0.8807 0.8114
vt 0.8847 0.8158
vt 0.8777 0.8369
vt 0.8719 0.8382
vt 0.8068 0.9512
vt 0.8068 0.9642
vt 0.8585 0.9690
vt 0.8548 0.9822
vt 0.8654 0.9775
vt 0.8747 0.8187
vt 0.8803 0.8215
vt 0.8927 0.7629
vt 0.8725 0.7341
vt 0.8990 0.7421
vt 0.8587 0.7849
vt 0.8519 0.7626
vt 0.7810 0.7962
vt 0.7774 0.7742
vt 0.7858 0.8510
vt 0.8710 0.8384
vt 0.7018 0.9587
vt 0.7471 0.9587
vt 0.7782 0.9587
vt 0.7937 0.9773
vt 0.7782 0.9773
vt 0.9261 0.7506
vt 0.9318 0.7524
vt 0.8331 0.9511
vt 0.7954 0.9773
vt 0.7954 0.9773
vt 0.7937 0.9773
vt 0.5534 0.7692
vt 0.5611 0.7542
vt 0.5565 0.7736
vt 0.7014 0.7984
vt 0.7000 0.7775
vt 0.6222 0.7913
vt 0.6236 0.7717
vt 0.5820 0.8401
vt 0.6140 0.8457
vt 0.5589 0.7535
vt 0.5430 0.7692
vt 0.5645 0.9682
vt 0.5644 0.9586
vt 0.6111 0.9587
vt 0.6564 0.9587
vt 0.6011 0.9783
vt 0.5820 0.8401
vt 0.5791 0.8394
vt 0.8079 0.9760
vt 0.5467 0.7789
vt 0.5565 0.7736
vt 0.8021 0.9667
vt 0.8068 0.9773
vt 0.8005 0.9587
vt 0.8747 0.8187
vt 0.8719 0.8382
vt 0.0567 0.4954
vt 0.0620 0.4931
vt 0.0525 0.4574
vt 0.0521 0.4621
vt 0.0607 0.4453
vt 0.0618 0.4735
vt 0.0567 0.4954
vt 0.0539 0.4238
vt 0.0197 0.4652
vt 0.0166 0.4616
vt 0.0193 0.4569
vt 0.0197 0.4652
vt 0.0226 0.4937
vt 0.0172 0.4858
vt 0.0146 0.4898
vt 0.0250 0.4896
vt 0.0354 0.5029
vt 0.0385 0.4993
vt 0.0556 0.5278
vt 0.0595 0.5251
vt 0.0172 0.4858
vt 0.0250 0.4896
vt 0.0385 0.4993
vt 0.0595 0.5251
vt 0.0734 0.5173
vt 0.0567 0.4954
vt 0.0620 0.4931
vt 0.0734 0.5173
vt 0.0773 0.5147
vt 0.0152 0.4366
vt 0.0228 0.4321
vt 0.0354 0.4213
vt 0.0543 0.3940
vt 0.0687 0.4006
vt 0.0124 0.4791
vt 0.0078 0.4797
vt 0.0110 0.4436
vt 0.0124 0.4791
vt 0.0567 0.4954
vt 0.0620 0.4931
vt 0.0525 0.4574
vt 0.0521 0.4621
vt 0.0607 0.4453
vt 0.0618 0.4735
vt 0.0567 0.4954
vt 0.0539 0.4238
vt 0.0197 0.4652
vt 0.0166 0.4616
vt 0.0193 0.4569
vt 0.0197 0.4652
vt 0.0226 0.4937
vt 0.0172 0.4858
vt 0.0146 0.4898
vt 0.0250 0.4896
vt 0.0354 0.5029
vt 0.0385 0.4993
vt 0.0556 0.5278
vt 0.0595 0.5251
vt 0.0172 0.4858
vt 0.0250 0.4896
vt 0.0385 0.4993
vt 0.0595 0.5251
vt 0.0734 0.5173
vt 0.0567 0.4954
vt 0.0620 0.4931
vt 0.0734 0.5173
vt 0.0773 0.5147
vt 0.0152 0.4366
vt 0.0228 0.4321
vt 0.0354 0.4213
vt 0.0543 0.3940
vt 0.0687 0.4006
vt 0.0124 0.4791
vt 0.0078 0.4797
vt 0.0110 0.4436
vt 0.0124 0.4791
vt 0.1521 0.4659
vt 0.1521 0.5171
vt 0.1578 0.4659
vt 0.1578 0.5171
vt 0.1406 0.5171
vt 0.1406 0.4659
vt 0.1464 0.4659
vt 0.1464 0.5171
vt 0.1521 0.4659
vt 0.1578 0.4659
vt 0.1573 0.4632
vt 0.1406 0.4659
vt 0.1464 0.4659
vt 0.1459 0.4632
vt 0.1512 0.4632
vt 0.1528 0.5197
vt 0.1521 0.5171
vt 0.1578 0.5171
vt 0.1413 0.5197
vt 0.1406 0.5171
vt 0.1464 0.5171
vt 0.1471 0.5197
vt 0.0295 0.5450
vt 0.0315 0.5472
vt 0.0442 0.5382
vt 0.0465 0.5450
vt 0.0465 0.5382
vt 0.0442 0.5472
vt 0.0315 0.5388
vt 0.0442 0.5382
vt 0.0442 0.5472
vt 0.0315 0.5472
vt 0.0344 0.5317
vt 0.0351 0.5339
vt 0.0461 0.5370
vt 0.0419 0.5354
vt 0.0433 0.5336
vt 0.0351 0.5339
vt 0.0293 0.5433
vt 0.0258 0.5383
vt 0.0419 0.5354
vt 0.0190 0.5399
vt 0.0167 0.5427
vt 0.0442 0.5472
vt 0.0315 0.5569
vt 0.0442 0.5569
vt 0.0315 0.5472
vt 0.0293 0.5494
vt 0.0315 0.5569
vt 0.0293 0.5569
vt 0.0464 0.5494
vt 0.0442 0.5569
vt 0.0464 0.5569
vt 0.0167 0.5494
vt 0.0293 0.5494
vt 0.0293 0.5494
vt 0.0167 0.5569
vt 0.0293 0.5569
vt 0.0167 0.5494
vt 0.0295 0.5450
vt 0.0315 0.5472
vt 0.0465 0.5450
vt 0.0442 0.5382
vt 0.0465 0.5382
vt 0.0442 0.5472
vt 0.0315 0.5388
vt 0.0442 0.5472
vt 0.0315 0.5472
vt 0.0442 0.5382
vt 0.0344 0.5317
vt 0.0351 0.5339
vt 0.0461 0.5370
vt 0.0433 0.5336
vt 0.0419 0.5354
vt 0.0351 0.5339
vt 0.0258 0.5383
vt 0.0293 0.5433
vt 0.0419 0.5354
vt 0.0190 0.5399
vt 0.0167 0.5427
vt 0.0315 0.5472
vt 0.0442 0.5472
vt 0.0293 0.5494
vt 0.0464 0.5494
vt 0.0167 0.5494
vt 0.0293 0.5494
vt 0.0293 0.5494
vt 0.0167 0.5494
vt 0.1303 0.5237
vt 0.1303 0.5323
vt 0.1255 0.5323
vt 0.1255 0.5237
vt 0.1207 0.5237
vt 0.1207 0.5323
vt 0.1495 0.5322
vt 0.1495 0.5236
vt 0.1447 0.5322
vt 0.1447 0.5237
vt 0.1399 0.5237
vt 0.1399 0.5322
vt 0.1351 0.5322
vt 0.1351 0.5237
vt 0.1303 0.5323
vt 0.1315 0.5367
vt 0.1255 0.5323
vt 0.1267 0.5367
vt 0.1207 0.5323
vt 0.1220 0.5367
vt 0.1495 0.5322
vt 0.1447 0.5322
vt 0.1459 0.5367
vt 0.1399 0.5322
vt 0.1411 0.5367
vt 0.1351 0.5322
vt 0.1363 0.5367
vt 0.5112 0.7394
vt 0.5226 0.7394
vt 0.5339 0.7394
vt 0.4687 0.7500
vt 0.4773 0.7393
vt 0.4886 0.7393
vt 0.4999 0.7393
vt 0.9048 0.9104
vt 0.9083 0.9058
vt 0.8467 0.9776
vt 0.8383 0.9531
vt 0.8650 0.9496
vt 0.8860 0.9350
vt 0.9198 0.9589
vt 0.8204 0.9153
vt 0.8159 0.9377
vt 0.8286 0.8609
vt 0.7245 0.9958
vt 0.7245 0.9587
vt 0.7585 0.9958
vt 0.7585 0.9587
vt 0.7585 0.9587
vt 0.7782 0.9773
vt 0.7782 0.9587
vt 0.7585 0.9958
vt 0.5521 0.9193
vt 0.5601 0.9121
vt 0.5580 0.9098
vt 0.5583 0.9096
vt 0.5680 0.9271
vt 0.5741 0.9455
vt 0.5601 0.9121
vt 0.7411 0.9082
vt 0.7385 0.9297
vt 0.6615 0.9104
vt 0.6614 0.9307
vt 0.5842 0.9218
vt 0.5881 0.9406
vt 0.6567 0.8556
vt 0.7428 0.8533
vt 0.5535 0.9462
vt 0.5532 0.9370
vt 0.5424 0.9476
vt 0.5535 0.9462
vt 0.6337 0.9958
vt 0.6337 0.9587
vt 0.6791 0.9958
vt 0.6791 0.9587
vt 0.8818 0.9746
vt 0.8799 0.9752
vt 0.8794 0.9821
vt 0.8837 0.9876
vt 0.5767 0.9681
vt 0.5767 0.9587
vt 0.5884 0.9587
vt 0.5888 0.9718
vt 0.8989 0.9949
vt 0.8939 0.9731
vt 0.8905 0.9919
vt 0.9060 0.9699
vt 0.5778 0.8919
vt 0.5752 0.8898
vt 0.8073 0.9735
vt 0.8056 0.9715
vt 0.5537 0.9230
vt 0.5521 0.9194
vt 0.9050 0.7967
vt 0.9085 0.8013
vt 0.8467 0.9776
vt 0.8383 0.9531
vt 0.8653 0.7574
vt 0.8862 0.7721
vt 0.9201 0.7482
vt 0.8205 0.7915
vt 0.8161 0.7692
vt 0.8286 0.8460
vt 0.7245 0.9587
vt 0.7585 0.9587
vt 0.7782 0.9773
vt 0.7585 0.9587
vt 0.7782 0.9587
vt 0.5602 0.7941
vt 0.5523 0.7869
vt 0.5582 0.7964
vt 0.5584 0.7966
vt 0.5744 0.7607
vt 0.5682 0.7791
vt 0.5602 0.7941
vt 0.7412 0.7985
vt 0.7387 0.7769
vt 0.6617 0.7960
vt 0.6616 0.7757
vt 0.5844 0.7845
vt 0.5883 0.7657
vt 0.6567 0.8508
vt 0.5537 0.7600
vt 0.5534 0.7692
vt 0.5427 0.7585
vt 0.5537 0.7600
vt 0.6337 0.9587
vt 0.6791 0.9587
vt 0.8799 0.9752
vt 0.8818 0.9746
vt 0.8794 0.9821
vt 0.8837 0.9876
vt 0.5767 0.9681
vt 0.5767 0.9587
vt 0.5884 0.9587
vt 0.5888 0.9718
vt 0.8989 0.9949
vt 0.8939 0.9731
vt 0.9060 0.9699
vt 0.8905 0.9919
vt 0.5779 0.8144
vt 0.5753 0.8164
vt 0.8073 0.9735
vt 0.8056 0.9715
vt 0.5539 0.7831
vt 0.5523 0.7868
vt 0.0113 0.4691
vt 0.0153 0.4717
vt 0.0665 0.4738
vt 0.0618 0.4735
vt 0.0627 0.4621
vt 0.0593 0.4652
vt 0.0521 0.4621
vt 0.0525 0.4574
vt 0.0588 0.4537
vt 0.0593 0.4652
vt 0.0153 0.4717
vt 0.0144 0.4507
vt 0.0465 0.5143
vt 0.0502 0.5113
vt 0.0502 0.5113
vt 0.0625 0.5013
vt 0.0661 0.4983
vt 0.0625 0.5013
vt 0.0461 0.4085
vt 0.0591 0.4175
vt 0.0113 0.4691
vt 0.0153 0.4717
vt 0.0665 0.4738
vt 0.0618 0.4735
vt 0.0627 0.4621
vt 0.0593 0.4652
vt 0.0521 0.4621
vt 0.0525 0.4574
vt 0.0588 0.4537
vt 0.0593 0.4652
vt 0.0153 0.4717
vt 0.0144 0.4507
vt 0.0465 0.5143
vt 0.0502 0.5113
vt 0.0502 0.5113
vt 0.0625 0.5013
vt 0.0661 0.4983
vt 0.0625 0.5013
vt 0.0461 0.4085
vt 0.0591 0.4175
vt 0.1550 0.5171
vt 0.1550 0.4658
vt 0.1435 0.4659
vt 0.1435 0.5171
vt 0.1492 0.4659
vt 0.1492 0.5171
vt 0.1550 0.4658
vt 0.1542 0.4632
vt 0.1435 0.4659
vt 0.1432 0.4632
vt 0.1492 0.4659
vt 0.1487 0.4632
vt 0.1550 0.5171
vt 0.1557 0.5197
vt 0.1435 0.5171
vt 0.1442 0.5197
vt 0.1492 0.5171
vt 0.1500 0.5197
vt 0.0315 0.5388
vt 0.0293 0.5386
vt 0.0367 0.5336
vt 0.0367 0.5336
vt 0.0366 0.5313
vt 0.0323 0.5328
vt 0.0337 0.5346
vt 0.0325 0.5357
vt 0.0307 0.5344
vt 0.0318 0.5372
vt 0.0296 0.5365
vt 0.0449 0.5352
vt 0.0432 0.5367
vt 0.0403 0.5344
vt 0.0413 0.5324
vt 0.0390 0.5316
vt 0.0385 0.5338
vt 0.0325 0.5357
vt 0.0337 0.5346
vt 0.0318 0.5372
vt 0.0284 0.5402
vt 0.0291 0.5417
vt 0.0242 0.5381
vt 0.0272 0.5391
vt 0.0432 0.5367
vt 0.0385 0.5338
vt 0.0403 0.5344
vt 0.0223 0.5383
vt 0.0206 0.5389
vt 0.0177 0.5411
vt 0.0315 0.5388
vt 0.0293 0.5386
vt 0.0367 0.5336
vt 0.0367 0.5336
vt 0.0366 0.5313
vt 0.0337 0.5346
vt 0.0323 0.5328
vt 0.0307 0.5344
vt 0.0325 0.5357
vt 0.0296 0.5365
vt 0.0318 0.5372
vt 0.0449 0.5352
vt 0.0432 0.5367
vt 0.0413 0.5324
vt 0.0403 0.5344
vt 0.0390 0.5316
vt 0.0385 0.5338
vt 0.0325 0.5357
vt 0.0318 0.5372
vt 0.0337 0.5346
vt 0.0284 0.5402
vt 0.0272 0.5391
vt 0.0242 0.5381
vt 0.0291 0.5417
vt 0.0385 0.5338
vt 0.0403 0.5344
vt 0.0432 0.5367
vt 0.0177 0.5411
vt 0.0223 0.5383
vt 0.0206 0.5389
vt 0.1327 0.5322
vt 0.1327 0.5237
vt 0.1279 0.5323
vt 0.1279 0.5237
vt 0.1231 0.5323
vt 0.1231 0.5237
vt 0.1471 0.5236
vt 0.1471 0.5322
vt 0.1423 0.5237
vt 0.1423 0.5322
vt 0.1375 0.5322
vt 0.1375 0.5237
vt 0.1327 0.5322
vt 0.1279 0.5323
vt 0.1291 0.5367
vt 0.1231 0.5323
vt 0.1243 0.5367
vt 0.1471 0.5322
vt 0.1483 0.5367
vt 0.1423 0.5322
vt 0.1435 0.5367
vt 0.1375 0.5322
vt 0.1387 0.5367
vt 0.1339 0.5367
vt 0.5083 0.7501
vt 0.5082 0.7883
vt 0.5195 0.7884
vt 0.5196 0.7502
vt 0.5310 0.7502
vt 0.5309 0.7884
vt 0.4743 0.7500
vt 0.4742 0.7882
vt 0.4857 0.7500
vt 0.4855 0.7883
vt 0.4970 0.7501
vt 0.4969 0.7883
vt 0.5083 0.7501
vt 0.5196 0.7502
vt 0.5169 0.7394
vt 0.5310 0.7502
vt 0.5282 0.7394
vt 0.4743 0.7500
vt 0.4716 0.7393
vt 0.4857 0.7500
vt 0.4829 0.7393
vt 0.4970 0.7501
vt 0.4943 0.7393
vt 0.5056 0.7394
vt 0.5107 0.7991
vt 0.5082 0.7883
vt 0.5195 0.7884
vt 0.5220 0.7991
vt 0.5309 0.7884
vt 0.5334 0.7992
vt 0.4742 0.7882
vt 0.4767 0.7990
vt 0.4855 0.7883
vt 0.4881 0.7990
vt 0.4969 0.7883
vt 0.4994 0.7991
vt 0.8806 0.8956
vt 0.8878 0.9034
vt 0.8891 0.9006
vt 0.8657 0.8954
vt 0.9154 0.9131
vt 0.9111 0.9165
vt 0.8891 0.9006
vt 0.8922 0.8956
vt 0.8716 0.8814
vt 0.8774 0.8804
vt 0.8900 0.9390
vt 0.8978 0.9417
vt 0.8946 0.9355
vt 0.8925 0.9442
vt 0.8860 0.9350
vt 0.8895 0.9304
vt 0.9107 0.9287
vt 0.8980 0.9321
vt 0.9017 0.9385
vt 0.9070 0.9213
vt 0.8923 0.9267
vt 0.9009 0.9151
vt 0.8084 0.9642
vt 0.8470 0.9607
vt 0.8383 0.9773
vt 0.8642 0.9843
vt 0.8571 0.9870
vt 0.8900 0.9390
vt 0.9043 0.9634
vt 0.8987 0.9650
vt 0.9088 0.9622
vt 0.8754 0.9285
vt 0.8400 0.9186
vt 0.8352 0.9410
vt 0.8006 0.9127
vt 0.7966 0.9349
vt 0.7610 0.9091
vt 0.7578 0.9309
vt 0.8780 0.9232
vt 0.8754 0.9285
vt 0.8601 0.9165
vt 0.8585 0.9221
vt 0.8410 0.9129
vt 0.8400 0.9186
vt 0.8212 0.9096
vt 0.8204 0.9153
vt 0.8013 0.9069
vt 0.8006 0.9127
vt 0.7814 0.9048
vt 0.7808 0.9106
vt 0.7613 0.9033
vt 0.7610 0.9091
vt 0.8800 0.9191
vt 0.8863 0.9062
vt 0.8614 0.9121
vt 0.8654 0.8984
vt 0.8444 0.8946
vt 0.8419 0.9084
vt 0.8240 0.8912
vt 0.8219 0.9051
vt 0.8036 0.8884
vt 0.8019 0.9024
vt 0.7818 0.9003
vt 0.7830 0.8862
vt 0.7616 0.8987
vt 0.7625 0.8847
vt 0.7643 0.8534
vt 0.7836 0.8799
vt 0.7628 0.8783
vt 0.8043 0.8821
vt 0.8072 0.8580
vt 0.8250 0.8849
vt 0.8455 0.8883
vt 0.8498 0.8644
vt 0.8659 0.8923
vt 0.6904 0.9587
vt 0.6904 0.9958
vt 0.7131 0.9958
vt 0.7131 0.9587
vt 0.7358 0.9958
vt 0.7358 0.9587
vt 0.8360 0.9773
vt 0.8360 0.9515
vt 0.8360 0.9773
vt 0.8467 0.9776
vt 0.8383 0.9773
vt 0.8548 0.9822
vt 0.8571 0.9870
vt 0.8084 0.9773
vt 0.8084 0.9773
vt 0.8084 0.9773
vt 0.5542 0.9216
vt 0.5678 0.9028
vt 0.5660 0.9003
vt 0.5718 0.8954
vt 0.5663 0.9001
vt 0.5746 0.8970
vt 0.5563 0.9326
vt 0.5658 0.9218
vt 0.5539 0.9274
vt 0.5680 0.9271
vt 0.5542 0.9216
vt 0.5637 0.9177
vt 0.5537 0.9230
vt 0.7212 0.9078
vt 0.7191 0.9291
vt 0.6814 0.9090
vt 0.6806 0.9296
vt 0.6417 0.9124
vt 0.6423 0.9324
vt 0.6024 0.9183
vt 0.6045 0.9376
vt 0.7413 0.9024
vt 0.7411 0.9082
vt 0.7212 0.9021
vt 0.7212 0.9078
vt 0.7011 0.9023
vt 0.7013 0.9081
vt 0.6811 0.9032
vt 0.6814 0.9090
vt 0.6610 0.9047
vt 0.6615 0.9104
vt 0.6411 0.9067
vt 0.6417 0.9124
vt 0.6212 0.9094
vt 0.6220 0.9151
vt 0.6013 0.9126
vt 0.6024 0.9183
vt 0.5827 0.9162
vt 0.5842 0.9218
vt 0.7419 0.8838
vt 0.7414 0.8978
vt 0.7212 0.8834
vt 0.7212 0.8975
vt 0.7006 0.8837
vt 0.7010 0.8978
vt 0.6808 0.8986
vt 0.6800 0.8846
vt 0.6594 0.8861
vt 0.6606 0.9001
vt 0.6389 0.8882
vt 0.6405 0.9022
vt 0.6184 0.8909
vt 0.6205 0.9048
vt 0.5981 0.8942
vt 0.6005 0.9081
vt 0.5816 0.9118
vt 0.5780 0.8981
vt 0.5678 0.9028
vt 0.5746 0.8970
vt 0.5969 0.8879
vt 0.5778 0.8919
vt 0.5927 0.8641
vt 0.6175 0.8846
vt 0.6353 0.8578
vt 0.6381 0.8818
vt 0.6588 0.8797
vt 0.6796 0.8782
vt 0.6782 0.8533
vt 0.7004 0.8773
vt 0.7212 0.8770
vt 0.7213 0.8533
vt 0.7421 0.8774
vt 0.5549 0.9501
vt 0.5563 0.9520
vt 0.5450 0.9555
vt 0.5549 0.9501
vt 0.5500 0.9611
vt 0.5563 0.9520
vt 0.5550 0.9641
vt 0.5586 0.9527
vt 0.5624 0.9586
vt 0.5625 0.9682
vt 0.6224 0.9958
vt 0.6224 0.9587
vt 0.6451 0.9958
vt 0.6451 0.9587
vt 0.6678 0.9958
vt 0.6678 0.9587
vt 0.8786 0.9767
vt 0.8785 0.9787
vt 0.8877 0.9903
vt 0.9191 0.9642
vt 0.9191 0.9970
vt 0.9085 0.9968
vt 0.9101 0.9680
vt 0.9142 0.9970
vt 0.9140 0.9662
vt 0.9166 0.9651
vt 0.9175 0.9970
vt 0.9158 0.9970
vt 0.5930 0.9735
vt 0.5997 0.9587
vt 0.5996 0.9762
vt 0.5970 0.9751
vt 0.5734 0.8938
vt 0.5746 0.8919
vt 0.8449 0.8914
vt 0.9029 0.9128
vt 0.9048 0.9104
vt 0.9130 0.9259
vt 0.9090 0.9189
vt 0.9155 0.9235
vt 0.9111 0.9165
vt 0.9228 0.9578
vt 0.9258 0.9565
vt 0.8245 0.8880
vt 0.8039 0.8852
vt 0.7833 0.8831
vt 0.7627 0.8815
vt 0.7420 0.8806
vt 0.7212 0.8802
vt 0.7005 0.8805
vt 0.6798 0.8814
vt 0.6592 0.8829
vt 0.6591 0.8829
vt 0.6385 0.8850
vt 0.6180 0.8877
vt 0.5975 0.8911
vt 0.5776 0.8950
vt 0.5534 0.9252
vt 0.5505 0.9231
vt 0.5539 0.9274
vt 0.9066 0.9629
vt 0.8999 0.9402
vt 0.8964 0.9339
vt 0.8909 0.9285
vt 0.8790 0.9211
vt 0.8608 0.9143
vt 0.8414 0.9107
vt 0.8216 0.9074
vt 0.8016 0.9047
vt 0.7816 0.9025
vt 0.7615 0.9010
vt 0.7413 0.9001
vt 0.5534 0.9252
vt 0.5649 0.9197
vt 0.5822 0.9140
vt 0.7212 0.8998
vt 0.7011 0.9001
vt 0.6809 0.9009
vt 0.6608 0.9024
vt 0.6408 0.9044
vt 0.6208 0.9071
vt 0.6009 0.9103
vt 0.8004 0.9634
vt 0.8009 0.9652
vt 0.8716 0.8814
vt 0.8807 0.8114
vt 0.8879 0.8036
vt 0.8658 0.8116
vt 0.8892 0.8064
vt 0.9155 0.7940
vt 0.9112 0.7906
vt 0.8892 0.8064
vt 0.8923 0.8115
vt 0.8716 0.8256
vt 0.8774 0.8267
vt 0.8980 0.7654
vt 0.8903 0.7681
vt 0.8948 0.7716
vt 0.8927 0.7629
vt 0.8862 0.7721
vt 0.8897 0.7767
vt 0.8982 0.7749
vt 0.9109 0.7784
vt 0.9019 0.7686
vt 0.9072 0.7858
vt 0.8925 0.7804
vt 0.9011 0.7919
vt 0.8084 0.9642
vt 0.8383 0.9773
vt 0.8470 0.9607
vt 0.8642 0.9843
vt 0.8571 0.9870
vt 0.8903 0.7681
vt 0.9045 0.7437
vt 0.8990 0.7421
vt 0.9091 0.7449
vt 0.8756 0.7785
vt 0.8402 0.7883
vt 0.8354 0.7659
vt 0.8008 0.7942
vt 0.7968 0.7719
vt 0.7611 0.7976
vt 0.7580 0.7758
vt 0.8782 0.7838
vt 0.8756 0.7785
vt 0.8603 0.7905
vt 0.8587 0.7849
vt 0.8412 0.7940
vt 0.8402 0.7883
vt 0.8214 0.7973
vt 0.8205 0.7915
vt 0.8015 0.7999
vt 0.8008 0.7942
vt 0.7815 0.8019
vt 0.7810 0.7962
vt 0.7615 0.8034
vt 0.7611 0.7976
vt 0.8802 0.7880
vt 0.8865 0.8009
vt 0.8616 0.7949
vt 0.8655 0.8086
vt 0.8445 0.8124
vt 0.8420 0.7985
vt 0.8241 0.8157
vt 0.8220 0.8018
vt 0.8036 0.8184
vt 0.8020 0.8044
vt 0.7819 0.8065
vt 0.7831 0.8205
vt 0.7617 0.8080
vt 0.7625 0.8220
vt 0.7837 0.8269
vt 0.7629 0.8284
vt 0.8044 0.8248
vt 0.8072 0.8488
vt 0.8250 0.8220
vt 0.8456 0.8187
vt 0.8498 0.8425
vt 0.8660 0.8147
vt 0.6904 0.9587
vt 0.7131 0.9587
vt 0.7358 0.9587
vt 0.8360 0.9773
vt 0.8360 0.9515
vt 0.8360 0.9773
vt 0.8084 0.9773
vt 0.8571 0.9870
vt 0.8548 0.9822
vt 0.8467 0.9776
vt 0.8383 0.9773
vt 0.8084 0.9773
vt 0.8084 0.9773
vt 0.5544 0.7845
vt 0.5679 0.8034
vt 0.5661 0.8059
vt 0.5719 0.8108
vt 0.5747 0.8092
vt 0.5664 0.8061
vt 0.5565 0.7736
vt 0.5660 0.7844
vt 0.5682 0.7791
vt 0.5540 0.7788
vt 0.5544 0.7845
vt 0.5638 0.7885
vt 0.5539 0.7831
vt 0.7213 0.7988
vt 0.7193 0.7775
vt 0.6815 0.7975
vt 0.6808 0.7769
vt 0.6419 0.7940
vt 0.6425 0.7740
vt 0.6025 0.7880
vt 0.6047 0.7688
vt 0.7414 0.8043
vt 0.7412 0.7985
vt 0.7213 0.8045
vt 0.7213 0.7988
vt 0.7012 0.8042
vt 0.7014 0.7984
vt 0.6812 0.8033
vt 0.6815 0.7975
vt 0.6612 0.8018
vt 0.6617 0.7960
vt 0.6412 0.7997
vt 0.6419 0.7940
vt 0.6213 0.7970
vt 0.6222 0.7913
vt 0.6015 0.7937
vt 0.6025 0.7880
vt 0.5829 0.7901
vt 0.5844 0.7845
vt 0.7419 0.8229
vt 0.7415 0.8088
vt 0.7213 0.8232
vt 0.7213 0.8091
vt 0.7007 0.8229
vt 0.7011 0.8088
vt 0.6809 0.8079
vt 0.6801 0.8219
vt 0.6595 0.8204
vt 0.6608 0.8063
vt 0.6390 0.8182
vt 0.6407 0.8042
vt 0.6185 0.8154
vt 0.6206 0.8015
vt 0.5982 0.8121
vt 0.6007 0.7982
vt 0.5817 0.7945
vt 0.5782 0.8081
vt 0.5679 0.8034
vt 0.5747 0.8092
vt 0.5970 0.8184
vt 0.5927 0.8422
vt 0.5779 0.8144
vt 0.6176 0.8218
vt 0.6353 0.8486
vt 0.6382 0.8245
vt 0.6589 0.8267
vt 0.6797 0.8283
vt 0.7005 0.8292
vt 0.7213 0.8296
vt 0.7421 0.8293
vt 0.5552 0.7561
vt 0.5566 0.7542
vt 0.5453 0.7506
vt 0.5552 0.7561
vt 0.5503 0.7450
vt 0.5566 0.7542
vt 0.5553 0.7421
vt 0.5589 0.7535
vt 0.5624 0.9586
vt 0.5625 0.9682
vt 0.6224 0.9587
vt 0.6451 0.9587
vt 0.6678 0.9587
vt 0.8786 0.9767
vt 0.8785 0.9787
vt 0.8877 0.9903
vt 0.9191 0.9642
vt 0.9191 0.9970
vt 0.9085 0.9968
vt 0.9101 0.9680
vt 0.9142 0.9970
vt 0.9140 0.9662
vt 0.9166 0.9651
vt 0.9175 0.9970
vt 0.9158 0.9970
vt 0.5930 0.9735
vt 0.5997 0.9587
vt 0.5996 0.9762
vt 0.5970 0.9751
vt 0.5735 0.8125
vt 0.5747 0.8143
vt 0.8450 0.8155
vt 0.9030 0.7943
vt 0.9050 0.7967
vt 0.9132 0.7812
vt 0.9092 0.7882
vt 0.9157 0.7836
vt 0.9112 0.7906
vt 0.9231 0.7494
vt 0.9261 0.7506
vt 0.8246 0.8189
vt 0.8040 0.8216
vt 0.7834 0.8237
vt 0.7627 0.8252
vt 0.7420 0.8261
vt 0.7213 0.8264
vt 0.7006 0.8261
vt 0.6799 0.8251
vt 0.6593 0.8235
vt 0.6591 0.8235
vt 0.6386 0.8214
vt 0.6181 0.8186
vt 0.5976 0.8152
vt 0.5777 0.8112
vt 0.5536 0.7809
vt 0.5507 0.7830
vt 0.5540 0.7788
vt 0.9069 0.7442
vt 0.9001 0.7668
vt 0.8966 0.7732
vt 0.8911 0.7785
vt 0.8792 0.7859
vt 0.8609 0.7927
vt 0.8416 0.7963
vt 0.8217 0.7995
vt 0.8017 0.8022
vt 0.7817 0.8042
vt 0.7616 0.8057
vt 0.7415 0.8066
vt 0.5536 0.7809
vt 0.5650 0.7865
vt 0.5823 0.7923
vt 0.7213 0.8068
vt 0.7012 0.8065
vt 0.6811 0.8056
vt 0.6610 0.8041
vt 0.6409 0.8020
vt 0.6210 0.7993
vt 0.6011 0.7960
vt 0.8004 0.9634
vt 0.8009 0.9652
vt 0.8716 0.8256
vt 0.0179 0.4672
vt 0.0141 0.4645
vt 0.0559 0.4629
vt 0.0577 0.4586
vt 0.0246 0.4632
vt 0.0240 0.4585
vt 0.0614 0.4691
vt 0.0659 0.4677
vt 0.0240 0.4585
vt 0.0556 0.4563
vt 0.0246 0.4632
vt 0.0559 0.4629
vt 0.0607 0.4497
vt 0.0614 0.4691
vt 0.0179 0.4672
vt 0.0174 0.4550
vt 0.0220 0.4638
vt 0.0202 0.4594
vt 0.0217 0.4581
vt 0.0220 0.4638
vt 0.0129 0.4749
vt 0.0118 0.4478
vt 0.0140 0.4831
vt 0.0102 0.4858
vt 0.0129 0.4749
vt 0.0086 0.4732
vt 0.0122 0.4395
vt 0.0140 0.4831
vt 0.0179 0.4672
vt 0.0141 0.4645
vt 0.0559 0.4629
vt 0.0577 0.4586
vt 0.0246 0.4632
vt 0.0240 0.4585
vt 0.0614 0.4691
vt 0.0659 0.4677
vt 0.0240 0.4585
vt 0.0556 0.4563
vt 0.0246 0.4632
vt 0.0559 0.4629
vt 0.0607 0.4497
vt 0.0614 0.4691
vt 0.0179 0.4672
vt 0.0174 0.4550
vt 0.0220 0.4638
vt 0.0202 0.4594
vt 0.0217 0.4581
vt 0.0220 0.4638
vt 0.0129 0.4749
vt 0.0118 0.4478
vt 0.0140 0.4831
vt 0.0102 0.4858
vt 0.0129 0.4749
vt 0.0086 0.4732
vt 0.0122 0.4395
vt 0.0140 0.4831
vn -0.8660 0.1993 0.4586
vn -0.8660 0.1993 0.4586
vn -0.8660 -0.1993 -0.4586
vn -0.8660 -0.1993 -0.4586
vn -0.0000 -0.3880 -0.9217
vn -0.0000 -0.3880 -0.9217
vn -0.0000 -0.3880 -0.9217
vn -0.0000 -0.3880 -0.9217
vn 0.8660 -0.1993 -0.4586
vn 0.8660 -0.1993 -0.4586
vn 0.8660 0.1993 0.4586
vn 0.8660 0.1993 0.4586
vn 0.0000 0.3880 0.9217
vn 0.0000 0.3880 0.9217
vn 0.0000 0.9172 -0.3985
vn 0.0000 0.9172 -0.3985
vn 0.0000 0.9172 -0.3985
vn 0.0000 0.9172 -0.3985
vn 0.0000 0.9172 -0.3985
vn 0.0000 0.9172 -0.3985
vn -0.0000 -0.9172 0.3985
vn -0.0000 -0.9172 0.3985
vn -0.0000 -0.9172 0.3985
vn -0.0000 -0.9172 0.3985
vn -0.0000 -0.9172 0.3985
vn -0.0000 -0.9172 0.3985
vn -0.0000 -0.9172 0.3985
vn -0.0000 -0.9172 0.3985
vn -0.0000 -0.9172 0.3985
vn -0.0000 -0.9172 0.3985
vn -0.0000 -0.9172 0.3985
vn -0.0000 -0.9172 0.3985
vn -0.0000 -0.9172 0.3985
vn 0.9909 0.1344 0.0108
vn 0.9909 0.1344 0.0108
vn 0.9127 0.3975 -0.0943
vn 0.9127 0.3975 -0.0943
vn -0.0000 0.7987 -0.6017
vn -0.0000 0.7987 -0.6017
vn 1.0000 0.0000 -0.0000
vn 1.0000 0.0000 -0.0000
vn 0.9021 0.0316 -0.4303
vn 0.6533 0.0324 -0.7564
vn 0.6533 0.0324 -0.7564
vn 0.0000 0.0000 -1.0000
vn 0.0000 0.0000 -1.0000
vn 0.6625 0.6607 -0.3529
vn 0.6625 0.6607 -0.3529
vn -1.0000 0.0000 -0.0000
vn -1.0000 0.0000 -0.0000
vn -1.0000 0.0000 -0.0000
vn -1.0000 0.0000 -0.0000
vn -1.0000 0.0000 -0.0000
vn -1.0000 0.0000 -0.0000
vn -1.0000 0.0000 -0.0000
vn -0.0000 -0.1248 0.9922
vn 0.0000 0.5732 0.8194
vn -0.0000 0.1248 -0.9922
vn -0.0000 0.1248 -0.9922
vn -0.0000 -0.5421 -0.8403
vn -0.0000 -0.5421 -0.8403
vn 0.0000 0.0000 -1.0000
vn 0.0000 0.0000 -1.0000
vn 0.0000 0.0000 -1.0000
vn -0.0000 -1.0000 0.0000
vn 0.9909 0.1344 0.0108
vn 0.9909 0.1344 0.0108
vn 1.0000 0.0000 -0.0000
vn 0.0000 1.0000 -0.0000
vn 0.0000 1.0000 -0.0000
vn 0.0000 0.0000 1.0000
vn 0.0000 0.0000 1.0000
vn 0.0000 0.0000 1.0000
vn 0.0000 0.0000 -1.0000
vn 0.0000 0.0000 -1.0000
vn 0.0000 1.0000 -0.0000
vn 0.0000 1.0000 -0.0000
vn 0.0000 1.0000 -0.0000
vn 0.0000 1.0000 -0.0000
vn -1.0000 0.0000 -0.0000
vn -1.0000 0.0000 -0.0000
vn -1.0000 0.0000 -0.0000
vn -1.0000 0.0000 -0.0000
vn -1.0000 0.0000 -0.0000
vn -1.0000 0.0000 -0.0000
vn -1.0000 0.0000 -0.0000
vn -0.0000 -0.9775 -0.2108
vn -0.0000 -0.9988 0.0494
vn -0.0000 -0.7334 0.6798
vn -1.0000 0.0000 -0.0000
vn -0.0000 -0.1614 -0.9869
vn -0.0000 0.8755 0.4832
vn -0.0000 0.8755 0.4832
vn -0.0000 0.9987 -0.0507
vn -0.0000 0.9987 -0.0507
vn 0.0000 0.7334 -0.6798
vn 0.0000 0.7334 -0.6798
vn -0.0000 0.6429 -0.7660
vn -0.0000 0.6429 -0.7660
vn -0.0001 0.9992 0.0403
vn 0.0083 -0.7769 -0.6296
vn 0.0083 -0.7769 -0.6296
vn 0.0000 0.0000 -1.0000
vn -0.0000 -0.1614 -0.9869
vn 0.0000 -0.2597 -0.9657
vn 0.0000 0.0000 -1.0000
vn 0.0000 0.0000 -1.0000
vn 0.0000 0.0000 -1.0000
vn -0.1509 0.6381 0.7550
vn -0.0000 0.6798 0.7334
vn -0.9909 0.1344 0.0108
vn -0.9909 0.1344 0.0108
vn -0.9127 0.3975 -0.0943
vn -0.9127 0.3975 -0.0943
vn -0.0000 0.7987 -0.6017
vn -0.0000 0.7987 -0.6017
vn -1.0000 0.0000 -0.0000
vn -1.0000 0.0000 -0.0000
vn -0.9021 0.0316 -0.4303
vn -0.6533 0.0324 -0.7564
vn -0.6533 0.0324 -0.7564
vn -0.6625 0.6607 -0.3529
vn -0.6625 0.6607 -0.3529
vn 1.0000 0.0000 -0.0000
vn 1.0000 0.0000 -0.0000
vn 1.0000 0.0000 -0.0000
vn 1.0000 0.0000 -0.0000
vn 1.0000 0.0000 -0.0000
vn 1.0000 0.0000 -0.0000
vn 1.0000 0.0000 -0.0000
vn -0.0000 -0.1248 0.9922
vn 0.0000 0.5732 0.8194
vn -0.0000 0.1248 -0.9922
vn -0.0000 -0.5421 -0.8403
vn 0.0000 0.0000 -1.0000
vn 0.0000 0.0000 -1.0000
vn 0.0000 0.0000 -1.0000
vn -0.9909 0.1344 0.0108
vn -0.9909 0.1344 0.0108
vn -1.0000 0.0000 -0.0000
vn 0.0000 0.0000 1.0000
vn 0.0000 1.0000 -0.0000
vn 0.0000 1.0000 -0.0000
vn 1.0000 0.0000 -0.0000
vn 1.0000 0.0000 -0.0000
vn 1.0000 0.0000 -0.0000
vn 1.0000 0.0000 -0.0000
vn 1.0000 0.0000 -0.0000
vn 1.0000 0.0000 -0.0000
vn 1.0000 0.0000 -0.0000
vn -0.0000 -0.9775 -0.2108
vn -0.0000 -0.9988 0.0494
vn 1.0000 0.0000 -0.0000
vn -0.0000 -0.1614 -0.9869
vn -0.0000 0.8755 0.4832
vn -0.0000 0.8755 0.4832
vn -0.0000 0.9987 -0.0507
vn 0.0000 0.7334 -0.6798
vn -0.0001 0.9992 0.0403
vn 0.0083 -0.7769 -0.6296
vn 0.0083 -0.7769 -0.6296
vn 0.0000 0.0000 -1.0000
vn -0.0000 -0.1614 -0.9869
vn 0.0000 -0.2597 -0.9657
vn 0.0000 0.0000 -1.0000
vn 0.0000 0.0000 -1.0000
vn 0.0000 0.0000 -1.0000
vn 0.1509 0.6381 0.7550
vn -0.0000 0.6798 0.7334
vn -0.0000 -0.1601 0.9871
vn -0.0000 -0.1601 0.9871
vn -1.0000 0.0000 -0.0000
vn 1.0000 0.0000 -0.0000
vn -1.0000 0.0000 -0.0000
vn 1.0000 0.0000 -0.0000
vn 1.0000 0.0000 -0.0000
vn -1.0000 0.0000 -0.0000
vn 0.0000 0.7334 -0.6798
vn 0.0000 0.7334 -0.6798
vn -1.0000 0.0000 -0.0000
vn 1.0000 0.0000 -0.0000
vn -0.0000 -0.8896 -0.4566
vn -0.0000 -0.8725 -0.4887
vn -0.0000 -0.8725 -0.4887
vn -0.0000 -0.8896 -0.4566
vn 0.0083 -0.7769 -0.6296
vn 0.0083 -0.7769 -0.6296
vn -0.0000 -0.6133 -0.7898
vn -0.0000 -0.6133 -0.7898
vn 1.0000 0.0000 -0.0000
vn 1.0000 0.0000 -0.0000
vn 1.0000 0.0000 -0.0000
vn 1.0000 0.0000 -0.0000
vn 1.0000 0.0000 -0.0000
vn -0.0000 0.7224 0.6915
vn -0.0000 0.7224 0.6915
vn 0.0000 0.6281 0.7782
vn 0.0000 0.6281 0.7782
vn -1.0000 0.0000 -0.0000
vn -1.0000 0.0000 -0.0000
vn -1.0000 0.0000 -0.0000
vn -1.0000 0.0000 -0.0000
vn -1.0000 0.0000 -0.0000
vn -0.0000 -0.2220 -0.9750
vn -0.0000 -0.2220 -0.9750
vn -1.0000 0.0000 -0.0000
vn 1.0000 0.0000 -0.0000
vn -0.0000 -0.1601 0.9871
vn -0.0000 -0.1601 0.9871
vn -1.0000 0.0000 -0.0000
vn 1.0000 0.0000 -0.0000
vn -1.0000 0.0000 -0.0000
vn 1.0000 0.0000 -0.0000
vn 1.0000 0.0000 -0.0000
vn -1.0000 0.0000 -0.0000
vn 0.0000 0.7334 -0.6798
vn 0.0000 0.7334 -0.6798
vn -1.0000 0.0000 -0.0000
vn 1.0000 0.0000 -0.0000
vn -0.0000 -0.8896 -0.4566
vn -0.0000 -0.8725 -0.4887
vn -0.0000 -0.8725 -0.4887
vn -0.0000 -0.8896 -0.4566
vn 0.0083 -0.7769 -0.6296
vn 0.0083 -0.7769 -0.6296
vn -0.0000 -0.6133 -0.7898
vn -0.0000 -0.6133 -0.7898
vn 1.0000 0.0000 -0.0000
vn 1.0000 0.0000 -0.0000
vn 1.0000 0.0000 -0.0000
vn 1.0000 0.0000 -0.0000
vn 1.0000 0.0000 -0.0000
vn -0.0000 0.7224 0.6915
vn -0.0000 0.7224 0.6915
vn 0.0000 0.6281 0.7782
vn 0.0000 0.6281 0.7782
vn -1.0000 0.0000 -0.0000
vn -1.0000 0.0000 -0.0000
vn -1.0000 0.0000 -0.0000
vn -1.0000 0.0000 -0.0000
vn -1.0000 0.0000 -0.0000
vn -0.0000 -0.2220 -0.9750
vn -0.0000 -0.2220 -0.9750
vn -1.0000 0.0000 -0.0000
vn 1.0000 0.0000 -0.0000
vn -0.0000 -0.6042 0.7968
vn -0.0000 -0.6042 0.7968
vn -0.0000 -0.3880 -0.9217
vn -0.0000 -0.3880 -0.9217
vn -0.0000 -0.3880 -0.9217
vn -0.0000 -0.3880 -0.9217
vn 0.0000 0.9935 0.1134
vn 0.0000 0.9935 0.1134
vn -1.0000 0.0000 -0.0000
vn -1.0000 0.0000 -0.0000
vn -1.0000 0.0000 -0.0000
vn -1.0000 0.0000 -0.0000
vn -1.0000 0.0000 -0.0000
vn -1.0000 0.0000 -0.0000
vn -1.0000 0.0000 -0.0000
vn 1.0000 0.0000 -0.0000
vn 1.0000 0.0000 -0.0000
vn 1.0000 0.0000 -0.0000
vn 1.0000 0.0000 -0.0000
vn 1.0000 0.0000 -0.0000
vn 1.0000 0.0000 -0.0000
vn 1.0000 0.0000 -0.0000
vn 0.0000 0.3880 0.9217
vn 0.0000 0.3880 0.9217
vn -0.0000 -0.0494 -0.9988
vn -0.0000 -0.3880 -0.9217
vn -0.0000 -0.0494 -0.9988
vn -0.0000 -0.3880 -0.9217
vn -1.0000 0.0000 -0.0000
vn -1.0000 0.0000 -0.0000
vn -1.0000 0.0000 -0.0000
vn -1.0000 0.0000 -0.0000
vn -0.0000 0.9987 -0.0507
vn -0.0000 0.9987 -0.0507
vn -0.0000 -0.0494 -0.9988
vn 0.0000 0.5202 -0.8540
vn 0.0000 0.5202 -0.8540
vn -1.0000 0.0000 -0.0000
vn 1.0000 0.0000 -0.0000
vn 1.0000 0.0000 -0.0000
vn -1.0000 0.0000 -0.0000
vn 1.0000 0.0000 -0.0000
vn 1.0000 0.0000 -0.0000
vn -0.0000 -0.9341 0.3569
vn -0.0000 -0.9341 0.3569
vn -0.0000 -0.9341 0.3569
vn -0.0000 -0.9341 0.3569
vn 0.0000 0.3880 0.9217
vn 0.0000 0.3880 0.9217
vn 0.0000 0.3880 0.9217
vn -0.0000 -0.3880 -0.9217
vn -0.0000 -0.3880 -0.9217
vn -0.0000 -0.3880 -0.9217
vn 1.0000 0.0000 -0.0000
vn 1.0000 0.0000 -0.0000
vn -0.0000 0.9423 -0.3347
vn -0.0000 0.9423 -0.3347
vn -0.0000 0.9423 -0.3347
vn -0.0000 0.9423 -0.3347
vn 0.0000 0.3880 0.9217
vn 0.0000 0.3880 0.9217
vn -0.0000 -0.3880 -0.9217
vn -0.0000 -0.0494 -0.9988
vn -0.0000 -0.0494 -0.9988
vn -0.0000 -0.3880 -0.9217
vn 1.0000 0.0000 -0.0000
vn 1.0000 0.0000 -0.0000
vn 1.0000 0.0000 -0.0000
vn 1.0000 0.0000 -0.0000
vn -0.0000 0.9987 -0.0507
vn -0.0000 0.9987 -0.0507
vn -0.0000 -0.0494 -0.9988
vn 0.0000 0.5202 -0.8540
vn 0.0000 0.5202 -0.8540
vn 1.0000 0.0000 -0.0000
vn -1.0000 0.0000 -0.0000
vn -1.0000 0.0000 -0.0000
vn 1.0000 0.0000 -0.0000
vn -1.0000 0.0000 -0.0000
vn -1.0000 0.0000 -0.0000
vn -0.0000 -0.9341 0.3569
vn -0.0000 -0.9341 0.3569
vn 0.0000 0.3880 0.9217
vn -0.0000 -0.3880 -0.9217
vn -1.0000 0.0000 -0.0000
vn -1.0000 0.0000 -0.0000
vn -0.0000 0.9423 -0.3347
vn -0.0000 0.9423 -0.3347
vn -0.8660 0.1993 0.4586
vn -0.8660 0.1993 0.4586
vn -0.8660 -0.1993 -0.4586
vn -0.8660 -0.1993 -0.4586
vn -0.0000 -0.3880 -0.9217
vn -0.0000 -0.3880 -0.9217
vn -0.0000 -0.3880 -0.9217
vn -0.0000 -0.3880 -0.9217
vn 0.8660 -0.1993 -0.4586
vn 0.8660 -0.1993 -0.4586
vn 0.8660 0.1993 0.4586
vn 0.8660 0.1993 0.4586
vn 0.0000 0.3880 0.9217
vn 0.0000 0.3880 0.9217
vn 0.0000 0.9172 -0.3985
vn 0.0000 0.9172 -0.3985
vn 0.0000 0.9172 -0.3985
vn 0.0000 0.9172 -0.3985
vn 0.0000 0.9172 -0.3985
vn 0.0000 0.9172 -0.3985
vn 0.0000 0.9172 -0.3985
vn 0.0000 0.9172 -0.3985
vn 0.0000 0.9172 -0.3985
vn 0.0000 0.9172 -0.3985
vn 0.0000 0.9172 -0.3985
vn 0.0000 0.9172 -0.3985
vn 0.0000 0.9172 -0.3985
vn 0.0000 0.9172 -0.3985
vn 0.0000 0.9172 -0.3985
vn 0.0000 0.9172 -0.3985
vn 0.0000 0.9172 -0.3985
vn 0.0000 0.9172 -0.3985
vn 0.0000 0.9172 -0.3985
vn 0.0000 0.9172 -0.3985
vn 0.9888 0.1207 0.0873
vn 0.9888 0.1207 0.0873
vn 0.9533 0.0214 -0.3014
vn 1.0000 0.0000 -0.0000
vn -1.0000 0.0000 -0.0000
vn -1.0000 0.0000 -0.0000
vn -0.7189 0.6952 0.0003
vn -1.0000 0.0000 -0.0000
vn -1.0000 0.0000 -0.0000
vn 0.0000 0.2220 0.9750
vn -0.0000 -0.2220 -0.9750
vn -0.0000 -0.2220 -0.9750
vn -0.0000 -0.6133 -0.7898
vn -0.0000 -0.6133 -0.7898
vn -0.0000 -1.0000 0.0000
vn -0.0000 -1.0000 0.0000
vn -0.0000 -1.0000 0.0000
vn -0.0000 -1.0000 0.0000
vn -0.0000 -0.3880 -0.9217
vn -0.0000 -0.5421 -0.8403
vn -0.0000 -0.5421 -0.8403
vn -0.0000 -0.5421 -0.8403
vn -1.0000 0.0000 -0.0000
vn -1.0000 0.0000 -0.0000
vn -0.8522 -0.4643 -0.2410
vn -1.0000 0.0000 -0.0000
vn -1.0000 0.0000 -0.0000
vn -1.0000 0.0000 -0.0000
vn -1.0000 0.0000 -0.0000
vn -1.0000 0.0000 -0.0000
vn -1.0000 0.0000 -0.0000
vn -0.0000 -0.9172 0.3985
vn -0.0000 -0.4566 0.8896
vn -1.0000 0.0000 -0.0000
vn -0.0000 -0.1614 -0.9869
vn 0.0000 0.2523 -0.9677
vn 0.0000 0.2523 -0.9677
vn 0.0000 0.9172 -0.3985
vn 0.0000 0.9172 -0.3985
vn 0.0000 0.4566 -0.8896
vn 0.0000 0.4566 -0.8896
vn 1.0000 0.0000 -0.0000
vn 1.0000 0.0000 -0.0000
vn 1.0000 0.0000 -0.0000
vn 1.0000 0.0000 -0.0000
vn -0.0000 0.8755 0.4832
vn -0.0000 0.8755 0.4832
vn -0.0065 0.9419 0.3357
vn -0.0065 0.9419 0.3357
vn 0.9451 0.2707 -0.1828
vn 0.9769 0.1841 -0.1085
vn 0.9769 0.1841 -0.1085
vn 0.9451 0.2707 -0.1828
vn 0.0014 -0.7522 -0.6589
vn 0.0083 -0.7769 -0.6296
vn 0.0000 0.0000 -1.0000
vn 0.0000 0.0000 -1.0000
vn 0.0000 -0.2597 -0.9657
vn -0.0000 -0.3880 -0.9217
vn -0.9888 0.1207 0.0873
vn -0.9888 0.1207 0.0873
vn -0.9533 0.0214 -0.3014
vn -1.0000 0.0000 -0.0000
vn 1.0000 0.0000 -0.0000
vn 1.0000 0.0000 -0.0000
vn 0.7189 0.6952 0.0003
vn 1.0000 0.0000 -0.0000
vn 1.0000 0.0000 -0.0000
vn 0.0000 0.2220 0.9750
vn -0.0000 -0.2220 -0.9750
vn -0.0000 -0.6133 -0.7898
vn -0.0000 -1.0000 0.0000
vn -0.0000 -1.0000 0.0000
vn -0.0000 -1.0000 0.0000
vn -0.0000 -0.5421 -0.8403
vn -0.0000 -0.3880 -0.9217
vn -0.0000 -0.5421 -0.8403
vn -0.0000 -0.5421 -0.8403
vn 1.0000 0.0000 -0.0000
vn 1.0000 0.0000 -0.0000
vn 0.8522 -0.4643 -0.2410
vn 1.0000 0.0000 -0.0000
vn 1.0000 0.0000 -0.0000
vn 1.0000 0.0000 -0.0000
vn 1.0000 0.0000 -0.0000
vn 1.0000 0.0000 -0.0000
vn 1.0000 0.0000 -0.0000
vn -0.0000 -0.9172 0.3985
vn 1.0000 0.0000 -0.0000
vn -0.0000 -0.1614 -0.9869
vn 0.0000 0.2523 -0.9677
vn 0.0000 0.2523 -0.9677
vn 0.0000 0.9172 -0.3985
vn 0.0000 0.4566 -0.8896
vn -1.0000 0.0000 -0.0000
vn -1.0000 0.0000 -0.0000
vn -1.0000 0.0000 -0.0000
vn -1.0000 0.0000 -0.0000
vn -0.0000 0.8755 0.4832
vn -0.0000 0.8755 0.4832
vn 0.0058 0.9526 0.3042
vn 0.0058 0.9526 0.3042
vn -0.9451 0.2707 -0.1828
vn -0.9769 0.1841 -0.1085
vn -0.9451 0.2707 -0.1828
vn -0.9769 0.1841 -0.1085
vn 0.0014 -0.7522 -0.6589
vn 0.0083 -0.7769 -0.6296
vn 0.0000 0.0000 -1.0000
vn 0.0000 0.0000 -1.0000
vn 0.0000 -0.2597 -0.9657
vn -0.0000 -0.3880 -0.9217
vn 0.0000 0.5202 -0.8540
vn 0.0000 0.5202 -0.8540
vn 0.0000 0.0000 1.0000
vn 0.0000 0.0000 1.0000
vn -0.0000 0.7224 0.6915
vn -0.0000 0.7224 0.6915
vn 0.0000 1.0000 -0.0000
vn 0.0000 1.0000 -0.0000
vn -1.0000 0.0000 -0.0000
vn 1.0000 0.0000 -0.0000
vn 1.0000 0.0000 -0.0000
vn -1.0000 0.0000 -0.0000
vn -0.0000 -0.6937 -0.7202
vn -0.0000 -0.6937 -0.7202
vn 1.0000 0.0000 -0.0000
vn 1.0000 0.0000 -0.0000
vn -0.0000 0.6798 0.7334
vn -0.0000 0.6798 0.7334
vn -1.0000 0.0000 -0.0000
vn -1.0000 0.0000 -0.0000
vn 0.0000 0.5202 -0.8540
vn 0.0000 0.5202 -0.8540
vn 0.0000 0.0000 1.0000
vn 0.0000 0.0000 1.0000
vn -0.0000 0.7224 0.6915
vn -0.0000 0.7224 0.6915
vn 0.0000 1.0000 -0.0000
vn 0.0000 1.0000 -0.0000
vn -1.0000 0.0000 -0.0000
vn 1.0000 0.0000 -0.0000
vn 1.0000 0.0000 -0.0000
vn -1.0000 0.0000 -0.0000
vn -0.0000 -0.6937 -0.7202
vn -0.0000 -0.6937 -0.7202
vn 1.0000 0.0000 -0.0000
vn 1.0000 0.0000 -0.0000
vn -0.0000 0.6798 0.7334
vn -0.0000 0.6798 0.7334
vn -1.0000 0.0000 -0.0000
vn -1.0000 0.0000 -0.0000
vn -0.0000 -0.9922 -0.1248
vn -0.0000 -0.9922 -0.1248
vn 0.0000 0.6042 -0.7968
vn 0.0000 0.6042 -0.7968
vn 0.0000 0.3880 0.9217
vn 0.0000 0.3880 0.9217
vn -1.0000 0.0000 -0.0000
vn -1.0000 0.0000 -0.0000
vn -1.0000 0.0000 -0.0000
vn -1.0000 0.0000 -0.0000
vn -1.0000 0.0000 -0.0000
vn -1.0000 0.0000 -0.0000
vn 1.0000 0.0000 -0.0000
vn 1.0000 0.0000 -0.0000
vn 1.0000 0.0000 -0.0000
vn 1.0000 0.0000 -0.0000
vn 1.0000 0.0000 -0.0000
vn 1.0000 0.0000 -0.0000
vn -0.0000 0.4291 0.9033
vn -0.0000 0.4291 0.9033
vn -1.0000 0.0000 -0.0000
vn -0.0000 0.9423 -0.3347
vn -0.0000 0.9423 -0.3347
vn 0.0000 0.9655 0.2605
vn 0.0000 0.9655 0.2605
vn 0.0000 0.8378 0.5460
vn 0.0000 0.8378 0.5460
vn 0.0000 0.6281 0.7782
vn 0.0000 0.6281 0.7782
vn -0.0000 0.2952 -0.9554
vn -0.0000 0.2952 -0.9554
vn 0.0000 0.6937 -0.7202
vn 0.0000 0.6937 -0.7202
vn 0.0000 0.8403 -0.5421
vn 0.0000 0.8403 -0.5421
vn -1.0000 0.0000 -0.0000
vn -1.0000 0.0000 -0.0000
vn -1.0000 0.0000 -0.0000
vn 1.0000 0.0000 -0.0000
vn 1.0000 0.0000 -0.0000
vn 1.0000 0.0000 -0.0000
vn 1.0000 0.0000 -0.0000
vn -1.0000 0.0000 -0.0000
vn -1.0000 0.0000 -0.0000
vn -1.0000 0.0000 -0.0000
vn 1.0000 0.0000 -0.0000
vn 1.0000 0.0000 -0.0000
vn 1.0000 0.0000 -0.0000
vn -0.0000 0.4291 0.9033
vn -0.0000 0.4291 0.9033
vn 1.0000 0.0000 -0.0000
vn -0.0000 0.9423 -0.3347
vn -0.0000 0.9423 -0.3347
vn 0.0000 0.9655 0.2605
vn 0.0000 0.9655 0.2605
vn 0.0000 0.8378 0.5460
vn 0.0000 0.8378 0.5460
vn 0.0000 0.6281 0.7782
vn 0.0000 0.6281 0.7782
vn -0.0000 0.2952 -0.9554
vn -0.0000 0.2952 -0.9554
vn 0.0000 0.6937 -0.7202
vn 0.0000 0.6937 -0.7202
vn 0.0000 0.8403 -0.5421
vn 0.0000 0.8403 -0.5421
vn 1.0000 0.0000 -0.0000
vn 1.0000 0.0000 -0.0000
vn 1.0000 0.0000 -0.0000
vn -1.0000 0.0000 -0.0000
vn -1.0000 0.0000 -0.0000
vn -1.0000 0.0000 -0.0000
vn -1.0000 0.0000 -0.0000
vn 1.0000 0.0000 -0.0000
vn 1.0000 0.0000 -0.0000
vn 1.0000 0.0000 -0.0000
vn -1.0000 0.0000 -0.0000
vn -1.0000 0.0000 -0.0000
vn -1.0000 0.0000 -0.0000
vn -0.4887 0.3385 0.8041
vn -0.4887 0.3385 0.8041
vn -1.0000 0.0000 -0.0000
vn -1.0000 0.0000 -0.0000
vn -0.5000 -0.3451 -0.7943
vn -0.5000 -0.3451 -0.7943
vn 0.5000 -0.3451 -0.7943
vn 0.5000 -0.3451 -0.7943
vn 1.0000 0.0000 -0.0000
vn 1.0000 0.0000 -0.0000
vn 0.4887 0.3385 0.8041
vn 0.4887 0.3385 0.8041
vn 0.0000 0.9172 -0.3985
vn 0.0000 0.9172 -0.3985
vn 0.0000 0.9172 -0.3985
vn 0.0000 0.9172 -0.3985
vn 0.0000 0.9172 -0.3985
vn 0.0000 0.9172 -0.3985
vn 0.0000 0.9172 -0.3985
vn 0.0000 0.9172 -0.3985
vn 0.0000 0.9172 -0.3985
vn 0.0000 0.9172 -0.3985
vn 0.0000 0.9172 -0.3985
vn 0.0000 0.9172 -0.3985
vn -0.4887 0.3385 0.8041
vn -0.4887 0.3385 0.8041
vn -1.0000 0.0000 -0.0000
vn -1.0000 0.0000 -0.0000
vn -0.5000 -0.3451 -0.7943
vn -0.5000 -0.3451 -0.7943
vn 0.5000 -0.3451 -0.7943
vn 0.5000 -0.3451 -0.7943
vn 1.0000 0.0000 -0.0000
vn 1.0000 0.0000 -0.0000
vn 0.4887 0.3385 0.8041
vn 0.4887 0.3385 0.8041
vn 0.0000 0.9172 -0.3985
vn 0.0000 0.9172 -0.3985
vn 0.0000 0.9172 -0.3985
vn 0.0000 0.9172 -0.3985
vn 0.0000 0.9172 -0.3985
vn 0.0000 0.9172 -0.3985
vn 0.0000 0.9172 -0.3985
vn 0.0000 0.9172 -0.3985
vn 0.0000 0.9172 -0.3985
vn 0.0000 0.9172 -0.3985
vn 0.0000 0.9172 -0.3985
vn 0.0000 0.9172 -0.3985
vn -0.0000 -0.9172 0.3985
vn -0.0000 -0.9172 0.3985
vn -0.0000 -0.9172 0.3985
vn -0.0000 -0.9172 0.3985
vn -0.0000 -0.9172 0.3985
vn -0.0000 -0.9172 0.3985
vn -0.0000 -0.9172 0.3985
vn -0.0000 -0.9172 0.3985
vn -0.0000 -0.9172 0.3985
vn -0.0000 -0.9172 0.3985
vn -0.0000 -0.9172 0.3985
vn -0.0000 -0.9172 0.3985
vn -0.2671 0.6146 0.7422
vn -0.5007 0.5884 0.6349
vn -0.2665 0.6545 0.7076
vn -0.5049 0.4928 0.7086
vn 0.9909 0.1257 0.0481
vn 0.9909 0.1257 0.0481
vn 0.9796 0.1915 0.0613
vn 0.9796 0.1915 0.0613
vn 0.3072 0.7820 -0.5423
vn 0.3072 0.7820 -0.5423
vn -0.0065 0.9419 0.3357
vn -0.1228 0.9891 0.0816
vn -0.1340 0.9316 0.3378
vn 0.0000 0.9935 0.1134
vn -0.0035 0.8073 0.5901
vn -0.1314 0.7989 0.5869
vn -0.7379 0.6729 0.0521
vn -0.7727 0.5985 0.2114
vn -0.7379 0.6729 0.0521
vn -0.7727 0.5985 0.2114
vn -0.7831 0.5012 0.3681
vn -0.7831 0.5012 0.3681
vn 1.0000 0.0000 -0.0000
vn 0.9865 0.0000 -0.1637
vn 1.0000 0.0000 -0.0000
vn 0.3458 -0.0000 -0.9383
vn 0.3458 -0.0000 -0.9383
vn -1.0000 0.0000 -0.0000
vn -0.1156 0.9933 -0.0002
vn 0.0000 1.0000 -0.0000
vn -0.7189 0.6952 0.0003
vn -1.0000 0.0000 -0.0000
vn -1.0000 0.0000 -0.0000
vn -1.0000 0.0000 -0.0000
vn -1.0000 0.0000 -0.0000
vn -1.0000 0.0000 -0.0000
vn -1.0000 0.0000 -0.0000
vn -1.0000 0.0000 -0.0000
vn -0.1273 0.6743 0.7274
vn -0.0000 0.6798 0.7334
vn -0.1273 0.5377 0.8335
vn 0.0000 0.5421 0.8403
vn -0.1273 0.3848 0.9142
vn 0.0000 0.3880 0.9217
vn -0.1273 0.2202 0.9671
vn 0.0000 0.2220 0.9750
vn -0.1273 0.0490 0.9907
vn 0.0000 0.0494 0.9988
vn -0.1273 -0.1238 0.9841
vn -0.0000 -0.1248 0.9922
vn -0.1273 -0.2928 0.9477
vn -0.0000 -0.2952 0.9554
vn -0.7832 0.4230 0.4558
vn -0.7832 0.4230 0.4558
vn -0.7883 0.3341 0.5166
vn -0.7883 0.3341 0.5166
vn -0.7923 0.2367 0.5623
vn -0.7923 0.2367 0.5623
vn -0.7923 0.1355 0.5948
vn -0.7923 0.1355 0.5948
vn -0.7923 0.0301 0.6093
vn -0.7923 0.0301 0.6093
vn -0.7923 -0.0762 0.6053
vn -0.7923 -0.0762 0.6053
vn -0.7923 -0.1801 0.5829
vn -0.7923 -0.1801 0.5829
vn -0.0000 -0.2952 0.9554
vn -0.2735 -0.1201 0.9544
vn -0.2735 -0.2840 0.9190
vn -0.2735 0.0475 0.9607
vn 0.0000 0.0494 0.9988
vn -0.2735 0.2136 0.9379
vn -0.2735 0.3732 0.8865
vn 0.0000 0.3880 0.9217
vn -0.2389 0.5802 0.7787
vn -0.0000 0.2952 -0.9554
vn -0.0000 0.2952 -0.9554
vn -0.0000 -0.0494 -0.9988
vn -0.0000 -0.0494 -0.9988
vn -0.0000 -0.3880 -0.9217
vn -0.0000 -0.3880 -0.9217
vn 1.0000 0.0000 -0.0000
vn 1.0000 0.0000 -0.0000
vn 0.0000 1.0000 -0.0000
vn 0.0000 1.0000 -0.0000
vn 0.0000 1.0000 -0.0000
vn 0.0000 1.0000 -0.0000
vn 0.0000 1.0000 -0.0000
vn 0.0000 1.0000 -0.0000
vn 1.0000 0.0000 -0.0000
vn 0.0000 0.0000 1.0000
vn -0.0000 -0.3880 -0.9217
vn -0.0000 -0.6937 -0.7202
vn -0.0000 -0.6937 -0.7202
vn 0.0014 -0.7522 -0.6589
vn -0.0000 -0.6937 -0.7202
vn 0.0014 -0.7522 -0.6589
vn -0.0000 -0.8465 -0.5324
vn -0.1210 -0.8825 -0.4546
vn -0.1156 -0.8395 -0.5310
vn -0.0000 -0.8896 -0.4566
vn -0.8517 -0.4436 -0.2790
vn -0.7727 -0.5626 -0.2940
vn -0.7676 -0.5398 -0.3455
vn -1.0000 0.0000 -0.0000
vn -1.0000 0.0000 -0.0000
vn -1.0000 0.0000 -0.0000
vn -1.0000 0.0000 -0.0000
vn -1.0000 0.0000 -0.0000
vn -1.0000 0.0000 -0.0000
vn -1.0000 0.0000 -0.0000
vn -1.0000 0.0000 -0.0000
vn -0.1273 -0.4529 0.8824
vn -0.0000 -0.4566 0.8896
vn -0.1273 -0.5993 0.7904
vn -0.0000 -0.6042 0.7968
vn -0.1273 -0.7274 0.6743
vn -0.0000 -0.7334 0.6798
vn -0.1273 -0.8335 0.5377
vn -0.0000 -0.8403 0.5421
vn -0.1273 -0.9142 0.3848
vn -0.0000 -0.9172 0.3985
vn -0.1273 -0.9671 0.2202
vn 0.0000 -0.9750 0.2220
vn -0.1273 -0.9907 0.0490
vn -0.0000 -0.9988 0.0494
vn -0.1273 -0.9841 -0.1238
vn -0.0000 -0.9922 -0.1248
vn -0.1267 -0.9477 -0.2929
vn -0.0000 -0.9554 -0.2952
vn -0.7923 -0.2786 0.5428
vn -0.7923 -0.2786 0.5428
vn -0.7923 -0.3686 0.4861
vn -0.7923 -0.3686 0.4861
vn -0.7923 -0.4474 0.4147
vn -0.7923 -0.4474 0.4147
vn -0.7923 -0.5126 0.3307
vn -0.7923 -0.5126 0.3307
vn -0.7923 -0.5623 0.2367
vn -0.7923 -0.5623 0.2367
vn -0.7923 -0.5948 0.1355
vn -0.7923 -0.5948 0.1355
vn -0.7923 -0.6093 0.0301
vn -0.7923 -0.6093 0.0301
vn -0.7930 -0.6045 -0.0758
vn -0.7930 -0.6045 -0.0758
vn -0.7779 -0.5998 -0.1873
vn -0.7940 -0.5899 -0.1467
vn -0.8512 -0.4842 -0.2026
vn -0.6664 -0.7052 -0.2423
vn -0.2751 -0.9540 -0.1196
vn -0.2967 -0.9193 -0.2587
vn -0.0000 -0.9922 -0.1248
vn -0.2735 -0.9607 0.0475
vn 0.0000 -0.9750 0.2220
vn -0.2735 -0.9379 0.2136
vn -0.2735 -0.8865 0.3732
vn -0.2735 -0.8083 0.5215
vn -0.0000 -0.8403 0.5421
vn -0.2735 -0.7054 0.6539
vn -0.2735 -0.5812 0.7665
vn -0.0000 -0.6042 0.7968
vn -0.2735 -0.4392 0.8557
vn -1.0000 0.0000 -0.0000
vn -1.0000 0.0000 -0.0000
vn 0.0000 0.6042 -0.7968
vn 0.0000 0.6042 -0.7968
vn 0.0000 0.8830 -0.4693
vn 0.0000 0.8830 -0.4693
vn 0.0000 0.9935 0.1134
vn 0.0000 0.9935 0.1134
vn 0.0000 0.9935 0.1134
vn 0.0000 0.9935 0.1134
vn 0.0000 0.9750 -0.2220
vn 0.0000 0.9750 -0.2220
vn 0.0000 0.8403 -0.5421
vn 0.0000 0.8403 -0.5421
vn 0.0000 0.6042 -0.7968
vn 0.0000 0.6042 -0.7968
vn 1.0000 0.0000 -0.0000
vn 1.0000 0.0000 -0.0000
vn 0.9989 0.0410 -0.0230
vn 0.4529 0.5711 -0.6846
vn 0.4529 0.5711 -0.6846
vn 0.9511 0.2349 -0.2006
vn 0.9511 0.2349 -0.2006
vn 0.9387 0.2362 -0.2511
vn 0.9387 0.2362 -0.2511
vn 0.7583 0.4224 -0.4965
vn 0.6501 0.4902 -0.5806
vn 0.8539 0.3415 -0.3927
vn -0.0038 0.9770 0.2133
vn -0.0026 0.9852 0.1716
vn 0.0000 0.9935 0.1134
vn -0.0038 0.9770 0.2133
vn 0.0014 -0.7522 -0.6589
vn 0.0014 -0.7522 -0.6589
vn -0.5613 0.3211 0.7628
vn -0.5100 0.6920 0.5109
vn -0.2870 0.7693 0.5708
vn -0.4732 0.8782 0.0704
vn -0.5069 0.8106 0.2931
vn -0.2638 0.9612 0.0806
vn -0.2901 0.8977 0.3315
vn -0.4560 0.8900 -0.0002
vn -0.2482 0.9687 0.0002
vn -0.5613 0.1838 0.8070
vn -0.5613 0.0408 0.8266
vn -0.5613 -0.1033 0.8211
vn -0.5613 -0.2443 0.7907
vn -0.5613 -0.3779 0.7363
vn -0.5613 -0.5000 0.6595
vn -0.5613 -0.6070 0.5626
vn -0.5613 -0.6954 0.4487
vn -0.5613 -0.7628 0.3211
vn -0.5613 -0.7628 0.3211
vn -0.5613 -0.8070 0.1838
vn -0.5613 -0.8266 0.0408
vn -0.5635 -0.8197 -0.1025
vn -0.5571 -0.8024 -0.2139
vn 0.0000 -0.2597 -0.9657
vn 0.0000 -0.2597 -0.9657
vn 0.0000 -0.2597 -0.9657
vn -0.4560 0.8900 -0.0002
vn -0.4732 0.8782 0.0704
vn -0.5069 0.8106 0.2931
vn -0.5100 0.6920 0.5109
vn -0.5007 0.5884 0.6349
vn -0.4887 0.4730 0.7331
vn -0.4887 0.3385 0.8041
vn -0.4887 0.1937 0.8507
vn -0.4887 0.0431 0.8714
vn -0.4887 -0.1089 0.8656
vn -0.4887 -0.2576 0.8335
vn -0.4887 -0.3984 0.7762
vn -0.4630 -0.7461 -0.4785
vn -0.4745 -0.7809 -0.4063
vn -0.4865 -0.8345 -0.2586
vn -0.4887 -0.5271 0.6952
vn -0.4887 -0.6398 0.5931
vn -0.4887 -0.7331 0.4730
vn -0.4887 -0.8041 0.3385
vn -0.4887 -0.8507 0.1937
vn -0.4887 -0.8714 0.0431
vn -0.4887 -0.8656 -0.1089
vn 0.0000 0.0000 -1.0000
vn 0.0000 0.0000 -1.0000
vn -0.1509 0.6381 0.7550
vn 0.2671 0.6146 0.7422
vn 0.5007 0.5884 0.6349
vn 0.5049 0.4928 0.7086
vn 0.2665 0.6545 0.7076
vn -0.9909 0.1257 0.0481
vn -0.9909 0.1257 0.0481
vn -0.9796 0.1915 0.0613
vn -0.9796 0.1915 0.0613
vn -0.3072 0.7820 -0.5423
vn -0.3072 0.7820 -0.5423
vn 0.1228 0.9891 0.0816
vn -0.0065 0.9419 0.3357
vn 0.1340 0.9316 0.3378
vn 0.0000 0.9935 0.1134
vn -0.0035 0.8073 0.5901
vn 0.1314 0.7989 0.5869
vn 0.7727 0.5985 0.2114
vn 0.7379 0.6729 0.0521
vn 0.7379 0.6729 0.0521
vn 0.7727 0.5985 0.2114
vn 0.7831 0.5012 0.3681
vn 0.7831 0.5012 0.3681
vn -1.0000 0.0000 -0.0000
vn -1.0000 0.0000 -0.0000
vn -0.9865 -0.0000 -0.1637
vn -0.3458 -0.0000 -0.9383
vn -0.3458 -0.0000 -0.9383
vn 1.0000 0.0000 -0.0000
vn 0.1156 0.9933 -0.0002
vn 0.0000 1.0000 -0.0000
vn 0.7189 0.6952 0.0003
vn 1.0000 0.0000 -0.0000
vn 1.0000 0.0000 -0.0000
vn 1.0000 0.0000 -0.0000
vn 1.0000 0.0000 -0.0000
vn 1.0000 0.0000 -0.0000
vn 1.0000 0.0000 -0.0000
vn 1.0000 0.0000 -0.0000
vn 0.1273 0.6743 0.7274
vn -0.0000 0.6798 0.7334
vn 0.1273 0.5377 0.8335
vn 0.0000 0.5421 0.8403
vn 0.1273 0.3848 0.9142
vn 0.0000 0.3880 0.9217
vn 0.1273 0.2202 0.9671
vn 0.0000 0.2220 0.9750
vn 0.1273 0.0490 0.9907
vn 0.0000 0.0494 0.9988
vn 0.1273 -0.1238 0.9841
vn -0.0000 -0.1248 0.9922
vn 0.1273 -0.2928 0.9477
vn -0.0000 -0.2952 0.9554
vn 0.7832 0.4230 0.4558
vn 0.7832 0.4230 0.4558
vn 0.7883 0.3341 0.5166
vn 0.7883 0.3341 0.5166
vn 0.7923 0.2367 0.5623
vn 0.7923 0.2367 0.5623
vn 0.7923 0.1355 0.5948
vn 0.7923 0.1355 0.5948
vn 0.7923 0.0301 0.6093
vn 0.7923 0.0301 0.6093
vn 0.7923 -0.0762 0.6053
vn 0.7923 -0.0762 0.6053
vn 0.7923 -0.1801 0.5829
vn 0.7923 -0.1801 0.5829
vn 0.2735 -0.1201 0.9544
vn 0.2735 -0.2840 0.9190
vn 0.2735 0.0475 0.9607
vn 0.0000 0.0494 0.9988
vn 0.2735 0.2136 0.9379
vn 0.2735 0.3732 0.8865
vn 0.0000 0.3880 0.9217
vn 0.2389 0.5802 0.7787
vn -0.0000 0.2952 -0.9554
vn -0.0000 -0.0494 -0.9988
vn -0.0000 -0.3880 -0.9217
vn -1.0000 0.0000 -0.0000
vn -1.0000 0.0000 -0.0000
vn 0.0000 1.0000 -0.0000
vn 0.0000 1.0000 -0.0000
vn 0.0000 1.0000 -0.0000
vn 0.0000 1.0000 -0.0000
vn 0.0000 1.0000 -0.0000
vn 0.0000 1.0000 -0.0000
vn -1.0000 0.0000 -0.0000
vn 0.0000 0.0000 1.0000
vn -0.0000 -0.3880 -0.9217
vn -0.0000 -0.6937 -0.7202
vn -0.0000 -0.6937 -0.7202
vn 0.0014 -0.7522 -0.6589
vn 0.0014 -0.7522 -0.6589
vn -0.0000 -0.6937 -0.7202
vn -0.0000 -0.8465 -0.5324
vn 0.1210 -0.8825 -0.4546
vn -0.0000 -0.8896 -0.4566
vn 0.1156 -0.8395 -0.5310
vn 0.8517 -0.4436 -0.2790
vn 0.7727 -0.5626 -0.2940
vn 0.7676 -0.5398 -0.3455
vn 1.0000 0.0000 -0.0000
vn 1.0000 0.0000 -0.0000
vn 1.0000 0.0000 -0.0000
vn 1.0000 0.0000 -0.0000
vn 1.0000 0.0000 -0.0000
vn 1.0000 0.0000 -0.0000
vn 1.0000 0.0000 -0.0000
vn 1.0000 0.0000 -0.0000
vn 0.1273 -0.4529 0.8824
vn -0.0000 -0.4566 0.8896
vn 0.1273 -0.5993 0.7904
vn -0.0000 -0.6042 0.7968
vn 0.1273 -0.7274 0.6743
vn -0.0000 -0.7334 0.6798
vn 0.1273 -0.8335 0.5377
vn -0.0000 -0.8403 0.5421
vn 0.1273 -0.9142 0.3848
vn -0.0000 -0.9172 0.3985
vn 0.1273 -0.9671 0.2202
vn 0.0000 -0.9750 0.2220
vn 0.1273 -0.9907 0.0490
vn -0.0000 -0.9988 0.0494
vn 0.1273 -0.9841 -0.1238
vn -0.0000 -0.9922 -0.1248
vn 0.1267 -0.9477 -0.2929
vn -0.0000 -0.9554 -0.2952
vn 0.7923 -0.2786 0.5428
vn 0.7923 -0.2786 0.5428
vn 0.7923 -0.3686 0.4861
vn 0.7923 -0.3686 0.4861
vn 0.7923 -0.4474 0.4147
vn 0.7923 -0.4474 0.4147
vn 0.7923 -0.5126 0.3307
vn 0.7923 -0.5126 0.3307
vn 0.7923 -0.5623 0.2367
vn 0.7923 -0.5623 0.2367
vn 0.7923 -0.5948 0.1355
vn 0.7923 -0.5948 0.1355
vn 0.7923 -0.6093 0.0301
vn 0.7923 -0.6093 0.0301
vn 0.7930 -0.6045 -0.0758
vn 0.7930 -0.6045 -0.0758
vn 0.7779 -0.5998 -0.1873
vn 0.7940 -0.5899 -0.1467
vn 0.8512 -0.4842 -0.2026
vn 0.6664 -0.7052 -0.2423
vn 0.2751 -0.9540 -0.1196
vn -0.0000 -0.9922 -0.1248
vn 0.2967 -0.9193 -0.2587
vn 0.2735 -0.9607 0.0475
vn 0.0000 -0.9750 0.2220
vn 0.2735 -0.9379 0.2136
vn 0.2735 -0.8865 0.3732
vn 0.2735 -0.8083 0.5215
vn 0.2735 -0.7054 0.6539
vn 0.2735 -0.5812 0.7665
vn 0.2735 -0.4392 0.8557
vn 1.0000 0.0000 -0.0000
vn 1.0000 0.0000 -0.0000
vn 0.0000 0.6042 -0.7968
vn 0.0000 0.6042 -0.7968
vn 0.0000 0.8830 -0.4693
vn 0.0000 0.8830 -0.4693
vn 0.0000 0.9935 0.1134
vn 0.0000 0.9935 0.1134
vn 0.0000 0.9935 0.1134
vn 0.0000 0.9935 0.1134
vn 0.0000 0.9750 -0.2220
vn 0.0000 0.8403 -0.5421
vn 0.0000 0.6042 -0.7968
vn -1.0000 0.0000 -0.0000
vn -1.0000 0.0000 -0.0000
vn -0.9989 0.0410 -0.0230
vn -0.4529 0.5711 -0.6846
vn -0.4529 0.5711 -0.6846
vn -0.9511 0.2349 -0.2006
vn -0.9511 0.2349 -0.2006
vn -0.9387 0.2362 -0.2511
vn -0.9387 0.2362 -0.2511
vn -0.7583 0.4224 -0.4965
vn -0.6501 0.4902 -0.5806
vn -0.8539 0.3415 -0.3927
vn -0.0038 0.9770 0.2133
vn -0.0026 0.9852 0.1716
vn 0.0000 0.9935 0.1134
vn -0.0038 0.9770 0.2133
vn 0.0014 -0.7522 -0.6589
vn 0.0014 -0.7522 -0.6589
vn 0.5613 0.3211 0.7628
vn 0.5100 0.6920 0.5109
vn 0.2870 0.7693 0.5708
vn 0.4732 0.8782 0.0704
vn 0.5069 0.8106 0.2931
vn 0.2638 0.9612 0.0806
vn 0.2901 0.8977 0.3315
vn 0.4560 0.8900 -0.0002
vn 0.2482 0.9687 0.0002
vn 0.5613 0.1838 0.8070
vn 0.5613 0.0408 0.8266
vn 0.5613 -0.1033 0.8211
vn 0.5613 -0.2443 0.7907
vn 0.5613 -0.3779 0.7363
vn 0.5613 -0.5000 0.6595
vn 0.5613 -0.6070 0.5626
vn 0.5613 -0.6954 0.4487
vn 0.5613 -0.7628 0.3211
vn 0.5613 -0.7628 0.3211
vn 0.5613 -0.8070 0.1838
vn 0.5613 -0.8266 0.0408
vn 0.5635 -0.8197 -0.1025
vn 0.5571 -0.8024 -0.2139
vn 0.0000 -0.2597 -0.9657
vn 0.0000 -0.2597 -0.9657
vn 0.0000 -0.2597 -0.9657
vn 0.4560 0.8900 -0.0002
vn 0.4732 0.8782 0.0704
vn 0.5069 0.8106 0.2931
vn 0.5100 0.6920 0.5109
vn 0.5007 0.5884 0.6349
vn 0.4887 0.4730 0.7331
vn 0.4887 0.3385 0.8041
vn 0.4887 0.1937 0.8507
vn 0.4887 0.0431 0.8714
vn 0.4887 -0.1089 0.8656
vn 0.4887 -0.2576 0.8335
vn 0.4887 -0.3984 0.7762
vn 0.4630 -0.7461 -0.4785
vn 0.4745 -0.7809 -0.4063
vn 0.4865 -0.8345 -0.2586
vn 0.4887 -0.5271 0.6952
vn 0.4887 -0.6398 0.5931
vn 0.4887 -0.7331 0.4730
vn 0.4887 -0.8041 0.3385
vn 0.4887 -0.8507 0.1937
vn 0.4887 -0.8714 0.0431
vn 0.4887 -0.8656 -0.1089
vn 0.0000 0.0000 -1.0000
vn 0.0000 0.0000 -1.0000
vn 0.1509 0.6381 0.7550
vn 0.0000 0.5202 -0.8540
vn 0.0000 0.5202 -0.8540
vn -0.0065 0.9419 0.3357
vn -0.0065 0.9419 0.3357
vn -0.0000 0.9825 -0.1863
vn -0.0000 0.9825 -0.1863
vn -0.0000 0.3532 0.9356
vn -0.0000 0.3532 0.9356
vn -1.0000 0.0000 -0.0000
vn -1.0000 0.0000 -0.0000
vn 1.0000 0.0000 -0.0000
vn 1.0000 0.0000 -0.0000
vn -1.0000 0.0000 -0.0000
vn 1.0000 0.0000 -0.0000
vn 1.0000 0.0000 -0.0000
vn -1.0000 0.0000 -0.0000
vn 0.0000 0.9172 -0.3985
vn 0.0000 0.9172 -0.3985
vn -1.0000 0.0000 -0.0000
vn 1.0000 0.0000 -0.0000
vn 1.0000 0.0000 -0.0000
vn -1.0000 0.0000 -0.0000
vn -0.0000 -0.6133 -0.7898
vn -0.0000 -0.6133 -0.7898
vn -0.0000 0.2952 -0.9554
vn -0.0000 0.2952 -0.9554
vn -1.0000 0.0000 -0.0000
vn 1.0000 0.0000 -0.0000
vn 0.0000 0.5202 -0.8540
vn 0.0000 0.5202 -0.8540
vn -0.0065 0.9419 0.3357
vn -0.0065 0.9419 0.3357
vn -0.0000 0.9825 -0.1863
vn -0.0000 0.9825 -0.1863
vn -0.0000 0.3532 0.9356
vn -0.0000 0.3532 0.9356
vn -1.0000 0.0000 -0.0000
vn -1.0000 0.0000 -0.0000
vn 1.0000 0.0000 -0.0000
vn 1.0000 0.0000 -0.0000
vn -1.0000 0.0000 -0.0000
vn 1.0000 0.0000 -0.0000
vn 1.0000 0.0000 -0.0000
vn -1.0000 0.0000 -0.0000
vn 0.0000 0.9172 -0.3985
vn 0.0000 0.9172 -0.3985
vn -1.0000 0.0000 -0.0000
vn 1.0000 0.0000 -0.0000
vn 1.0000 0.0000 -0.0000
vn -1.0000 0.0000 -0.0000
vn -0.0000 -0.6133 -0.7898
vn -0.0000 -0.6133 -0.7898
vn -0.0000 0.2952 -0.9554
vn -0.0000 0.2952 -0.9554
vn -1.0000 0.0000 -0.0000
vn 1.0000 0.0000 -0.0000
f 235/235/235 516/516/516 236/236/236
f 235/235/235 517/517/517 516/516/516
f 233/233/233 516/516/516 517/517/517
f 233/233/233 234/234/234 516/516/516
f 1181/1181/1181 1188/1188/1188 511/511/511
f 1181/1181/1181 218/218/218 1188/1188/1188
f 1181/1181/1181 1191/1191/1191 218/218/218
f 210/210/210 508/508/508 1182/1182/1182
f 210/210/210 1181/1181/1181 508/508/508
f 1181/1181/1181 212/212/212 508/508/508
f 1181/1181/1181 215/215/215 212/212/212
f 1181/1181/1181 511/511/511 215/215/215
f 215/215/215 511/511/511 238/238/238
f 511/511/511 237/237/237 238/238/238
f 511/511/511 1194/1194/1194 237/237/237
f 244/244/244 237/237/237 1194/1194/1194
f 244/244/244 1199/1199/1199 237/237/237
f 508/508/508 212/212/212 1185/1185/1185
f 519/519/519 240/240/240 241/241/241
f 519/519/519 518/518/518 240/240/240
f 215/215/215 518/518/518 519/519/519
f 215/215/215 239/239/239 518/518/518
f 215/215/215 238/238/238 239/239/239
f 1173/1173/1173 500/500/500 1174/1174/1174
f 1173/1173/1173 501/501/501 500/500/500
f 501/501/501 1198/1198/1198 500/500/500
f 501/501/501 1197/1197/1197 1198/1198/1198
f 243/243/243 1198/1198/1198 1197/1197/1197
f 243/243/243 1197/1197/1197 242/242/242
f 1196/1196/1196 243/243/243 242/242/242
f 1196/1196/1196 242/242/242 1195/1195/1195
f 222/222/222 1196/1196/1196 1195/1195/1195
f 222/222/222 1195/1195/1195 221/221/221
f 220/220/220 222/222/222 221/221/221
f 220/220/220 221/221/221 223/223/223
f 224/224/224 220/220/220 223/223/223
f 224/224/224 223/223/223 225/225/225
f 512/512/512 224/224/224 225/225/225
f 512/512/512 225/225/225 513/513/513
f 226/226/226 512/512/512 513/513/513
f 226/226/226 513/513/513 227/227/227
f 208/208/208 502/502/502 209/209/209
f 208/208/208 503/503/503 502/502/502
f 1179/1179/1179 502/502/502 503/503/503
f 1179/1179/1179 1180/1180/1180 502/502/502
f 505/505/505 1180/1180/1180 1179/1179/1179
f 505/505/505 504/504/504 1180/1180/1180
f 1175/1175/1175 504/504/504 505/505/505
f 1175/1175/1175 1176/1176/1176 504/504/504
f 506/506/506 1176/1176/1176 1175/1175/1175
f 506/506/506 507/507/507 1176/1176/1176
f 1177/1177/1177 507/507/507 506/506/506
f 1177/1177/1177 1178/1178/1178 507/507/507
f 1190/1190/1190 1178/1178/1178 1177/1177/1177
f 1190/1190/1190 1177/1177/1177 1189/1189/1189
f 217/217/217 1190/1190/1190 1189/1189/1189
f 217/217/217 1189/1189/1189 216/216/216
f 1174/1174/1174 217/217/217 216/216/216
f 1174/1174/1174 216/216/216 1173/1173/1173
f 197/197/197 496/496/496 198/198/198
f 197/197/197 497/497/497 496/496/496
f 195/195/195 496/496/496 497/497/497
f 195/195/195 196/196/196 496/496/496
f 1153/1153/1153 1160/1160/1160 491/491/491
f 1153/1153/1153 180/180/180 1160/1160/1160
f 1153/1153/1153 1163/1163/1163 180/180/180
f 172/172/172 488/488/488 1154/1154/1154
f 172/172/172 1153/1153/1153 488/488/488
f 1153/1153/1153 174/174/174 488/488/488
f 1153/1153/1153 177/177/177 174/174/174
f 1153/1153/1153 491/491/491 177/177/177
f 177/177/177 491/491/491 200/200/200
f 491/491/491 199/199/199 200/200/200
f 491/491/491 1166/1166/1166 199/199/199
f 206/206/206 199/199/199 1166/1166/1166
f 206/206/206 1171/1171/1171 199/199/199
f 488/488/488 174/174/174 1157/1157/1157
f 499/499/499 202/202/202 203/203/203
f 499/499/499 498/498/498 202/202/202
f 177/177/177 498/498/498 499/499/499
f 177/177/177 201/201/201 498/498/498
f 177/177/177 200/200/200 201/201/201
f 1145/1145/1145 480/480/480 1146/1146/1146
f 1145/1145/1145 481/481/481 480/480/480
f 481/481/481 1170/1170/1170 480/480/480
f 481/481/481 1169/1169/1169 1170/1170/1170
f 205/205/205 1170/1170/1170 1169/1169/1169
f 205/205/205 1169/1169/1169 204/204/204
f 1168/1168/1168 205/205/205 204/204/204
f 1168/1168/1168 204/204/204 1167/1167/1167
f 184/184/184 1168/1168/1168 1167/1167/1167
f 184/184/184 1167/1167/1167 183/183/183
f 182/182/182 184/184/184 183/183/183
f 182/182/182 183/183/183 185/185/185
f 186/186/186 182/182/182 185/185/185
f 186/186/186 185/185/185 187/187/187
f 492/492/492 186/186/186 187/187/187
f 492/492/492 187/187/187 493/493/493
f 188/188/188 492/492/492 493/493/493
f 188/188/188 493/493/493 189/189/189
f 170/170/170 482/482/482 171/171/171
f 170/170/170 483/483/483 482/482/482
f 1151/1151/1151 482/482/482 483/483/483
f 1151/1151/1151 1152/1152/1152 482/482/482
f 485/485/485 1152/1152/1152 1151/1151/1151
f 485/485/485 484/484/484 1152/1152/1152
f 1147/1147/1147 484/484/484 485/485/485
f 1147/1147/1147 1148/1148/1148 484/484/484
f 486/486/486 1148/1148/1148 1147/1147/1147
f 486/486/486 487/487/487 1148/1148/1148
f 1149/1149/1149 487/487/487 486/486/486
f 1149/1149/1149 1150/1150/1150 487/487/487
f 1162/1162/1162 1150/1150/1150 1149/1149/1149
f 1162/1162/1162 1149/1149/1149 1161/1161/1161
f 179/179/179 1162/1162/1162 1161/1161/1161
f 179/179/179 1161/1161/1161 178/178/178
f 1146/1146/1146 179/179/179 178/178/178
f 1146/1146/1146 178/178/178 1145/1145/1145
f 994/994/994 445/445/445 442/442/442
f 994/994/994 995/995/995 445/445/445
f 442/442/442 443/443/443 993/993/993
f 442/442/442 444/444/444 443/443/443
f 160/160/160 161/161/161 475/475/475
f 160/160/160 475/475/475 474/474/474
f 474/474/474 475/475/475 1093/1093/1093
f 474/474/474 1093/1093/1093 1092/1092/1092
f 474/474/474 1092/1092/1092 997/997/997
f 997/997/997 1092/1092/1092 996/996/996
f 994/994/994 997/997/997 996/996/996
f 994/994/994 996/996/996 998/998/998
f 1119/1119/1119 457/457/457 164/164/164
f 163/163/163 457/457/457 1119/1119/1119
f 163/163/163 1119/1119/1119 1117/1117/1117
f 1117/1117/1117 1118/1118/1118 163/163/163
f 478/478/478 1118/1118/1118 1117/1117/1117
f 478/478/478 479/479/479 1118/1118/1118
f 478/478/478 993/993/993 479/479/479
f 1068/1068/1068 1069/1069/1069 1070/1070/1070
f 1068/1068/1068 1067/1067/1067 1069/1069/1069
f 1066/1066/1066 1067/1067/1067 1068/1068/1068
f 1066/1066/1066 1065/1065/1065 1067/1067/1067
f 459/459/459 1065/1065/1065 1066/1066/1066
f 459/459/459 458/458/458 1065/1065/1065
f 457/457/457 458/458/458 459/459/459
f 457/457/457 154/154/154 458/458/458
f 447/447/447 446/446/446 454/454/454
f 144/144/144 446/446/446 447/447/447
f 144/144/144 145/145/145 446/446/446
f 145/145/145 144/144/144 456/456/456
f 145/145/145 456/456/456 1063/1063/1063
f 1063/1063/1063 153/153/153 145/145/145
f 1063/1063/1063 1064/1064/1064 153/153/153
f 144/144/144 447/447/447 146/146/146
f 449/449/449 450/450/450 943/943/943
f 1006/1006/1006 450/450/450 449/449/449
f 1006/1006/1006 1007/1007/1007 450/450/450
f 147/147/147 1007/1007/1007 1006/1006/1006
f 147/147/147 148/148/148 1007/1007/1007
f 1008/1008/1008 148/148/148 147/147/147
f 1008/1008/1008 1009/1009/1009 148/148/148
f 451/451/451 1009/1009/1009 1008/1008/1008
f 451/451/451 452/452/452 1009/1009/1009
f 1010/1010/1010 452/452/452 451/451/451
f 1010/1010/1010 1011/1011/1011 452/452/452
f 149/149/149 1011/1011/1011 1010/1010/1010
f 149/149/149 150/150/150 1011/1011/1011
f 1012/1012/1012 150/150/150 149/149/149
f 1012/1012/1012 1013/1013/1013 150/150/150
f 453/453/453 1013/1013/1013 1012/1012/1012
f 453/453/453 454/454/454 1013/1013/1013
f 447/447/447 454/454/454 453/453/453
f 125/125/125 126/126/126 124/124/124
f 933/933/933 125/125/125 124/124/124
f 431/431/431 125/125/125 933/933/933
f 431/431/431 933/933/933 432/432/432
f 937/937/937 431/431/431 432/432/432
f 127/127/127 431/431/431 937/937/937
f 127/127/127 128/128/128 431/431/431
f 938/938/938 128/128/128 127/127/127
f 938/938/938 939/939/939 128/128/128
f 434/434/434 939/939/939 938/938/938
f 434/434/434 435/435/435 939/939/939
f 940/940/940 435/435/435 434/434/434
f 940/940/940 941/941/941 435/435/435
f 129/129/129 941/941/941 940/940/940
f 129/129/129 130/130/130 941/941/941
f 942/942/942 130/130/130 129/129/129
f 942/942/942 943/943/943 130/130/130
f 449/449/449 943/943/943 942/942/942
f 389/389/389 750/750/750 387/387/387
f 389/389/389 751/751/751 750/750/750
f 386/386/386 387/387/387 749/749/749
f 386/386/386 388/388/388 387/387/387
f 422/422/422 102/102/102 101/101/101
f 422/422/422 101/101/101 421/421/421
f 421/421/421 854/854/854 422/422/422
f 421/421/421 853/853/853 854/854/854
f 421/421/421 754/754/754 853/853/853
f 754/754/754 752/752/752 853/853/853
f 750/750/750 752/752/752 754/754/754
f 750/750/750 753/753/753 752/752/752
f 425/425/425 426/426/426 749/749/749
f 425/425/425 879/879/879 426/426/426
f 425/425/425 878/878/878 879/879/879
f 878/878/878 104/104/104 879/879/879
f 880/880/880 104/104/104 878/878/878
f 880/880/880 402/402/402 104/104/104
f 880/880/880 105/105/105 402/402/402
f 402/402/402 403/403/403 91/91/91
f 402/402/402 404/404/404 403/403/403
f 823/823/823 403/403/403 404/404/404
f 823/823/823 404/404/404 824/824/824
f 824/824/824 825/825/825 823/823/823
f 824/824/824 826/826/826 825/825/825
f 826/826/826 827/827/827 825/825/825
f 826/826/826 828/828/828 827/827/827
f 76/76/76 77/77/77 79/79/79
f 76/76/76 78/78/78 77/77/77
f 77/77/77 78/78/78 142/142/142
f 77/77/77 142/142/142 143/143/143
f 141/141/141 72/72/72 992/992/992
f 141/141/141 73/73/73 72/72/72
f 71/71/71 72/72/72 73/73/73
f 71/71/71 748/748/748 72/72/72
f 439/439/439 441/441/441 440/440/440
f 439/439/439 440/440/440 385/385/385
f 385/385/385 65/65/65 439/439/439
f 385/385/385 383/383/383 65/65/65
f 382/382/382 383/383/383 385/385/385
f 382/382/382 384/384/384 383/383/383
f 424/424/424 64/64/64 106/106/106
f 107/107/107 64/64/64 424/424/424
f 107/107/107 424/424/424 103/103/103
f 423/423/423 103/103/103 424/424/424
f 106/106/106 903/903/903 904/904/904
f 106/106/106 64/64/64 903/903/903
f 64/64/64 108/108/108 903/903/903
f 64/64/64 62/62/62 108/108/108
f 62/62/62 64/64/64 63/63/63
f 63/63/63 64/64/64 74/74/74
f 63/63/63 74/74/74 75/75/75
f 137/137/137 75/75/75 74/74/74
f 137/137/137 74/74/74 136/136/136
f 135/135/135 137/137/137 136/136/136
f 167/167/167 135/135/135 136/136/136
f 167/167/167 136/136/136 1142/1142/1142
f 165/165/165 1142/1142/1142 136/136/136
f 165/165/165 1143/1143/1143 1142/1142/1142
f 476/476/476 477/477/477 162/162/162
f 166/166/166 162/162/162 477/477/477
f 166/166/166 477/477/477 136/136/136
f 477/477/477 165/165/165 136/136/136
f 460/460/460 833/833/833 1074/1074/1074
f 1074/1074/1074 833/833/833 96/96/96
f 1074/1074/1074 96/96/96 158/158/158
f 158/158/158 96/96/96 835/835/835
f 158/158/158 835/835/835 1075/1075/1075
f 1075/1075/1075 835/835/835 407/407/407
f 1075/1075/1075 407/407/407 461/461/461
f 461/461/461 407/407/407 734/734/734
f 461/461/461 734/734/734 980/980/980
f 980/980/980 734/734/734 58/58/58
f 980/980/980 58/58/58 133/133/133
f 133/133/133 58/58/58 735/735/735
f 133/133/133 735/735/735 981/981/981
f 981/981/981 735/735/735 378/378/378
f 981/981/981 378/378/378 437/437/437
f 437/437/437 378/378/378 737/737/737
f 437/437/437 737/737/737 982/982/982
f 982/982/982 737/737/737 60/60/60
f 982/982/982 60/60/60 134/134/134
f 134/134/134 60/60/60 380/380/380
f 134/134/134 380/380/380 438/438/438
f 406/406/406 834/834/834 833/833/833
f 834/834/834 96/96/96 833/833/833
f 834/834/834 97/97/97 96/96/96
f 97/97/97 835/835/835 96/96/96
f 97/97/97 836/836/836 835/835/835
f 836/836/836 407/407/407 835/835/835
f 836/836/836 408/408/408 407/407/407
f 408/408/408 734/734/734 407/407/407
f 408/408/408 733/733/733 734/734/734
f 733/733/733 58/58/58 734/734/734
f 733/733/733 59/59/59 58/58/58
f 59/59/59 735/735/735 58/58/58
f 59/59/59 736/736/736 735/735/735
f 736/736/736 378/378/378 735/735/735
f 736/736/736 379/379/379 378/378/378
f 379/379/379 737/737/737 378/378/378
f 379/379/379 738/738/738 737/737/737
f 738/738/738 60/60/60 737/737/737
f 738/738/738 61/61/61 60/60/60
f 61/61/61 380/380/380 60/60/60
f 61/61/61 381/381/381 380/380/380
f 829/829/829 92/92/92 830/830/830
f 829/829/829 93/93/93 92/92/92
f 93/93/93 413/413/413 92/92/92
f 93/93/93 414/414/414 413/413/413
f 415/415/415 413/413/413 414/414/414
f 415/415/415 416/416/416 413/413/413
f 415/415/415 849/849/849 416/416/416
f 415/415/415 850/850/850 849/849/849
f 849/849/849 850/850/850 852/852/852
f 852/852/852 850/850/850 851/851/851
f 850/850/850 100/100/100 851/851/851
f 850/850/850 94/94/94 100/100/100
f 100/100/100 94/94/94 95/95/95
f 94/94/94 831/831/831 95/95/95
f 94/94/94 832/832/832 831/831/831
f 832/832/832 405/405/405 831/831/831
f 832/832/832 406/406/406 405/405/405
f 406/406/406 833/833/833 405/405/405
f 1071/1071/1071 1072/1072/1072 155/155/155
f 1071/1071/1071 155/155/155 156/156/156
f 156/156/156 155/155/155 466/466/466
f 156/156/156 466/466/466 467/467/467
f 466/466/466 468/468/468 467/467/467
f 466/466/466 469/469/469 468/468/468
f 468/468/468 469/469/469 1088/1088/1088
f 468/468/468 1088/1088/1088 1089/1089/1089
f 1088/1088/1088 1091/1091/1091 1089/1089/1089
f 1091/1091/1091 1090/1090/1090 1089/1089/1089
f 1089/1089/1089 1090/1090/1090 159/159/159
f 1089/1089/1089 159/159/159 157/157/157
f 159/159/159 95/95/95 157/157/157
f 157/157/157 95/95/95 831/831/831
f 157/157/157 831/831/831 1073/1073/1073
f 1073/1073/1073 831/831/831 405/405/405
f 1073/1073/1073 405/405/405 460/460/460
f 460/460/460 405/405/405 833/833/833
f 52/52/52 372/372/372 53/53/53
f 52/52/52 689/689/689 372/372/372
f 689/689/689 373/373/373 372/372/372
f 685/685/685 372/372/372 373/373/373
f 685/685/685 49/49/49 372/372/372
f 685/685/685 50/50/50 49/49/49
f 49/49/49 50/50/50 51/51/51
f 764/764/764 84/84/84 765/765/765
f 764/764/764 83/83/83 84/84/84
f 83/83/83 763/763/763 84/84/84
f 83/83/83 762/762/762 763/763/763
f 762/762/762 394/394/394 763/763/763
f 762/762/762 393/393/393 394/394/394
f 393/393/393 695/695/695 394/394/394
f 393/393/393 694/694/694 695/695/695
f 694/694/694 55/55/55 695/695/695
f 694/694/694 54/54/54 55/55/55
f 54/54/54 693/693/693 55/55/55
f 54/54/54 692/692/692 693/693/693
f 692/692/692 376/376/376 693/693/693
f 692/692/692 375/375/375 376/376/376
f 375/375/375 691/691/691 376/376/376
f 375/375/375 690/690/690 691/691/691
f 690/690/690 53/53/53 691/691/691
f 690/690/690 52/52/52 53/53/53
f 40/40/40 680/680/680 41/41/41
f 68/68/68 680/680/680 40/40/40
f 68/68/68 739/739/739 680/680/680
f 68/68/68 740/740/740 739/739/739
f 371/371/371 739/739/739 740/740/740
f 371/371/371 682/682/682 739/739/739
f 681/681/681 682/682/682 371/371/371
f 681/681/681 370/370/370 682/682/682
f 42/42/42 370/370/370 681/681/681
f 370/370/370 42/42/42 44/44/44
f 370/370/370 44/44/44 43/43/43
f 683/683/683 43/43/43 44/44/44
f 683/683/683 684/684/684 43/43/43
f 683/683/683 45/45/45 684/684/684
f 683/683/683 46/46/46 45/45/45
f 931/931/931 45/45/45 46/46/46
f 931/931/931 932/932/932 45/45/45
f 120/120/120 932/932/932 931/931/931
f 680/680/680 739/739/739 747/747/747
f 120/120/120 931/931/931 121/121/121
f 121/121/121 429/429/429 120/120/120
f 121/121/121 119/119/119 429/429/429
f 119/119/119 930/930/930 429/429/429
f 929/929/929 429/429/429 930/930/930
f 929/929/929 930/930/930 430/430/430
f 983/983/983 929/929/929 430/430/430
f 983/983/983 430/430/430 984/984/984
f 140/140/140 983/983/983 984/984/984
f 140/140/140 928/928/928 983/983/983
f 140/140/140 117/117/117 928/928/928
f 117/117/117 118/118/118 928/928/928
f 928/928/928 991/991/991 983/983/983
f 38/38/38 666/666/666 39/39/39
f 38/38/38 667/667/667 666/666/666
f 666/666/666 667/667/667 48/48/48
f 666/666/666 48/48/48 47/47/47
f 47/47/47 48/48/48 37/37/37
f 47/47/47 37/37/37 36/36/36
f 36/36/36 37/37/37 665/665/665
f 36/36/36 665/665/665 664/664/664
f 664/664/664 665/665/665 369/369/369
f 664/664/664 369/369/369 368/368/368
f 368/368/368 369/369/369 662/662/662
f 368/368/368 662/662/662 663/663/663
f 662/662/662 34/34/34 663/663/663
f 662/662/662 35/35/35 34/34/34
f 35/35/35 66/66/66 34/34/34
f 35/35/35 67/67/67 66/66/66
f 1055/1055/1055 1057/1057/1057 1056/1056/1056
f 1055/1055/1055 1056/1056/1056 152/152/152
f 1053/1053/1053 1055/1055/1055 152/152/152
f 1053/1053/1053 1052/1052/1052 1055/1055/1055
f 1052/1052/1052 1053/1053/1053 151/151/151
f 1052/1052/1052 151/151/151 1054/1054/1054
f 1051/1051/1051 1116/1116/1116 1054/1054/1054
f 1054/1054/1054 1116/1116/1116 1115/1115/1115
f 1054/1054/1054 1115/1115/1115 1052/1052/1052
f 1052/1052/1052 1115/1115/1115 1114/1114/1114
f 1052/1052/1052 1114/1114/1114 1055/1055/1055
f 1055/1055/1055 1114/1114/1114 1113/1113/1113
f 1055/1055/1055 1113/1113/1113 1057/1057/1057
f 1057/1057/1057 1113/1113/1113 1112/1112/1112
f 1057/1057/1057 1112/1112/1112 1058/1058/1058
f 1056/1056/1056 1057/1057/1057 1058/1058/1058
f 1056/1056/1056 1058/1058/1058 455/455/455
f 455/455/455 1058/1058/1058 1059/1059/1059
f 455/455/455 1059/1059/1059 816/816/816
f 816/816/816 1059/1059/1059 1060/1060/1060
f 816/816/816 1060/1060/1060 89/89/89
f 89/89/89 1060/1060/1060 1061/1061/1061
f 89/89/89 1061/1061/1061 819/819/819
f 1061/1061/1061 400/400/400 819/819/819
f 1059/1059/1059 1058/1058/1058 1111/1111/1111
f 816/816/816 89/89/89 817/817/817
f 89/89/89 818/818/818 817/817/817
f 89/89/89 819/819/819 818/818/818
f 869/869/869 817/817/817 818/818/818
f 1041/1041/1041 1043/1043/1043 1139/1139/1139
f 1042/1042/1042 1043/1043/1043 1041/1041/1041
f 1044/1044/1044 1043/1043/1043 1042/1042/1042
f 1113/1113/1113 1044/1044/1044 1042/1042/1042
f 1113/1113/1113 1114/1114/1114 1044/1044/1044
f 1115/1115/1115 1044/1044/1044 1114/1114/1114
f 1115/1115/1115 1046/1046/1046 1044/1044/1044
f 1116/1116/1116 1046/1046/1046 1115/1115/1115
f 1116/1116/1116 1049/1049/1049 1046/1046/1046
f 1046/1046/1046 1045/1045/1045 1044/1044/1044
f 1044/1044/1044 1045/1045/1045 1043/1043/1043
f 1045/1045/1045 1139/1139/1139 1043/1043/1043
f 1045/1045/1045 1140/1140/1140 1139/1139/1139
f 1139/1139/1139 1024/1024/1024 1022/1022/1022
f 1140/1140/1140 1024/1024/1024 1139/1139/1139
f 1140/1140/1140 1026/1026/1026 1024/1024/1024
f 1020/1020/1020 1021/1021/1021 1019/1019/1019
f 1022/1022/1022 1021/1021/1021 1020/1020/1020
f 1022/1022/1022 1023/1023/1023 1021/1021/1021
f 1024/1024/1024 1023/1023/1023 1022/1022/1022
f 1024/1024/1024 1025/1025/1025 1023/1023/1023
f 1026/1026/1026 1025/1025/1025 1024/1024/1024
f 1026/1026/1026 1027/1027/1027 1025/1025/1025
f 1028/1028/1028 1027/1027/1027 1026/1026/1026
f 1140/1140/1140 1028/1028/1028 1026/1026/1026
f 1140/1140/1140 1141/1141/1141 1028/1028/1028
f 1045/1045/1045 1141/1141/1141 1140/1140/1140
f 1045/1045/1045 1047/1047/1047 1141/1141/1141
f 1046/1046/1046 1047/1047/1047 1045/1045/1045
f 1048/1048/1048 1047/1047/1047 1046/1046/1046
f 1048/1048/1048 1046/1046/1046 1049/1049/1049
f 1050/1050/1050 1048/1048/1048 1049/1049/1049
f 1050/1050/1050 1049/1049/1049 1051/1051/1051
f 1051/1051/1051 1049/1049/1049 1116/1116/1116
f 1050/1050/1050 1004/1004/1004 1048/1048/1048
f 1050/1050/1050 448/448/448 1004/1004/1004
f 1003/1003/1003 1004/1004/1004 448/448/448
f 1003/1003/1003 1005/1005/1005 1004/1004/1004
f 1133/1133/1133 1004/1004/1004 1005/1005/1005
f 1133/1133/1133 1048/1048/1048 1004/1004/1004
f 1133/1133/1133 1134/1134/1134 1048/1048/1048
f 1047/1047/1047 1048/1048/1048 1134/1134/1134
f 1047/1047/1047 1134/1134/1134 1141/1141/1141
f 1141/1141/1141 1134/1134/1134 1030/1030/1030
f 1141/1141/1141 1030/1030/1030 1028/1028/1028
f 1030/1030/1030 1029/1029/1029 1028/1028/1028
f 1028/1028/1028 1029/1029/1029 1027/1027/1027
f 1030/1030/1030 1031/1031/1031 1029/1029/1029
f 1000/1000/1000 1031/1031/1031 1030/1030/1030
f 1000/1000/1000 1030/1030/1030 1134/1134/1134
f 1000/1000/1000 1134/1134/1134 1133/1133/1133
f 1000/1000/1000 1133/1133/1133 1132/1132/1132
f 1133/1133/1133 1005/1005/1005 1132/1132/1132
f 1000/1000/1000 1001/1001/1001 1031/1031/1031
f 999/999/999 1001/1001/1001 1000/1000/1000
f 999/999/999 1000/1000/1000 1002/1002/1002
f 1000/1000/1000 1132/1132/1132 1002/1002/1002
f 1113/1113/1113 1040/1040/1040 1112/1112/1112
f 1113/1113/1113 1042/1042/1042 1040/1040/1040
f 1042/1042/1042 1041/1041/1041 1040/1040/1040
f 1040/1040/1040 1041/1041/1041 1038/1038/1038
f 1038/1038/1038 1041/1041/1041 1138/1138/1138
f 1038/1038/1038 1138/1138/1138 1137/1137/1137
f 1037/1037/1037 1038/1038/1038 1137/1137/1137
f 1037/1037/1037 1137/1137/1137 1136/1136/1136
f 1037/1037/1037 1136/1136/1136 1135/1135/1135
f 1128/1128/1128 950/950/950 1127/1127/1127
f 1128/1128/1128 952/952/952 950/950/950
f 1129/1129/1129 952/952/952 1128/1128/1128
f 1129/1129/1129 954/954/954 952/952/952
f 1129/1129/1129 956/956/956 954/954/954
f 1129/1129/1129 1130/1130/1130 956/956/956
f 1130/1130/1130 1014/1014/1014 956/956/956
f 1130/1130/1130 1131/1131/1131 1014/1014/1014
f 1135/1135/1135 1014/1014/1014 1131/1131/1131
f 1135/1135/1135 1016/1016/1016 1014/1014/1014
f 1136/1136/1136 1016/1016/1016 1135/1135/1135
f 1136/1136/1136 1018/1018/1018 1016/1016/1016
f 1136/1136/1136 1020/1020/1020 1018/1018/1018
f 1136/1136/1136 1137/1137/1137 1020/1020/1020
f 1137/1137/1137 1022/1022/1022 1020/1020/1020
f 1137/1137/1137 1138/1138/1138 1022/1022/1022
f 1139/1139/1139 1022/1022/1022 1138/1138/1138
f 1041/1041/1041 1139/1139/1139 1138/1138/1138
f 946/946/946 947/947/947 945/945/945
f 948/948/948 947/947/947 946/946/946
f 948/948/948 949/949/949 947/947/947
f 950/950/950 949/949/949 948/948/948
f 950/950/950 951/951/951 949/949/949
f 952/952/952 951/951/951 950/950/950
f 952/952/952 953/953/953 951/951/951
f 954/954/954 953/953/953 952/952/952
f 954/954/954 955/955/955 953/953/953
f 956/956/956 955/955/955 954/954/954
f 956/956/956 957/957/957 955/955/955
f 1014/1014/1014 957/957/957 956/956/956
f 1014/1014/1014 1015/1015/1015 957/957/957
f 1016/1016/1016 1015/1015/1015 1014/1014/1014
f 1016/1016/1016 1017/1017/1017 1015/1015/1015
f 1018/1018/1018 1017/1017/1017 1016/1016/1016
f 1018/1018/1018 1019/1019/1019 1017/1017/1017
f 1020/1020/1020 1019/1019/1019 1018/1018/1018
f 927/927/927 1095/1095/1095 907/907/907
f 1098/1098/1098 1095/1095/1095 927/927/927
f 1098/1098/1098 927/927/927 925/925/925
f 925/925/925 1097/1097/1097 1098/1098/1098
f 925/925/925 923/923/923 1097/1097/1097
f 922/922/922 923/923/923 925/925/925
f 922/922/922 924/924/924 923/923/923
f 924/924/924 922/922/922 1122/1122/1122
f 922/922/922 1123/1123/1123 1122/1122/1122
f 1122/1122/1122 1123/1123/1123 921/921/921
f 1124/1124/1124 921/921/921 1123/1123/1123
f 1124/1124/1124 944/944/944 921/921/921
f 1125/1125/1125 944/944/944 1124/1124/1124
f 1125/1125/1125 946/946/946 944/944/944
f 1126/1126/1126 946/946/946 1125/1125/1125
f 1126/1126/1126 948/948/948 946/946/946
f 1127/1127/1127 948/948/948 1126/1126/1126
f 1127/1127/1127 950/950/950 948/948/948
f 963/963/963 1127/1127/1127 1126/1126/1126
f 963/963/963 1126/1126/1126 1125/1125/1125
f 963/963/963 1125/1125/1125 960/960/960
f 960/960/960 1125/1125/1125 1124/1124/1124
f 958/958/958 1124/1124/1124 1123/1123/1123
f 960/960/960 1124/1124/1124 958/958/958
f 960/960/960 958/958/958 959/959/959
f 960/960/960 959/959/959 961/961/961
f 962/962/962 960/960/960 961/961/961
f 962/962/962 963/963/963 960/960/960
f 964/964/964 963/963/963 962/962/962
f 964/964/964 965/965/965 963/963/963
f 963/963/963 965/965/965 1127/1127/1127
f 965/965/965 1128/1128/1128 1127/1127/1127
f 968/968/968 1130/1130/1130 1129/1129/1129
f 967/967/967 968/968/968 1129/1129/1129
f 967/967/967 1129/1129/1129 1128/1128/1128
f 965/965/965 967/967/967 1128/1128/1128
f 966/966/966 967/967/967 965/965/965
f 966/966/966 965/965/965 964/964/964
f 1103/1103/1103 966/966/966 964/964/964
f 1094/1094/1094 1103/1103/1103 964/964/964
f 1094/1094/1094 964/964/964 962/962/962
f 908/908/908 1094/1094/1094 962/962/962
f 908/908/908 962/962/962 961/961/961
f 961/961/961 907/907/907 908/908/908
f 961/961/961 959/959/959 907/907/907
f 927/927/927 907/907/907 959/959/959
f 958/958/958 927/927/927 959/959/959
f 958/958/958 926/926/926 927/927/927
f 958/958/958 1123/1123/1123 926/926/926
f 922/922/922 926/926/926 1123/1123/1123
f 926/926/926 922/922/922 925/925/925
f 926/926/926 925/925/925 927/927/927
f 968/968/968 967/967/967 966/966/966
f 977/977/977 1094/1094/1094 908/908/908
f 976/976/976 1094/1094/1094 977/977/977
f 976/976/976 1103/1103/1103 1094/1094/1094
f 970/970/970 1131/1131/1131 1130/1130/1130
f 968/968/968 970/970/970 1130/1130/1130
f 970/970/970 968/968/968 969/969/969
f 968/968/968 966/966/966 969/969/969
f 1104/1104/1104 969/969/969 966/966/966
f 1103/1103/1103 1104/1104/1104 966/966/966
f 974/974/974 1104/1104/1104 1103/1103/1103
f 974/974/974 1103/1103/1103 976/976/976
f 974/974/974 976/976/976 436/436/436
f 436/436/436 976/976/976 977/977/977
f 436/436/436 977/977/977 978/978/978
f 978/978/978 977/977/977 979/979/979
f 977/977/977 908/908/908 979/979/979
f 906/906/906 979/979/979 908/908/908
f 906/906/906 908/908/908 907/907/907
f 906/906/906 907/907/907 909/909/909
f 1095/1095/1095 909/909/909 907/907/907
f 1095/1095/1095 1096/1096/1096 909/909/909
f 970/970/970 969/969/969 971/971/971
f 1105/1105/1105 971/971/971 969/969/969
f 1104/1104/1104 1105/1105/1105 969/969/969
f 978/978/978 979/979/979 132/132/132
f 1144/1144/1144 132/132/132 979/979/979
f 168/168/168 1144/1144/1144 979/979/979
f 906/906/906 168/168/168 979/979/979
f 1144/1144/1144 169/169/169 132/132/132
f 1105/1105/1105 1106/1106/1106 971/971/971
f 972/972/972 1106/1106/1106 1105/1105/1105
f 972/972/972 1105/1105/1105 1104/1104/1104
f 972/972/972 1104/1104/1104 974/974/974
f 131/131/131 972/972/972 974/974/974
f 131/131/131 974/974/974 975/975/975
f 974/974/974 436/436/436 975/975/975
f 724/724/724 972/972/972 131/131/131
f 724/724/724 973/973/973 972/972/972
f 972/972/972 973/973/973 1106/1106/1106
f 973/973/973 1107/1107/1107 1106/1106/1106
f 1106/1106/1106 1107/1107/1107 1032/1032/1032
f 1107/1107/1107 1034/1034/1034 1032/1032/1032
f 1107/1107/1107 1108/1108/1108 1034/1034/1034
f 1108/1108/1108 1036/1036/1036 1034/1034/1034
f 1108/1108/1108 1109/1109/1109 1036/1036/1036
f 1109/1109/1109 1039/1039/1039 1036/1036/1036
f 1109/1109/1109 1110/1110/1110 1039/1039/1039
f 1062/1062/1062 973/973/973 724/724/724
f 973/973/973 1062/1062/1062 1107/1107/1107
f 1062/1062/1062 1108/1108/1108 1107/1107/1107
f 1036/1036/1036 1035/1035/1035 1034/1034/1034
f 1034/1034/1034 1035/1035/1035 1033/1033/1033
f 1034/1034/1034 1033/1033/1033 1032/1032/1032
f 1060/1060/1060 1108/1108/1108 1061/1061/1061
f 1060/1060/1060 1109/1109/1109 1108/1108/1108
f 1059/1059/1059 1109/1109/1109 1060/1060/1060
f 1059/1059/1059 1110/1110/1110 1109/1109/1109
f 1059/1059/1059 1111/1111/1111 1110/1110/1110
f 1110/1110/1110 1111/1111/1111 1040/1040/1040
f 1110/1110/1110 1040/1040/1040 1039/1039/1039
f 1040/1040/1040 1038/1038/1038 1039/1039/1039
f 1038/1038/1038 1036/1036/1036 1039/1039/1039
f 1038/1038/1038 1037/1037/1037 1036/1036/1036
f 1036/1036/1036 1037/1037/1037 1035/1035/1035
f 1037/1037/1037 1135/1135/1135 1035/1035/1035
f 1033/1033/1033 1035/1035/1035 1135/1135/1135
f 1033/1033/1033 1135/1135/1135 1131/1131/1131
f 970/970/970 1033/1033/1033 1131/1131/1131
f 1032/1032/1032 1033/1033/1033 970/970/970
f 1032/1032/1032 970/970/970 971/971/971
f 1106/1106/1106 1032/1032/1032 971/971/971
f 377/377/377 727/727/727 728/728/728
f 56/56/56 728/728/728 727/727/727
f 56/56/56 727/727/727 725/725/725
f 865/865/865 725/725/725 727/727/727
f 865/865/865 866/866/866 725/725/725
f 865/865/865 721/721/721 866/866/866
f 866/866/866 721/721/721 723/723/723
f 721/721/721 722/722/722 723/723/723
f 788/788/788 723/723/723 722/722/722
f 867/867/867 723/723/723 788/788/788
f 867/867/867 788/788/788 868/868/868
f 726/726/726 867/867/867 868/868/868
f 726/726/726 868/868/868 820/820/820
f 724/724/724 726/726/726 820/820/820
f 724/724/724 820/820/820 400/400/400
f 1062/1062/1062 724/724/724 400/400/400
f 1061/1061/1061 1062/1062/1062 400/400/400
f 1062/1062/1062 1061/1061/1061 1108/1108/1108
f 866/866/866 723/723/723 867/867/867
f 725/725/725 866/866/866 867/867/867
f 725/725/725 867/867/867 726/726/726
f 724/724/724 725/725/725 726/726/726
f 724/724/724 56/56/56 725/725/725
f 400/400/400 818/818/818 819/819/819
f 400/400/400 820/820/820 818/818/818
f 820/820/820 869/869/869 818/818/818
f 820/820/820 868/868/868 869/869/869
f 868/868/868 790/790/790 869/869/869
f 868/868/868 788/788/788 790/790/790
f 790/790/790 788/788/788 789/789/789
f 788/788/788 722/722/722 789/789/789
f 722/722/722 892/892/892 789/789/789
f 722/722/722 891/891/891 892/892/892
f 891/891/891 770/770/770 892/892/892
f 891/891/891 708/708/708 770/770/770
f 770/770/770 708/708/708 709/709/709
f 708/708/708 707/707/707 709/709/709
f 708/708/708 706/706/706 707/707/707
f 706/706/706 705/705/705 707/707/707
f 706/706/706 704/704/704 705/705/705
f 704/704/704 703/703/703 705/705/705
f 770/770/770 772/772/772 896/896/896
f 770/770/770 896/896/896 892/892/892
f 789/789/789 892/892/892 896/896/896
f 789/789/789 896/896/896 791/791/791
f 790/790/790 789/789/789 791/791/791
f 792/792/792 790/790/790 791/791/791
f 869/869/869 790/790/790 792/792/792
f 869/869/869 792/792/792 870/870/870
f 869/869/869 870/870/870 817/817/817
f 870/870/870 815/815/815 817/817/817
f 816/816/816 817/817/817 815/815/815
f 399/399/399 816/816/816 815/815/815
f 399/399/399 815/815/815 814/814/814
f 812/812/812 399/399/399 814/814/814
f 812/812/812 814/814/814 813/813/813
f 812/812/812 813/813/813 811/811/811
f 874/874/874 811/811/811 813/813/813
f 874/874/874 875/875/875 811/811/811
f 870/870/870 871/871/871 815/815/815
f 870/870/870 795/795/795 871/871/871
f 870/870/870 792/792/792 795/795/795
f 871/871/871 795/795/795 796/796/796
f 871/871/871 796/796/796 872/872/872
f 815/815/815 871/871/871 872/872/872
f 815/815/815 872/872/872 814/814/814
f 875/875/875 808/808/808 811/811/811
f 875/875/875 876/876/876 808/808/808
f 812/812/812 811/811/811 88/88/88
f 810/810/810 88/88/88 811/811/811
f 810/810/810 811/811/811 808/808/808
f 808/808/808 87/87/87 810/810/810
f 808/808/808 809/809/809 87/87/87
f 876/876/876 809/809/809 808/808/808
f 876/876/876 877/877/877 809/809/809
f 807/807/807 809/809/809 877/877/877
f 873/873/873 813/813/813 814/814/814
f 873/873/873 874/874/874 813/813/813
f 796/796/796 874/874/874 873/873/873
f 796/796/796 798/798/798 874/874/874
f 798/798/798 796/796/796 797/797/797
f 796/796/796 794/794/794 797/797/797
f 794/794/794 899/899/899 797/797/797
f 794/794/794 898/898/898 899/899/899
f 793/793/793 898/898/898 794/794/794
f 793/793/793 897/897/897 898/898/898
f 874/874/874 798/798/798 800/800/800
f 800/800/800 798/798/798 799/799/799
f 798/798/798 797/797/797 799/799/799
f 797/797/797 900/900/900 799/799/799
f 797/797/797 899/899/899 900/900/900
f 778/778/778 900/900/900 899/899/899
f 898/898/898 778/778/778 899/899/899
f 898/898/898 776/776/776 778/778/778
f 897/897/897 776/776/776 898/898/898
f 897/897/897 774/774/774 776/776/776
f 772/772/772 774/774/774 897/897/897
f 772/772/772 897/897/897 896/896/896
f 896/896/896 897/897/897 793/793/793
f 896/896/896 793/793/793 791/791/791
f 792/792/792 791/791/791 793/793/793
f 792/792/792 793/793/793 794/794/794
f 792/792/792 794/794/794 795/795/795
f 796/796/796 795/795/795 794/794/794
f 778/778/778 780/780/780 900/900/900
f 786/786/786 785/785/785 787/787/787
f 786/786/786 784/784/784 785/785/785
f 784/784/784 783/783/783 785/785/785
f 784/784/784 782/782/782 783/783/783
f 782/782/782 781/781/781 783/783/783
f 782/782/782 780/780/780 781/781/781
f 780/780/780 779/779/779 781/781/781
f 780/780/780 778/778/778 779/779/779
f 778/778/778 777/777/777 779/779/779
f 778/778/778 776/776/776 777/777/777
f 776/776/776 775/775/775 777/777/777
f 776/776/776 774/774/774 775/775/775
f 774/774/774 773/773/773 775/775/775
f 774/774/774 772/772/772 773/773/773
f 772/772/772 771/771/771 773/773/773
f 772/772/772 770/770/770 771/771/771
f 770/770/770 709/709/709 771/771/771
f 800/800/800 799/799/799 801/801/801
f 900/900/900 801/801/801 799/799/799
f 900/900/900 901/901/901 801/801/801
f 780/780/780 901/901/901 900/900/900
f 780/780/780 782/782/782 901/901/901
f 901/901/901 782/782/782 784/784/784
f 901/901/901 784/784/784 902/902/902
f 902/902/902 784/784/784 786/786/786
f 902/902/902 786/786/786 895/895/895
f 756/756/756 895/895/895 786/786/786
f 756/756/756 894/894/894 895/895/895
f 894/894/894 804/804/804 895/895/895
f 803/803/803 895/895/895 804/804/804
f 802/802/802 803/803/803 804/804/804
f 802/802/802 801/801/801 803/803/803
f 802/802/802 800/800/800 801/801/801
f 803/803/803 902/902/902 895/895/895
f 801/801/801 902/902/902 803/803/803
f 801/801/801 901/901/901 902/902/902
f 802/802/802 804/804/804 805/805/805
f 874/874/874 800/800/800 875/875/875
f 800/800/800 876/876/876 875/875/875
f 800/800/800 802/802/802 876/876/876
f 802/802/802 877/877/877 876/876/876
f 802/802/802 805/805/805 877/877/877
f 807/807/807 877/877/877 805/805/805
f 806/806/806 807/807/807 805/805/805
f 806/806/806 805/805/805 804/804/804
f 806/806/806 804/804/804 760/760/760
f 894/894/894 760/760/760 804/804/804
f 761/761/761 760/760/760 894/894/894
f 761/761/761 894/894/894 893/893/893
f 893/893/893 894/894/894 756/756/756
f 893/893/893 756/756/756 757/757/757
f 755/755/755 757/757/757 756/756/756
f 755/755/755 756/756/756 758/758/758
f 756/756/756 787/787/787 758/758/758
f 756/756/756 786/786/786 787/787/787
f 806/806/806 760/760/760 392/392/392
f 759/759/759 392/392/392 760/760/760
f 759/759/759 760/760/760 761/761/761
f 713/713/713 661/661/661 659/659/659
f 661/661/661 713/713/713 714/714/714
f 661/661/661 714/714/714 855/855/855
f 661/661/661 855/855/855 730/730/730
f 855/855/855 729/729/729 730/730/730
f 855/855/855 864/864/864 729/729/729
f 855/855/855 716/716/716 864/864/864
f 864/864/864 716/716/716 718/718/718
f 855/855/855 714/714/714 716/716/716
f 858/858/858 863/863/863 862/862/862
f 858/858/858 860/860/860 863/863/863
f 859/859/859 860/860/860 858/858/858
f 859/859/859 861/861/861 860/860/860
f 861/861/861 859/859/859 856/856/856
f 861/861/861 856/856/856 857/857/857
f 660/660/660 857/857/857 856/856/856
f 660/660/660 856/856/856 659/659/659
f 658/658/658 660/660/660 659/659/659
f 658/658/658 659/659/659 661/661/661
f 658/658/658 661/661/661 732/732/732
f 661/661/661 730/730/730 732/732/732
f 731/731/731 732/732/732 730/730/730
f 377/377/377 731/731/731 730/730/730
f 377/377/377 730/730/730 729/729/729
f 377/377/377 729/729/729 727/727/727
f 864/864/864 727/727/727 729/729/729
f 864/864/864 865/865/865 727/727/727
f 731/731/731 57/57/57 732/732/732
f 658/658/658 732/732/732 109/109/109
f 109/109/109 732/732/732 905/905/905
f 905/905/905 732/732/732 57/57/57
f 905/905/905 57/57/57 110/110/110
f 673/673/673 696/696/696 885/885/885
f 673/673/673 885/885/885 884/884/884
f 883/883/883 673/673/673 884/884/884
f 675/675/675 883/883/883 884/884/884
f 676/676/676 883/883/883 675/675/675
f 674/674/674 676/676/676 675/675/675
f 674/674/674 675/675/675 677/677/677
f 677/677/677 858/858/858 674/674/674
f 677/677/677 859/859/859 858/858/858
f 859/859/859 677/677/677 679/679/679
f 859/859/859 679/679/679 856/856/856
f 659/659/659 856/856/856 679/679/679
f 659/659/659 679/679/679 711/711/711
f 713/713/713 659/659/659 711/711/711
f 711/711/711 712/712/712 713/713/713
f 714/714/714 713/713/713 712/712/712
f 714/714/714 712/712/712 715/715/715
f 716/716/716 714/714/714 715/715/715
f 677/677/677 678/678/678 679/679/679
f 679/679/679 678/678/678 710/710/710
f 679/679/679 710/710/710 711/711/711
f 711/711/711 710/710/710 712/712/712
f 716/716/716 715/715/715 717/717/717
f 718/718/718 716/716/716 717/717/717
f 718/718/718 717/717/717 719/719/719
f 718/718/718 719/719/719 720/720/720
f 719/719/719 890/890/890 720/720/720
f 719/719/719 889/889/889 890/890/890
f 717/717/717 889/889/889 719/719/719
f 717/717/717 888/888/888 889/889/889
f 715/715/715 888/888/888 717/717/717
f 715/715/715 887/887/887 888/888/888
f 886/886/886 887/887/887 715/715/715
f 886/886/886 715/715/715 712/712/712
f 885/885/885 886/886/886 712/712/712
f 885/885/885 712/712/712 710/710/710
f 884/884/884 885/885/885 710/710/710
f 884/884/884 710/710/710 678/678/678
f 675/675/675 884/884/884 678/678/678
f 677/677/677 675/675/675 678/678/678
f 864/864/864 718/718/718 865/865/865
f 865/865/865 718/718/718 721/721/721
f 718/718/718 720/720/720 721/721/721
f 721/721/721 720/720/720 722/722/722
f 720/720/720 891/891/891 722/722/722
f 720/720/720 890/890/890 891/891/891
f 890/890/890 708/708/708 891/891/891
f 890/890/890 706/706/706 708/708/708
f 704/704/704 706/706/706 890/890/890
f 704/704/704 890/890/890 889/889/889
f 702/702/702 704/704/704 889/889/889
f 702/702/702 889/889/889 888/888/888
f 700/700/700 702/702/702 888/888/888
f 700/700/700 888/888/888 887/887/887
f 698/698/698 700/700/700 887/887/887
f 698/698/698 887/887/887 886/886/886
f 696/696/696 698/698/698 886/886/886
f 696/696/696 886/886/886 885/885/885
f 704/704/704 702/702/702 703/703/703
f 702/702/702 701/701/701 703/703/703
f 702/702/702 700/700/700 701/701/701
f 700/700/700 699/699/699 701/701/701
f 700/700/700 698/698/698 699/699/699
f 698/698/698 697/697/697 699/699/699
f 698/698/698 696/696/696 697/697/697
f 696/696/696 672/672/672 697/697/697
f 696/696/696 673/673/673 672/672/672
f 672/672/672 673/673/673 670/670/670
f 883/883/883 670/670/670 673/673/673
f 882/882/882 670/670/670 883/883/883
f 676/676/676 882/882/882 883/883/883
f 882/882/882 676/676/676 688/688/688
f 676/676/676 374/374/374 688/688/688
f 676/676/676 674/674/674 374/374/374
f 674/674/674 862/862/862 374/374/374
f 674/674/674 858/858/858 862/862/862
f 672/672/672 670/670/670 668/668/668
f 668/668/668 670/670/670 669/669/669
f 882/882/882 669/669/669 670/670/670
f 669/669/669 882/882/882 881/881/881
f 882/882/882 688/688/688 881/881/881
f 668/668/668 669/669/669 671/671/671
f 671/671/671 669/669/669 686/686/686
f 669/669/669 881/881/881 686/686/686
f 671/671/671 686/686/686 687/687/687
f 340/340/340 604/604/604 341/341/341
f 340/340/340 605/605/605 604/604/604
f 342/342/342 604/604/604 605/605/605
f 342/342/342 343/343/343 604/604/604
f 342/342/342 606/606/606 343/343/343
f 342/342/342 607/607/607 606/606/606
f 607/607/607 344/344/344 606/606/606
f 607/607/607 345/345/345 344/344/344
f 608/608/608 344/344/344 345/345/345
f 608/608/608 609/609/609 344/344/344
f 346/346/346 609/609/609 608/608/608
f 346/346/346 347/347/347 609/609/609
f 346/346/346 599/599/599 347/347/347
f 346/346/346 598/598/598 599/599/599
f 598/598/598 334/334/334 599/599/599
f 598/598/598 335/335/335 334/334/334
f 600/600/600 334/334/334 335/335/335
f 600/600/600 601/601/601 334/334/334
f 336/336/336 601/601/601 600/600/600
f 336/336/336 337/337/337 601/601/601
f 602/602/602 337/337/337 336/336/336
f 602/602/602 603/603/603 337/337/337
f 602/602/602 338/338/338 603/603/603
f 602/602/602 339/339/339 338/338/338
f 323/323/323 593/593/593 592/592/592
f 323/323/323 592/592/592 570/570/570
f 323/323/323 570/570/570 314/314/314
f 311/311/311 314/314/314 570/570/570
f 311/311/311 312/312/312 314/314/314
f 311/311/311 313/313/313 312/312/312
f 323/323/323 314/314/314 594/594/594
f 585/585/585 320/320/320 587/587/587
f 585/585/585 570/570/570 320/320/320
f 585/585/585 311/311/311 570/570/570
f 585/585/585 586/586/586 311/311/311
f 307/307/307 308/308/308 310/310/310
f 307/307/307 309/309/309 308/308/308
f 296/296/296 297/297/297 273/273/273
f 296/296/296 298/298/298 297/297/297
f 297/297/297 298/298/298 329/329/329
f 297/297/297 329/329/329 310/310/310
f 270/270/270 271/271/271 273/273/273
f 270/270/270 272/272/272 271/271/271
f 270/270/270 549/549/549 280/280/280
f 270/270/270 550/550/550 549/549/549
f 281/281/281 549/549/549 550/550/550
f 281/281/281 282/282/282 549/549/549
f 551/551/551 282/282/282 281/281/281
f 551/551/551 552/552/552 282/282/282
f 551/551/551 553/553/553 552/552/552
f 551/551/551 554/554/554 553/553/553
f 554/554/554 542/542/542 553/553/553
f 554/554/554 541/541/541 542/542/542
f 541/541/541 278/278/278 542/542/542
f 541/541/541 279/279/279 278/278/278
f 279/279/279 543/543/543 278/278/278
f 279/279/279 544/544/544 543/543/543
f 545/545/545 543/543/543 544/544/544
f 545/545/545 546/546/546 543/543/543
f 547/547/547 546/546/546 545/545/545
f 547/547/547 548/548/548 546/546/546
f 538/538/538 548/548/548 547/547/547
f 538/538/538 539/539/539 548/548/548
f 538/538/538 268/268/268 539/539/539
f 538/538/538 269/269/269 268/268/268
f 328/328/328 294/294/294 306/306/306
f 328/328/328 295/295/295 294/294/294
f 293/293/293 294/294/294 295/295/295
f 293/293/293 269/269/269 294/294/294
f 578/578/578 577/577/577 569/569/569
f 578/578/578 569/569/569 568/568/568
f 305/305/305 568/568/568 569/569/569
f 305/305/305 306/306/306 568/568/568
f 308/308/308 317/317/317 579/579/579
f 308/308/308 579/579/579 580/580/580
f 580/580/580 579/579/579 318/318/318
f 580/580/580 318/318/318 319/319/319
f 319/319/319 318/318/318 581/581/581
f 319/319/319 581/581/581 582/582/582
f 582/582/582 581/581/581 583/583/583
f 582/582/582 583/583/583 584/584/584
f 583/583/583 571/571/571 584/584/584
f 583/583/583 572/572/572 571/571/571
f 571/571/571 572/572/572 315/315/315
f 571/571/571 315/315/315 316/316/316
f 315/315/315 573/573/573 316/316/316
f 315/315/315 574/574/574 573/573/573
f 573/573/573 574/574/574 575/575/575
f 573/573/573 575/575/575 576/576/576
f 576/576/576 575/575/575 577/577/577
f 576/576/576 577/577/577 578/578/578
f 301/301/301 302/302/302 304/304/304
f 301/301/301 303/303/303 302/302/302
f 332/332/332 302/302/302 303/303/303
f 332/332/332 333/333/333 302/302/302
f 289/289/289 290/290/290 292/292/292
f 289/289/289 291/291/291 290/290/290
f 326/326/326 290/290/290 291/291/291
f 326/326/326 291/291/291 327/327/327
f 287/287/287 566/566/566 565/565/565
f 287/287/287 565/565/565 560/560/560
f 287/287/287 560/560/560 288/288/288
f 284/284/284 288/288/288 560/560/560
f 284/284/284 299/299/299 288/288/288
f 284/284/284 300/300/300 299/299/299
f 287/287/287 288/288/288 567/567/567
f 558/558/558 285/285/285 561/561/561
f 558/558/558 560/560/560 285/285/285
f 558/558/558 284/284/284 560/560/560
f 558/558/558 559/559/559 284/284/284
f 229/229/229 214/214/214 230/230/230
f 514/514/514 230/230/230 214/214/214
f 514/514/514 214/214/214 515/515/515
f 231/231/231 514/514/514 515/515/515
f 231/231/231 515/515/515 232/232/232
f 509/509/509 211/211/211 1184/1184/1184
f 509/509/509 1183/1183/1183 211/211/211
f 213/213/213 1183/1183/1183 509/509/509
f 1183/1183/1183 213/213/213 214/214/214
f 1183/1183/1183 214/214/214 510/510/510
f 229/229/229 510/510/510 214/214/214
f 228/228/228 510/510/510 229/229/229
f 228/228/228 1193/1193/1193 510/510/510
f 228/228/228 245/245/245 1193/1193/1193
f 228/228/228 1200/1200/1200 245/245/245
f 213/213/213 509/509/509 1186/1186/1186
f 1183/1183/1183 219/219/219 1192/1192/1192
f 1183/1183/1183 1187/1187/1187 219/219/219
f 1183/1183/1183 510/510/510 1187/1187/1187
f 191/191/191 176/176/176 192/192/192
f 494/494/494 192/192/192 176/176/176
f 494/494/494 176/176/176 495/495/495
f 193/193/193 494/494/494 495/495/495
f 193/193/193 495/495/495 194/194/194
f 489/489/489 173/173/173 1156/1156/1156
f 489/489/489 1155/1155/1155 173/173/173
f 175/175/175 1155/1155/1155 489/489/489
f 1155/1155/1155 175/175/175 176/176/176
f 1155/1155/1155 176/176/176 490/490/490
f 191/191/191 490/490/490 176/176/176
f 190/190/190 490/490/490 191/191/191
f 190/190/190 1165/1165/1165 490/490/490
f 190/190/190 207/207/207 1165/1165/1165
f 190/190/190 1172/1172/1172 207/207/207
f 175/175/175 489/489/489 1158/1158/1158
f 1155/1155/1155 181/181/181 1164/1164/1164
f 1155/1155/1155 1159/1159/1159 181/181/181
f 1155/1155/1155 490/490/490 1159/1159/1159
f 914/914/914 115/115/115 116/116/116
f 914/914/914 915/915/915 115/115/115
f 123/123/123 915/915/915 914/914/914
f 123/123/123 914/914/914 122/122/122
f 114/114/114 123/123/123 122/122/122
f 114/114/114 122/122/122 113/113/113
f 913/913/913 114/114/114 113/113/113
f 913/913/913 113/113/113 912/912/912
f 912/912/912 428/428/428 913/913/913
f 912/912/912 427/427/427 428/428/428
f 910/910/910 428/428/428 427/427/427
f 910/910/910 427/427/427 911/911/911
f 111/111/111 910/910/910 911/911/911
f 111/111/111 112/112/112 910/910/910
f 138/138/138 112/112/112 111/111/111
f 138/138/138 139/139/139 112/112/112
f 1078/1078/1078 464/464/464 465/465/465
f 1076/1076/1076 463/463/463 462/462/462
f 1077/1077/1077 463/463/463 1076/1076/1076
f 464/464/464 463/463/463 1077/1077/1077
f 1078/1078/1078 463/463/463 464/464/464
f 471/471/471 463/463/463 1078/1078/1078
f 471/471/471 1078/1078/1078 473/473/473
f 470/470/470 471/471/471 473/473/473
f 470/470/470 472/472/472 471/471/471
f 1081/1081/1081 472/472/472 470/470/470
f 1081/1081/1081 1082/1082/1082 472/472/472
f 1083/1083/1083 1082/1082/1082 1081/1081/1081
f 1083/1083/1083 1084/1084/1084 1082/1082/1082
f 1087/1087/1087 1084/1084/1084 1083/1083/1083
f 1087/1087/1087 1085/1085/1085 1084/1084/1084
f 1086/1086/1086 1085/1085/1085 1087/1087/1087
f 1080/1080/1080 1085/1085/1085 1086/1086/1086
f 1080/1080/1080 1079/1079/1079 1085/1085/1085
f 98/98/98 1079/1079/1079 1080/1080/1080
f 98/98/98 99/99/99 1079/1079/1079
f 98/98/98 840/840/840 99/99/99
f 98/98/98 841/841/841 840/840/840
f 841/841/841 846/846/846 840/840/840
f 841/841/841 847/847/847 846/846/846
f 847/847/847 848/848/848 846/846/846
f 848/848/848 845/845/845 846/846/846
f 848/848/848 844/844/844 845/845/845
f 844/844/844 843/843/843 845/845/845
f 844/844/844 842/842/842 843/843/843
f 842/842/842 420/420/420 843/843/843
f 842/842/842 417/417/417 420/420/420
f 417/417/417 418/418/418 420/420/420
f 417/417/417 419/419/419 418/418/418
f 839/839/839 418/418/418 419/419/419
f 839/839/839 409/409/409 418/418/418
f 411/411/411 839/839/839 412/412/412
f 411/411/411 409/409/409 839/839/839
f 411/411/411 838/838/838 409/409/409
f 838/838/838 837/837/837 409/409/409
f 837/837/837 410/410/410 409/409/409
f 985/985/985 989/989/989 990/990/990
f 985/985/985 988/988/988 989/989/989
f 985/985/985 987/987/987 988/988/988
f 985/985/985 69/69/69 987/987/987
f 985/985/985 986/986/986 70/70/70
f 985/985/985 70/70/70 69/69/69
f 741/741/741 69/69/69 70/70/70
f 741/741/741 745/745/745 69/69/69
f 741/741/741 744/744/744 745/745/745
f 741/741/741 742/742/742 744/744/744
f 741/741/741 743/743/743 742/742/742
f 741/741/741 70/70/70 746/746/746
f 80/80/80 81/81/81 390/390/390
f 90/90/90 822/822/822 821/821/821
f 90/90/90 821/821/821 82/82/82
f 82/82/82 821/821/821 401/401/401
f 82/82/82 401/401/401 80/80/80
f 80/80/80 391/391/391 82/82/82
f 80/80/80 390/390/390 391/391/391
f 390/390/390 398/398/398 391/391/391
f 390/390/390 397/397/397 398/398/398
f 397/397/397 769/769/769 398/398/398
f 397/397/397 768/768/768 769/769/769
f 768/768/768 86/86/86 769/769/769
f 768/768/768 85/85/85 86/86/86
f 85/85/85 767/767/767 86/86/86
f 85/85/85 766/766/766 767/767/767
f 766/766/766 396/396/396 767/767/767
f 766/766/766 395/395/395 396/396/396
f 395/395/395 765/765/765 396/396/396
f 395/395/395 764/764/764 765/765/765
f 919/919/919 935/935/935 934/934/934
f 916/916/916 934/934/934 1120/1120/1120
f 919/919/919 934/934/934 916/916/916
f 916/916/916 917/917/917 919/919/919
f 1121/1121/1121 1120/1120/1120 936/936/936
f 916/916/916 1120/1120/1120 1121/1121/1121
f 1121/1121/1121 918/918/918 916/916/916
f 916/916/916 918/918/918 917/917/917
f 918/918/918 920/920/920 917/917/917
f 1100/1100/1100 1096/1096/1096 1095/1095/1095
f 1100/1100/1100 1095/1095/1095 1098/1098/1098
f 1098/1098/1098 1099/1099/1099 1100/1100/1100
f 1098/1098/1098 1097/1097/1097 1099/1099/1099
f 1097/1097/1097 1102/1102/1102 1099/1099/1099
f 1097/1097/1097 1101/1101/1101 1102/1102/1102
f 923/923/923 1101/1101/1101 1097/1097/1097
f 923/923/923 433/433/433 1101/1101/1101
f 433/433/433 923/923/923 924/924/924
f 433/433/433 924/924/924 936/936/936
f 1121/1121/1121 936/936/936 924/924/924
f 924/924/924 1122/1122/1122 1121/1121/1121
f 1121/1121/1121 1122/1122/1122 918/918/918
f 1122/1122/1122 921/921/921 918/918/918
f 918/918/918 921/921/921 920/920/920
f 944/944/944 920/920/920 921/921/921
f 944/944/944 945/945/945 920/920/920
f 946/946/946 945/945/945 944/944/944
f 33/33/33 32/32/32 647/647/647
f 646/646/646 647/647/647 21/21/21
f 657/657/657 656/656/656 32/32/32
f 22/22/22 21/21/21 648/648/648
f 31/31/31 30/30/30 656/656/656
f 649/649/649 648/648/648 23/23/23
f 655/655/655 654/654/654 30/30/30
f 24/24/24 23/23/23 650/650/650
f 29/29/29 28/28/28 654/654/654
f 651/651/651 650/650/650 25/25/25
f 653/653/653 652/652/652 28/28/28
f 26/26/26 27/27/27 652/652/652
f 634/634/634 20/20/20 645/645/645
f 15/15/15 634/634/634 361/361/361
f 20/20/20 643/643/643 367/367/367
f 635/635/635 15/15/15 636/636/636
f 643/643/643 19/19/19 644/644/644
f 16/16/16 635/635/635 362/362/362
f 19/19/19 641/641/641 366/366/366
f 637/637/637 16/16/16 638/638/638
f 641/641/641 18/18/18 642/642/642
f 17/17/17 637/637/637 363/363/363
f 18/18/18 639/639/639 365/365/365
f 639/639/639 364/364/364 640/640/640
f 624/624/624 625/625/625 3/3/3
f 624/624/624 3/3/3 4/4/4
f 4/4/4 3/3/3 626/626/626
f 4/4/4 626/626/626 627/627/627
f 626/626/626 5/5/5 627/627/627
f 626/626/626 6/6/6 5/5/5
f 7/7/7 8/8/8 628/628/628
f 7/7/7 628/628/628 629/629/629
f 628/628/628 9/9/9 629/629/629
f 628/628/628 10/10/10 9/9/9
f 9/9/9 10/10/10 630/630/630
f 9/9/9 630/630/630 631/631/631
f 630/630/630 11/11/11 631/631/631
f 630/630/630 12/12/12 11/11/11
f 11/11/11 12/12/12 632/632/632
f 11/11/11 632/632/632 633/633/633
f 633/633/633 632/632/632 13/13/13
f 633/633/633 13/13/13 14/14/14
f 14/14/14 13/13/13 622/622/622
f 14/14/14 622/622/622 623/623/623
f 622/622/622 1/1/1 623/623/623
f 622/622/622 2/2/2 1/1/1
f 2/2/2 624/624/624 1/1/1
f 2/2/2 625/625/625 624/624/624
f 610/610/610 359/359/359 621/621/621
f 348/348/348 610/610/610 349/349/349
f 359/359/359 619/619/619 360/360/360
f 611/611/611 348/348/348 612/612/612
f 619/619/619 357/357/357 620/620/620
f 350/350/350 611/611/611 351/351/351
f 357/357/357 617/617/617 358/358/358
f 613/613/613 350/350/350 614/614/614
f 617/617/617 355/355/355 618/618/618
f 352/352/352 613/613/613 353/353/353
f 355/355/355 615/615/615 356/356/356
f 615/615/615 354/354/354 616/616/616
f 324/324/324 596/596/596 597/597/597
f 324/324/324 590/590/590 596/596/596
f 324/324/324 325/325/325 590/590/590
f 324/324/324 595/595/595 325/325/325
f 322/322/322 330/330/330 331/331/331
f 322/322/322 325/325/325 330/330/330
f 322/322/322 590/590/590 325/325/325
f 588/588/588 590/590/590 322/322/322
f 588/588/588 321/321/321 590/590/590
f 588/588/588 589/589/589 321/321/321
f 588/588/588 322/322/322 591/591/591
f 555/555/555 274/274/274 557/557/557
f 555/555/555 540/540/540 274/274/274
f 555/555/555 283/283/283 540/540/540
f 555/555/555 556/556/556 283/283/283
f 274/274/274 276/276/276 277/277/277
f 274/274/274 275/275/275 276/276/276
f 274/274/274 540/540/540 275/275/275
f 286/286/286 275/275/275 540/540/540
f 286/286/286 540/540/540 563/563/563
f 286/286/286 563/563/563 564/564/564
f 286/286/286 562/562/562 275/275/275
f 537/537/537 536/536/536 262/262/262
f 261/261/261 262/262/262 532/532/532
f 267/267/267 266/266/266 536/536/536
f 533/533/533 532/532/532 263/263/263
f 535/535/535 534/534/534 266/266/266
f 264/264/264 265/265/265 534/534/534
f 254/254/254 530/530/530 260/260/260
f 526/526/526 254/254/254 527/527/527
f 530/530/530 258/258/258 531/531/531
f 255/255/255 526/526/526 256/256/256
f 258/258/258 528/528/528 259/259/259
f 528/528/528 257/257/257 529/529/529
f 250/250/250 251/251/251 522/522/522
f 250/250/250 522/522/522 523/523/523
f 523/523/523 522/522/522 252/252/252
f 523/523/523 252/252/252 253/253/253
f 253/253/253 252/252/252 524/524/524
f 253/253/253 524/524/524 525/525/525
f 525/525/525 524/524/524 246/246/246
f 525/525/525 246/246/246 247/247/247
f 246/246/246 520/520/520 247/247/247
f 246/246/246 521/521/521 520/520/520
f 520/520/520 521/521/521 248/248/248
f 520/520/520 248/248/248 249/249/249
