# faith_plate.obj - Portal 2 faith plate, 9 rigid parts as named objects.
# Built by porting/faith_plate/tools/combine_faith_obj.py - do not hand-edit.
# mesh.createFromObj() returns { <part name> = Mesh } for these blocks.
# Indices are GLOBAL/continuous across blocks (standard OBJ), as the parser requires.
o body
v 15.8547 -8.0785 33.7557
v 15.8547 -2.5299 33.7557
v 25.8332 -8.0785 33.7557
v 15.8547 -8.0785 10.7316
v 15.8547 -2.5299 10.7316
v 25.8332 -8.0785 10.7316
v 15.8547 -8.0785 -12.2925
v 15.8547 -2.5299 -12.2925
v 25.8332 -8.0785 -12.2925
v 15.8547 -8.0785 -35.3166
v 15.8547 -2.5299 -35.3166
v 25.8332 -8.0785 -35.3166
v 30.2133 -0.0000 62.2133
v 32.0000 -0.0000 64.0000
v 30.2133 -0.0000 62.2133
v -32.0000 0.0000 64.0000
v -30.2133 0.0000 62.2133
v 32.0000 -0.0000 64.0000
v -30.2133 0.0000 -62.2133
v 32.0000 -0.0000 -64.0000
v 30.2133 -0.0000 -62.2133
v -32.0000 0.0000 -64.0000
v 30.2133 -0.0000 62.2133
v 30.2133 -2.4751 62.2133
v 30.2133 -0.0000 62.2133
v -30.2133 -2.4750 62.2133
v 30.2133 -2.4751 62.2133
v -30.2133 0.0000 62.2133
v 30.2133 -0.0000 -62.2133
v -30.2133 -2.4750 -62.2133
v -30.2133 0.0000 -62.2133
v 30.2133 -2.4751 -62.2133
v 32.0000 -3.8526 64.0000
v 32.0000 -0.0000 64.0000
v 32.0000 -0.0000 64.0000
v -32.0000 -3.8525 64.0000
v -32.0000 0.0000 64.0000
v 32.0000 -3.8526 64.0000
v 32.0000 -0.0000 -64.0000
v -32.0000 -3.8525 -64.0000
v 32.0000 -3.8526 -64.0000
v -32.0000 0.0000 -64.0000
v 32.0000 -11.9661 64.0000
v -32.0000 -11.9661 64.0000
v 32.0000 -11.9661 64.0000
v 31.9993 -11.9661 -63.9997
v -32.0000 -11.9661 -64.0000
v 32.0000 -11.9661 64.0000
v -18.2212 -11.9661 58.1412
v -32.0000 -11.9661 64.0000
v 18.2212 -11.9661 58.1412
v 18.2212 -11.9661 58.1412
v -18.2212 -11.9661 58.1412
v 18.2212 -57.4780 39.1709
v 18.2212 -11.9661 58.1412
v 18.2212 -48.3765 50.4083
v -3.0901 -11.9661 -57.7439
v -32.0000 -11.9661 -64.0000
v -31.9986 -11.9661 -63.9994
v 31.9993 -11.9661 -63.9997
v -3.0901 -57.4779 -57.7439
v -3.0901 -11.9661 -57.7439
v -27.4071 -11.9661 30.8863
v -27.4071 -11.9661 -1.9050
v 10.6556 -11.9661 -55.7167
v 10.6556 -57.4779 -55.7167
v -18.2212 -11.9661 -42.6128
v -16.1940 -57.4779 -50.1783
v -16.1940 -11.9661 -50.1783
v -3.0901 -11.9661 -57.7439
v -3.0901 -57.4779 -57.7439
v 18.2212 -11.9661 -42.6128
v 10.6556 -11.9661 -55.7167
v 18.2212 -57.4780 -42.6128
v 10.6556 -57.4779 -55.7167
v -16.1940 -11.9661 -50.1783
v -18.2212 -11.9661 -42.6128
v -3.0901 -57.4779 -57.7439
v -18.2212 -57.4779 -42.6128
v -16.1940 -57.4779 -50.1783
v -18.2212 -48.3764 50.4083
v -18.2212 -54.8819 34.8652
v -18.2212 -57.4779 39.1709
v -30.2133 0.0000 -62.2133
v -30.2133 -2.4750 -62.2133
v -30.2133 0.0000 -62.2133
v -32.0000 0.0000 -64.0000
v -32.0000 0.0000 -64.0000
v -32.0000 -3.8525 -64.0000
v -32.0000 -11.9661 -64.0000
v -32.0000 -11.9661 -64.0000
v -18.2212 -54.8819 -5.8840
v -18.2212 -11.9661 -5.8840
v 31.9993 -11.9661 -63.9997
v 32.0000 -3.8526 -64.0000
v 32.0000 -0.0000 -64.0000
v 30.2133 -0.0000 -62.2133
v 32.0000 -0.0000 -64.0000
v 30.2133 -0.0000 -62.2133
v 30.2133 -2.4751 -62.2133
v -18.2212 -57.4779 -42.6128
v -18.2212 -57.4779 -42.6128
v -18.2212 -11.9661 34.8652
v -18.2212 -11.9661 58.1412
v -32.0000 -3.8525 64.0000
v -32.0000 -11.9661 64.0000
v -32.0000 0.0000 64.0000
v -30.2133 0.0000 62.2133
v -32.0000 0.0000 64.0000
v -30.2133 0.0000 62.2133
v -30.2133 -2.4750 62.2133
v -27.4241 -55.5102 0.2904
v -27.4241 -11.9661 0.2904
v -27.4241 -55.5102 0.2904
v -18.0546 -55.5102 -6.6643
v -17.8134 -55.5102 35.6455
v -27.4241 -55.5102 28.7324
v -26.7803 -55.5102 33.2431
v -26.7803 -55.5102 -4.2619
v -27.4241 -11.9661 0.2904
v -27.4241 -55.5102 28.7324
v -27.4241 -55.5102 0.2904
v -27.4241 -11.9661 28.7324
v -13.0155 -53.3701 33.2019
v -17.8134 -53.3701 -3.6099
v -7.1761 -53.3701 42.3781
v -13.0155 -53.3701 36.5387
v -25.0074 -53.3701 33.2019
v -25.0074 -53.3701 -3.6099
v -17.8134 -53.3701 -38.5720
v -9.5745 -53.3701 -52.8422
v -1.3355 -53.3701 -55.0498
v 6.9034 -53.3701 -52.8422
v 15.1423 -53.3701 -38.5720
v 15.1423 -53.3701 33.2019
v 15.1423 -53.3701 36.5387
v 9.3029 -53.3701 42.3781
v -13.0155 -7.8475 33.2019
v -13.0155 -53.3701 33.2019
v -13.0155 -7.8475 33.2019
v -25.0074 -53.3701 33.2019
v -13.0155 -53.3701 33.2019
v -25.0074 -7.8475 33.2019
v -25.0074 -7.8475 33.2019
v -25.0074 -53.3701 -3.6099
v -25.0074 -53.3701 33.2019
v -25.0074 -7.8475 -3.6099
v -25.0074 -7.8475 -3.6099
v -17.8134 -53.3701 -3.6099
v -25.0074 -53.3701 -3.6099
v -17.8134 -7.8475 -3.6099
v -17.8134 -7.8475 -3.6099
v -17.8134 -53.3701 -3.6099
v -9.5745 -53.3701 -52.8422
v -9.5745 -7.8475 -52.8422
v -1.3355 -53.3701 -55.0498
v -1.3355 -7.8475 -55.0498
v 6.9034 -53.3701 -52.8422
v 6.9034 -7.8475 -52.8422
v 15.1423 -53.3701 33.2019
v 15.1423 -7.8475 33.2019
v -1.3355 -7.8475 -55.0498
v -30.2133 -7.8475 -62.2133
v -30.2133 -2.4750 -62.2133
v -30.2133 -7.8475 62.2133
v -30.2133 -2.4750 62.2133
v -30.2133 -2.4750 62.2133
v -30.2133 -7.8475 62.2133
v 30.2133 -7.8475 62.2133
v 30.2133 -2.4750 62.2133
v 30.2133 -7.8475 -62.2133
v 30.2133 -2.4750 -62.2133
v 30.2133 -2.4750 -62.2133
v 30.2133 -7.8475 -62.2133
v -17.8134 -7.8475 -38.5720
v -30.2133 -7.8475 -62.2133
v -9.5745 -7.8475 -52.8422
v 6.9034 -7.8475 -52.8422
v 30.2133 -7.8475 -62.2133
v 15.1423 -7.8475 -38.5720
v 30.2133 -7.8475 62.2133
v 15.1423 -7.8475 41.8658
v 30.2133 -7.8475 62.2133
v 30.2133 -2.4750 62.2133
v -25.0074 -7.8475 -3.6099
v -30.2133 -7.8475 -62.2133
v -30.2133 -2.4750 -62.2133
v -25.0074 -7.8475 33.2019
v -13.0155 -7.8475 33.2019
v -30.2133 -7.8475 62.2133
v -13.0155 -7.8475 41.8658
v -7.1761 -7.8475 47.7052
v 9.3029 -7.8475 47.7052
v 15.1423 -7.8475 33.2019
v -17.8134 -7.8475 -3.6099
v -18.5917 -8.0785 -36.0894
v -18.5917 -2.5299 -36.0894
v -28.5702 -8.0785 -36.0894
v -18.5917 -8.0785 -15.8105
v -18.5917 -2.5299 -15.8105
v -28.5702 -8.0785 -15.8105
v -12.5418 -9.7336 32.6147
v -24.4660 -0.0000 32.6147
v -24.4660 -9.7336 32.6147
v -12.5418 -0.0000 32.6147
v -24.4660 -9.7336 32.6147
v -24.4660 -0.0000 -3.2781
v -24.4660 -9.7336 -3.2781
v -24.4660 -0.0000 32.6147
v 6.7964 -0.0000 -52.4611
v 6.7964 -9.7336 -52.4611
v -1.3330 -0.0000 -54.6393
v -1.3330 -9.7336 -54.6393
v -1.3330 -9.7336 -54.6393
v -1.3330 -0.0000 -54.6393
v -9.4624 -0.0000 -52.4611
v -9.4624 -9.7336 -52.4611
v -17.5917 -9.7336 -3.2781
v -17.5917 -0.0000 -3.2781
v -12.5418 -0.0000 32.6147
v -12.5418 -9.7336 32.6147
v -24.4660 -0.0000 -3.2781
v -17.5917 -9.7336 -3.2781
v -24.4660 -9.7336 -3.2781
v -17.5917 -0.0000 -3.2781
v 1.1930 -9.7336 47.4245
v 1.1930 -0.0000 47.4245
v -25.4660 -9.7336 33.6147
v -24.4660 -9.7336 -3.2781
v -25.4660 -9.7336 -4.2781
v -24.4660 -9.7336 32.6147
v 14.9277 -9.7336 41.7487
v 15.9216 -9.7336 41.8270
v -24.4660 -0.0000 -3.2781
v -25.4660 -0.0000 33.6147
v -25.4660 -0.0000 -4.2781
v -24.4660 -0.0000 32.6147
v 7.2922 -9.7336 -53.3197
v 6.7964 -9.7336 -52.4611
v -1.3330 -9.7336 -55.6308
v -1.3330 -9.7336 -54.6393
v -1.3330 -9.7336 -55.6308
v -1.3330 -9.7336 -54.6393
v -9.9581 -9.7336 -53.3197
v -9.4624 -9.7336 -52.4611
v -18.5875 -9.7336 -38.4458
v -17.5917 -9.7336 -38.3805
v 15.9216 -9.7336 -38.4458
v 14.9258 -9.7336 -38.3805
v 7.2922 -0.0000 -53.3197
v 6.7964 -0.0000 -52.4611
v -1.3330 -0.0000 -55.6308
v -1.3330 -0.0000 -54.6393
v -1.3330 -0.0000 -54.6393
v -1.3330 -0.0000 -55.6308
v -9.9581 -0.0000 -53.3197
v -9.4624 -0.0000 -52.4611
v -18.5875 -0.0000 -38.4458
v -17.5917 -0.0000 -38.3805
v 15.9216 -0.0000 -38.4458
v 14.9258 -0.0000 -38.3805
v -18.5917 -9.7336 -4.2781
v -17.5917 -9.7336 -3.2781
v -18.5917 -0.0000 -4.2781
v -17.5917 -0.0000 -3.2781
v 14.9277 -0.0000 41.7487
v 15.9216 -0.0000 41.8270
v -12.5418 -9.7336 41.7487
v -13.5418 -9.7336 33.6147
v -13.5356 -9.7336 41.8270
v -12.5418 -9.7336 32.6147
v -13.5418 -0.0000 33.6147
v -12.5418 -0.0000 41.7487
v -13.5356 -0.0000 41.8270
v -12.5418 -0.0000 32.6147
v 1.1930 -9.7336 48.4184
v -6.8660 -9.7336 47.4245
v -6.9442 -9.7336 48.4184
v 1.1930 -9.7336 47.4245
v -6.8660 -0.0000 47.4245
v 1.1930 -0.0000 48.4184
v -6.9442 -0.0000 48.4184
v 1.1930 -0.0000 47.4245
v 9.3301 -9.7336 48.4184
v 9.2519 -9.7336 47.4245
v 9.3301 -0.0000 48.4184
v 9.2519 -0.0000 47.4245
v -25.4660 -0.0000 -4.2781
v -25.4660 -9.7336 33.6147
v -25.4660 -9.7336 -4.2781
v -25.4660 -0.0000 33.6147
v 7.2922 -9.7336 -53.3197
v 7.2922 -0.0000 -53.3197
v -1.3330 -9.7336 -55.6308
v -1.3330 -0.0000 -55.6308
v -1.3330 -0.0000 -55.6308
v -1.3330 -9.7336 -55.6308
v -9.9581 -9.7336 -53.3197
v -9.9581 -0.0000 -53.3197
v -18.5917 -9.7336 -4.2781
v -18.5917 -0.0000 -4.2781
v -13.5418 -0.0000 33.6147
v -13.5418 -9.7336 33.6147
v 1.1930 -0.0000 48.4184
v 1.1930 -9.7336 48.4184
v -25.4660 -0.0000 33.6147
v -13.5418 -9.7336 33.6147
v -25.4660 -9.7336 33.6147
v -13.5418 -0.0000 33.6147
v -18.5917 -0.0000 -4.2781
v -25.4660 -9.7336 -4.2781
v -18.5917 -9.7336 -4.2781
v -25.4660 -0.0000 -4.2781
v 1.1930 -0.0000 48.4184
v 1.1930 -9.7336 48.4184
v 1.1930 -9.7336 48.4184
v 1.1930 -9.7336 47.4245
v 1.1930 -0.0000 47.4245
v 1.1930 -9.7336 47.4245
v 1.1930 -0.0000 48.4184
v 1.1930 -0.0000 47.4245
v -18.2212 -11.9661 -5.8840
v -18.2212 -11.9661 34.8652
v 15.8547 -8.0785 32.7942
v 15.8547 -2.5299 32.7942
v 25.8332 -8.0785 32.7942
v 25.8332 -8.0785 33.7557
v 25.8332 -8.0785 32.7942
v 15.8547 -8.0785 9.7701
v 15.8547 -2.5299 9.7701
v 25.8332 -8.0785 9.7701
v 25.8332 -8.0785 10.7316
v 25.8332 -8.0785 9.7701
v 15.8547 -8.0785 -13.2540
v 15.8547 -2.5299 -13.2540
v 25.8332 -8.0785 -13.2540
v 25.8332 -8.0785 -12.2925
v 25.8332 -8.0785 -13.2540
v 15.8547 -8.0785 -36.2781
v 15.8547 -2.5299 -36.2781
v 25.8332 -8.0785 -36.2781
v 25.8332 -8.0785 -35.3166
v 25.8332 -8.0785 -36.2781
v -18.2212 -48.3764 50.4083
v 18.2212 -48.3765 50.4083
v 3.0901 -11.9661 -57.7439
v 3.0901 -11.9661 -57.7439
v 3.0901 -57.4779 -57.7439
v 16.1940 -11.9661 -50.1783
v 16.1940 -57.4780 -50.1783
v 18.2212 -57.4780 -42.6128
v 18.2212 -11.9661 -42.6128
v -10.6556 -57.4779 -55.7167
v -10.6556 -11.9661 -55.7167
v 16.1940 -11.9661 -50.1783
v 16.1940 -57.4780 -50.1783
v 3.0901 -57.4779 -57.7439
v -10.6556 -11.9661 -55.7167
v -10.6556 -57.4779 -55.7167
v 18.2212 -57.4780 39.1709
v -18.2212 -57.4779 39.1709
v 18.2212 -54.9172 46.4013
v -18.2212 -54.9171 46.4013
v 18.2212 -54.9172 46.4013
v -18.2212 -54.9171 46.4013
v -22.6192 -11.9661 35.6455
v -17.8134 -55.5102 35.6455
v -22.6192 -55.5102 35.6455
v -17.8134 -11.9661 35.6455
v -22.6192 -55.5102 -6.6643
v -18.0546 -11.9661 -6.6643
v -22.6192 -11.9661 -6.6643
v -18.0546 -55.5102 -6.6643
v -22.6192 -55.5102 -6.6643
v -22.6192 -55.5102 35.6455
v -26.7803 -11.9661 33.2431
v -26.7803 -55.5102 33.2431
v -26.7803 -55.5102 -4.2619
v -26.7803 -11.9661 -4.2619
v -11.3052 -53.3701 40.6678
v -15.6058 -53.3701 -46.8109
v 12.9347 -53.3701 -46.8109
v 13.4320 -53.3701 40.6678
v -7.1761 -53.3701 42.3781
v -7.1761 -7.8475 47.7052
v -11.3052 -7.8475 45.9949
v -11.3052 -53.3701 40.6678
v -13.0155 -7.8475 41.8658
v -13.0155 -53.3701 36.5387
v -17.8134 -53.3701 -38.5720
v -17.8134 -7.8475 -38.5720
v -15.6058 -53.3701 -46.8109
v -15.6058 -7.8475 -46.8109
v 12.9347 -53.3701 -46.8109
v 12.9347 -7.8475 -46.8109
v 15.1423 -53.3701 -38.5720
v 15.1423 -7.8475 -38.5720
v 15.1423 -53.3701 36.5387
v 15.1423 -7.8475 41.8658
v 13.4320 -53.3701 40.6678
v 13.4320 -7.8475 45.9949
v 9.3029 -53.3701 42.3781
v 9.3029 -7.8475 47.7052
v -15.6058 -7.8475 -46.8109
v 12.9347 -7.8475 -46.8109
v -11.3052 -7.8475 45.9949
v 13.4320 -7.8475 45.9949
v -18.5917 -8.0785 -35.1279
v -18.5917 -2.5299 -35.1279
v -28.5702 -8.0785 -35.1279
v -28.5702 -8.0785 -36.0894
v -28.5702 -8.0785 -35.1279
v -18.5917 -8.0785 -14.8490
v -18.5917 -2.5299 -14.8490
v -28.5702 -8.0785 -14.8490
v -28.5702 -8.0785 -15.8105
v -28.5702 -8.0785 -14.8490
v 12.7476 -0.0000 -46.5099
v 12.7476 -9.7336 -46.5099
v -15.4135 -0.0000 -46.5099
v -15.4135 -9.7336 -46.5099
v -17.5917 -0.0000 -38.3805
v -17.5917 -9.7336 -38.3805
v 14.9258 -9.7336 -38.3805
v 14.9258 -0.0000 -38.3805
v 14.9277 -0.0000 41.7487
v 14.9277 -9.7336 41.7487
v -12.5418 -9.7336 41.7487
v -12.5418 -0.0000 41.7487
v -6.8660 -0.0000 47.4245
v -6.8660 -9.7336 47.4245
v 13.8437 -0.0000 45.0849
v 13.8437 -9.7336 45.0849
v -11.4578 -0.0000 45.0849
v -11.4578 -9.7336 45.0849
v 13.6062 -9.7336 -47.0057
v 12.7476 -9.7336 -46.5099
v -16.2721 -9.7336 -47.0057
v -15.4135 -9.7336 -46.5099
v 13.6062 -0.0000 -47.0057
v 12.7476 -0.0000 -46.5099
v -16.2721 -0.0000 -47.0057
v -15.4135 -0.0000 -46.5099
v 13.8437 -9.7336 45.0849
v 14.6428 -9.7336 45.6654
v 13.8437 -0.0000 45.0849
v 14.6428 -0.0000 45.6654
v -12.2568 -9.7336 45.6654
v -11.4578 -9.7336 45.0849
v -12.2568 -0.0000 45.6654
v -11.4578 -0.0000 45.0849
v 13.6062 -9.7336 -47.0057
v 13.6062 -0.0000 -47.0057
v -16.2721 -9.7336 -47.0057
v -16.2721 -0.0000 -47.0057
v -18.5875 -9.7336 -38.4458
v -18.5875 -0.0000 -38.4458
v 15.9216 -0.0000 -38.4458
v 15.9216 -9.7336 -38.4458
v 15.9216 -0.0000 41.8270
v 15.9216 -9.7336 41.8270
v -13.5356 -9.7336 41.8270
v -13.5356 -0.0000 41.8270
v 9.3301 -0.0000 48.4184
v 9.3301 -9.7336 48.4184
v 14.6428 -9.7336 45.6654
v 14.6428 -0.0000 45.6654
v -12.2568 -9.7336 45.6654
v -12.2568 -0.0000 45.6654
v 18.1557 -2.5299 32.7942
v 18.1557 -2.5299 32.7942
v 15.8547 -2.5299 33.7557
v 15.8547 -2.5299 32.7942
v 18.1557 -2.5299 33.7557
v 18.1557 -2.5299 33.7557
v 18.1557 -2.5299 32.7942
v 18.1557 -2.5299 33.7557
v 18.1557 -2.5299 9.7701
v 18.1557 -2.5299 9.7701
v 15.8547 -2.5299 10.7316
v 15.8547 -2.5299 9.7701
v 18.1557 -2.5299 10.7316
v 18.1557 -2.5299 10.7316
v 18.1557 -2.5299 9.7701
v 18.1557 -2.5299 10.7316
v 18.1557 -2.5299 -13.2540
v 18.1557 -2.5299 -13.2540
v 15.8547 -2.5299 -12.2925
v 15.8547 -2.5299 -13.2540
v 18.1557 -2.5299 -12.2925
v 18.1557 -2.5299 -12.2925
v 18.1557 -2.5299 -13.2540
v 18.1557 -2.5299 -12.2925
v 18.1557 -2.5299 -36.2781
v 18.1557 -2.5299 -36.2781
v 15.8547 -2.5299 -35.3166
v 15.8547 -2.5299 -36.2781
v 18.1557 -2.5299 -35.3166
v 18.1557 -2.5299 -35.3166
v 18.1557 -2.5299 -36.2781
v 18.1557 -2.5299 -35.3166
v 32.0000 -0.0000 -5.8840
v 30.2133 -0.0000 -5.8840
v -30.2133 0.0000 34.8652
v -32.0000 0.0000 -5.8840
v -30.2133 0.0000 -5.8840
v -32.0000 0.0000 34.8652
v 30.2133 -2.4751 -5.8840
v 30.2133 -0.0000 -5.8840
v -30.2133 0.0000 -5.8840
v -30.2133 -2.4750 34.8652
v -30.2133 0.0000 34.8652
v -30.2133 -2.4750 -5.8840
v 32.0000 -0.0000 -5.8840
v 32.0000 -3.8526 -5.8840
v -32.0000 0.0000 34.8652
v -32.0000 -3.8525 -5.8840
v -32.0000 0.0000 -5.8840
v -32.0000 -3.8525 34.8652
v 31.9996 -11.9661 -5.8840
v -32.0000 -11.9661 -5.8840
v -32.0000 -11.9661 34.8652
v 18.2212 -11.9661 -5.8840
v 18.2212 -57.4780 -5.8840
v 31.9996 -11.9661 -5.8840
v 18.2212 -11.9661 -5.8840
v -32.0000 -11.9661 -5.8840
v -32.0000 -11.9661 34.8652
v 7.0063 -11.9661 -57.2283
v 7.0063 -57.4779 -57.2283
v 13.7894 -11.9661 -53.3121
v 13.7894 -57.4780 -53.3121
v 17.7056 -57.4780 -46.5290
v 17.7056 -11.9661 -46.5290
v -17.7056 -11.9661 -46.5290
v -18.2212 -55.5102 -42.6128
v -17.7056 -57.4779 -46.5290
v -13.7894 -11.9661 -53.3121
v -13.7894 -57.4779 -53.3121
v -7.0063 -11.9661 -57.2283
v -7.0063 -57.4779 -57.2283
v 17.7056 -11.9661 -46.5290
v 13.7894 -11.9661 -53.3121
v 7.0063 -11.9661 -57.2283
v 13.7894 -57.4780 -53.3121
v 17.7056 -57.4780 -46.5290
v 7.0063 -57.4779 -57.2283
v -7.0063 -11.9661 -57.2283
v -13.7894 -11.9661 -53.3121
v -17.7056 -11.9661 -46.5290
v -13.7894 -57.4779 -53.3121
v -7.0063 -57.4779 -57.2283
v -17.7056 -57.4779 -46.5290
v -18.2212 -57.4779 -5.8840
v 18.2212 -57.4780 -5.8840
v 18.2212 -56.8189 43.0062
v -18.2212 -56.8188 43.0062
v 18.2212 -51.9911 48.9668
v -18.2212 -51.9911 48.9668
v 18.2212 -56.8189 43.0062
v 18.2212 -51.9911 48.9668
v -18.2212 -51.9911 48.9668
v -18.2212 -56.8188 43.0062
v -18.2212 -57.4779 -5.8840
v -27.4241 -11.9661 -1.8594
v -27.4241 -55.5102 -1.8594
v -27.4241 -55.5102 -1.8594
v -27.4241 -55.5102 30.8407
v -27.4241 -55.5102 30.8407
v -27.4241 -11.9661 30.8407
v -25.0216 -11.9661 35.0018
v -25.0216 -55.5102 35.0018
v -25.0216 -55.5102 -6.0206
v -25.0216 -11.9661 -6.0206
v -25.0216 -55.5102 35.0018
v -25.0216 -55.5102 -6.0206
v -1.3355 -53.3701 -3.6099
v -1.3355 -53.3701 33.2019
v -9.4107 -53.3701 41.9336
v -12.5710 -53.3701 38.7733
v -1.3355 -53.3701 -38.5720
v -17.2519 -53.3701 -42.8368
v -12.9871 -53.3701 -50.2236
v -5.6003 -53.3701 -54.4884
v 2.9292 -53.3701 -54.4884
v 10.3161 -53.3701 -50.2236
v 14.5808 -53.3701 -42.8368
v 15.1423 -53.3701 -3.6099
v 14.6978 -53.3701 38.7733
v 11.5376 -53.3701 41.9336
v -1.3355 -53.3701 42.3781
v -9.4107 -7.8475 47.2608
v -9.4107 -53.3701 41.9336
v -12.5710 -7.8475 44.1005
v -12.5710 -53.3701 38.7733
v -17.2519 -53.3701 -42.8368
v -17.2519 -7.8475 -42.8368
v -12.9871 -53.3701 -50.2236
v -12.9871 -7.8475 -50.2236
v -5.6003 -7.8475 -54.4884
v -5.6003 -53.3701 -54.4884
v 2.9292 -7.8475 -54.4884
v 2.9292 -53.3701 -54.4884
v 10.3161 -53.3701 -50.2236
v 10.3161 -7.8475 -50.2236
v 14.5808 -53.3701 -42.8368
v 14.5808 -7.8475 -42.8368
v 15.1423 -53.3701 -3.6099
v 15.1423 -7.8475 -3.6099
v 14.6978 -53.3701 38.7733
v 14.6978 -7.8475 44.1005
v 11.5376 -53.3701 41.9336
v 11.5376 -7.8475 47.2608
v -1.3355 -7.8475 47.7052
v -1.3355 -53.3701 42.3781
v 2.9292 -7.8475 -54.4884
v 0.0000 -7.8475 -62.2133
v 0.0000 -2.4750 -62.2133
v 0.0000 -7.8475 -62.2133
v -30.2133 -2.4750 34.5629
v -30.2133 -7.8475 34.5629
v 0.0000 -7.8475 62.2133
v 0.0000 -2.4750 62.2133
v 30.2133 -2.4750 -3.6099
v 30.2133 -7.8475 -3.6099
v -17.2519 -7.8475 -42.8368
v -12.9871 -7.8475 -50.2236
v -5.6003 -7.8475 -54.4884
v 10.3161 -7.8475 -50.2236
v 14.5808 -7.8475 -42.8368
v 30.2133 -7.8475 -3.6099
v 15.1423 -7.8475 -3.6099
v 14.6978 -7.8475 44.1005
v -30.2133 -7.8475 -3.6099
v -30.2133 -2.4750 -3.6099
v -30.2133 -7.8475 -3.6099
v -30.2133 -7.8475 34.5629
v -9.4107 -7.8475 47.2608
v -12.5710 -7.8475 44.1005
v 0.0000 -7.8475 62.2133
v -1.3355 -7.8475 47.7052
v 11.5376 -7.8475 47.2608
v -20.8928 -2.5299 -35.1279
v -20.8928 -2.5299 -35.1279
v -18.5917 -2.5299 -36.0894
v -18.5917 -2.5299 -35.1279
v -20.8928 -2.5299 -36.0894
v -20.8928 -2.5299 -36.0894
v -20.8928 -2.5299 -35.1279
v -20.8928 -2.5299 -36.0894
v -20.8928 -2.5299 -14.8490
v -20.8928 -2.5299 -14.8490
v -18.5917 -2.5299 -15.8105
v -18.5917 -2.5299 -14.8490
v -20.8928 -2.5299 -15.8105
v -20.8928 -2.5299 -15.8105
v -20.8928 -2.5299 -14.8490
v -20.8928 -2.5299 -15.8105
v 14.3718 -9.7336 -42.5886
v 14.3718 -0.0000 -42.5886
v 10.1637 -0.0000 -49.8772
v 10.1637 -9.7336 -49.8772
v 2.8751 -0.0000 -54.0853
v 2.8751 -9.7336 -54.0853
v -5.5410 -0.0000 -54.0853
v -5.5410 -9.7336 -54.0853
v -12.8297 -0.0000 -49.8772
v -12.8297 -9.7336 -49.8772
v -17.0377 -0.0000 -42.5886
v -17.0377 -9.7336 -42.5886
v 14.9258 -0.0000 14.4573
v 14.9258 -9.7336 14.4573
v 9.2519 -9.7336 47.4245
v 11.0058 -0.0000 47.1468
v 9.2519 -0.0000 47.4245
v 11.0058 -9.7336 47.1468
v 12.5881 -0.0000 46.3406
v 12.5881 -9.7336 46.3406
v 14.6499 -0.0000 43.5027
v 14.6499 -9.7336 43.5027
v -12.2640 -0.0000 43.5027
v -12.2640 -9.7336 43.5027
v -10.2021 -0.0000 46.3406
v -10.2021 -9.7336 46.3406
v -8.6199 -0.0000 47.1468
v -8.6199 -9.7336 47.1468
v 15.9216 -9.7336 14.5225
v 14.9258 -9.7336 14.4573
v 14.3718 -9.7336 -42.5886
v 15.3295 -9.7336 -42.8452
v 10.8648 -9.7336 -50.5783
v 10.1637 -9.7336 -49.8772
v 2.8751 -9.7336 -54.0853
v 3.1317 -9.7336 -55.0430
v -5.5410 -9.7336 -54.0853
v -5.7976 -9.7336 -55.0430
v -13.5307 -9.7336 -50.5783
v -12.8297 -9.7336 -49.8772
v -17.9954 -9.7336 -42.8452
v -17.0377 -9.7336 -42.5886
v 14.3718 -0.0000 -42.5886
v 15.3295 -0.0000 -42.8452
v 10.8648 -0.0000 -50.5783
v 10.1637 -0.0000 -49.8772
v 2.8751 -0.0000 -54.0853
v 3.1317 -0.0000 -55.0430
v -5.7976 -0.0000 -55.0430
v -5.5410 -0.0000 -54.0853
v -13.5307 -0.0000 -50.5783
v -12.8297 -0.0000 -49.8772
v -17.9954 -0.0000 -42.8452
v -17.0377 -0.0000 -42.5886
v 14.9258 -0.0000 14.4573
v 15.9216 -0.0000 14.5225
v 11.0058 -9.7336 47.1468
v 11.3110 -9.7336 48.0861
v 11.0058 -0.0000 47.1468
v 11.3110 -0.0000 48.0861
v 12.5881 -9.7336 46.3406
v 13.1686 -9.7336 47.1396
v 12.5881 -0.0000 46.3406
v 13.1686 -0.0000 47.1396
v 14.6499 -9.7336 43.5027
v 15.5893 -9.7336 43.8079
v 14.6499 -0.0000 43.5027
v 15.5893 -0.0000 43.8079
v -12.2640 -9.7336 43.5027
v -13.2033 -9.7336 43.8079
v -12.2640 -0.0000 43.5027
v -13.2033 -0.0000 43.8079
v -10.7827 -9.7336 47.1396
v -10.2021 -9.7336 46.3406
v -10.7827 -0.0000 47.1396
v -10.2021 -0.0000 46.3406
v -8.9251 -9.7336 48.0861
v -8.6199 -9.7336 47.1468
v -8.6199 -0.0000 47.1468
v -8.9251 -0.0000 48.0861
v 15.3295 -0.0000 -42.8452
v 15.3295 -9.7336 -42.8452
v 10.8648 -9.7336 -50.5783
v 10.8648 -0.0000 -50.5783
v 3.1317 -9.7336 -55.0430
v 3.1317 -0.0000 -55.0430
v -5.7976 -9.7336 -55.0430
v -5.7976 -0.0000 -55.0430
v -13.5307 -9.7336 -50.5783
v -13.5307 -0.0000 -50.5783
v -17.9954 -9.7336 -42.8452
v -17.9954 -0.0000 -42.8452
v 15.9216 -0.0000 14.5225
v 15.9216 -9.7336 14.5225
v -6.9442 -9.7336 48.4184
v -6.9442 -0.0000 48.4184
v 11.3110 -9.7336 48.0861
v 11.3110 -0.0000 48.0861
v 13.1686 -9.7336 47.1396
v 13.1686 -0.0000 47.1396
v 15.5893 -9.7336 43.8079
v 15.5893 -0.0000 43.8079
v -13.2033 -9.7336 43.8079
v -13.2033 -0.0000 43.8079
v -10.7827 -9.7336 47.1396
v -10.7827 -0.0000 47.1396
v -8.9251 -9.7336 48.0861
v -8.9251 -0.0000 48.0861
vt 0.4085 0.1920
vt 0.3908 0.1978
vt 0.4190 0.2238
vt 0.4085 0.1920
vt 0.3908 0.1978
vt 0.4190 0.2238
vt 0.4085 0.1920
vt 0.3908 0.1978
vt 0.4190 0.2238
vt 0.4085 0.1920
vt 0.3908 0.1978
vt 0.4190 0.2238
vt 0.4915 0.0310
vt 0.4961 0.0356
vt 0.0130 0.0310
vt 0.1710 0.0356
vt 0.1665 0.0310
vt 0.0085 0.0356
vt 0.0130 0.0310
vt 0.1710 0.0356
vt 0.1665 0.0310
vt 0.0085 0.0356
vt 0.4915 0.0310
vt 0.4915 0.0247
vt 0.0130 0.0310
vt 0.1665 0.0248
vt 0.0130 0.0248
vt 0.1665 0.0310
vt 0.1665 0.0310
vt 0.0130 0.0248
vt 0.0130 0.0310
vt 0.1665 0.0248
vt 0.4961 0.0453
vt 0.4961 0.0356
vt 0.0085 0.0356
vt 0.1710 0.0454
vt 0.1710 0.0356
vt 0.0085 0.0454
vt 0.1710 0.0356
vt 0.0085 0.0454
vt 0.1710 0.0454
vt 0.0085 0.0356
vt 0.4961 0.0659
vt 0.1710 0.0660
vt 0.0085 0.0660
vt 0.1710 0.0660
vt 0.0085 0.0660
vt 0.9758 0.1157
vt 0.9625 0.2434
vt 0.9778 0.2782
vt 0.9614 0.1508
vt 0.9443 0.1696
vt 0.9443 0.2315
vt 0.5277 0.2840
vt 0.6297 0.3265
vt 0.5481 0.3092
vt 0.6678 0.2085
vt 0.6528 0.2821
vt 0.6528 0.2821
vt 0.6508 0.1196
vt 0.5277 0.0372
vt 0.6297 0.0372
vt 0.9037 0.2674
vt 0.8002 0.2686
vt 0.6297 0.0659
vt 0.5277 0.0659
vt 0.6297 0.1010
vt 0.5277 0.0861
vt 0.6297 0.0861
vt 0.6297 0.0507
vt 0.5277 0.0507
vt 0.7056 0.1539
vt 0.6725 0.1735
vt 0.7154 0.1697
vt 0.6936 0.1825
vt 0.6874 0.2415
vt 0.7067 0.2464
vt 0.6898 0.2058
vt 0.7156 0.2315
vt 0.7027 0.2281
vt 0.5481 0.3095
vt 0.5335 0.2747
vt 0.5277 0.2843
vt 0.4915 0.0310
vt 0.4915 0.0248
vt 0.4915 0.0310
vt 0.4961 0.0356
vt 0.4961 0.0356
vt 0.4961 0.0454
vt 0.4961 0.0660
vt 0.6528 0.2821
vt 0.5335 0.1833
vt 0.6297 0.1833
vt 0.1710 0.0659
vt 0.1710 0.0453
vt 0.1710 0.0356
vt 0.1756 0.0310
vt 0.1710 0.0356
vt 0.1756 0.0310
vt 0.1756 0.0247
vt 0.5277 0.1011
vt 0.5277 0.1010
vt 0.6297 0.2747
vt 0.6297 0.3268
vt 0.1710 0.0453
vt 0.1710 0.0659
vt 0.1710 0.0355
vt 0.1756 0.0310
vt 0.1710 0.0355
vt 0.1756 0.0310
vt 0.1756 0.0247
vt 0.7580 0.0751
vt 0.6486 0.0751
vt 0.7682 0.0250
vt 0.7924 0.0075
vt 0.7924 0.1138
vt 0.7682 0.0964
vt 0.7699 0.1077
vt 0.7699 0.0135
vt 0.6486 0.0039
vt 0.7580 0.0753
vt 0.7580 0.0039
vt 0.6486 0.0753
vt 0.1980 0.2487
vt 0.1545 0.2423
vt 0.2088 0.2565
vt 0.2019 0.2487
vt 0.1980 0.2327
vt 0.1545 0.2327
vt 0.1132 0.2423
vt 0.0963 0.2533
vt 0.0937 0.2643
vt 0.0963 0.2754
vt 0.1132 0.2864
vt 0.1980 0.2864
vt 0.2019 0.2864
vt 0.2088 0.2786
vt 0.3695 0.2185
vt 0.3563 0.1600
vt 0.3388 0.1233
vt 0.3206 0.1926
vt 0.3388 0.1926
vt 0.3206 0.1233
vt 0.3206 0.1233
vt 0.2646 0.1926
vt 0.3206 0.1926
vt 0.2646 0.1233
vt 0.2646 0.1233
vt 0.2536 0.1926
vt 0.2646 0.1926
vt 0.2536 0.1233
vt 0.0929 0.2237
vt 0.0935 0.1637
vt 0.1623 0.1644
vt 0.1617 0.2244
vt 0.1736 0.1645
vt 0.1730 0.2245
vt 0.1849 0.1646
vt 0.1843 0.2246
vt 0.3022 0.1658
vt 0.3016 0.2258
vt 0.0593 0.2236
vt 0.0332 0.0919
vt 0.0095 0.0919
vt 0.4860 0.0919
vt 0.4860 0.0737
vt 0.5110 0.0919
vt 0.4860 0.0919
vt 0.4860 0.3676
vt 0.5110 0.3676
vt 0.0332 0.3676
vt 0.0332 0.3838
vt 0.0095 0.3676
vt 0.0332 0.3676
vt 0.1192 0.1485
vt 0.0332 0.0919
vt 0.0673 0.1860
vt 0.0673 0.2612
vt 0.0332 0.3676
vt 0.1192 0.2988
vt 0.4860 0.3676
vt 0.4120 0.2988
vt 0.4860 0.3676
vt 0.4860 0.3838
vt 0.2465 0.1156
vt 0.0332 0.0919
vt 0.0332 0.0737
vt 0.3804 0.1156
vt 0.3804 0.1703
vt 0.4860 0.0919
vt 0.4120 0.1703
vt 0.4332 0.1970
vt 0.4332 0.2722
vt 0.3804 0.2988
vt 0.2465 0.1485
vt 0.4085 0.1920
vt 0.3908 0.1978
vt 0.4190 0.2238
vt 0.4085 0.1920
vt 0.3908 0.1978
vt 0.4190 0.2238
vt 0.9509 0.6355
vt 0.9303 0.6015
vt 0.9509 0.5995
vt 0.9303 0.6374
vt 0.9509 0.5995
vt 0.9303 0.4893
vt 0.9509 0.4914
vt 0.9303 0.6015
vt -0.0692 0.3453
vt -0.0491 0.3479
vt -0.0692 0.3209
vt -0.0491 0.3229
vt 0.9510 0.2980
vt 0.9303 0.2961
vt 0.9303 0.3204
vt 0.9509 0.3225
vt 0.9509 0.4707
vt 0.9303 0.4686
vt 0.9303 0.6374
vt 0.9509 0.6355
vt 0.9303 0.4893
vt 0.9509 0.4707
vt 0.9509 0.4914
vt 0.9303 0.4686
vt 0.9509 0.7152
vt 0.9303 0.7152
vt 0.8980 0.6024
vt 0.8950 0.4883
vt 0.8980 0.4883
vt 0.8950 0.6024
vt -0.1052 0.6373
vt -0.1022 0.6373
vt 0.9303 0.4893
vt 0.9273 0.6024
vt 0.9273 0.4883
vt 0.9303 0.6015
vt -0.1022 0.3444
vt -0.1052 0.3440
vt -0.1022 0.3186
vt -0.1052 0.3189
vt 0.8980 0.2938
vt 0.8950 0.2942
vt 0.8980 0.3195
vt 0.8950 0.3194
vt 0.8980 0.3646
vt 0.8950 0.3646
vt -0.1022 0.3908
vt -0.1052 0.3908
vt -0.0723 0.3444
vt -0.0692 0.3453
vt -0.0723 0.3186
vt -0.0692 0.3209
vt 0.9303 0.2961
vt 0.9273 0.2938
vt 0.9273 0.3195
vt 0.9303 0.3204
vt 0.9273 0.3646
vt 0.9303 0.3647
vt -0.0723 0.3908
vt -0.0692 0.3909
vt 0.8980 0.4676
vt 0.8950 0.4676
vt 0.9273 0.4676
vt 0.9303 0.4686
vt -0.0692 0.6373
vt -0.0723 0.6373
vt 0.8950 0.6631
vt 0.8980 0.6383
vt 0.8980 0.6631
vt 0.8950 0.6383
vt 0.9273 0.6383
vt 0.9303 0.6631
vt 0.9273 0.6631
vt 0.9303 0.6374
vt 0.8980 0.7152
vt 0.8950 0.6907
vt 0.8980 0.6907
vt 0.8950 0.7152
vt 0.9303 0.6894
vt 0.9273 0.7152
vt 0.9273 0.6907
vt 0.9303 0.7152
vt -0.1022 0.6655
vt -0.1052 0.6654
vt -0.0723 0.6655
vt -0.0692 0.6642
vt 0.9273 0.4883
vt 0.8980 0.6024
vt 0.8980 0.4883
vt 0.9273 0.6024
vt -0.1022 0.3444
vt -0.0723 0.3444
vt -0.1022 0.3186
vt -0.0723 0.3186
vt 0.9273 0.2938
vt 0.8980 0.2938
vt 0.8980 0.3195
vt 0.9273 0.3195
vt 0.8980 0.4676
vt 0.9273 0.4676
vt 0.9273 0.6383
vt 0.8980 0.6383
vt 0.9273 0.7152
vt 0.8980 0.7152
vt 0.9273 0.6024
vt 0.8980 0.6383
vt 0.8980 0.6024
vt 0.9273 0.6383
vt 0.9273 0.4676
vt 0.8980 0.4883
vt 0.8980 0.4676
vt 0.9273 0.4883
vt -0.0723 0.6904
vt -0.1022 0.6904
vt -0.1022 0.6904
vt -0.1052 0.6904
vt -0.0692 0.6884
vt -0.0491 0.6864
vt -0.0723 0.6904
vt -0.0692 0.6884
vt 0.7999 0.2453
vt 0.9034 0.2441
vt 0.3836 0.2265
vt 0.3836 0.2078
vt 0.4171 0.2265
vt 0.4190 0.2238
vt 0.4171 0.2265
vt 0.3836 0.2265
vt 0.3836 0.2078
vt 0.4171 0.2265
vt 0.4190 0.2238
vt 0.4171 0.2265
vt 0.3836 0.2265
vt 0.3836 0.2078
vt 0.4171 0.2265
vt 0.4190 0.2238
vt 0.4171 0.2265
vt 0.3836 0.2265
vt 0.3836 0.2078
vt 0.4171 0.2265
vt 0.4190 0.2238
vt 0.4171 0.2265
vt 0.8810 0.2315
vt 0.8810 0.1696
vt 0.6676 0.1928
vt 0.6297 0.0510
vt 0.5277 0.0510
vt 0.6297 0.0833
vt 0.5277 0.0833
vt 0.5277 0.1007
vt 0.6297 0.1007
vt 0.5277 0.0684
vt 0.6297 0.0684
vt 0.6864 0.1593
vt 0.7027 0.1734
vt 0.6901 0.1951
vt 0.6732 0.2276
vt 0.6933 0.2187
vt 0.8546 0.1696
vt 0.8546 0.2315
vt 0.8678 0.1696
vt 0.8678 0.2315
vt 0.5334 0.3002
vt 0.5334 0.3005
vt 0.6486 0.0971
vt 0.7580 0.1092
vt 0.7580 0.0971
vt 0.6486 0.1092
vt 0.7580 0.0970
vt 0.6486 0.1091
vt 0.6486 0.0970
vt 0.7580 0.1091
vt 0.7803 0.0075
vt 0.7803 0.1138
vt 0.6486 0.0867
vt 0.7580 0.0867
vt 0.7580 0.0866
vt 0.6486 0.0866
vt 0.2068 0.2510
vt 0.1035 0.2453
vt 0.1035 0.2834
vt 0.2068 0.2841
vt 0.3402 0.1631
vt 0.3466 0.2232
vt 0.3525 0.2223
vt 0.3461 0.1622
vt 0.3584 0.2210
vt 0.3520 0.1610
vt 0.1396 0.1642
vt 0.1390 0.2242
vt 0.1509 0.1643
vt 0.1503 0.2243
vt 0.1963 0.1647
vt 0.1957 0.2247
vt 0.2076 0.1648
vt 0.2070 0.2248
vt 0.3066 0.1658
vt 0.3130 0.2259
vt 0.3126 0.1658
vt 0.3190 0.2259
vt 0.3186 0.1654
vt 0.3250 0.2255
vt 0.0892 0.1585
vt 0.0892 0.2887
vt 0.4270 0.1781
vt 0.4270 0.2910
vt 0.3836 0.2265
vt 0.3836 0.2078
vt 0.4171 0.2265
vt 0.4190 0.2238
vt 0.4171 0.2265
vt 0.3836 0.2265
vt 0.3836 0.2078
vt 0.4171 0.2265
vt 0.4190 0.2238
vt 0.4171 0.2265
vt -0.0692 0.3653
vt -0.0491 0.3662
vt 0.9303 0.3401
vt 0.9509 0.3405
vt 0.9303 0.3647
vt 0.9509 0.3650
vt -0.0491 0.3911
vt -0.0692 0.3909
vt -0.0692 0.6373
vt -0.0491 0.6373
vt 0.9509 0.6630
vt 0.9303 0.6631
vt 0.9303 0.6894
vt 0.9509 0.6869
vt -0.0693 0.6484
vt -0.0491 0.6475
vt 0.9303 0.6739
vt 0.9509 0.6730
vt -0.1022 0.3648
vt -0.1052 0.3649
vt 0.8980 0.3395
vt 0.8950 0.3399
vt -0.0723 0.3648
vt -0.0692 0.3653
vt 0.9273 0.3395
vt 0.9303 0.3401
vt -0.1052 0.6488
vt -0.1022 0.6489
vt -0.0693 0.6484
vt -0.0723 0.6489
vt 0.8980 0.6745
vt 0.8950 0.6744
vt 0.9273 0.6745
vt 0.9303 0.6739
vt -0.1022 0.3648
vt -0.0723 0.3648
vt 0.8980 0.3395
vt 0.9273 0.3395
vt 0.8980 0.3646
vt 0.9273 0.3646
vt -0.0723 0.3908
vt -0.1022 0.3908
vt -0.0723 0.6373
vt -0.1022 0.6373
vt 0.8980 0.6631
vt 0.9273 0.6631
vt -0.0723 0.6655
vt -0.1022 0.6655
vt -0.1022 0.6489
vt -0.0723 0.6489
vt 0.8980 0.6745
vt 0.9273 0.6745
vt 0.3913 0.2078
vt 0.3913 0.2078
vt 0.3869 0.2007
vt 0.3850 0.2033
vt 0.3932 0.2052
vt 0.3932 0.2052
vt 0.3913 0.2078
vt 0.3932 0.2052
vt 0.3913 0.2078
vt 0.3913 0.2078
vt 0.3869 0.2007
vt 0.3850 0.2033
vt 0.3932 0.2052
vt 0.3932 0.2052
vt 0.3913 0.2078
vt 0.3932 0.2052
vt 0.3913 0.2078
vt 0.3913 0.2078
vt 0.3869 0.2007
vt 0.3850 0.2033
vt 0.3932 0.2052
vt 0.3932 0.2052
vt 0.3913 0.2078
vt 0.3932 0.2052
vt 0.3913 0.2078
vt 0.3913 0.2078
vt 0.3869 0.2007
vt 0.3850 0.2033
vt 0.3932 0.2052
vt 0.3932 0.2052
vt 0.3913 0.2078
vt 0.3932 0.2052
vt 0.3186 0.0356
vt 0.3186 0.0310
vt 0.2450 0.0310
vt 0.3485 0.0356
vt 0.3485 0.0310
vt 0.2450 0.0355
vt 0.3186 0.0247
vt 0.3186 0.0310
vt 0.3485 0.0310
vt 0.2450 0.0247
vt 0.2450 0.0310
vt 0.3485 0.0248
vt 0.3186 0.0356
vt 0.3186 0.0453
vt 0.2450 0.0355
vt 0.3485 0.0454
vt 0.3485 0.0356
vt 0.2450 0.0453
vt 0.3186 0.0659
vt 0.3485 0.0660
vt 0.2450 0.0659
vt 0.6297 0.1830
vt 0.5277 0.1830
vt 0.7984 0.1178
vt 0.7988 0.1528
vt 0.8004 0.2803
vt 0.9038 0.2791
vt 0.6297 0.0596
vt 0.5277 0.0596
vt 0.6297 0.0744
vt 0.5277 0.0744
vt 0.5277 0.0921
vt 0.6297 0.0921
vt 0.6297 0.0924
vt 0.5321 0.1010
vt 0.5277 0.0924
vt 0.6297 0.0773
vt 0.5277 0.0773
vt 0.6297 0.0596
vt 0.5277 0.0596
vt 0.6956 0.1553
vt 0.6785 0.1655
vt 0.6688 0.1828
vt 0.6975 0.1773
vt 0.7087 0.1709
vt 0.6911 0.1885
vt 0.6692 0.2184
vt 0.6794 0.2355
vt 0.6967 0.2453
vt 0.6974 0.2240
vt 0.6907 0.2125
vt 0.7089 0.2307
vt 0.7780 0.2315
vt 0.7780 0.1696
vt 0.8612 0.1696
vt 0.8612 0.2315
vt 0.8744 0.1696
vt 0.8744 0.2315
vt 0.5292 0.2926
vt 0.5400 0.3060
vt 0.5400 0.3063
vt 0.5292 0.2929
vt 0.5277 0.1833
vt 0.6486 0.0805
vt 0.7580 0.0805
vt 0.7682 0.0196
vt 0.7682 0.1017
vt 0.7580 0.0806
vt 0.6486 0.0806
vt 0.6486 0.0911
vt 0.7580 0.0911
vt 0.7580 0.0910
vt 0.6486 0.0910
vt 0.7743 0.1121
vt 0.7743 0.0091
vt 0.1545 0.2643
vt 0.1980 0.2643
vt 0.2083 0.2535
vt 0.2045 0.2493
vt 0.1132 0.2643
vt 0.1081 0.2431
vt 0.0994 0.2488
vt 0.0944 0.2586
vt 0.0944 0.2701
vt 0.0994 0.2799
vt 0.1081 0.2856
vt 0.1545 0.2864
vt 0.2045 0.2858
vt 0.2083 0.2816
vt 0.2088 0.2643
vt 0.3496 0.2228
vt 0.3431 0.1627
vt 0.3555 0.2217
vt 0.3490 0.1616
vt 0.1453 0.1642
vt 0.1447 0.2242
vt 0.1566 0.1643
vt 0.1560 0.2243
vt 0.1673 0.2244
vt 0.1679 0.1644
vt 0.1787 0.2245
vt 0.1793 0.1646
vt 0.1906 0.1647
vt 0.1900 0.2247
vt 0.2019 0.1648
vt 0.2013 0.2248
vt 0.2537 0.1653
vt 0.2531 0.2253
vt 0.3096 0.1658
vt 0.3160 0.2259
vt 0.3156 0.1657
vt 0.3220 0.2257
vt 0.3389 0.2240
vt 0.3325 0.1639
vt 0.0613 0.2431
vt 0.0332 0.2297
vt 0.0095 0.2297
vt 0.0332 0.2297
vt 0.3854 0.0737
vt 0.3854 0.0919
vt 0.4860 0.2297
vt 0.5110 0.2297
vt 0.2465 0.3838
vt 0.2465 0.3676
vt 0.1037 0.1510
vt 0.0768 0.1705
vt 0.0613 0.2042
vt 0.0768 0.2768
vt 0.1037 0.2962
vt 0.2465 0.3676
vt 0.2465 0.2988
vt 0.4201 0.2968
vt 0.2465 0.0919
vt 0.2465 0.0737
vt 0.2465 0.0919
vt 0.3854 0.0919
vt 0.4316 0.1868
vt 0.4201 0.1724
vt 0.4860 0.2297
vt 0.4332 0.2236
vt 0.4316 0.2824
vt 0.3913 0.2078
vt 0.3913 0.2078
vt 0.3869 0.2007
vt 0.3850 0.2033
vt 0.3932 0.2052
vt 0.3932 0.2052
vt 0.3913 0.2078
vt 0.3932 0.2052
vt 0.3913 0.2078
vt 0.3913 0.2078
vt 0.3869 0.2007
vt 0.3850 0.2033
vt 0.3932 0.2052
vt 0.3932 0.2052
vt 0.3913 0.2078
vt 0.3932 0.2052
vt -0.0491 0.3782
vt -0.0692 0.3777
vt -0.0692 0.3547
vt -0.0491 0.3558
vt -0.0692 0.3333
vt -0.0491 0.3358
vt 0.9303 0.3083
vt 0.9509 0.3107
vt 0.9303 0.3309
vt 0.9509 0.3327
vt 0.9303 0.3518
vt 0.9509 0.3523
vt -0.0692 0.5533
vt -0.0491 0.5534
vt -0.0491 0.6616
vt -0.0693 0.6584
vt -0.0692 0.6642
vt -0.0491 0.6562
vt -0.0693 0.6531
vt -0.0491 0.6514
vt -0.0693 0.6431
vt -0.0491 0.6426
vt 0.9303 0.6687
vt 0.9509 0.6683
vt 0.9303 0.6785
vt 0.9509 0.6768
vt 0.9303 0.6837
vt 0.9509 0.6816
vt -0.1022 0.5535
vt -0.1052 0.5533
vt -0.1052 0.3775
vt -0.1022 0.3774
vt -0.1022 0.3539
vt -0.1052 0.3541
vt -0.1052 0.3321
vt -0.1022 0.3321
vt 0.8950 0.3070
vt 0.8980 0.3071
vt 0.8980 0.3302
vt 0.8950 0.3299
vt 0.8980 0.3515
vt 0.8950 0.3516
vt -0.0692 0.3777
vt -0.0723 0.3774
vt -0.0723 0.3539
vt -0.0692 0.3547
vt -0.0692 0.3333
vt -0.0723 0.3321
vt 0.9273 0.3071
vt 0.9303 0.3083
vt 0.9273 0.3302
vt 0.9303 0.3309
vt 0.9273 0.3515
vt 0.9303 0.3518
vt -0.0692 0.5533
vt -0.0723 0.5535
vt -0.1052 0.6595
vt -0.1022 0.6595
vt -0.0693 0.6584
vt -0.0723 0.6595
vt -0.1052 0.6539
vt -0.1022 0.6538
vt -0.0693 0.6531
vt -0.0723 0.6538
vt -0.1052 0.6433
vt -0.1022 0.6433
vt -0.0693 0.6431
vt -0.0723 0.6433
vt 0.8950 0.6689
vt 0.8980 0.6690
vt 0.9303 0.6687
vt 0.9273 0.6690
vt 0.8980 0.6793
vt 0.8950 0.6794
vt 0.9273 0.6793
vt 0.9303 0.6785
vt 0.8980 0.6848
vt 0.8950 0.6848
vt 0.9303 0.6837
vt 0.9273 0.6848
vt -0.0723 0.3774
vt -0.1022 0.3774
vt -0.1022 0.3539
vt -0.0723 0.3539
vt -0.1022 0.3321
vt -0.0723 0.3321
vt 0.8980 0.3071
vt 0.9273 0.3071
vt 0.8980 0.3302
vt 0.9273 0.3302
vt 0.8980 0.3515
vt 0.9273 0.3515
vt -0.0723 0.5535
vt -0.1022 0.5535
vt 0.8980 0.6907
vt 0.9273 0.6907
vt -0.1022 0.6595
vt -0.0723 0.6595
vt -0.1022 0.6538
vt -0.0723 0.6538
vt -0.1022 0.6433
vt -0.0723 0.6433
vt 0.8980 0.6690
vt 0.9273 0.6690
vt 0.8980 0.6793
vt 0.9273 0.6793
vt 0.8980 0.6848
vt 0.9273 0.6848
vn 0.0000 0.0000 1.0000
vn 0.0000 0.0000 1.0000
vn 0.0000 0.0000 1.0000
vn 0.0000 0.0000 1.0000
vn 0.0000 0.0000 1.0000
vn 0.0000 0.0000 1.0000
vn 0.0000 0.0000 1.0000
vn 0.0000 0.0000 1.0000
vn 0.0000 0.0000 1.0000
vn 0.0000 0.0000 1.0000
vn 0.0000 0.0000 1.0000
vn 0.0000 0.0000 1.0000
vn 0.0000 1.0000 0.0000
vn 0.0000 1.0000 0.0000
vn 0.0000 1.0000 0.0000
vn 0.0000 1.0000 0.0000
vn 0.0000 1.0000 0.0000
vn 0.0000 1.0000 0.0000
vn 0.0000 1.0000 0.0000
vn 0.0000 1.0000 0.0000
vn 0.0000 1.0000 0.0000
vn 0.0000 1.0000 0.0000
vn -1.0000 0.0000 0.0000
vn -1.0000 0.0000 0.0000
vn 0.0000 0.0000 -1.0000
vn 0.0000 0.0000 -1.0000
vn 0.0000 0.0000 -1.0000
vn 0.0000 0.0000 -1.0000
vn 0.0000 0.0000 1.0000
vn 0.0000 0.0000 1.0000
vn 0.0000 0.0000 1.0000
vn 0.0000 0.0000 1.0000
vn 1.0000 -0.0000 -0.0000
vn 1.0000 -0.0000 -0.0000
vn 0.0000 0.0000 1.0000
vn 0.0000 0.0000 1.0000
vn 0.0000 0.0000 1.0000
vn 0.0000 0.0000 1.0000
vn 0.0000 0.0000 -1.0000
vn 0.0000 0.0000 -1.0000
vn 0.0000 0.0000 -1.0000
vn 0.0000 0.0000 -1.0000
vn 1.0000 -0.0000 -0.0000
vn 0.0000 0.0000 1.0000
vn 0.0000 0.0000 1.0000
vn 0.0000 0.0000 -1.0000
vn 0.0000 0.0000 -1.0000
vn -0.0000 -1.0000 0.0000
vn -0.0000 -1.0000 0.0000
vn -0.0000 -1.0000 0.0000
vn -0.0000 -1.0000 0.0000
vn -0.0000 -0.2077 0.9782
vn -0.0000 -0.2077 0.9782
vn 1.0000 -0.0000 -0.0000
vn 1.0000 -0.0000 -0.0000
vn 1.0000 -0.0000 -0.0000
vn -0.0000 -1.0000 0.0000
vn -0.0000 -1.0000 0.0000
vn -0.0000 -1.0000 0.0000
vn -0.0000 -1.0000 0.0000
vn -0.0654 0.0000 -0.9979
vn -0.0654 0.0000 -0.9979
vn -0.0000 -1.0000 0.0000
vn -0.0000 -1.0000 0.0000
vn 0.5000 0.0000 -0.8660
vn 0.5000 0.0000 -0.8660
vn -0.9979 0.0000 -0.0654
vn -0.8660 0.0000 -0.5000
vn -0.8660 0.0000 -0.5000
vn -0.0654 0.0000 -0.9979
vn -0.0654 0.0000 -0.9979
vn -0.0000 -1.0000 0.0000
vn -0.0000 -1.0000 0.0000
vn -0.0000 -1.0000 0.0000
vn -0.0000 -1.0000 0.0000
vn -0.0000 -1.0000 0.0000
vn -0.0000 -1.0000 0.0000
vn -0.0000 -1.0000 0.0000
vn -0.0000 -1.0000 0.0000
vn -0.0000 -1.0000 0.0000
vn -1.0000 0.0000 0.0000
vn -1.0000 0.0000 0.0000
vn -1.0000 0.0000 0.0000
vn 1.0000 -0.0000 -0.0000
vn 1.0000 -0.0000 -0.0000
vn 0.0000 1.0000 0.0000
vn 0.0000 1.0000 0.0000
vn -1.0000 0.0000 0.0000
vn -1.0000 0.0000 0.0000
vn -1.0000 0.0000 0.0000
vn -0.0000 -1.0000 0.0000
vn -1.0000 0.0000 0.0000
vn -1.0000 0.0000 0.0000
vn 1.0000 -0.0000 -0.0000
vn 1.0000 -0.0000 -0.0000
vn 1.0000 -0.0000 -0.0000
vn 0.0000 1.0000 0.0000
vn 0.0000 1.0000 0.0000
vn -1.0000 0.0000 0.0000
vn -1.0000 0.0000 0.0000
vn -0.9979 0.0000 -0.0654
vn -0.9979 0.0000 -0.0654
vn -1.0000 0.0000 0.0000
vn -1.0000 0.0000 0.0000
vn -1.0000 0.0000 0.0000
vn -1.0000 0.0000 0.0000
vn -1.0000 0.0000 0.0000
vn 0.0000 1.0000 0.0000
vn 0.0000 1.0000 0.0000
vn 1.0000 -0.0000 -0.0000
vn 1.0000 -0.0000 -0.0000
vn -1.0000 0.0000 0.0000
vn -1.0000 0.0000 0.0000
vn -0.0000 -1.0000 0.0000
vn -0.0000 -1.0000 0.0000
vn -0.0000 -1.0000 0.0000
vn -0.0000 -1.0000 0.0000
vn -0.0000 -1.0000 0.0000
vn -0.0000 -1.0000 0.0000
vn -1.0000 0.0000 0.0000
vn -1.0000 0.0000 0.0000
vn -1.0000 0.0000 0.0000
vn -1.0000 0.0000 0.0000
vn 0.0000 1.0000 0.0000
vn 0.0000 1.0000 0.0000
vn 0.0000 1.0000 0.0000
vn 0.0000 1.0000 0.0000
vn 0.0000 1.0000 0.0000
vn 0.0000 1.0000 0.0000
vn 0.0000 1.0000 0.0000
vn 0.0000 1.0000 0.0000
vn 0.0000 1.0000 0.0000
vn 0.0000 1.0000 0.0000
vn 0.0000 1.0000 0.0000
vn 0.0000 1.0000 0.0000
vn 0.0000 1.0000 0.0000
vn 0.0000 1.0000 0.0000
vn 1.0000 -0.0000 -0.0000
vn 1.0000 -0.0000 -0.0000
vn 0.0000 0.0000 -1.0000
vn 0.0000 0.0000 -1.0000
vn 0.0000 0.0000 -1.0000
vn 0.0000 0.0000 -1.0000
vn 1.0000 -0.0000 -0.0000
vn 1.0000 -0.0000 -0.0000
vn 1.0000 -0.0000 -0.0000
vn 1.0000 -0.0000 -0.0000
vn 0.0000 0.0000 1.0000
vn 0.0000 0.0000 1.0000
vn 0.0000 0.0000 1.0000
vn 0.0000 0.0000 1.0000
vn 1.0000 -0.0000 -0.0000
vn 1.0000 -0.0000 -0.0000
vn 0.5000 0.0000 0.8660
vn 0.5000 0.0000 0.8660
vn 0.0000 0.0000 1.0000
vn 0.0000 0.0000 1.0000
vn -0.5000 0.0000 0.8660
vn -0.5000 0.0000 0.8660
vn -1.0000 0.0000 0.0000
vn -1.0000 0.0000 0.0000
vn 0.0000 1.0000 0.0000
vn 0.0000 0.0000 1.0000
vn 0.0000 0.0000 1.0000
vn 1.0000 -0.0000 -0.0000
vn 1.0000 -0.0000 -0.0000
vn 0.0000 0.0000 -1.0000
vn 0.0000 0.0000 -1.0000
vn 0.0000 0.0000 -1.0000
vn 0.0000 0.0000 -1.0000
vn -1.0000 0.0000 0.0000
vn -1.0000 0.0000 0.0000
vn 0.0000 0.0000 1.0000
vn 0.0000 0.0000 1.0000
vn 0.0000 1.0000 0.0000
vn 0.0000 1.0000 0.0000
vn 0.0000 1.0000 0.0000
vn 0.0000 1.0000 0.0000
vn 0.0000 1.0000 0.0000
vn 0.0000 1.0000 0.0000
vn 0.0000 1.0000 0.0000
vn 0.0000 1.0000 0.0000
vn -1.0000 0.0000 0.0000
vn -1.0000 0.0000 0.0000
vn 0.0000 1.0000 0.0000
vn 1.0000 -0.0000 -0.0000
vn 1.0000 -0.0000 -0.0000
vn 0.0000 1.0000 0.0000
vn 0.0000 1.0000 0.0000
vn 0.0000 1.0000 0.0000
vn 0.0000 1.0000 0.0000
vn 0.0000 1.0000 0.0000
vn 0.0000 1.0000 0.0000
vn 0.0000 1.0000 0.0000
vn 0.0000 1.0000 0.0000
vn 0.0000 0.0000 -1.0000
vn 0.0000 0.0000 -1.0000
vn 0.0000 0.0000 -1.0000
vn 0.0000 0.0000 -1.0000
vn 0.0000 0.0000 -1.0000
vn 0.0000 0.0000 -1.0000
vn 0.0000 0.0000 -1.0000
vn 0.0000 0.0000 -1.0000
vn 0.0000 0.0000 -1.0000
vn 0.0000 0.0000 -1.0000
vn 1.0000 -0.0000 -0.0000
vn 1.0000 -0.0000 -0.0000
vn 1.0000 -0.0000 -0.0000
vn 1.0000 -0.0000 -0.0000
vn -0.5000 0.0000 0.8660
vn -0.5000 0.0000 0.8660
vn 0.0000 0.0000 1.0000
vn 0.0000 0.0000 1.0000
vn 0.0000 0.0000 1.0000
vn 0.0000 0.0000 1.0000
vn 0.5000 0.0000 0.8660
vn 0.5000 0.0000 0.8660
vn 1.0000 -0.0000 -0.0000
vn 1.0000 -0.0000 -0.0000
vn 1.0000 -0.0000 -0.0000
vn 1.0000 -0.0000 -0.0000
vn 0.0000 0.0000 1.0000
vn 0.0000 0.0000 1.0000
vn 0.0000 0.0000 1.0000
vn 0.0000 0.0000 1.0000
vn 0.0000 0.0000 -1.0000
vn 0.0000 0.0000 -1.0000
vn -0.0000 -1.0000 0.0000
vn -0.0000 -1.0000 0.0000
vn -0.0000 -1.0000 0.0000
vn -0.0000 -1.0000 0.0000
vn -0.0000 -1.0000 0.0000
vn -0.0000 -1.0000 0.0000
vn 0.0000 1.0000 0.0000
vn 0.0000 1.0000 0.0000
vn 0.0000 1.0000 0.0000
vn 0.0000 1.0000 0.0000
vn -0.0000 -1.0000 0.0000
vn -0.0000 -1.0000 0.0000
vn -0.0000 -1.0000 0.0000
vn -0.0000 -1.0000 0.0000
vn -0.0000 -1.0000 0.0000
vn -0.0000 -1.0000 0.0000
vn -0.0000 -1.0000 0.0000
vn -0.0000 -1.0000 0.0000
vn -0.0000 -1.0000 0.0000
vn -0.0000 -1.0000 0.0000
vn -0.0000 -1.0000 0.0000
vn -0.0000 -1.0000 0.0000
vn 0.0000 1.0000 0.0000
vn 0.0000 1.0000 0.0000
vn 0.0000 1.0000 0.0000
vn 0.0000 1.0000 0.0000
vn 0.0000 1.0000 0.0000
vn 0.0000 1.0000 0.0000
vn 0.0000 1.0000 0.0000
vn 0.0000 1.0000 0.0000
vn 0.0000 1.0000 0.0000
vn 0.0000 1.0000 0.0000
vn 0.0000 1.0000 0.0000
vn 0.0000 1.0000 0.0000
vn -0.0000 -1.0000 0.0000
vn -0.0000 -1.0000 0.0000
vn 0.0000 1.0000 0.0000
vn 0.0000 1.0000 0.0000
vn 0.0000 1.0000 0.0000
vn 0.0000 1.0000 0.0000
vn -0.0000 -1.0000 0.0000
vn -0.0000 -1.0000 0.0000
vn -0.0000 -1.0000 0.0000
vn -0.0000 -1.0000 0.0000
vn 0.0000 1.0000 0.0000
vn 0.0000 1.0000 0.0000
vn 0.0000 1.0000 0.0000
vn 0.0000 1.0000 0.0000
vn -0.0000 -1.0000 0.0000
vn -0.0000 -1.0000 0.0000
vn -0.0000 -1.0000 0.0000
vn -0.0000 -1.0000 0.0000
vn 0.0000 1.0000 0.0000
vn 0.0000 1.0000 0.0000
vn 0.0000 1.0000 0.0000
vn 0.0000 1.0000 0.0000
vn -0.0000 -1.0000 0.0000
vn -0.0000 -1.0000 0.0000
vn 0.0000 1.0000 0.0000
vn 0.0000 1.0000 0.0000
vn -1.0000 0.0000 0.0000
vn -1.0000 0.0000 0.0000
vn -1.0000 0.0000 0.0000
vn -1.0000 0.0000 0.0000
vn 0.5000 0.0000 -0.8660
vn 0.5000 0.0000 -0.8660
vn 0.0000 0.0000 -1.0000
vn 0.0000 0.0000 -1.0000
vn 0.0000 0.0000 -1.0000
vn 0.0000 0.0000 -1.0000
vn -0.5000 0.0000 -0.8660
vn -0.5000 0.0000 -0.8660
vn -1.0000 0.0000 0.0000
vn -1.0000 0.0000 0.0000
vn -1.0000 0.0000 0.0000
vn -1.0000 0.0000 0.0000
vn 0.0000 0.0000 1.0000
vn 0.0000 0.0000 1.0000
vn 0.0000 0.0000 1.0000
vn 0.0000 0.0000 1.0000
vn 0.0000 0.0000 1.0000
vn 0.0000 0.0000 1.0000
vn 0.0000 0.0000 -1.0000
vn 0.0000 0.0000 -1.0000
vn 0.0000 0.0000 -1.0000
vn 0.0000 0.0000 -1.0000
vn 0.0000 0.0000 1.0000
vn 0.0000 0.0000 1.0000
vn -0.0000 -1.0000 0.0000
vn -0.0000 -1.0000 0.0000
vn 0.0000 0.0000 -1.0000
vn 0.0000 0.0000 -1.0000
vn 0.0000 1.0000 0.0000
vn 0.0000 1.0000 0.0000
vn -0.0000 -1.0000 0.0000
vn -0.0000 -1.0000 0.0000
vn 0.0000 0.0000 -1.0000
vn 0.0000 0.0000 -1.0000
vn 0.0000 0.0000 -1.0000
vn 0.5858 0.8105 0.0000
vn 0.5858 0.8105 0.0000
vn 0.0000 0.0000 -1.0000
vn 0.0000 0.0000 -1.0000
vn 0.0000 0.0000 -1.0000
vn 0.5858 0.8105 0.0000
vn 0.5858 0.8105 0.0000
vn 0.0000 0.0000 -1.0000
vn 0.0000 0.0000 -1.0000
vn 0.0000 0.0000 -1.0000
vn 0.5858 0.8105 0.0000
vn 0.5858 0.8105 0.0000
vn 0.0000 0.0000 -1.0000
vn 0.0000 0.0000 -1.0000
vn 0.0000 0.0000 -1.0000
vn 0.5858 0.8105 0.0000
vn 0.5858 0.8105 0.0000
vn -0.0000 -0.2901 0.9570
vn -0.0000 -0.2901 0.9570
vn -0.0000 -1.0000 0.0000
vn 0.0654 0.0000 -0.9979
vn 0.0654 0.0000 -0.9979
vn 0.8660 0.0000 -0.5000
vn 0.8660 0.0000 -0.5000
vn 0.9979 0.0000 -0.0654
vn 0.9979 0.0000 -0.0654
vn -0.5000 0.0000 -0.8660
vn -0.5000 0.0000 -0.8660
vn -0.0000 -1.0000 0.0000
vn -0.0000 -1.0000 0.0000
vn -0.0000 -1.0000 0.0000
vn -0.0000 -1.0000 0.0000
vn -0.0000 -1.0000 0.0000
vn -0.0000 -0.9964 0.0850
vn -0.0000 -0.9964 0.0850
vn -0.0000 -0.7771 0.6294
vn -0.0000 -0.7771 0.6294
vn 1.0000 -0.0000 -0.0000
vn -1.0000 0.0000 0.0000
vn -0.1305 0.0000 0.9914
vn 0.0000 0.0000 1.0000
vn -0.1305 0.0000 0.9914
vn 0.0000 0.0000 1.0000
vn -0.1305 0.0000 -0.9914
vn 0.0000 0.0000 -1.0000
vn -0.1305 0.0000 -0.9914
vn 0.0000 0.0000 -1.0000
vn -0.0000 -1.0000 0.0000
vn -0.0000 -1.0000 0.0000
vn -0.8660 0.0000 0.5000
vn -0.8660 0.0000 0.5000
vn -0.8660 0.0000 -0.5000
vn -0.8660 0.0000 -0.5000
vn 0.0000 1.0000 0.0000
vn 0.0000 1.0000 0.0000
vn 0.0000 1.0000 0.0000
vn 0.0000 1.0000 0.0000
vn 0.0974 0.1157 -0.9885
vn 0.0974 0.1157 -0.9885
vn 0.7049 0.0824 -0.7045
vn 0.7049 0.0824 -0.7045
vn 0.9979 0.0000 -0.0654
vn 0.9979 0.0000 -0.0654
vn 0.9979 0.0000 0.0654
vn 0.9979 0.0000 0.0654
vn 0.8660 0.0000 0.5000
vn 0.8660 0.0000 0.5000
vn -0.8660 0.0000 0.5000
vn -0.8660 0.0000 0.5000
vn -0.9979 0.0000 0.0654
vn -0.9979 0.0000 0.0654
vn -0.9979 0.0000 -0.0654
vn -0.9979 0.0000 -0.0654
vn -0.7049 0.0824 -0.7045
vn -0.7049 0.0824 -0.7045
vn -0.0974 0.1157 -0.9885
vn -0.0974 0.1157 -0.9885
vn 0.0000 1.0000 0.0000
vn 0.0000 1.0000 0.0000
vn 0.0000 1.0000 0.0000
vn 0.0000 1.0000 0.0000
vn 0.0000 0.0000 1.0000
vn 0.0000 0.0000 1.0000
vn 0.0000 0.0000 1.0000
vn -0.5858 0.8105 0.0000
vn -0.5858 0.8105 0.0000
vn 0.0000 0.0000 1.0000
vn 0.0000 0.0000 1.0000
vn 0.0000 0.0000 1.0000
vn -0.5858 0.8105 0.0000
vn -0.5858 0.8105 0.0000
vn -0.8660 0.0000 0.5000
vn -0.8660 0.0000 0.5000
vn 0.8660 0.0000 0.5000
vn 0.8660 0.0000 0.5000
vn 0.9979 0.0000 0.0654
vn 0.9979 0.0000 0.0654
vn -0.9979 0.0000 0.0654
vn -0.9979 0.0000 0.0654
vn -0.9979 0.0000 -0.0654
vn -0.9979 0.0000 -0.0654
vn 0.9979 0.0000 -0.0654
vn 0.9979 0.0000 -0.0654
vn 0.0654 0.0000 -0.9979
vn 0.0654 0.0000 -0.9979
vn -0.8090 0.0000 -0.5878
vn -0.8090 0.0000 -0.5878
vn 0.8090 0.0000 -0.5878
vn 0.8090 0.0000 -0.5878
vn -0.0000 -1.0000 0.0000
vn -0.0000 -1.0000 0.0000
vn -0.0000 -1.0000 0.0000
vn -0.0000 -1.0000 0.0000
vn 0.0000 1.0000 0.0000
vn 0.0000 1.0000 0.0000
vn 0.0000 1.0000 0.0000
vn 0.0000 1.0000 0.0000
vn -0.0000 -1.0000 0.0000
vn -0.0000 -1.0000 0.0000
vn 0.0000 1.0000 0.0000
vn 0.0000 1.0000 0.0000
vn -0.0000 -1.0000 0.0000
vn -0.0000 -1.0000 0.0000
vn 0.0000 1.0000 0.0000
vn 0.0000 1.0000 0.0000
vn 0.8660 0.0000 -0.5000
vn 0.8660 0.0000 -0.5000
vn -0.8660 0.0000 -0.5000
vn -0.8660 0.0000 -0.5000
vn -0.9979 0.0000 -0.0654
vn -0.9979 0.0000 -0.0654
vn 0.9979 0.0000 -0.0654
vn 0.9979 0.0000 -0.0654
vn 0.9979 0.0000 0.0654
vn 0.9979 0.0000 0.0654
vn -0.9979 0.0000 0.0654
vn -0.9979 0.0000 0.0654
vn 0.0830 -0.0000 0.9965
vn 0.0830 -0.0000 0.9965
vn 0.8090 0.0000 0.5878
vn 0.8090 0.0000 0.5878
vn -0.8090 0.0000 0.5878
vn -0.8090 0.0000 0.5878
vn 0.0000 0.0000 -1.0000
vn 0.0000 1.0000 0.0000
vn 0.0000 1.0000 0.0000
vn 0.0000 1.0000 0.0000
vn 0.0000 1.0000 0.0000
vn 0.0000 0.0000 1.0000
vn 0.5858 0.8105 0.0000
vn 0.5858 0.8105 0.0000
vn 0.0000 0.0000 -1.0000
vn 0.0000 1.0000 0.0000
vn 0.0000 1.0000 0.0000
vn 0.0000 1.0000 0.0000
vn 0.0000 1.0000 0.0000
vn 0.0000 0.0000 1.0000
vn 0.5858 0.8105 0.0000
vn 0.5858 0.8105 0.0000
vn 0.0000 0.0000 -1.0000
vn 0.0000 1.0000 0.0000
vn 0.0000 1.0000 0.0000
vn 0.0000 1.0000 0.0000
vn 0.0000 1.0000 0.0000
vn 0.0000 0.0000 1.0000
vn 0.5858 0.8105 0.0000
vn 0.5858 0.8105 0.0000
vn 0.0000 0.0000 -1.0000
vn 0.0000 1.0000 0.0000
vn 0.0000 1.0000 0.0000
vn 0.0000 1.0000 0.0000
vn 0.0000 1.0000 0.0000
vn 0.0000 0.0000 1.0000
vn 0.5858 0.8105 0.0000
vn 0.5858 0.8105 0.0000
vn 0.0000 1.0000 0.0000
vn 0.0000 1.0000 0.0000
vn 0.0000 1.0000 0.0000
vn 0.0000 1.0000 0.0000
vn 0.0000 1.0000 0.0000
vn 0.0000 1.0000 0.0000
vn -1.0000 0.0000 0.0000
vn -1.0000 0.0000 0.0000
vn 1.0000 -0.0000 -0.0000
vn 1.0000 -0.0000 -0.0000
vn 1.0000 -0.0000 -0.0000
vn 1.0000 -0.0000 -0.0000
vn 1.0000 -0.0000 -0.0000
vn 1.0000 -0.0000 -0.0000
vn -1.0000 0.0000 0.0000
vn -1.0000 0.0000 0.0000
vn -1.0000 0.0000 0.0000
vn -1.0000 0.0000 0.0000
vn 1.0000 -0.0000 -0.0000
vn -1.0000 0.0000 0.0000
vn -1.0000 0.0000 0.0000
vn 1.0000 -0.0000 -0.0000
vn 1.0000 -0.0000 -0.0000
vn -0.0000 -1.0000 0.0000
vn -0.0000 -1.0000 0.0000
vn -0.0000 -1.0000 0.0000
vn -0.0000 -1.0000 0.0000
vn 0.2588 0.0000 -0.9659
vn 0.2588 0.0000 -0.9659
vn 0.7071 0.0000 -0.7071
vn 0.7071 0.0000 -0.7071
vn 0.9659 0.0000 -0.2588
vn 0.9659 0.0000 -0.2588
vn -0.9659 0.0000 -0.2588
vn -0.9979 0.0000 -0.0654
vn -0.9763 0.0000 -0.2162
vn -0.7071 0.0000 -0.7071
vn -0.7071 0.0000 -0.7071
vn -0.2588 0.0000 -0.9659
vn -0.2588 0.0000 -0.9659
vn -0.0000 -1.0000 0.0000
vn -0.0000 -1.0000 0.0000
vn -0.0000 -1.0000 0.0000
vn -0.0000 -1.0000 0.0000
vn -0.0000 -1.0000 0.0000
vn -0.0000 -1.0000 0.0000
vn -0.0000 -1.0000 0.0000
vn -0.0000 -1.0000 0.0000
vn -0.0000 -1.0000 0.0000
vn -0.0000 -1.0000 0.0000
vn -0.0000 -1.0000 0.0000
vn -0.0000 -1.0000 0.0000
vn -0.0000 -1.0000 0.0000
vn -0.0000 -1.0000 0.0000
vn -0.0000 -0.9426 0.3338
vn -0.0000 -0.9426 0.3338
vn -0.0000 -0.5224 0.8527
vn -0.0000 -0.5224 0.8527
vn 1.0000 -0.0000 -0.0000
vn 1.0000 -0.0000 -0.0000
vn -1.0000 0.0000 0.0000
vn -1.0000 0.0000 0.0000
vn -1.0000 0.0000 0.0000
vn -0.9914 0.0000 -0.1305
vn -0.9914 0.0000 -0.1305
vn -0.0000 -1.0000 0.0000
vn -0.0000 -1.0000 0.0000
vn -0.9914 0.0000 0.1305
vn -0.9914 0.0000 0.1305
vn -0.5000 0.0000 0.8660
vn -0.5000 0.0000 0.8660
vn -0.5000 0.0000 -0.8660
vn -0.5000 0.0000 -0.8660
vn -0.0000 -1.0000 0.0000
vn -0.0000 -1.0000 0.0000
vn 0.0000 1.0000 0.0000
vn 0.0000 1.0000 0.0000
vn 0.0000 1.0000 0.0000
vn 0.0000 1.0000 0.0000
vn 0.0000 1.0000 0.0000
vn 0.0000 1.0000 0.0000
vn 0.0000 1.0000 0.0000
vn 0.0000 1.0000 0.0000
vn 0.0000 1.0000 0.0000
vn 0.0000 1.0000 0.0000
vn 0.0000 1.0000 0.0000
vn 0.0000 1.0000 0.0000
vn 0.0000 1.0000 0.0000
vn 0.0000 1.0000 0.0000
vn 0.0000 1.0000 0.0000
vn 0.3806 0.1075 -0.9185
vn 0.3806 0.1075 -0.9185
vn 0.9230 0.0447 -0.3821
vn 0.9230 0.0447 -0.3821
vn 0.9659 0.0000 0.2588
vn 0.9659 0.0000 0.2588
vn 0.7071 0.0000 0.7071
vn 0.7071 0.0000 0.7071
vn 0.2588 0.0000 0.9659
vn 0.2588 0.0000 0.9659
vn -0.2588 0.0000 0.9659
vn -0.2588 0.0000 0.9659
vn -0.7071 0.0000 0.7071
vn -0.7071 0.0000 0.7071
vn -0.9659 0.0000 0.2588
vn -0.9659 0.0000 0.2588
vn -1.0000 0.0000 0.0000
vn -1.0000 0.0000 0.0000
vn -0.9230 0.0447 -0.3821
vn -0.9230 0.0447 -0.3821
vn -0.3806 0.1075 -0.9185
vn -0.3806 0.1075 -0.9185
vn -0.0000 0.1162 -0.9932
vn -0.0000 0.1162 -0.9932
vn 0.0000 1.0000 0.0000
vn 0.0000 1.0000 0.0000
vn 0.0000 0.0000 1.0000
vn 0.0000 0.0000 1.0000
vn 1.0000 -0.0000 -0.0000
vn 1.0000 -0.0000 -0.0000
vn 0.0000 0.0000 -1.0000
vn 0.0000 0.0000 -1.0000
vn -1.0000 0.0000 0.0000
vn -1.0000 0.0000 0.0000
vn 0.0000 1.0000 0.0000
vn 0.0000 1.0000 0.0000
vn 0.0000 1.0000 0.0000
vn 0.0000 1.0000 0.0000
vn 0.0000 1.0000 0.0000
vn 0.0000 1.0000 0.0000
vn 0.0000 1.0000 0.0000
vn 0.0000 1.0000 0.0000
vn 0.0000 1.0000 0.0000
vn 1.0000 -0.0000 -0.0000
vn 1.0000 -0.0000 -0.0000
vn 0.0000 1.0000 0.0000
vn 0.0000 1.0000 0.0000
vn 0.0000 1.0000 0.0000
vn 0.0000 1.0000 0.0000
vn 0.0000 1.0000 0.0000
vn 0.0000 1.0000 0.0000
vn 0.0000 0.0000 1.0000
vn 0.0000 1.0000 0.0000
vn 0.0000 1.0000 0.0000
vn 0.0000 1.0000 0.0000
vn 0.0000 1.0000 0.0000
vn 0.0000 0.0000 -1.0000
vn -0.5858 0.8105 0.0000
vn -0.5858 0.8105 0.0000
vn 0.0000 0.0000 1.0000
vn 0.0000 1.0000 0.0000
vn 0.0000 1.0000 0.0000
vn 0.0000 1.0000 0.0000
vn 0.0000 1.0000 0.0000
vn 0.0000 0.0000 -1.0000
vn -0.5858 0.8105 0.0000
vn -0.5858 0.8105 0.0000
vn -0.9659 0.0000 0.2588
vn -0.9659 0.0000 0.2588
vn -0.7071 0.0000 0.7071
vn -0.7071 0.0000 0.7071
vn -0.2588 0.0000 0.9659
vn -0.2588 0.0000 0.9659
vn 0.2588 0.0000 0.9659
vn 0.2588 0.0000 0.9659
vn 0.7071 0.0000 0.7071
vn 0.7071 0.0000 0.7071
vn 0.9659 0.0000 0.2588
vn 0.9659 0.0000 0.2588
vn -1.0000 0.0000 0.0000
vn -1.0000 0.0000 0.0000
vn -0.0654 0.0000 -0.9979
vn -0.3090 0.0000 -0.9511
vn -0.0654 0.0000 -0.9979
vn -0.3090 0.0000 -0.9511
vn -0.5878 0.0000 -0.8090
vn -0.5878 0.0000 -0.8090
vn -0.9511 0.0000 -0.3090
vn -0.9511 0.0000 -0.3090
vn 0.9511 0.0000 -0.3090
vn 0.9511 0.0000 -0.3090
vn 0.5878 0.0000 -0.8090
vn 0.5878 0.0000 -0.8090
vn 0.3090 -0.0000 -0.9511
vn 0.3090 -0.0000 -0.9511
vn -0.0000 -1.0000 0.0000
vn -0.0000 -1.0000 0.0000
vn -0.0000 -1.0000 0.0000
vn -0.0000 -1.0000 0.0000
vn -0.0000 -1.0000 0.0000
vn -0.0000 -1.0000 0.0000
vn -0.0000 -1.0000 0.0000
vn -0.0000 -1.0000 0.0000
vn -0.0000 -1.0000 0.0000
vn -0.0000 -1.0000 0.0000
vn -0.0000 -1.0000 0.0000
vn -0.0000 -1.0000 0.0000
vn -0.0000 -1.0000 0.0000
vn -0.0000 -1.0000 0.0000
vn 0.0000 1.0000 0.0000
vn 0.0000 1.0000 0.0000
vn 0.0000 1.0000 0.0000
vn 0.0000 1.0000 0.0000
vn 0.0000 1.0000 0.0000
vn 0.0000 1.0000 0.0000
vn 0.0000 1.0000 0.0000
vn 0.0000 1.0000 0.0000
vn 0.0000 1.0000 0.0000
vn 0.0000 1.0000 0.0000
vn 0.0000 1.0000 0.0000
vn 0.0000 1.0000 0.0000
vn 0.0000 1.0000 0.0000
vn 0.0000 1.0000 0.0000
vn -0.0000 -1.0000 0.0000
vn -0.0000 -1.0000 0.0000
vn 0.0000 1.0000 0.0000
vn 0.0000 1.0000 0.0000
vn -0.0000 -1.0000 0.0000
vn -0.0000 -1.0000 0.0000
vn 0.0000 1.0000 0.0000
vn 0.0000 1.0000 0.0000
vn -0.0000 -1.0000 0.0000
vn -0.0000 -1.0000 0.0000
vn 0.0000 1.0000 0.0000
vn 0.0000 1.0000 0.0000
vn -0.0000 -1.0000 0.0000
vn -0.0000 -1.0000 0.0000
vn 0.0000 1.0000 0.0000
vn 0.0000 1.0000 0.0000
vn -0.0000 -1.0000 0.0000
vn -0.0000 -1.0000 0.0000
vn 0.0000 1.0000 0.0000
vn 0.0000 1.0000 0.0000
vn -0.0000 -1.0000 0.0000
vn -0.0000 -1.0000 0.0000
vn 0.0000 1.0000 0.0000
vn 0.0000 1.0000 0.0000
vn 0.9659 0.0000 -0.2588
vn 0.9659 0.0000 -0.2588
vn 0.7071 0.0000 -0.7071
vn 0.7071 0.0000 -0.7071
vn 0.2588 0.0000 -0.9659
vn 0.2588 0.0000 -0.9659
vn -0.2588 0.0000 -0.9659
vn -0.2588 0.0000 -0.9659
vn -0.7071 0.0000 -0.7071
vn -0.7071 0.0000 -0.7071
vn -0.9659 0.0000 -0.2588
vn -0.9659 0.0000 -0.2588
vn 1.0000 -0.0000 -0.0000
vn 1.0000 -0.0000 -0.0000
vn -0.0830 -0.0000 0.9965
vn -0.0830 -0.0000 0.9965
vn 0.3133 0.0000 0.9496
vn 0.3133 0.0000 0.9496
vn 0.5878 0.0000 0.8090
vn 0.5878 0.0000 0.8090
vn 0.9496 0.0000 0.3133
vn 0.9496 0.0000 0.3133
vn -0.9496 0.0000 0.3133
vn -0.9496 0.0000 0.3133
vn -0.5878 -0.0000 0.8090
vn -0.5878 -0.0000 0.8090
vn -0.3134 -0.0000 0.9496
vn -0.3134 -0.0000 0.9496
f 288/288/288 289/289/289 291/291/291
f 288/288/288 290/290/290 289/289/289
f 447/447/447 726/726/726 725/725/725
f 447/447/447 725/725/725 446/446/446
f 722/722/722 447/447/447 446/446/446
f 722/722/722 446/446/446 721/721/721
f 718/718/718 722/722/722 721/721/721
f 718/718/718 721/721/721 717/717/717
f 286/286/286 718/718/718 717/717/717
f 286/286/286 717/717/717 287/287/287
f 320/320/320 286/286/286 287/287/287
f 320/320/320 287/287/287 321/321/321
f 705/705/705 252/252/252 253/253/253
f 705/705/705 706/706/706 252/252/252
f 250/250/250 706/706/706 705/705/705
f 250/250/250 705/705/705 251/251/251
f 704/704/704 250/250/250 251/251/251
f 704/704/704 703/703/703 250/250/250
f 441/441/441 703/703/703 704/704/704
f 441/441/441 440/440/440 703/703/703
f 701/701/701 440/440/440 441/441/441
f 701/701/701 702/702/702 440/440/440
f 260/260/260 702/702/702 701/701/701
f 260/260/260 701/701/701 261/261/261
f 713/713/713 260/260/260 261/261/261
f 713/713/713 714/714/714 260/260/260
f 714/714/714 713/713/713 266/266/266
f 714/714/714 266/266/266 267/267/267
f 725/725/725 267/267/267 266/266/266
f 725/725/725 726/726/726 267/267/267
f 264/264/264 236/236/236 234/234/234
f 264/264/264 234/234/234 265/265/265
f 259/259/259 264/264/264 265/265/265
f 259/259/259 258/258/258 264/264/264
f 712/712/712 258/258/258 259/259/259
f 712/712/712 711/711/711 258/258/258
f 443/443/443 711/711/711 712/712/712
f 443/443/443 442/442/442 711/711/711
f 710/710/710 442/442/442 443/443/443
f 710/710/710 709/709/709 442/442/442
f 257/257/257 709/709/709 710/710/710
f 257/257/257 256/256/256 709/709/709
f 708/708/708 256/256/256 257/257/257
f 708/708/708 707/707/707 256/256/256
f 254/254/254 707/707/707 708/708/708
f 254/254/254 255/255/255 707/707/707
f 280/280/280 281/281/281 283/283/283
f 280/280/280 282/282/282 281/281/281
f 737/737/737 282/282/282 280/280/280
f 737/737/737 738/738/738 282/282/282
f 733/733/733 738/738/738 737/737/737
f 733/733/733 737/737/737 734/734/734
f 451/451/451 733/733/733 734/734/734
f 451/451/451 450/450/450 733/733/733
f 729/729/729 450/450/450 451/451/451
f 729/729/729 730/730/730 450/450/450
f 274/274/274 730/730/730 729/729/729
f 274/274/274 729/729/729 273/273/273
f 272/272/272 274/274/274 273/273/273
f 272/272/272 273/273/273 275/275/275
f 237/237/237 272/272/272 275/275/275
f 237/237/237 235/235/235 272/272/272
f 234/234/234 235/235/235 237/237/237
f 234/234/234 236/236/236 235/235/235
f 723/723/723 724/724/724 445/445/445
f 723/723/723 445/445/445 444/444/444
f 444/444/444 445/445/445 720/720/720
f 444/444/444 720/720/720 719/719/719
f 719/719/719 720/720/720 716/716/716
f 719/719/719 716/716/716 715/715/715
f 715/715/715 716/716/716 284/284/284
f 715/715/715 284/284/284 285/285/285
f 285/285/285 284/284/284 316/316/316
f 285/285/285 316/316/316 317/317/317
f 240/240/240 693/693/693 241/241/241
f 240/240/240 694/694/694 693/693/693
f 693/693/693 694/694/694 238/238/238
f 693/693/693 238/238/238 239/239/239
f 238/238/238 692/692/692 239/239/239
f 238/238/238 691/691/691 692/692/692
f 691/691/691 437/437/437 692/692/692
f 691/691/691 436/436/436 437/437/437
f 436/436/436 689/689/689 437/437/437
f 436/436/436 690/690/690 689/689/689
f 689/689/689 690/690/690 248/248/248
f 689/689/689 248/248/248 249/249/249
f 249/249/249 248/248/248 687/687/687
f 249/249/249 687/687/687 688/688/688
f 687/687/687 232/232/232 688/688/688
f 687/687/687 233/233/233 232/232/232
f 233/233/233 723/723/723 232/232/232
f 233/233/233 724/724/724 723/723/723
f 229/229/229 230/230/230 262/262/262
f 229/229/229 262/262/262 263/263/263
f 262/262/262 247/247/247 263/263/263
f 262/262/262 246/246/246 247/247/247
f 246/246/246 700/700/700 247/247/247
f 246/246/246 699/699/699 700/700/700
f 699/699/699 439/439/439 700/700/700
f 699/699/699 438/438/438 439/439/439
f 438/438/438 698/698/698 439/439/439
f 438/438/438 697/697/697 698/698/698
f 697/697/697 245/245/245 698/698/698
f 697/697/697 244/244/244 245/245/245
f 244/244/244 695/695/695 245/245/245
f 244/244/244 696/696/696 695/695/695
f 695/695/695 696/696/696 242/242/242
f 695/695/695 242/242/242 243/243/243
f 276/276/276 277/277/277 279/279/279
f 276/276/276 278/278/278 277/277/277
f 278/278/278 736/736/736 277/277/277
f 278/278/278 735/735/735 736/736/736
f 735/735/735 732/732/732 736/736/736
f 735/735/735 731/731/731 732/732/732
f 731/731/731 449/449/449 732/732/732
f 731/731/731 448/448/448 449/449/449
f 448/448/448 727/727/727 449/449/449
f 448/448/448 728/728/728 727/727/727
f 727/727/727 728/728/728 270/270/270
f 727/727/727 270/270/270 268/268/268
f 268/268/268 270/270/270 269/269/269
f 268/268/268 269/269/269 271/271/271
f 269/269/269 231/231/231 271/271/271
f 269/269/269 228/228/228 231/231/231
f 228/228/228 229/229/229 231/231/231
f 228/228/228 230/230/230 229/229/229
f 433/433/433 679/679/679 680/680/680
f 433/433/433 432/432/432 679/679/679
f 678/678/678 432/432/432 433/433/433
f 678/678/678 677/677/677 432/432/432
f 676/676/676 677/677/677 678/678/678
f 676/676/676 674/674/674 677/677/677
f 673/673/673 674/674/674 676/676/676
f 673/673/673 675/675/675 674/674/674
f 318/318/318 675/675/675 673/673/673
f 318/318/318 673/673/673 319/319/319
f 664/664/664 212/212/212 213/213/213
f 664/664/664 663/663/663 212/212/212
f 211/211/211 663/663/663 664/664/664
f 211/211/211 210/210/210 663/663/663
f 662/662/662 210/210/210 211/211/211
f 662/662/662 661/661/661 210/210/210
f 419/419/419 661/661/661 662/662/662
f 419/419/419 418/418/418 661/661/661
f 659/659/659 418/418/418 419/419/419
f 659/659/659 660/660/660 418/418/418
f 424/424/424 660/660/660 659/659/659
f 424/424/424 425/425/425 660/660/660
f 424/424/424 671/671/671 425/425/425
f 424/424/424 672/672/672 671/671/671
f 426/426/426 671/671/671 672/672/672
f 426/426/426 672/672/672 427/427/427
f 680/680/680 426/426/426 427/427/427
f 680/680/680 679/679/679 426/426/426
f 222/222/222 223/223/223 225/225/225
f 222/222/222 224/224/224 223/223/223
f 220/220/220 428/428/428 221/221/221
f 220/220/220 429/429/429 428/428/428
f 428/428/428 429/429/429 681/681/681
f 428/428/428 681/681/681 682/682/682
f 682/682/682 681/681/681 434/434/434
f 682/682/682 434/434/434 435/435/435
f 435/435/435 434/434/434 683/683/683
f 435/435/435 683/683/683 684/684/684
f 684/684/684 683/683/683 685/685/685
f 684/684/684 685/685/685 686/686/686
f 686/686/686 685/685/685 430/430/430
f 686/686/686 430/430/430 431/431/431
f 430/430/430 226/226/226 431/431/431
f 430/430/430 227/227/227 226/226/226
f 422/422/422 219/219/219 218/218/218
f 422/422/422 218/218/218 423/423/423
f 670/670/670 422/422/422 423/423/423
f 670/670/670 669/669/669 422/422/422
f 421/421/421 669/669/669 670/670/670
f 421/421/421 420/420/420 669/669/669
f 668/668/668 420/420/420 421/421/421
f 668/668/668 667/667/667 420/420/420
f 217/217/217 667/667/667 668/668/668
f 217/217/217 216/216/216 667/667/667
f 666/666/666 216/216/216 217/217/217
f 666/666/666 665/665/665 216/216/216
f 214/214/214 665/665/665 666/666/666
f 214/214/214 215/215/215 665/665/665
f 206/206/206 207/207/207 209/209/209
f 206/206/206 208/208/208 207/207/207
f 202/202/202 203/203/203 205/205/205
f 202/202/202 204/204/204 203/203/203
f 416/416/416 657/657/657 658/658/658
f 416/416/416 417/417/417 657/657/657
f 656/656/656 199/199/199 201/201/201
f 656/656/656 200/200/200 199/199/199
f 652/652/652 653/653/653 655/655/655
f 652/652/652 654/654/654 653/653/653
f 413/413/413 651/651/651 415/415/415
f 413/413/413 414/414/414 651/651/651
f 411/411/411 649/649/649 650/650/650
f 411/411/411 412/412/412 649/649/649
f 648/648/648 196/196/196 198/198/198
f 648/648/648 197/197/197 196/196/196
f 644/644/644 645/645/645 647/647/647
f 644/644/644 646/646/646 645/645/645
f 408/408/408 643/643/643 410/410/410
f 408/408/408 409/409/409 643/643/643
f 171/171/171 624/624/624 172/172/172
f 171/171/171 625/625/625 624/624/624
f 624/624/624 625/625/625 183/183/183
f 624/624/624 183/183/183 184/184/184
f 175/175/175 185/185/185 195/195/195
f 616/616/616 617/617/617 162/162/162
f 162/162/162 617/617/617 628/628/628
f 617/617/617 177/177/177 628/628/628
f 617/617/617 176/176/176 177/177/177
f 177/177/177 176/176/176 627/627/627
f 627/627/627 176/176/176 404/404/404
f 404/404/404 176/176/176 626/626/626
f 626/626/626 176/176/176 175/175/175
f 175/175/175 176/176/176 634/634/634
f 175/175/175 634/634/634 185/185/185
f 634/634/634 188/188/188 185/185/185
f 634/634/634 637/637/637 188/188/188
f 637/637/637 189/189/189 188/188/188
f 637/637/637 190/190/190 189/189/189
f 189/189/189 190/190/190 191/191/191
f 191/191/191 190/190/190 639/639/639
f 639/639/639 190/190/190 406/406/406
f 406/406/406 190/190/190 638/638/638
f 638/638/638 190/190/190 192/192/192
f 192/192/192 190/190/190 640/640/640
f 192/192/192 640/640/640 641/641/641
f 193/193/193 641/641/641 640/640/640
f 193/193/193 640/640/640 181/181/181
f 181/181/181 642/642/642 193/193/193
f 181/181/181 407/407/407 642/642/642
f 181/181/181 633/633/633 407/407/407
f 181/181/181 182/182/182 633/633/633
f 181/181/181 194/194/194 182/182/182
f 631/631/631 194/194/194 181/181/181
f 631/631/631 632/632/632 194/194/194
f 180/180/180 632/632/632 631/631/631
f 180/180/180 631/631/631 179/179/179
f 179/179/179 630/630/630 180/180/180
f 405/405/405 630/630/630 179/179/179
f 405/405/405 179/179/179 629/629/629
f 629/629/629 179/179/179 617/617/617
f 629/629/629 617/617/617 178/178/178
f 178/178/178 617/617/617 616/616/616
f 169/169/169 623/623/623 170/170/170
f 169/169/169 622/622/622 623/623/623
f 622/622/622 167/167/167 623/623/623
f 622/622/622 168/168/168 167/167/167
f 165/165/165 620/620/620 166/166/166
f 165/165/165 621/621/621 620/620/620
f 620/620/620 621/621/621 636/636/636
f 620/620/620 636/636/636 635/635/635
f 635/635/635 636/636/636 186/186/186
f 635/635/635 186/186/186 187/187/187
f 401/401/401 400/400/400 612/612/612
f 401/401/401 612/612/612 613/613/613
f 613/613/613 612/612/612 402/402/402
f 613/613/613 402/402/402 403/403/403
f 614/614/614 403/403/403 402/402/402
f 614/614/614 402/402/402 615/615/615
f 614/614/614 615/615/615 384/384/384
f 614/614/614 384/384/384 385/385/385
f 384/384/384 592/592/592 385/385/385
f 384/384/384 593/593/593 592/592/592
f 593/593/593 386/386/386 592/592/592
f 593/593/593 387/387/387 386/386/386
f 387/387/387 594/594/594 386/386/386
f 387/387/387 595/595/595 594/594/594
f 595/595/595 388/388/388 594/594/594
f 595/595/595 389/389/389 388/388/388
f 389/389/389 138/138/138 388/388/388
f 389/389/389 139/139/139 138/138/138
f 159/159/159 158/158/158 604/604/604
f 159/159/159 604/604/604 605/605/605
f 605/605/605 604/604/604 394/394/394
f 605/605/605 394/394/394 395/395/395
f 395/395/395 394/394/394 606/606/606
f 395/395/395 606/606/606 607/607/607
f 607/607/607 606/606/606 396/396/396
f 607/607/607 396/396/396 397/397/397
f 397/397/397 396/396/396 608/608/608
f 397/397/397 608/608/608 609/609/609
f 609/609/609 608/608/608 160/160/160
f 609/609/609 160/160/160 161/161/161
f 161/161/161 160/160/160 398/398/398
f 161/161/161 398/398/398 399/399/399
f 399/399/399 398/398/398 610/610/610
f 399/399/399 610/610/610 611/611/611
f 611/611/611 610/610/610 400/400/400
f 611/611/611 400/400/400 401/401/401
f 152/152/152 153/153/153 390/390/390
f 152/152/152 390/390/390 391/391/391
f 391/391/391 390/390/390 596/596/596
f 391/391/391 596/596/596 597/597/597
f 597/597/597 596/596/596 392/392/392
f 597/597/597 392/392/392 393/393/393
f 393/393/393 392/392/392 598/598/598
f 393/393/393 598/598/598 599/599/599
f 599/599/599 598/598/598 154/154/154
f 599/599/599 154/154/154 155/155/155
f 154/154/154 600/600/600 155/155/155
f 154/154/154 601/601/601 600/600/600
f 600/600/600 601/601/601 156/156/156
f 600/600/600 156/156/156 157/157/157
f 156/156/156 602/602/602 157/157/157
f 156/156/156 603/603/603 602/602/602
f 602/602/602 603/603/603 158/158/158
f 602/602/602 158/158/158 159/159/159
f 163/163/163 618/618/618 164/164/164
f 163/163/163 619/619/619 618/618/618
f 619/619/619 173/173/173 618/618/618
f 619/619/619 174/174/174 173/173/173
f 148/148/148 149/149/149 151/151/151
f 148/148/148 150/150/150 149/149/149
f 144/144/144 145/145/145 147/147/147
f 144/144/144 146/146/146 145/145/145
f 140/140/140 141/141/141 143/143/143
f 140/140/140 142/142/142 141/141/141
f 125/125/125 128/128/128 124/124/124
f 125/125/125 129/129/129 128/128/128
f 577/577/577 124/124/124 578/578/578
f 126/126/126 578/578/578 124/124/124
f 126/126/126 124/124/124 127/127/127
f 380/380/380 126/126/126 127/127/127
f 380/380/380 127/127/127 580/580/580
f 380/380/380 579/579/579 126/126/126
f 137/137/137 578/578/578 591/591/591
f 126/126/126 591/591/591 578/578/578
f 588/588/588 578/578/578 135/135/135
f 137/137/137 135/135/135 578/578/578
f 137/137/137 136/136/136 135/135/135
f 383/383/383 136/136/136 137/137/137
f 383/383/383 589/589/589 136/136/136
f 383/383/383 137/137/137 590/590/590
f 577/577/577 125/125/125 124/124/124
f 581/581/581 125/125/125 577/577/577
f 581/581/581 130/130/130 125/125/125
f 582/582/582 130/130/130 581/581/581
f 381/381/381 582/582/582 581/581/581
f 583/583/583 381/381/381 581/581/581
f 131/131/131 583/583/583 581/581/581
f 584/584/584 131/131/131 581/581/581
f 132/132/132 584/584/584 581/581/581
f 585/585/585 132/132/132 581/581/581
f 133/133/133 585/585/585 581/581/581
f 586/586/586 133/133/133 581/581/581
f 382/382/382 586/586/586 581/581/581
f 587/587/587 382/382/382 581/581/581
f 134/134/134 587/587/587 581/581/581
f 134/134/134 581/581/581 577/577/577
f 134/134/134 577/577/577 588/588/588
f 588/588/588 577/577/577 578/578/578
f 81/81/81 104/104/104 103/103/103
f 81/81/81 103/103/103 82/82/82
f 365/365/365 81/81/81 82/82/82
f 365/365/365 562/562/562 81/81/81
f 564/564/564 536/536/536 102/102/102
f 564/564/564 92/92/92 536/536/536
f 82/82/82 92/92/92 564/564/564
f 82/82/82 564/564/564 83/83/83
f 365/365/365 82/82/82 83/83/83
f 365/365/365 83/83/83 563/563/563
f 536/536/536 537/537/537 101/101/101
f 92/92/92 93/93/93 67/67/67
f 92/92/92 67/67/67 536/536/536
f 535/535/535 536/536/536 67/67/67
f 535/535/535 537/537/537 536/536/536
f 535/535/535 68/68/68 537/537/537
f 535/535/535 69/69/69 68/68/68
f 538/538/538 68/68/68 69/69/69
f 538/538/538 539/539/539 68/68/68
f 538/538/538 353/353/353 539/539/539
f 538/538/538 354/354/354 353/353/353
f 540/540/540 353/353/353 354/354/354
f 540/540/540 541/541/541 353/353/353
f 70/70/70 541/541/541 540/540/540
f 70/70/70 71/71/71 541/541/541
f 114/114/114 568/568/568 117/117/117
f 568/568/568 575/575/575 118/118/118
f 568/568/568 375/375/375 575/575/575
f 114/114/114 375/375/375 568/568/568
f 114/114/114 116/116/116 375/375/375
f 114/114/114 115/115/115 116/116/116
f 114/114/114 374/374/374 115/115/115
f 114/114/114 567/567/567 374/374/374
f 119/119/119 374/374/374 567/567/567
f 119/119/119 576/576/576 374/374/374
f 364/364/364 56/56/56 561/561/561
f 364/364/364 54/54/54 56/56/56
f 54/54/54 55/55/55 56/56/56
f 54/54/54 523/523/523 55/55/55
f 54/54/54 524/524/524 523/523/523
f 524/524/524 352/352/352 523/523/523
f 524/524/524 351/351/351 352/352/352
f 534/534/534 352/352/352 351/351/351
f 534/534/534 351/351/351 533/533/533
f 349/349/349 534/534/534 533/533/533
f 349/349/349 533/533/533 350/350/350
f 349/349/349 350/350/350 532/532/532
f 349/349/349 532/532/532 531/531/531
f 531/531/531 532/532/532 66/66/66
f 531/531/531 66/66/66 65/65/65
f 65/65/65 66/66/66 530/530/530
f 65/65/65 530/530/530 529/529/529
f 529/529/529 530/530/530 348/348/348
f 529/529/529 348/348/348 347/347/347
f 61/61/61 347/347/347 348/348/348
f 61/61/61 62/62/62 347/347/347
f 370/370/370 371/371/371 373/373/373
f 370/370/370 372/372/372 371/371/371
f 574/574/574 372/372/372 370/370/370
f 574/574/574 370/370/370 573/573/573
f 379/379/379 574/574/574 573/573/573
f 379/379/379 573/573/573 378/378/378
f 565/565/565 379/379/379 378/378/378
f 565/565/565 378/378/378 566/566/566
f 565/565/565 566/566/566 112/112/112
f 565/565/565 112/112/112 113/113/113
f 366/366/366 367/367/367 369/369/369
f 366/366/366 368/368/368 367/367/367
f 572/572/572 368/368/368 366/366/366
f 572/572/572 366/366/366 571/571/571
f 377/377/377 572/572/572 571/571/571
f 377/377/377 571/571/571 376/376/376
f 569/569/569 377/377/377 376/376/376
f 569/569/569 376/376/376 570/570/570
f 123/123/123 569/569/569 570/570/570
f 123/123/123 121/121/121 569/569/569
f 120/120/120 121/121/121 123/123/123
f 120/120/120 122/122/122 121/121/121
f 364/364/364 560/560/560 54/54/54
f 545/545/545 546/546/546 74/74/74
f 545/545/545 356/356/356 546/546/546
f 545/545/545 547/547/547 75/75/75
f 545/545/545 357/357/357 547/547/547
f 545/545/545 74/74/74 357/357/357
f 74/74/74 78/78/78 357/357/357
f 74/74/74 79/79/79 78/78/78
f 555/555/555 79/79/79 74/74/74
f 555/555/555 554/554/554 79/79/79
f 360/360/360 554/554/554 555/555/555
f 360/360/360 361/361/361 554/554/554
f 556/556/556 361/361/361 360/360/360
f 556/556/556 557/557/557 361/361/361
f 362/362/362 557/557/557 556/556/556
f 362/362/362 363/363/363 557/557/557
f 558/558/558 363/363/363 362/362/362
f 558/558/558 559/559/559 363/363/363
f 345/345/345 559/559/559 558/558/558
f 345/345/345 344/344/344 559/559/559
f 52/52/52 344/344/344 345/345/345
f 52/52/52 53/53/53 344/344/344
f 551/551/551 553/553/553 80/80/80
f 551/551/551 79/79/79 553/553/553
f 551/551/551 78/78/78 79/79/79
f 551/551/551 552/552/552 78/78/78
f 551/551/551 359/359/359 552/552/552
f 25/25/25 26/26/26 28/28/28
f 25/25/25 27/27/27 26/26/26
f 23/23/23 508/508/508 24/24/24
f 23/23/23 509/509/509 508/508/508
f 508/508/508 509/509/509 99/99/99
f 508/508/508 99/99/99 100/100/100
f 64/64/64 77/77/77 322/322/322
f 59/59/59 549/549/549 76/76/76
f 59/59/59 76/76/76 550/550/550
f 59/59/59 550/550/550 77/77/77
f 77/77/77 91/91/91 59/59/59
f 77/77/77 527/527/527 91/91/91
f 77/77/77 64/64/64 527/527/527
f 527/527/527 64/64/64 63/63/63
f 527/527/527 63/63/63 528/528/528
f 528/528/528 63/63/63 49/49/49
f 528/528/528 49/49/49 50/50/50
f 49/49/49 63/63/63 323/323/323
f 48/48/48 50/50/50 49/49/49
f 48/48/48 49/49/49 51/51/51
f 51/51/51 525/525/525 48/48/48
f 51/51/51 526/526/526 525/525/525
f 525/525/525 526/526/526 72/72/72
f 525/525/525 72/72/72 60/60/60
f 60/60/60 72/72/72 542/542/542
f 60/60/60 542/542/542 355/355/355
f 60/60/60 355/355/355 543/543/543
f 60/60/60 543/543/543 73/73/73
f 60/60/60 73/73/73 544/544/544
f 60/60/60 544/544/544 346/346/346
f 57/57/57 60/60/60 346/346/346
f 57/57/57 58/58/58 60/60/60
f 57/57/57 59/59/59 58/58/58
f 59/59/59 57/57/57 548/548/548
f 59/59/59 548/548/548 358/358/358
f 59/59/59 358/358/358 549/549/549
f 19/19/19 20/20/20 22/22/22
f 19/19/19 21/21/21 20/20/20
f 108/108/108 507/507/507 109/109/109
f 108/108/108 504/504/504 507/507/507
f 504/504/504 505/505/505 507/507/507
f 504/504/504 506/506/506 505/505/505
f 505/505/505 506/506/506 86/86/86
f 505/505/505 86/86/86 87/87/87
f 15/15/15 16/16/16 18/18/18
f 15/15/15 17/17/17 16/16/16
f 97/97/97 502/502/502 98/98/98
f 97/97/97 503/503/503 502/502/502
f 13/13/13 502/502/502 503/503/503
f 13/13/13 14/14/14 502/502/502
f 342/342/342 500/500/500 501/501/501
f 342/342/342 343/343/343 500/500/500
f 499/499/499 10/10/10 12/12/12
f 499/499/499 11/11/11 10/10/10
f 495/495/495 496/496/496 498/498/498
f 495/495/495 497/497/497 496/496/496
f 339/339/339 494/494/494 341/341/341
f 339/339/339 340/340/340 494/494/494
f 337/337/337 492/492/492 493/493/493
f 337/337/337 338/338/338 492/492/492
f 491/491/491 7/7/7 9/9/9
f 491/491/491 8/8/8 7/7/7
f 487/487/487 488/488/488 490/490/490
f 487/487/487 489/489/489 488/488/488
f 334/334/334 486/486/486 336/336/336
f 334/334/334 335/335/335 486/486/486
f 332/332/332 484/484/484 485/485/485
f 332/332/332 333/333/333 484/484/484
f 483/483/483 4/4/4 6/6/6
f 483/483/483 5/5/5 4/4/4
f 479/479/479 480/480/480 482/482/482
f 479/479/479 481/481/481 480/480/480
f 329/329/329 478/478/478 331/331/331
f 329/329/329 330/330/330 478/478/478
f 327/327/327 476/476/476 477/477/477
f 327/327/327 328/328/328 476/476/476
f 475/475/475 1/1/1 3/3/3
f 475/475/475 2/2/2 1/1/1
f 471/471/471 472/472/472 474/474/474
f 471/471/471 473/473/473 472/472/472
f 324/324/324 470/470/470 326/326/326
f 324/324/324 325/325/325 470/470/470
f 310/310/310 311/311/311 313/313/313
f 310/310/310 312/312/312 311/311/311
f 306/306/306 307/307/307 309/309/309
f 306/306/306 308/308/308 307/307/307
f 39/39/39 40/40/40 42/42/42
f 39/39/39 41/41/41 40/40/40
f 40/40/40 41/41/41 46/46/46
f 40/40/40 46/46/46 47/47/47
f 519/519/519 521/521/521 522/522/522
f 519/519/519 517/517/517 521/521/521
f 105/105/105 522/522/522 106/106/106
f 105/105/105 519/519/519 522/522/522
f 107/107/107 519/519/519 105/105/105
f 107/107/107 516/516/516 519/519/519
f 516/516/516 517/517/517 519/519/519
f 516/516/516 518/518/518 517/517/517
f 517/517/517 518/518/518 88/88/88
f 517/517/517 88/88/88 89/89/89
f 521/521/521 517/517/517 89/89/89
f 521/521/521 89/89/89 90/90/90
f 514/514/514 34/34/34 33/33/33
f 514/514/514 33/33/33 515/515/515
f 96/96/96 514/514/514 515/515/515
f 96/96/96 515/515/515 95/95/95
f 515/515/515 94/94/94 95/95/95
f 515/515/515 520/520/520 94/94/94
f 515/515/515 43/43/43 520/520/520
f 515/515/515 33/33/33 43/43/43
f 29/29/29 30/30/30 32/32/32
f 29/29/29 31/31/31 30/30/30
f 84/84/84 513/513/513 85/85/85
f 84/84/84 510/510/510 513/513/513
f 510/510/510 511/511/511 513/513/513
f 510/510/510 512/512/512 511/511/511
f 511/511/511 512/512/512 110/110/110
f 511/511/511 110/110/110 111/111/111
f 753/753/753 305/305/305 304/304/304
f 753/753/753 304/304/304 754/754/754
f 766/766/766 753/753/753 754/754/754
f 766/766/766 765/765/765 753/753/753
f 764/764/764 765/765/765 766/766/766
f 764/764/764 763/763/763 765/765/765
f 469/469/469 763/763/763 764/764/764
f 469/469/469 468/468/468 763/763/763
f 762/762/762 468/468/468 469/469/469
f 762/762/762 761/761/761 468/468/468
f 463/463/463 761/761/761 762/762/762
f 463/463/463 462/462/462 761/761/761
f 302/302/302 462/462/462 463/463/463
f 302/302/302 303/303/303 462/462/462
f 744/744/744 294/294/294 295/295/295
f 744/744/744 743/743/743 294/294/294
f 293/293/293 743/743/743 744/744/744
f 293/293/293 292/292/292 743/743/743
f 742/742/742 292/292/292 293/293/293
f 742/742/742 741/741/741 292/292/292
f 453/453/453 741/741/741 742/742/742
f 453/453/453 452/452/452 741/741/741
f 739/739/739 452/452/452 453/453/453
f 739/739/739 740/740/740 452/452/452
f 458/458/458 740/740/740 739/739/739
f 458/458/458 459/459/459 740/740/740
f 751/751/751 459/459/459 458/458/458
f 751/751/751 752/752/752 459/459/459
f 752/752/752 751/751/751 460/460/460
f 752/752/752 460/460/460 461/461/461
f 760/760/760 461/461/461 460/460/460
f 760/760/760 759/759/759 461/461/461
f 467/467/467 759/759/759 760/760/760
f 467/467/467 466/466/466 759/759/759
f 758/758/758 466/466/466 467/467/467
f 758/758/758 757/757/757 466/466/466
f 756/756/756 757/757/757 758/758/758
f 756/756/756 755/755/755 757/757/757
f 464/464/464 755/755/755 756/756/756
f 464/464/464 465/465/465 755/755/755
f 314/314/314 465/465/465 464/464/464
f 314/314/314 315/315/315 465/465/465
f 457/457/457 300/300/300 301/301/301
f 457/457/457 456/456/456 300/300/300
f 750/750/750 456/456/456 457/457/457
f 750/750/750 749/749/749 456/456/456
f 455/455/455 749/749/749 750/750/750
f 455/455/455 454/454/454 749/749/749
f 748/748/748 454/454/454 455/455/455
f 748/748/748 747/747/747 454/454/454
f 299/299/299 747/747/747 748/748/748
f 299/299/299 298/298/298 747/747/747
f 746/746/746 298/298/298 299/299/299
f 746/746/746 745/745/745 298/298/298
f 296/296/296 745/745/745 746/746/746
f 296/296/296 297/297/297 745/745/745
f 38/38/38 44/44/44 45/45/45
f 38/38/38 36/36/36 44/44/44
f 35/35/35 36/36/36 38/38/38
f 35/35/35 37/37/37 36/36/36
o paddle
v -0.3751 -2.6462 15.7574
v -1.0227 -2.6463 10.4057
v -0.3751 -2.6463 10.4057
v -1.0227 -2.6462 15.7574
v -1.0227 -2.6462 15.7574
v -1.0227 -2.6463 10.4057
v -1.0227 -4.6840 15.7574
v -0.3751 -4.6840 15.7574
v -0.3751 -5.7699 15.7574
v -1.0227 -5.7699 15.7574
v -0.3751 -2.6462 15.7574
v -0.3751 -2.6463 10.4057
v -0.3751 -6.7218 10.4057
v -1.0227 -6.7218 10.4057
v -9.1526 -2.6462 15.7574
v -8.5050 -2.6463 10.4057
v -8.5050 -2.6462 15.7574
v -9.1526 -2.6463 10.4057
v -8.5050 -2.6462 15.7574
v -8.5050 -2.6463 10.4057
v -8.5050 -4.6840 15.7574
v -9.1526 -4.6840 15.7574
v -9.1526 -5.7699 15.7574
v -8.5050 -5.7699 15.7574
v -9.1526 -2.6462 15.7574
v -9.1526 -2.6463 10.4057
v -9.1526 -6.7218 10.4057
v -8.5050 -6.7218 10.4057
v -8.5073 -3.0944 11.8266
v -1.0245 -3.0883 11.8268
v -8.5050 -5.9760 11.3110
v -1.0221 -5.9699 11.3112
v -1.0230 -4.9756 14.0645
v -8.5058 -4.9817 14.0643
v -1.0245 -3.0883 11.8268
v -8.5073 -3.0944 11.8266
v -1.0245 -3.0883 11.8268
v -1.0221 -5.9699 11.3112
v -1.0232 -4.6779 12.4008
v -1.0230 -4.9756 14.0645
v -1.0232 -4.6779 12.4008
v -1.0245 -3.0883 11.8268
v -1.0232 -4.6779 12.4008
v -8.5060 -4.6840 12.4006
v -8.5073 -3.0944 11.8266
v -8.5050 -5.9760 11.3110
v -8.5060 -4.6840 12.4006
v -8.5058 -4.9817 14.0643
v -8.5060 -4.6840 12.4006
v -8.5073 -3.0944 11.8266
v -1.3330 -6.3034 5.6880
v -1.3330 -6.3034 5.6880
v -2.7012 -6.3034 3.3181
v 0.0353 -6.3034 3.3181
v -10.4054 -2.5377 19.5826
v 7.6956 -2.5377 19.5826
v 7.6956 -1.1235 19.5826
v -10.4054 -1.1235 19.5826
v 7.6956 -1.1235 20.9968
v -10.4054 -1.1235 20.9968
v 7.6956 -2.5377 20.9968
v -10.4054 -2.5377 20.9968
v 7.6956 -2.5377 19.5826
v -10.4054 -2.5377 19.5826
v 0.5616 -4.0604 -9.9835
v 0.5616 -3.8909 -25.6543
v -3.1047 -3.8909 -25.6543
v -3.1047 -4.0604 -9.9835
v -1.3330 0.2995 -3.7576
v -7.8922 -0.8923 7.1479
v 0.2508 -0.8923 2.6432
v 0.2508 -0.8923 7.1479
v -7.8922 -0.8923 -2.2777
v 0.2508 -0.8923 7.1479
v -7.8922 -4.4418 8.7859
v -7.8922 -0.8923 7.1479
v 0.2508 -4.4417 8.7859
v -7.8922 -0.8923 -2.2777
v -7.8922 -1.9122 6.2419
v -7.8922 -1.9173 -2.2777
v -7.8922 -0.8923 7.1479
v 0.2508 -0.8923 2.6432
v 0.2508 -1.9158 6.2435
v 0.2508 -0.8923 7.1479
v 0.2508 -1.9173 2.6432
v -7.8922 -4.4418 8.7859
v -7.8922 -4.9655 7.6509
v 0.2508 -4.4417 8.7859
v 0.2508 -1.9158 6.2435
v 0.2508 -4.9655 7.6509
v 0.2508 -4.4417 8.7859
v -7.8922 -4.9655 7.6509
v -7.8922 -4.4418 8.7859
v 0.2508 -4.9655 7.6509
v 1.8601 -0.8923 7.1479
v 5.5278 -0.8923 -3.5588
v 5.5278 -0.8923 7.1479
v 1.8601 -0.8923 -3.5588
v 5.5278 -0.8923 7.1479
v 1.8601 -4.4417 8.7859
v 1.8601 -0.8923 7.1479
v 5.5278 -4.4417 8.7859
v 1.8601 -0.8923 -3.5588
v 1.8601 -1.9122 6.2419
v 1.8601 -1.9173 -3.5588
v 1.8601 -0.8923 7.1479
v 5.5278 -0.8923 -3.5588
v 5.5278 -1.9158 6.2435
v 5.5278 -0.8923 7.1479
v 5.5278 -1.9173 -3.5588
v 1.8601 -4.4417 8.7859
v 1.8601 -4.9655 7.6509
v 5.5278 -4.4417 8.7859
v 5.5278 -1.9158 6.2435
v 5.5278 -4.9655 7.6509
v 5.5278 -4.4417 8.7859
v 1.8601 -4.9655 7.6509
v 1.8601 -4.4417 8.7859
v 5.5278 -4.9655 7.6509
v 7.3765 -2.4597 0.8899
v 9.2826 -2.4597 -1.0162
v 3.8361 -2.4597 0.8899
v 3.8361 -2.4597 0.8899
v 3.8361 -3.4597 0.8899
v 7.3765 -2.4597 -9.9987
v 1.1450 -2.4597 -9.9987
v 9.2826 -2.4597 -8.0926
v 1.1450 -2.4597 -9.9987
v 1.1450 -3.4597 -9.9987
v -1.3330 -0.0911 -10.7871
v -1.3330 -11.0193 -10.7871
v 4.7548 -11.0193 -7.2723
v 4.7548 -0.0911 -7.2723
v 4.7548 -0.0911 -0.2428
v 4.7548 -11.0193 -0.2428
v -1.3330 -0.0911 3.2719
v -1.3330 -11.0193 3.2719
v -1.3330 -0.0911 -9.5205
v -1.3330 -0.0911 -10.7871
v 4.7548 -0.0911 -7.2723
v 3.6579 -0.0911 -6.6390
v 3.6579 -0.0911 -0.8761
v 4.7548 -0.0911 -0.2428
v -1.3330 -0.0911 2.0053
v -1.3330 -0.0911 3.2719
v -1.3330 -0.0911 -9.5205
v -1.3330 -3.9597 -3.7576
v 3.6579 -0.0911 -6.6390
v 3.6579 -0.0911 -0.8761
v -1.3330 -0.0911 2.0053
v -7.4207 -11.0193 -7.2723
v -7.4207 -0.0911 -7.2723
v -7.4207 -0.0911 -0.2428
v -7.4207 -11.0193 -0.2428
v -7.4207 -0.0911 -7.2723
v -6.3238 -0.0911 -6.6390
v -6.3238 -0.0911 -0.8761
v -7.4207 -0.0911 -0.2428
v -6.3238 -0.0911 -6.6390
v -6.3238 -0.0911 -0.8761
v 5.4004 -2.0021 3.8076
v -7.4545 -2.0021 3.8076
v -7.4545 -4.4371 2.4017
v 5.4004 -4.4371 2.4017
v -7.4545 -4.4371 8.0251
v 5.4004 -4.4371 8.0251
v -7.4545 -2.0021 6.6193
v 5.4004 -2.0021 6.6193
v -7.4545 -2.0021 3.8076
v 5.4004 -2.0021 3.8076
v 5.4004 -2.0021 3.8076
v 5.4004 -4.4371 2.4017
v 5.4004 -6.8721 3.8076
v 5.4004 -6.8721 6.6193
v 5.4004 -4.4371 8.0251
v 5.4004 -2.0021 6.6193
v -7.4545 -2.0021 3.8076
v -7.4545 -4.4371 2.4017
v -7.4545 -6.8721 3.8076
v -7.4545 -6.8721 6.6193
v -7.4545 -4.4371 8.0251
v -7.4545 -2.0021 6.6193
v 13.7882 -5.5088 -3.1988
v 5.3113 -5.5088 -4.3164
v 5.3113 -5.5088 -3.1988
v 13.7882 -5.5088 -4.3164
v 13.7882 -5.5088 -4.3164
v 5.3113 -0.1937 -4.3164
v 5.3113 -5.5088 -4.3164
v 13.7882 -0.1937 -4.3164
v 13.7882 -0.1937 -4.3164
v 5.3113 -0.1937 -3.1988
v 5.3113 -0.1937 -4.3164
v 13.7882 -0.1937 -3.1988
v 13.7882 -0.1937 -3.1988
v 5.3113 -5.5088 -3.1988
v 5.3113 -0.1937 -3.1988
v 13.7882 -5.5088 -3.1988
v -8.1669 -0.1937 -3.1988
v -16.3949 -1.4273 -3.1988
v -16.3949 -0.1937 -3.1988
v -8.1669 -4.1905 -3.1988
v -8.1669 -4.1905 -4.3164
v -16.3949 -1.4273 -3.1988
v -8.1669 -4.1905 -3.1988
v -16.3949 -1.4272 -4.3164
v -8.1669 -0.1937 -4.3164
v -16.3949 -1.4272 -4.3164
v -8.1669 -4.1905 -4.3164
v -16.3949 -0.1937 -4.3164
v -8.1669 -0.1937 -3.1988
v -16.3949 -0.1937 -4.3164
v -8.1669 -0.1937 -4.3164
v -16.3949 -0.1937 -3.1988
v 5.1798 -6.0501 -4.3164
v 2.2509 -3.8270 -4.3164
v 5.1798 -3.8270 -4.3164
v 2.2509 -6.0501 -4.3164
v 5.1798 -3.8270 -4.3164
v 2.2509 -3.8270 -23.8173
v 5.1798 -3.8270 -23.8173
v 2.2509 -3.8270 -4.3164
v 5.1798 -3.8270 -23.8173
v 2.2509 -6.0501 -23.8173
v 5.1798 -6.0501 -23.8173
v 2.2509 -3.8270 -23.8173
v 5.1798 -6.0501 -23.8173
v 2.2509 -6.0501 -4.3164
v 5.1798 -6.0501 -4.3164
v 2.2509 -6.0501 -23.8173
v 2.2509 -6.0501 -4.3164
v 2.2509 -3.8270 -23.8173
v 2.2509 -3.8270 -4.3164
v 2.2509 -6.0501 -23.8173
v 5.1798 -6.0501 -23.8173
v 5.1798 -3.8270 -4.3164
v 5.1798 -3.8270 -23.8173
v 5.1798 -6.0501 -4.3164
v -7.8509 -6.0501 -4.3164
v -4.9220 -3.8270 -4.3164
v -4.9220 -6.0501 -4.3164
v -7.8509 -3.8270 -4.3164
v -7.8509 -3.8270 -4.3164
v -4.9220 -3.8270 -23.8173
v -4.9220 -3.8270 -4.3164
v -7.8509 -3.8270 -23.8173
v -7.8509 -3.8270 -23.8173
v -4.9220 -6.0501 -23.8173
v -4.9220 -3.8270 -23.8173
v -7.8509 -6.0501 -23.8173
v -7.8509 -6.0501 -23.8173
v -4.9220 -6.0501 -4.3164
v -4.9220 -6.0501 -23.8173
v -7.8509 -6.0501 -4.3164
v -4.9220 -6.0501 -4.3164
v -4.9220 -3.8270 -23.8173
v -4.9220 -6.0501 -23.8173
v -4.9220 -3.8270 -4.3164
v -7.8509 -6.0501 -23.8173
v -7.8509 -3.8270 -4.3164
v -7.8509 -6.0501 -4.3164
v -7.8509 -3.8270 -23.8173
v 1.2531 -12.9127 -20.2264
v 1.2531 -10.9695 -16.4658
v 1.2531 -12.9660 -15.1774
v 1.2531 -10.9300 -20.2055
v 5.6185 -5.9180 -20.9968
v 5.3837 -8.3444 -21.0224
v 5.6185 -6.5612 -21.0036
v 0.7743 -7.1094 -21.0094
v 0.8465 -5.9180 -20.9968
v 2.1735 -12.5278 -21.0666
v -0.7234 -8.6070 -21.0252
v 0.5117 -13.3482 -8.0751
v -0.7234 -8.7391 -8.0264
v 5.6185 -6.0501 -7.9980
v 0.7743 -7.2415 -8.0106
v 0.8465 -6.0501 -7.9980
v 5.3837 -8.4765 -8.0236
v 5.3837 -8.4191 -13.4542
v 5.3837 -8.4765 -8.0236
v 5.6185 -6.0501 -7.9980
v 5.6185 -6.6176 -15.1726
v 5.6185 -5.9180 -20.9968
v 5.6185 -6.5612 -21.0036
v 0.8465 -6.0501 -7.9980
v 5.6185 -5.9180 -20.9968
v 5.6185 -6.0501 -7.9980
v 0.8465 -5.9180 -20.9968
v 0.8465 -5.9180 -20.9968
v 0.7743 -7.2415 -8.0106
v 0.7743 -7.1094 -21.0094
v 0.8465 -6.0501 -7.9980
v -0.7234 -8.7391 -8.0264
v -0.7234 -8.6070 -21.0252
v 1.2531 -12.9660 -15.1774
v 2.1735 -12.5920 -14.4911
v 2.1735 -12.5920 -14.4911
v 1.2531 -12.9660 -15.1774
v 1.2531 -10.9300 -20.2055
v -3.7962 -10.9695 -16.4658
v 1.2531 -10.9695 -16.4658
v -3.7962 -10.9300 -20.2055
v 1.2531 -10.9300 -20.2055
v 1.2531 -12.9127 -20.2264
v -3.7962 -10.9300 -20.2055
v -3.7962 -12.9127 -20.2264
v -3.7962 -12.9127 -20.2264
v -3.7962 -10.9695 -16.4658
v -3.7962 -10.9300 -20.2055
v -3.7962 -12.9660 -15.1774
v -8.1616 -5.9180 -20.9968
v -3.3896 -5.9180 -20.9968
v -8.1616 -6.5612 -21.0036
v -2.7692 -8.0588 -21.0194
v -6.1435 -11.4329 -21.0550
v -4.7166 -12.5278 -21.0666
v -6.1435 -11.5650 -8.0563
v -2.7692 -8.1909 -8.0206
v -8.1616 -6.0501 -7.9980
v -3.3896 -6.0501 -7.9980
v -4.7166 -12.5921 -15.0994
v -3.7962 -12.9660 -15.1774
v -8.1616 -6.6176 -15.1726
v -8.1616 -5.9180 -20.9968
v -8.1616 -6.5612 -21.0036
v -3.3896 -6.0501 -7.9980
v -8.1616 -5.9180 -20.9968
v -3.3896 -5.9180 -20.9968
v -8.1616 -6.0501 -7.9980
v -2.7692 -8.1909 -8.0206
v -2.7692 -8.0588 -21.0194
v -3.7962 -10.9695 -16.4658
v -3.7962 -12.9660 -15.1774
v 1.2531 -10.9695 -16.4658
v 1.2531 -12.9660 -15.1774
v 0.5117 -13.2731 -15.1807
v 13.6696 -5.9097 -23.7630
v 13.6696 0.0000 14.4871
v 13.6696 -5.9097 14.5464
v 13.6696 -3.8525 -26.7063
v 14.8793 -3.8525 -26.6866
v 14.8754 0.0000 14.5661
v 14.8806 0.0000 -31.5270
v 14.8754 -5.9097 14.5661
v 14.8806 0.0000 -31.5270
v 13.6696 0.0000 14.4871
v 13.6696 0.0000 -31.5270
v 14.8754 0.0000 14.5661
v 13.6696 0.0000 -31.5270
v 12.7000 0.0000 22.5867
v 12.7000 -5.9097 22.5867
v 7.1126 -5.8284 28.3655
v 7.0548 0.0000 28.2899
v 11.6602 0.0000 21.9863
v 12.7000 0.0000 22.5867
v 8.3184 0.0814 25.9441
v 7.0548 0.0000 28.2899
v 11.6602 -5.9097 21.9863
v 11.6602 0.0000 21.9863
v 8.3184 -5.8283 25.9441
v 8.3184 0.0814 25.9441
v 14.8793 -5.9097 -23.7433
v 8.3184 0.0814 25.9441
v 7.0548 0.0000 16.9632
v 8.2606 0.0000 15.7574
v 8.3184 -5.8283 25.9441
v 8.2606 0.0000 15.7574
v 8.2606 -5.9097 15.7574
v 8.3184 0.0814 25.9441
v 7.1126 -5.8283 17.0388
v 7.0548 0.0000 28.2899
v 7.1126 -5.8284 28.3655
v 7.0548 0.0000 16.9632
v -1.3330 0.0000 15.7574
v -1.3330 0.0000 16.9632
v 8.2606 0.0000 15.7574
v 8.2606 0.0000 15.7574
v -1.3330 -5.9097 15.7574
v 8.2606 -5.9097 15.7574
v -1.3330 0.0000 15.7574
v -1.3330 -5.9097 16.9632
v 7.0548 0.0000 16.9632
v 7.1126 -5.8283 17.0388
v -1.3330 0.0000 16.9632
v -1.3330 0.0000 -54.5007
v -1.3330 -3.8525 -54.5007
v 12.6974 0.0000 -46.4011
v 12.6974 -3.8525 -46.4011
v -1.3330 0.0000 -54.5007
v -1.3330 0.0000 -53.3000
v 12.6974 0.0000 -46.4011
v 11.6576 0.0000 -45.8008
v -1.3330 0.0000 -53.3000
v -1.3330 -3.8525 -53.3000
v 11.6576 -3.8525 -45.8008
v 11.6576 0.0000 -45.8008
v -16.3356 -0.0000 14.4871
v -16.3356 -5.9097 -23.7630
v -16.3356 -5.9097 14.5464
v -16.3356 -3.8525 -26.7063
v -17.5452 -3.8525 -26.6866
v -17.5414 -0.0000 14.5661
v -17.5414 -5.9097 14.5661
v -17.5465 -0.0000 -31.5270
v -17.5465 -0.0000 -31.5270
v -16.3356 -0.0000 14.4871
v -17.5414 -0.0000 14.5661
v -16.3356 -0.0000 -31.5270
v -16.3356 -0.0000 -31.5270
v -15.3659 -0.0000 22.5867
v -15.3659 -5.9097 22.5867
v -9.7785 -5.8284 28.3655
v -9.7207 -0.0000 28.2899
v -14.3261 -0.0000 21.9863
v -15.3659 -0.0000 22.5867
v -10.9843 0.0813 25.9441
v -9.7207 -0.0000 28.2899
v -14.3261 -5.9097 21.9863
v -14.3261 -0.0000 21.9863
v -10.9843 -5.8284 25.9441
v -10.9843 0.0813 25.9441
v -17.5452 -5.9097 -23.7433
v -17.5440 -5.9097 14.5859
v -10.9843 0.0813 25.9441
v -9.7207 -0.0000 16.9632
v -10.9265 0.0000 15.7574
v -10.9265 0.0000 15.7574
v -10.9843 -5.8284 25.9441
v -10.9265 -5.9097 15.7574
v -10.9843 0.0813 25.9441
v -9.7207 -0.0000 28.2899
v -9.7785 -5.8284 17.0388
v -9.7785 -5.8284 28.3655
v -9.7207 -0.0000 16.9632
v -10.9265 0.0000 15.7574
v -10.9265 0.0000 15.7574
v -10.9265 -5.9097 15.7574
v -9.7207 -0.0000 16.9632
v -9.7785 -5.8284 17.0388
v -15.3633 0.0000 -46.4011
v -15.3633 -3.8525 -46.4011
v -15.3633 0.0000 -46.4011
v -14.3235 0.0000 -45.8008
v -14.3235 -3.8525 -45.8008
v -14.3235 0.0000 -45.8008
v -8.7358 -8.4787 -26.9409
v -8.7358 -8.4787 -21.0892
v -8.7358 -4.5129 -23.8255
v -8.7358 -4.5129 -21.0892
v -8.7358 -4.5129 -21.0892
v -8.7358 -4.5129 -23.8255
v -3.3184 -13.8960 -21.0892
v -1.3355 -6.4958 -21.0892
v -8.7358 -8.4787 -21.0892
v -8.7358 -4.5129 -21.0892
v -1.3355 -4.5129 -21.0892
v -3.3184 -13.8960 -26.9409
v -8.7358 -8.4787 -26.9409
v -8.7358 -4.5129 -26.9409
v -4.9220 -0.9855 -23.8255
v -4.9220 -4.5129 -26.9409
v -4.9220 -4.5129 -23.8255
v -4.9220 -0.9855 -26.9409
v -1.3355 -4.5129 -26.9409
v -4.9220 -4.5129 -23.8255
v -4.9220 -4.5129 -26.9409
v -1.3355 -4.5129 -21.0892
v -1.3355 -4.5129 -26.9409
v -4.9220 -4.5129 -26.9409
v -4.9220 -0.9855 -26.9409
v -4.9220 -4.5129 -26.9409
v -8.7358 -4.5129 -26.9409
v -4.9220 -0.9855 -23.8255
v -4.9220 -4.5129 -23.8255
v -8.7358 -4.5129 -23.8255
v -8.7358 -4.5129 -26.9409
v 6.0647 -8.4787 -26.9409
v 6.0647 -8.4787 -21.0892
v 6.0647 -4.5129 -23.8255
v 6.0647 -4.5129 -21.0892
v 6.0647 -4.5129 -21.0892
v 6.0647 -4.5129 -23.8255
v 0.6473 -13.8960 -21.0892
v 6.0647 -8.4787 -21.0892
v 6.0647 -4.5129 -21.0892
v 0.6473 -13.8960 -26.9409
v 6.0647 -8.4787 -26.9409
v 6.0647 -4.5129 -26.9409
v 2.2509 -4.5129 -26.9409
v 2.2509 -0.9855 -23.8255
v 2.2509 -4.5129 -23.8255
v 2.2509 -0.9855 -26.9409
v 2.2509 -4.5129 -23.8255
v -1.3355 -4.5129 -26.9409
v 2.2509 -4.5129 -26.9409
v 2.2509 -4.5129 -26.9409
v 2.2509 -0.9855 -26.9409
v 2.2509 -4.5129 -26.9409
v 6.0647 -4.5129 -26.9409
v 2.2509 -0.9855 -23.8255
v 2.2509 -4.5129 -23.8255
v 6.0647 -4.5129 -23.8255
v 6.0647 -4.5129 -26.9409
v -1.9213 -0.1937 -53.5790
v -0.5986 -0.1937 -53.5790
v -1.9905 -5.5088 -10.5731
v -1.9905 -0.1937 -10.5731
v -0.6681 -5.5088 -10.5355
v -0.6681 -0.1937 -10.5355
v -1.9905 -0.1937 -10.5731
v -0.6681 -0.1937 -10.5355
v -1.9213 -2.8513 -53.5790
v -1.9213 -0.1937 -53.5790
v -0.5986 -2.8513 -53.5790
v -0.5986 -0.1937 -53.5790
v -16.4568 -4.2169 5.7691
v 13.7857 -4.2169 5.7691
v -1.3330 -21.5431 4.7803
v -1.3330 -21.5431 4.7803
v 0.0353 -20.1102 2.8928
v -2.7012 -20.1102 2.8928
v -2.7012 -23.4726 -3.2535
v -1.0227 -4.6840 11.5742
v -0.3751 -4.6840 11.5742
v -0.3751 -6.7218 10.4057
v -1.0227 -6.7218 10.4057
v -1.0227 -4.6840 9.8533
v -0.3751 -4.6840 9.8533
v -1.0227 -2.6463 10.4057
v -0.3751 -2.6463 10.4057
v -0.3751 -4.6840 9.8533
v -1.0227 -4.6840 9.8533
v -8.5050 -4.6840 11.5742
v -9.1526 -4.6840 11.5742
v -9.1526 -6.7218 10.4057
v -8.5050 -6.7218 10.4057
v -8.5050 -4.6840 9.8533
v -9.1526 -4.6840 9.8533
v -8.5050 -2.6463 10.4057
v -9.1526 -2.6463 10.4057
v -9.1526 -4.6840 9.8533
v -8.5050 -4.6840 9.8533
v -8.5062 -4.3864 10.7369
v -1.0234 -4.3802 10.7371
v -1.0219 -6.2675 12.9748
v -8.5048 -6.2737 12.9746
v -1.0243 -3.3860 13.4904
v -8.5071 -3.3921 13.4902
v -1.0234 -4.3802 10.7371
v -1.0232 -4.6779 12.4008
v -1.0219 -6.2675 12.9748
v -1.0232 -4.6779 12.4008
v -1.0243 -3.3860 13.4904
v -1.0232 -4.6779 12.4008
v -8.5062 -4.3864 10.7369
v -8.5060 -4.6840 12.4006
v -8.5048 -6.2737 12.9746
v -8.5060 -4.6840 12.4006
v -8.5071 -3.3921 13.4902
v -8.5060 -4.6840 12.4006
v 0.0353 -6.3034 4.8980
v -2.7012 -6.3034 4.8980
v -1.3330 -6.3034 2.5282
v 0.7243 -25.8746 -1.1787
v 0.7243 -8.9236 -1.1787
v -1.3330 -8.9236 0.0090
v -1.3330 -25.8746 0.0090
v -1.3330 -8.9236 0.0090
v -1.3330 -25.8746 0.0090
v -3.3902 -25.8746 -1.1787
v -3.3902 -8.9236 -1.1787
v -3.3902 -25.8746 -3.5543
v -3.3902 -8.9236 -3.5543
v -1.3330 -25.8746 -4.7420
v -1.3330 -8.9236 -4.7420
v 0.7243 -8.9236 -3.5543
v 0.7243 -25.8746 -3.5543
v 3.1938 0.2995 -1.8825
v 0.5421 0.2995 0.7692
v -3.2080 0.2995 0.7692
v -5.8597 0.2995 -1.8825
v -5.8597 0.2995 -5.6326
v -3.2080 0.2995 -8.2844
v 0.5421 0.2995 -8.2843
v 3.1938 0.2995 -5.6326
v 4.1176 -0.7899 -1.4999
v 0.9247 -0.7899 1.6930
v -3.5906 -0.7899 1.6930
v -6.7835 -0.7899 -1.4999
v -6.7835 -0.7899 -6.0153
v -3.5906 -0.7899 -9.2081
v 0.9247 -0.7899 -9.2081
v 4.1176 -0.7899 -6.0153
v 0.2508 -1.9173 2.6432
v -7.8922 -1.9122 6.2419
v 0.2508 -1.9158 6.2435
v -7.8922 -1.9173 -2.2777
v 0.2508 -1.9158 6.2435
v -7.8922 -4.9655 7.6509
v 0.2508 -4.9655 7.6509
v -7.8922 -1.9122 6.2419
v 5.5278 -1.9173 -3.5588
v 1.8601 -1.9122 6.2419
v 5.5278 -1.9158 6.2435
v 1.8601 -1.9173 -3.5588
v 5.5278 -1.9158 6.2435
v 1.8601 -4.9655 7.6509
v 5.5278 -4.9655 7.6509
v 1.8601 -1.9122 6.2419
v 7.3765 -3.4597 0.8899
v 3.8361 -3.4597 -3.9458
v 3.8361 -3.4597 0.8899
v 9.2826 -3.4597 -3.9458
v 9.2826 -3.4597 -1.0162
v 9.2826 -3.4597 -3.9458
v 9.2826 -2.4597 -1.0162
v 9.2826 -2.4597 -3.9458
v 9.2826 -3.4597 -1.0162
v 9.2826 -2.4597 -3.9458
v 3.8361 -2.4597 -3.9458
v 7.3765 -3.4597 0.8899
v 7.3765 -2.4597 0.8899
v 9.0272 -3.4597 -0.0632
v 9.0272 -2.4597 -0.0632
v 8.3295 -2.4597 0.6345
v 8.3295 -3.4597 0.6345
v 9.0272 -3.4597 -0.0632
v 8.3295 -3.4597 0.6345
v 9.0272 -2.4597 -0.0632
v 8.3295 -2.4597 0.6345
v 7.3765 -3.4597 -9.9987
v 9.2826 -3.4597 -8.0926
v 1.1450 -3.4597 -9.9987
v 9.2826 -3.4597 -8.0926
v 9.2826 -2.4597 -8.0926
v 7.3765 -3.4597 -9.9987
v 7.3765 -2.4597 -9.9987
v 9.0272 -3.4597 -9.0456
v 9.0272 -2.4597 -9.0456
v 8.3295 -3.4597 -9.7433
v 8.3295 -2.4597 -9.7433
v 8.3295 -3.4597 -9.7433
v 9.0272 -3.4597 -9.0456
v 9.0272 -2.4597 -9.0456
v 8.3295 -2.4597 -9.7433
v 2.1818 -0.0911 -9.8453
v 2.1818 -11.0193 -9.8453
v 5.6966 -0.0911 -3.7576
v 5.6966 -11.0193 -3.7576
v 2.1818 -0.0911 2.3302
v 2.1818 -11.0193 2.3302
v 1.5485 -0.0911 -8.7484
v 2.1818 -0.0911 -9.8453
v 5.6966 -0.0911 -3.7576
v 4.4299 -0.0911 -3.7576
v 2.1818 -0.0911 2.3302
v 1.5485 -0.0911 1.2332
v 1.5485 -0.0911 -8.7484
v 4.4299 -0.0911 -3.7576
v 1.5485 -0.0911 1.2332
v -1.3330 -11.0193 -3.7576
v -1.3330 -11.0193 3.2719
v 2.1818 -11.0193 2.3302
v -1.3330 -11.0193 -3.7576
v -1.3330 -11.0193 -10.7871
v -1.3330 -11.0193 -3.7576
v -1.3330 -11.0193 -3.7576
v 2.1818 -11.0193 -9.8453
v -1.3330 -11.0193 -3.7576
v -1.3330 -11.0193 -3.7576
v 4.7548 -11.0193 -7.2723
v -1.3330 -11.0193 -3.7576
v -1.3330 -11.0193 -3.7576
v 5.6966 -11.0193 -3.7576
v -1.3330 -11.0193 -3.7576
v -1.3330 -11.0193 -3.7576
v 4.7548 -11.0193 -0.2428
v -1.3330 -11.0193 -3.7576
v -1.3330 -11.0193 -3.7576
v -4.8477 -0.0911 -9.8453
v -4.8477 -11.0193 -9.8453
v -8.3625 -0.0911 -3.7576
v -8.3625 -11.0193 -3.7576
v -4.8477 -0.0911 2.3302
v -4.8477 -11.0193 2.3302
v -4.2144 -0.0911 -8.7484
v -4.8477 -0.0911 -9.8453
v -8.3625 -0.0911 -3.7576
v -7.0959 -0.0911 -3.7576
v -4.8477 -0.0911 2.3302
v -4.2144 -0.0911 1.2332
v -4.2144 -0.0911 -8.7484
v -7.0959 -0.0911 -3.7576
v -4.2144 -0.0911 1.2332
v -4.8477 -11.0193 2.3302
v -4.8477 -11.0193 -9.8453
v -7.4207 -11.0193 -7.2723
v -8.3625 -11.0193 -3.7576
v -7.4207 -11.0193 -0.2428
v -7.4545 -6.8721 3.8076
v 5.4004 -6.8721 3.8076
v -7.4545 -6.8721 6.6193
v 5.4004 -6.8721 6.6193
v 5.4004 -4.4371 5.2134
v -7.4545 -4.4371 5.2134
v -3.5812 -11.4379 -17.2236
v 1.0381 -11.4379 -17.2236
v 1.0381 -13.2570 -16.6537
v -3.5812 -13.2570 -16.6537
v -3.5812 -14.3611 -18.2077
v 1.0381 -14.3611 -18.2077
v 1.0381 -12.7397 -18.1905
v 1.0381 -11.4379 -17.2236
v 1.0381 -12.7397 -18.1905
v 1.0381 -12.7397 -18.1905
v 1.0381 -13.2570 -16.6537
v 1.0381 -12.7397 -18.1905
v 1.0381 -12.7397 -18.1905
v 1.0381 -14.3611 -18.2077
v -3.5812 -12.7397 -18.1905
v -3.5812 -11.4379 -17.2236
v -3.5812 -12.7397 -18.1905
v -3.5812 -13.2570 -16.6537
v -3.5812 -12.7397 -18.1905
v -3.5812 -12.7397 -18.1905
v -3.5812 -14.3611 -18.2077
v 1.0381 -11.4178 -19.1298
v -3.5812 -11.4178 -19.1298
v 1.0381 -13.2244 -19.7379
v -3.5812 -13.2244 -19.7379
v 1.0381 -11.4178 -19.1298
v 1.0381 -13.2244 -19.7379
v -3.5812 -11.4178 -19.1298
v -3.5812 -12.7397 -18.1905
v -3.5812 -13.2244 -19.7379
v 5.0584 -12.9916 -19.6818
v 5.0584 -10.8587 -21.0668
v 5.0584 -12.9772 -21.0892
v 5.0584 -10.8735 -19.6595
v 5.5526 -10.8735 -19.6595
v 5.0584 -10.8587 -21.0668
v 5.0584 -10.8735 -19.6595
v 5.5535 -10.8587 -21.0668
v 5.5426 -12.9920 -19.6818
v 5.0584 -10.8735 -19.6595
v 5.0584 -12.9916 -19.6818
v 5.5526 -10.8735 -19.6595
v 5.5795 -5.7668 -21.0130
v 5.5426 -13.0244 -16.6142
v 2.0563 -13.0215 -16.6142
v 2.0563 -12.3554 -14.4878
v 5.5462 -12.3583 -14.4878
v 2.0563 -12.1034 -14.2304
v 3.6980 -10.5681 -13.1591
v 5.5554 -10.5695 -13.1591
v 5.0170 -8.3410 -13.1355
v 5.5668 -8.3414 -13.1355
v 5.5426 -13.0244 -16.6142
v 5.5462 -12.3583 -14.4878
v 5.5554 -10.5695 -13.1591
v 5.5760 -6.5250 -14.4262
v 5.5795 -5.8140 -16.5380
v 5.0584 -12.9916 -19.6818
v 5.5426 -12.9920 -19.6818
v 5.5526 -10.8735 -19.6595
v 5.5535 -10.8587 -21.0668
v 5.5426 -12.9920 -19.6818
v 5.5668 -8.3414 -13.1355
v 5.0502 -5.7727 -20.4474
v 5.5795 -5.8140 -16.5380
v 5.0502 -5.8140 -16.5380
v 5.5795 -5.7668 -21.0130
v 5.3921 -6.5250 -14.4262
v 5.5760 -6.5250 -14.4262
v 2.0563 -5.7668 -21.0130
v 5.0584 -10.8587 -21.0668
v 5.5795 -5.7668 -21.0130
v 5.5535 -10.8587 -21.0668
v 2.0563 -12.9772 -21.0892
v 5.0584 -12.9772 -21.0892
v 2.0563 -5.7727 -20.4474
v 2.0563 -5.7668 -21.0130
v 2.0563 -12.0371 -20.5136
v 2.0563 -12.9772 -21.0892
v 2.0563 -5.7668 -21.0130
v 2.0563 -5.7727 -20.4474
v 5.0584 -12.9772 -21.0892
v 2.0563 -12.9772 -21.0892
v 2.0563 -13.0215 -16.6142
v 2.0563 -12.3554 -14.4878
v 2.0563 -12.1034 -14.2304
v -7.7295 -12.9916 -19.6818
v -7.7295 -10.8587 -21.0668
v -7.7295 -10.8735 -19.6595
v -7.7295 -12.9772 -21.0892
v -7.7295 -10.8587 -21.0668
v -8.2237 -10.8735 -19.6595
v -7.7295 -10.8735 -19.6595
v -8.2246 -10.8587 -21.0668
v -7.7295 -10.8735 -19.6595
v -8.2137 -12.9920 -19.6818
v -7.7295 -12.9916 -19.6818
v -8.2237 -10.8735 -19.6595
v -8.2506 -5.7668 -21.0130
v -8.2137 -13.0244 -16.6142
v -4.7274 -13.0216 -16.6142
v -4.7274 -12.3554 -14.4878
v -8.2173 -12.3583 -14.4878
v -4.7274 -12.1034 -14.2304
v -6.3691 -10.5681 -13.1591
v -8.2265 -10.5695 -13.1591
v -7.6881 -8.3410 -13.1355
v -8.2378 -8.3414 -13.1355
v -8.2173 -12.3583 -14.4878
v -8.2137 -13.0244 -16.6142
v -8.2265 -10.5695 -13.1591
v -8.2506 -5.8140 -16.5380
v -8.2471 -6.5250 -14.4262
v -7.7295 -12.9916 -19.6818
v -8.2137 -12.9920 -19.6818
v -8.2237 -10.8735 -19.6595
v -8.2246 -10.8587 -21.0668
v -8.2137 -12.9920 -19.6818
v -8.2378 -8.3414 -13.1355
v -8.2506 -5.8140 -16.5380
v -7.7213 -5.7727 -20.4474
v -7.7213 -5.8140 -16.5380
v -8.2506 -5.7668 -21.0130
v -8.0632 -6.5250 -14.4262
v -8.2471 -6.5250 -14.4262
v -4.7274 -5.7668 -21.0130
v -8.2506 -5.7668 -21.0130
v -7.7295 -10.8587 -21.0668
v -8.2246 -10.8587 -21.0668
v -4.7274 -12.9772 -21.0892
v -7.7295 -12.9772 -21.0892
v -4.7274 -5.7727 -20.4474
v -4.7274 -5.7668 -21.0130
v -4.7274 -12.0371 -20.5136
v -4.7274 -12.9772 -21.0892
v -4.7274 -5.7668 -21.0130
v -4.7274 -5.7727 -20.4474
v -7.7295 -12.9772 -21.0892
v -4.7274 -12.9772 -21.0892
v -4.7274 -13.0216 -16.6142
v -4.7274 -12.0371 -20.5136
v -4.7274 -12.1034 -14.2304
v -4.7274 -12.3554 -14.4878
v 0.5117 -13.3482 -8.0751
v 0.5117 -13.2731 -15.1807
v -6.1435 -11.5650 -8.0563
v -6.1435 -11.5064 -13.8562
v 14.8741 -3.8525 -38.3806
v 14.8741 0.0000 -38.3806
v 13.6683 0.0000 -38.3015
v 14.8741 0.0000 -38.3806
v 13.6683 -3.8525 -38.3015
v 13.6683 0.0000 -38.3015
v 6.7681 -3.8525 -52.3304
v 6.7681 0.0000 -52.3304
v 6.7681 0.0000 -52.3304
v 6.1678 0.0000 -51.2906
v 6.1678 0.0000 -51.2906
v 6.1678 -3.8525 -51.2906
v 14.8793 -5.9097 -23.7433
v 13.6696 -5.9097 14.5464
v 13.6696 -5.9097 -23.7630
v 8.3184 -5.8283 25.9441
v 7.1126 -5.8284 28.3655
v 12.7000 -5.9097 22.5867
v 11.6602 -5.9097 21.9863
v 14.8754 -5.9097 14.5661
v 13.6696 -5.9097 14.5464
v 7.1126 -5.8283 17.0388
v 8.3184 -5.8283 25.9441
v 8.2606 -5.9097 15.7574
v -1.3330 -5.9097 15.7574
v 8.2606 -5.9097 15.7574
v -1.3330 -5.9097 16.9632
v 14.8793 -3.8525 -26.6866
v 13.6696 -3.8525 -26.7063
v 13.6683 -3.8525 -38.3015
v 14.8741 -3.8525 -38.3806
v -1.3330 -3.8525 -54.5007
v -1.3330 -3.8525 -53.3000
v 6.7681 -3.8525 -52.3304
v 6.1678 -3.8525 -51.2906
v 12.6974 -3.8525 -46.4011
v 11.6576 -3.8525 -45.8008
v -17.5401 -3.8525 -38.3806
v -17.5401 0.0000 -38.3806
v -16.3343 -0.0000 -38.3015
v -17.5401 0.0000 -38.3806
v -16.3343 -3.8525 -38.3015
v -16.3343 -0.0000 -38.3015
v -9.4340 -3.8525 -52.3304
v -9.4340 0.0000 -52.3304
v -9.4340 0.0000 -52.3304
v -8.8337 0.0000 -51.2906
v -8.8337 0.0000 -51.2906
v -8.8337 -3.8525 -51.2906
v -17.5452 -5.9097 -23.7433
v -16.3356 -5.9097 14.5464
v -16.3356 -5.9097 -23.7630
v -17.5440 -5.9097 14.5859
v -10.9843 -5.8284 25.9441
v -9.7785 -5.8284 28.3655
v -15.3659 -5.9097 22.5867
v -14.3261 -5.9097 21.9863
v -17.5414 -5.9097 14.5661
v -16.3356 -5.9097 14.5464
v -9.7785 -5.8284 17.0388
v -10.9843 -5.8284 25.9441
v -10.9265 -5.9097 15.7574
v -10.9265 -5.9097 15.7574
v -17.5452 -3.8525 -26.6866
v -16.3356 -3.8525 -26.7063
v -16.3343 -3.8525 -38.3015
v -17.5401 -3.8525 -38.3806
v -9.4340 -3.8525 -52.3304
v -8.8337 -3.8525 -51.2906
v -15.3633 -3.8525 -46.4011
v -14.3235 -3.8525 -45.8008
v -4.9220 -2.4730 -26.6431
v -2.3279 -2.4730 -25.6543
v -4.9220 -2.4730 -25.6543
v -2.3279 -2.4730 -26.6431
v -4.9220 -4.5129 -25.6543
v -2.3279 -2.4730 -25.6543
v -2.3279 -4.5129 -25.6543
v -4.9220 -2.4730 -25.6543
v -2.3279 -4.5129 -26.6431
v -4.9220 -2.4730 -26.6431
v -4.9220 -4.5129 -26.6431
v -2.3279 -2.4730 -26.6431
v -3.3184 -13.8960 -21.0892
v -3.3184 -13.8960 -26.9409
v -6.7529 -11.9131 -26.9409
v -6.7529 -11.9131 -21.0892
v -6.7529 -11.9131 -21.0892
v -6.7529 -11.9131 -26.9409
v -7.8509 -0.9855 -26.9409
v -4.9220 -0.9855 -23.8255
v -7.8509 -0.9855 -23.8255
v -4.9220 -0.9855 -26.9409
v -7.8509 -0.9855 -26.9409
v -7.8509 -0.9855 -23.8255
v 2.2509 -2.4730 -26.6431
v -0.3432 -2.4730 -25.6543
v -0.3432 -2.4730 -26.6431
v 2.2509 -2.4730 -25.6543
v 2.2509 -4.5129 -25.6543
v -0.3432 -2.4730 -25.6543
v 2.2509 -2.4730 -25.6543
v -0.3432 -4.5129 -25.6543
v -0.3432 -4.5129 -26.6431
v 2.2509 -2.4730 -26.6431
v -0.3432 -2.4730 -26.6431
v 2.2509 -4.5129 -26.6431
v 0.6473 -13.8960 -21.0892
v 0.6473 -13.8960 -26.9409
v 4.0818 -11.9131 -26.9409
v 4.0818 -11.9131 -21.0892
v 4.0818 -11.9131 -21.0892
v 4.0818 -11.9131 -26.9409
v 5.1798 -0.9855 -26.9409
v 2.2509 -0.9855 -23.8255
v 2.2509 -0.9855 -26.9409
v 5.1798 -0.9855 -23.8255
v 5.1798 -0.9855 -26.9409
v 5.1798 -0.9855 -23.8255
v -1.9213 -2.8513 -53.5790
v -0.5986 -2.8513 -53.5790
v -1.9905 -5.5088 -10.5731
v -0.6681 -5.5088 -10.5355
v 13.7857 -3.0989 4.2303
v -16.4568 -4.2169 4.5935
v 13.7857 -4.2169 4.5935
v -16.4568 -3.0989 4.2303
v -16.4568 -3.0989 6.1324
v 13.7857 -3.0989 6.1324
v -16.4568 -2.4079 5.1813
v 13.7857 -2.4079 5.1813
v -16.4568 -3.0989 4.2303
v 13.7857 -3.0989 4.2303
v -2.7012 -19.2104 4.8799
v -1.3330 -19.2887 5.6660
v -1.3330 -19.2887 5.6660
v 0.0353 -19.2104 4.8799
v 0.0353 -19.0537 3.3078
v -1.3330 -18.9753 2.5218
v -2.7012 -19.0537 3.3078
v -2.7012 -21.0655 4.1512
v 0.0353 -21.0655 4.1512
v -1.3330 -19.6325 2.2636
v -1.3330 -22.7686 -3.6119
v -0.3751 -6.7219 13.9735
v -1.0227 -5.7699 15.7574
v -0.3751 -5.7699 15.7574
v -1.0227 -6.7219 13.9735
v -0.3751 -6.7219 13.9735
v -1.0227 -6.7219 13.9735
v -1.0227 -5.7397 9.9938
v -0.3751 -5.7397 9.9938
v -1.0227 -3.6284 9.9938
v -0.3751 -3.6284 9.9938
v -0.3751 -3.6284 9.9938
v -0.3751 -5.7397 9.9938
v -1.0227 -5.7397 9.9938
v -1.0227 -3.6284 9.9938
v -9.1526 -6.7219 13.9735
v -8.5050 -5.7699 15.7574
v -8.5050 -6.7219 13.9735
v -9.1526 -5.7699 15.7574
v -9.1526 -6.7219 13.9735
v -8.5050 -6.7219 13.9735
v -8.5050 -5.7397 9.9938
v -9.1526 -5.7397 9.9938
v -8.5050 -3.6284 9.9938
v -9.1526 -3.6284 9.9938
v -9.1526 -3.6284 9.9938
v -9.1526 -5.7397 9.9938
v -8.5050 -5.7397 9.9938
v -8.5050 -3.6284 9.9938
v -1.0240 -3.5883 11.1089
v -8.5069 -3.5944 11.1087
v -1.0227 -5.2520 10.8112
v -8.5055 -5.2581 10.8110
v -1.0218 -6.3416 12.1031
v -8.5047 -6.3477 12.1029
v -8.5052 -5.7737 13.6925
v -1.0223 -5.7676 13.6927
v -1.0237 -4.1039 13.9904
v -8.5066 -4.1100 13.9902
v -1.0246 -3.0143 12.6985
v -8.5074 -3.0204 12.6983
v -1.0240 -3.5883 11.1089
v -1.0232 -4.6779 12.4008
v -1.0227 -5.2520 10.8112
v -1.0232 -4.6779 12.4008
v -1.0218 -6.3416 12.1031
v -1.0232 -4.6779 12.4008
v -1.0223 -5.7676 13.6927
v -1.0232 -4.6779 12.4008
v -1.0237 -4.1039 13.9904
v -1.0232 -4.6779 12.4008
v -1.0246 -3.0143 12.6985
v -1.0232 -4.6779 12.4008
v -8.5069 -3.5944 11.1087
v -8.5060 -4.6840 12.4006
v -8.5055 -5.2581 10.8110
v -8.5060 -4.6840 12.4006
v -8.5047 -6.3477 12.1029
v -8.5060 -4.6840 12.4006
v -8.5052 -5.7737 13.6925
v -8.5060 -4.6840 12.4006
v -8.5066 -4.1100 13.9902
v -8.5060 -4.6840 12.4006
v -8.5074 -3.0204 12.6983
v -8.5060 -4.6840 12.4006
v -0.5430 -11.2125 5.4763
v -0.5430 -6.3034 5.4763
v 0.0353 -11.2125 4.8980
v -1.3330 -11.2125 5.6880
v -2.1229 -11.2125 5.4763
v -2.1229 -6.3034 5.4763
v -1.3330 -11.2125 5.6880
v -2.7012 -11.2125 4.8980
v -2.9129 -6.3034 4.1081
v -2.9129 -11.2125 4.1081
v -2.7012 -11.2125 3.3181
v -2.1229 -11.2125 2.7398
v -2.1229 -6.3034 2.7398
v -1.3330 -11.2125 2.5282
v -0.5430 -6.3034 2.7398
v -0.5430 -11.2125 2.7398
v 0.0353 -11.2125 3.3181
v 0.2470 -11.2125 4.1081
v 0.2470 -6.3034 4.1081
v -0.1452 -8.9236 -0.3092
v -0.1452 -25.8746 -0.3092
v -2.5207 -25.8746 -0.3092
v -2.5207 -8.9236 -0.3092
v -3.7085 -25.8746 -2.3665
v -3.7085 -8.9236 -2.3665
v -2.5207 -25.8746 -4.4238
v -2.5207 -8.9236 -4.4238
v -0.1452 -8.9236 -4.4238
v -0.1452 -25.8746 -4.4238
v 1.0426 -8.9236 -2.3665
v 1.0426 -25.8746 -2.3665
v 7.6956 -1.8306 19.2897
v -10.4054 -1.8306 19.2897
v 7.6956 -0.8306 20.2897
v -10.4054 -0.8306 20.2897
v 7.6956 -1.8306 21.2897
v -10.4054 -1.8306 21.2897
v 7.6956 -2.8306 20.2897
v -10.4054 -2.8306 20.2897
v 1.9036 -5.2328 -25.6543
v 1.9036 -5.4023 -9.9977
v -1.2715 -3.5692 -9.9783
v -1.2715 -3.3997 -25.6543
v -4.4467 -5.2328 -25.6543
v -4.4467 -5.4023 -9.9977
v -4.9379 -7.0659 -25.6543
v -4.9379 -7.2354 -10.0170
v 2.3948 -7.0659 -25.6543
v 2.3948 -7.2354 -10.0170
v 2.1317 0.2995 -0.2930
v -1.3330 0.2995 1.1421
v -4.7976 0.2995 -0.2929
v -6.2327 0.2995 -3.7576
v -4.7976 0.2995 -7.2222
v -1.3330 0.2995 -8.6573
v 2.1317 0.2995 -7.2222
v 3.5668 0.2995 -3.7576
v 2.8387 -0.7899 0.4141
v -1.3330 -0.7899 2.1420
v -5.5046 -0.7899 0.4141
v -7.2326 -0.7899 -3.7576
v -5.5046 -0.7899 -7.9292
v -1.3330 -0.7899 -9.6572
v 2.8387 -0.7899 -7.9292
v 4.5666 -0.7899 -3.7576
v 0.4864 -11.0193 -10.5476
v 0.4864 -0.0911 -10.5476
v 3.6377 -11.0193 -8.7282
v 3.6377 -0.0911 -8.7282
v 5.4570 -0.0911 -5.5770
v 5.4570 -11.0193 -5.5770
v 5.4570 -11.0193 -1.9382
v 5.4570 -0.0911 -1.9382
v 3.6377 -0.0911 1.2130
v 3.6377 -11.0193 1.2131
v 0.4864 -11.0193 3.0324
v 0.4864 -0.0911 3.0324
v 0.4864 -0.0911 -10.5476
v 0.1586 -0.0911 -9.3241
v 3.6377 -0.0911 -8.7282
v 2.7420 -0.0911 -7.8326
v 5.4570 -0.0911 -5.5770
v 4.2336 -0.0911 -5.2491
v 4.2336 -0.0911 -2.2660
v 5.4570 -0.0911 -1.9382
v 2.7420 -0.0911 0.3174
v 3.6377 -0.0911 1.2130
v 0.1586 -0.0911 1.8090
v 0.4864 -0.0911 3.0324
v 0.1586 -0.0911 -9.3241
v 2.7420 -0.0911 -7.8326
v 4.2336 -0.0911 -5.2491
v 4.2336 -0.0911 -2.2660
v 2.7420 -0.0911 0.3174
v 0.1586 -0.0911 1.8090
v 0.4864 -11.0193 3.0324
v 0.4864 -11.0193 -10.5476
v 3.6377 -11.0193 -8.7282
v 5.4570 -11.0193 -5.5770
v 5.4570 -11.0193 -1.9382
v 3.6377 -11.0193 1.2131
v -3.1523 -11.0193 -10.5476
v -3.1523 -0.0911 -10.5476
v -6.3036 -11.0193 -8.7282
v -6.3036 -0.0911 -8.7282
v -8.1230 -0.0911 -5.5770
v -8.1230 -11.0193 -5.5770
v -8.1230 -11.0193 -1.9382
v -8.1230 -0.0911 -1.9382
v -6.3036 -0.0911 1.2130
v -6.3036 -11.0193 1.2130
v -3.1523 -11.0193 3.0324
v -3.1523 -0.0911 3.0324
v -3.1523 -0.0911 -10.5476
v -2.8245 -0.0911 -9.3241
v -6.3036 -0.0911 -8.7282
v -5.4079 -0.0911 -7.8326
v -8.1230 -0.0911 -5.5770
v -6.8995 -0.0911 -5.2491
v -6.8995 -0.0911 -2.2660
v -8.1230 -0.0911 -1.9382
v -5.4079 -0.0911 0.3174
v -6.3036 -0.0911 1.2130
v -2.8245 -0.0911 1.8090
v -3.1523 -0.0911 3.0324
v -2.8245 -0.0911 -9.3241
v -5.4079 -0.0911 -7.8326
v -6.8995 -0.0911 -5.2491
v -6.8995 -0.0911 -2.2660
v -5.4079 -0.0911 0.3174
v -2.8245 -0.0911 1.8090
v -3.1523 -11.0193 3.0324
v -3.1523 -11.0193 -10.5476
v -6.3036 -11.0193 -8.7282
v -8.1230 -11.0193 -5.5770
v -8.1230 -11.0193 -1.9382
v -6.3036 -11.0193 1.2130
v -7.4545 -3.0313 2.7784
v 5.4004 -3.0313 2.7784
v -7.4545 -5.8430 2.7784
v 5.4004 -5.8430 2.7784
v -7.4545 -7.2488 5.2134
v 5.4004 -7.2488 5.2134
v -7.4545 -5.8430 7.6484
v 5.4004 -5.8430 7.6484
v -7.4545 -3.0313 7.6484
v 5.4004 -3.0313 7.6484
v -7.4545 -1.6254 5.2134
v 5.4004 -1.6254 5.2134
v 5.4004 -3.0313 2.7784
v 5.4004 -5.8430 2.7784
v 5.4004 -7.2488 5.2134
v 5.4004 -5.8430 7.6484
v 5.4004 -3.0313 7.6484
v 5.4004 -1.6254 5.2134
v -7.4545 -3.0313 2.7784
v -7.4545 -5.8430 2.7784
v -7.4545 -7.2488 5.2134
v -7.4545 -5.8430 7.6484
v -7.4545 -3.0313 7.6484
v -7.4545 -1.6254 5.2134
v 1.0381 -11.1182 -18.1734
v -3.5812 -11.1182 -18.1734
v -3.5812 -12.2549 -16.6431
v 1.0381 -12.2549 -16.6431
v -3.5812 -14.0615 -17.2513
v 1.0381 -14.0615 -17.2513
v 1.0381 -11.1182 -18.1734
v 1.0381 -12.2549 -16.6431
v 1.0381 -14.0615 -17.2513
v -3.5812 -11.1182 -18.1734
v -3.5812 -12.7397 -18.1905
v -3.5812 -12.2549 -16.6431
v -3.5812 -14.0615 -17.2513
v -3.5812 -12.2223 -19.7274
v 1.0381 -12.2223 -19.7274
v 1.0381 -14.0414 -19.1575
v -3.5812 -14.0414 -19.1575
v 1.0381 -12.2223 -19.7274
v 1.0381 -14.0414 -19.1575
v -3.5812 -12.7397 -18.1905
v -3.5812 -12.2223 -19.7274
v -3.5812 -12.7397 -18.1905
v -3.5812 -14.0414 -19.1575
v 5.5682 -8.5872 -17.9828
v 5.5611 -9.3720 -21.0511
v 5.5656 -9.4020 -18.2103
v 2.0563 -12.8569 -15.4982
v 5.5435 -12.8598 -15.4982
v 2.8085 -11.5669 -13.6818
v 5.5502 -11.5691 -13.6818
v 4.3739 -9.4565 -12.9709
v 5.5611 -9.4573 -12.9709
v 5.2576 -7.3310 -13.6370
v 5.5719 -7.3310 -13.6370
v 5.5435 -12.8598 -15.4982
v 5.5604 -11.0535 -16.5934
v 5.5611 -10.8431 -15.7739
v 5.5502 -11.5691 -13.6818
v 5.5630 -10.2513 -15.1695
v 5.5656 -9.4365 -14.9419
v 5.5611 -9.4573 -12.9709
v 5.5786 -6.0023 -15.4258
v 5.5701 -8.0126 -15.7440
v 5.5715 -7.7850 -16.5588
v 5.5611 -10.8431 -15.7739
v 5.5630 -10.2513 -15.1695
v 5.1138 -9.4192 -16.5761
v 5.5656 -9.4365 -14.9419
v 5.5682 -8.6171 -15.1522
v 5.5701 -8.0126 -15.7440
v 5.5715 -7.7850 -16.5588
v 5.5701 -7.9953 -17.3783
v 5.5682 -8.5872 -17.9828
v 5.5656 -9.4020 -18.2103
v 5.5630 -10.2214 -18.0000
v 5.5611 -10.8259 -17.4082
v 5.5604 -11.0535 -16.5934
v 5.5611 -10.8259 -17.4082
v 5.5682 -8.6171 -15.1522
v 5.5719 -7.3310 -13.6370
v 5.5786 -6.0023 -15.4258
v 5.1546 -6.0023 -15.4258
v 5.5611 -9.3720 -21.0511
v 2.0563 -9.3720 -21.0511
v 2.0563 -9.3720 -21.0511
v 2.0563 -9.3779 -20.4855
v 2.0563 -12.9831 -20.5236
v 2.0563 -12.8569 -15.4982
v 2.0563 -12.0371 -20.5136
v 2.0563 -12.9831 -20.5236
v 2.0563 -12.9831 -20.5236
v 5.5701 -7.9953 -17.3783
v 5.5630 -10.2214 -18.0000
v -8.2393 -8.5872 -17.9828
v -8.2322 -9.3720 -21.0511
v -8.2367 -9.4020 -18.2103
v -4.7274 -12.8569 -15.4982
v -8.2146 -12.8598 -15.4982
v -5.4796 -11.5669 -13.6818
v -8.2213 -11.5691 -13.6818
v -7.0450 -9.4565 -12.9709
v -8.2322 -9.4573 -12.9709
v -7.9287 -7.3310 -13.6370
v -8.2430 -7.3310 -13.6370
v -8.2146 -12.8598 -15.4982
v -8.2322 -10.8432 -15.7739
v -8.2315 -11.0535 -16.5934
v -8.2213 -11.5691 -13.6818
v -8.2341 -10.2513 -15.1695
v -8.2367 -9.4365 -14.9419
v -8.2322 -9.4573 -12.9709
v -8.2497 -6.0023 -15.4258
v -8.2426 -7.7850 -16.5588
v -8.2412 -8.0126 -15.7440
v -8.2322 -10.8432 -15.7739
v -7.7849 -9.4192 -16.5761
v -8.2341 -10.2513 -15.1695
v -8.2367 -9.4365 -14.9419
v -8.2393 -8.6171 -15.1522
v -8.2412 -8.0126 -15.7440
v -8.2426 -7.7850 -16.5588
v -8.2412 -7.9953 -17.3783
v -8.2393 -8.5872 -17.9828
v -8.2367 -9.4020 -18.2103
v -8.2341 -10.2214 -18.0000
v -8.2322 -10.8259 -17.4082
v -8.2315 -11.0535 -16.5934
v -8.2322 -10.8259 -17.4082
v -8.2393 -8.6171 -15.1522
v -8.2430 -7.3310 -13.6370
v -8.2497 -6.0023 -15.4258
v -7.8257 -6.0023 -15.4258
v -8.2322 -9.3720 -21.0511
v -4.7274 -9.3720 -21.0511
v -4.7274 -9.3720 -21.0511
v -4.7274 -9.3780 -20.4855
v -4.7274 -12.9831 -20.5236
v -4.7274 -12.9831 -20.5236
v -4.7274 -12.8569 -15.4982
v -4.7274 -12.9831 -20.5236
v -8.2412 -7.9953 -17.3783
v -8.2341 -10.2214 -18.0000
v -1.2715 -13.4545 -20.2322
v -3.0548 -13.2161 -21.0739
v -3.0548 -13.2198 -20.2297
v 0.5117 -13.2161 -21.0739
v 0.5117 -13.2198 -20.2297
v 0.2261 -8.0588 -21.0194
v 3.6004 -11.4329 -21.0550
v 0.5117 -13.2161 -21.0739
v 0.2261 -8.1909 -8.0206
v 3.6004 -11.5650 -8.0563
v 3.6004 -11.5650 -8.0563
v 3.6004 -11.5063 -13.6092
v 0.2261 -8.1909 -8.0206
v 0.2261 -8.0588 -21.0194
v 1.2531 -12.9127 -20.2264
v 2.1735 -12.5278 -21.0666
v -1.2715 -13.4545 -20.2322
v 0.5117 -13.2198 -20.2297
v -3.3174 -7.1094 -21.0094
v -7.9268 -8.3444 -21.0224
v -3.0548 -13.2161 -21.0739
v -1.8197 -8.6070 -21.0252
v -3.0548 -13.3482 -8.0751
v -1.8197 -8.7391 -8.0264
v -3.3174 -7.2415 -8.0106
v -7.9268 -8.4765 -8.0236
v -3.0548 -13.2731 -15.1807
v -3.0548 -13.3482 -8.0751
v -7.9268 -8.4191 -13.4542
v -7.9268 -8.4765 -8.0236
v -8.1616 -6.0501 -7.9980
v -3.3896 -5.9180 -20.9968
v -3.3174 -7.2415 -8.0106
v -3.3896 -6.0501 -7.9980
v -3.3174 -7.1094 -21.0094
v -1.8197 -8.7391 -8.0264
v -1.8197 -8.6070 -21.0252
v -3.7962 -12.9127 -20.2264
v -4.7166 -12.5278 -21.0666
v -3.0548 -13.2731 -15.1807
v -3.0548 -13.2198 -20.2297
v 13.6696 -3.8525 -31.5270
v 14.8806 -3.8525 -31.5270
v 14.3183 0.0000 18.6798
v 14.3183 -5.9097 18.6798
v 10.1256 0.0000 25.9416
v 10.1257 -5.9097 25.9416
v 13.1586 0.0000 18.3690
v 14.3183 0.0000 18.6798
v 9.2767 0.0000 25.0927
v 10.1256 0.0000 25.9416
v 13.1586 0.0000 18.3690
v 13.1586 -5.9097 18.3690
v 9.2767 0.0000 25.0927
v 9.2767 -5.9097 25.0926
v 14.8780 -5.9097 14.5859
v 2.8612 -3.8525 -53.9487
v 2.8612 0.0000 -53.9487
v 10.1231 0.0000 -49.7561
v 10.1231 -3.8525 -49.7561
v 14.3157 0.0000 -42.4942
v 14.3157 -3.8525 -42.4942
v 2.5504 0.0000 -52.7890
v 2.8612 0.0000 -53.9487
v 10.1231 0.0000 -49.7561
v 9.2741 0.0000 -48.9071
v 14.3157 0.0000 -42.4942
v 13.1560 0.0000 -42.1834
v 2.5504 -3.8525 -52.7890
v 2.5504 0.0000 -52.7890
v 9.2741 -3.8525 -48.9071
v 9.2741 0.0000 -48.9071
v 13.1560 -3.8525 -42.1834
v 13.1560 0.0000 -42.1834
v 14.8780 -5.9097 14.5859
v 10.1257 -5.9097 25.9416
v 9.2767 -5.9097 25.0926
v 14.3183 -5.9097 18.6798
v 13.1586 -5.9097 18.3690
v 14.8806 -3.8525 -31.5270
v 13.6696 -3.8525 -31.5270
v 2.5504 -3.8525 -52.7890
v 2.8612 -3.8525 -53.9487
v 10.1231 -3.8525 -49.7561
v 9.2741 -3.8525 -48.9071
v 14.3157 -3.8525 -42.4942
v 13.1560 -3.8525 -42.1834
v -16.3356 -3.8525 -31.5270
v -17.5465 -3.8525 -31.5270
v -16.9842 -0.0000 18.6798
v -16.9842 -5.9097 18.6798
v -12.7916 -0.0000 25.9416
v -12.7916 -5.9097 25.9416
v -15.8245 -0.0000 18.3690
v -16.9842 -0.0000 18.6798
v -11.9426 -0.0000 25.0927
v -12.7916 -0.0000 25.9416
v -15.8245 -0.0000 18.3690
v -15.8245 -5.9097 18.3690
v -11.9426 -0.0000 25.0927
v -11.9426 -5.9097 25.0926
v -5.5271 -3.8525 -53.9487
v -5.5271 0.0000 -53.9487
v -12.7890 0.0000 -49.7561
v -12.7890 -3.8525 -49.7561
v -16.9816 -0.0000 -42.4942
v -16.9816 -3.8525 -42.4942
v -5.2164 0.0000 -52.7890
v -5.5271 0.0000 -53.9487
v -12.7890 0.0000 -49.7561
v -11.9400 -0.0000 -48.9071
v -16.9816 -0.0000 -42.4942
v -15.8219 -0.0000 -42.1834
v -5.2164 -3.8525 -52.7890
v -5.2164 0.0000 -52.7890
v -11.9400 -3.8525 -48.9071
v -11.9400 -0.0000 -48.9071
v -15.8219 -3.8525 -42.1834
v -15.8219 -0.0000 -42.1834
v -12.7916 -5.9097 25.9416
v -11.9426 -5.9097 25.0926
v -16.9842 -5.9097 18.6798
v -15.8245 -5.9097 18.3690
v -17.5465 -3.8525 -31.5270
v -16.3356 -3.8525 -31.5270
v -5.2164 -3.8525 -52.7890
v -5.5271 -3.8525 -53.9487
v -12.7890 -3.8525 -49.7561
v -11.9400 -3.8525 -48.9071
v -16.9816 -3.8525 -42.4942
v -15.8219 -3.8525 -42.1834
v -1.3355 -14.1571 -26.9409
v -1.3355 -14.1571 -21.0892
v -5.1662 -13.1307 -26.9409
v -5.1662 -13.1307 -21.0892
v -7.9704 -10.3264 -21.0892
v -7.9704 -10.3264 -26.9409
v -8.9968 -6.4958 -21.0892
v -8.9968 -6.4958 -26.9409
v -7.7497 -4.5129 -23.8255
v -1.3355 -14.1571 -21.0892
v -5.1662 -13.1307 -21.0892
v -7.9704 -10.3264 -21.0892
v -8.9968 -6.4958 -21.0892
v -1.3355 -14.1571 -26.9409
v -1.3355 -6.4958 -26.9409
v -5.1662 -13.1307 -26.9409
v -7.9704 -10.3264 -26.9409
v -8.9968 -6.4958 -26.9409
v -8.7358 -4.5129 -23.8255
v -7.8509 -2.7482 -26.9409
v -7.8509 -2.7482 -23.8255
v -8.7358 -4.5129 -26.9409
v -7.8509 -2.7482 -23.8255
v -7.8509 -0.9855 -26.9409
v -7.8509 -0.9855 -23.8255
v -7.8509 -2.7482 -26.9409
v -7.8509 -2.7482 -26.9409
v -7.8509 -2.7482 -23.8255
v -7.7497 -4.5129 -23.8255
v 2.4951 -13.1307 -26.9409
v 2.4951 -13.1306 -21.0892
v 5.2993 -10.3264 -21.0892
v 5.2993 -10.3264 -26.9409
v 6.3257 -6.4958 -21.0892
v 6.3257 -6.4958 -26.9409
v 5.0786 -4.5129 -23.8255
v 2.4951 -13.1306 -21.0892
v 5.2993 -10.3264 -21.0892
v 6.3257 -6.4958 -21.0892
v 2.4951 -13.1307 -26.9409
v 5.2993 -10.3264 -26.9409
v 6.3257 -6.4958 -26.9409
v 5.1798 -2.7482 -26.9409
v 6.0647 -4.5129 -23.8255
v 5.1798 -2.7482 -23.8255
v 6.0647 -4.5129 -26.9409
v 5.1798 -0.9855 -26.9409
v 5.1798 -2.7482 -23.8255
v 5.1798 -0.9855 -23.8255
v 5.1798 -2.7482 -26.9409
v 5.1798 -2.7482 -26.9409
v 5.1798 -2.7482 -23.8255
v 5.0786 -4.5129 -23.8255
v -0.7333 -0.1937 -35.9415
v -2.0561 -0.1937 -35.9415
v -0.7333 -5.5088 -35.9415
v -2.0561 -5.5088 -35.9415
v -2.0561 -0.1937 -35.9415
v -2.0561 -5.5088 -35.9415
v -0.7333 -5.5088 -35.9415
v -2.0561 -5.5088 -35.9415
v -0.7333 -0.1937 -35.9415
v -0.7333 -5.5088 -35.9415
v -2.9129 -14.3805 4.1081
v -2.7012 -14.3805 4.8980
v -2.1229 -14.3805 5.4763
v -1.3330 -14.3805 5.6880
v -0.5430 -14.3805 5.4763
v -1.3330 -14.3805 5.6880
v 0.0353 -14.3805 4.8980
v 0.2470 -14.3805 4.1081
v 0.0353 -14.3805 3.3181
v -0.5430 -14.3805 2.7398
v -1.3330 -14.3805 2.5282
v -2.1229 -14.3805 2.7398
v -2.7012 -14.3805 3.3181
v -2.7012 -17.5485 4.8980
v -2.9129 -19.1320 4.0939
v -2.9129 -17.5485 4.1081
v -2.1229 -17.5485 5.4763
v -2.1229 -19.2677 5.4554
v -1.3330 -17.5485 5.6880
v -1.3330 -17.5485 5.6880
v -0.5430 -19.2677 5.4554
v -0.5430 -17.5485 5.4763
v 0.0353 -17.5485 4.8980
v 0.2470 -19.1320 4.0939
v 0.2470 -17.5485 4.1081
v 0.0353 -17.5485 3.3181
v -0.5430 -18.9963 2.7324
v -0.5430 -17.5485 2.7398
v -1.3330 -17.5485 2.5282
v -2.1229 -17.5485 2.7398
v -2.1229 -18.9963 2.7324
v -2.7012 -17.5485 3.3181
v -2.9129 -20.5878 3.5220
v -2.7012 -22.2469 2.6378
v -2.9129 -21.5429 2.2795
v -2.1229 -22.7622 2.9001
v -2.1229 -21.4151 4.6118
v -1.3330 -22.9509 2.9961
v -0.5430 -21.4151 4.6118
v -1.3330 -22.9509 2.9961
v -0.5430 -22.7622 2.9001
v 0.0353 -22.2469 2.6378
v 0.2470 -20.5878 3.5220
v 0.2470 -21.5429 2.2795
v 0.0353 -20.8388 1.9212
v -0.5430 -19.7605 2.4322
v -0.5430 -20.3235 1.6589
v -1.3330 -20.1348 1.5628
v -2.1229 -20.3235 1.6589
v -2.1229 -19.7605 2.4322
v -2.7012 -20.8388 1.9212
v -2.9129 -22.2613 0.8678
v -2.7012 -22.9654 1.2261
v -2.1229 -23.4807 1.4884
v -1.3330 -23.6694 1.5845
v -0.5430 -23.4807 1.4884
v -1.3330 -23.6694 1.5845
v 0.0353 -22.9654 1.2261
v 0.2470 -22.2613 0.8678
v 0.0353 -21.5573 0.5095
v -0.5430 -21.0420 0.2472
v -1.3330 -20.8533 0.1512
v -2.1229 -21.0420 0.2472
v -2.7012 -21.5573 0.5095
v -2.1229 -25.3960 -2.2746
v -2.7012 -24.8806 -2.5369
v -2.1229 -25.3960 -2.2746
v -1.3329 -25.5846 -2.1786
v -0.5430 -25.3960 -2.2746
v -1.3329 -25.5846 -2.1786
v -0.5430 -25.3960 -2.2746
v 0.0353 -24.8806 -2.5369
v 0.0353 -24.8806 -2.5369
v 0.2469 -24.1766 -2.8952
v 0.2469 -24.1766 -2.8952
v 0.0353 -23.4726 -3.2535
v 0.0353 -23.4726 -3.2535
v -0.5430 -22.9572 -3.5158
v -0.5430 -22.9572 -3.5158
v -2.1229 -22.9572 -3.5158
v -2.1229 -22.9572 -3.5158
v -2.9129 -24.1766 -2.8952
v -2.9129 -24.1766 -2.8952
v -2.7012 -24.8806 -2.5369
v -8.5050 -6.7218 10.4057
v -9.1526 -6.7219 13.9735
v -8.5050 -6.7219 13.9735
v -9.1526 -6.7218 10.4057
v -0.3751 -6.7218 10.4057
v -1.0227 -6.7219 13.9735
v -0.3751 -6.7219 13.9735
v -1.0227 -6.7218 10.4057
v -2.0853 -2.2664 13.4525
v -2.0702 -3.7629 13.2053
v -7.3881 -2.3657 13.4174
v -7.3730 -3.8622 13.1702
v -2.0673 -3.7947 13.1832
v -2.1228 -2.4517 13.6714
v -7.4216 -2.6459 13.6015
v -7.3661 -3.9890 13.1133
v -2.0736 -1.9900 13.0845
v -2.0717 -3.9693 5.2437
v -2.0732 -2.1572 5.2052
v -2.0722 -3.7881 12.9441
v -7.3803 -1.9943 13.0843
v -7.3716 -3.9736 5.2415
v -7.3789 -3.7924 12.9439
v -7.3730 -2.1615 5.2031
v -7.3730 -2.1615 5.2031
v -2.0717 -3.9693 5.2437
v -7.3716 -3.9736 5.2415
v -2.0732 -2.1572 5.2052
v -2.0853 -2.2664 13.4525
v -7.3881 -2.3657 13.4174
v -2.1228 -2.4517 13.6714
v -7.4216 -2.6459 13.6015
v -2.0732 -2.1572 5.2052
v -7.3803 -1.9943 13.0843
v -2.0736 -1.9900 13.0845
v -7.3730 -2.1615 5.2031
v -2.0722 -3.7881 12.9441
v -7.3716 -3.9736 5.2415
v -7.3789 -3.7924 12.9439
v -2.0717 -3.9693 5.2437
v -2.0702 -3.7629 13.2053
v -7.3661 -3.9890 13.1133
v -2.0673 -3.7947 13.1832
v -7.3730 -3.8622 13.1702
v -7.3730 -3.8622 13.1702
v -2.0702 -3.7629 13.2053
vt 0.0301 0.9938
vt 0.0271 0.9693
vt 0.0301 0.9693
vt 0.0271 0.9938
vt 0.0271 0.9938
vt 0.0271 0.9693
vt 0.0178 0.9938
vt 0.0394 0.9938
vt 0.0488 0.9938
vt 0.0085 0.9938
vt 0.0301 0.9938
vt 0.0301 0.9693
vt 0.0488 0.9693
vt 0.0085 0.9693
vt 0.0301 0.9938
vt 0.0271 0.9693
vt 0.0271 0.9938
vt 0.0301 0.9693
vt 0.0271 0.9938
vt 0.0271 0.9693
vt 0.0178 0.9938
vt 0.0394 0.9938
vt 0.0488 0.9938
vt 0.0085 0.9938
vt 0.0301 0.9938
vt 0.0301 0.9693
vt 0.0488 0.9693
vt 0.0085 0.9693
vt 0.3163 0.4765
vt 0.3163 0.4562
vt 0.3254 0.4765
vt 0.3254 0.4562
vt 0.3345 0.4562
vt 0.3345 0.4765
vt 0.3436 0.4561
vt 0.3436 0.4765
vt 0.3163 0.4562
vt 0.3254 0.4562
vt 0.3242 0.4521
vt 0.3345 0.4562
vt 0.3333 0.4518
vt 0.3436 0.4561
vt 0.3426 0.4520
vt 0.3172 0.4808
vt 0.3163 0.4765
vt 0.3254 0.4765
vt 0.3266 0.4808
vt 0.3345 0.4765
vt 0.3356 0.4805
vt 0.3436 0.4765
vt 0.3110 0.4561
vt 0.2637 0.4561
vt 0.2795 0.4561
vt 0.2952 0.4561
vt 0.1969 0.3948
vt 0.1969 0.4733
vt 0.2022 0.4733
vt 0.2022 0.3948
vt 0.2076 0.4733
vt 0.2076 0.3948
vt 0.2129 0.4733
vt 0.2129 0.3948
vt 0.2183 0.4733
vt 0.2183 0.3948
vt 0.4826 0.8271
vt 0.5494 0.8271
vt 0.5494 0.8433
vt 0.4826 0.8433
vt 0.4918 0.9581
vt 0.2415 0.5968
vt 0.2213 0.6333
vt 0.2415 0.6333
vt 0.1992 0.5968
vt 0.2415 0.6333
vt 0.2590 0.5968
vt 0.2415 0.5968
vt 0.2590 0.6333
vt 0.1992 0.5968
vt 0.2415 0.5922
vt 0.1992 0.5922
vt 0.2415 0.5968
vt 0.2213 0.6333
vt 0.2374 0.6378
vt 0.2415 0.6333
vt 0.2213 0.6379
vt 0.2590 0.5968
vt 0.2590 0.5922
vt 0.2590 0.6333
vt 0.2439 0.6389
vt 0.2590 0.6389
vt 0.2590 0.6333
vt 0.2631 0.5968
vt 0.2590 0.5968
vt 0.2631 0.6333
vt 0.3208 0.6261
vt 0.2785 0.6449
vt 0.3208 0.6449
vt 0.2785 0.6261
vt 0.3208 0.6449
vt 0.3383 0.6261
vt 0.3208 0.6261
vt 0.3383 0.6449
vt 0.2785 0.6261
vt 0.3208 0.6215
vt 0.2785 0.6215
vt 0.3208 0.6261
vt 0.2785 0.6449
vt 0.3167 0.6468
vt 0.3208 0.6449
vt 0.2785 0.6468
vt 0.3383 0.6261
vt 0.3383 0.6215
vt 0.3383 0.6449
vt 0.3232 0.6473
vt 0.3383 0.6473
vt 0.3383 0.6449
vt 0.3424 0.6261
vt 0.3383 0.6261
vt 0.3424 0.6449
vt 0.2500 0.9333
vt 0.2582 0.9416
vt 0.2343 0.9332
vt 0.2343 0.9332
vt 0.2343 0.9288
vt 0.2498 0.9811
vt 0.2223 0.9810
vt 0.2582 0.9728
vt 0.2223 0.9810
vt 0.2223 0.9854
vt 0.4016 0.7998
vt 0.4016 0.8475
vt 0.3707 0.8475
vt 0.3707 0.7998
vt 0.3398 0.7998
vt 0.3398 0.8475
vt 0.3088 0.7998
vt 0.3088 0.8475
vt 0.4009 0.7945
vt 0.4016 0.7998
vt 0.3707 0.7998
vt 0.3707 0.7945
vt 0.3398 0.7945
vt 0.3398 0.7998
vt 0.3095 0.7945
vt 0.3088 0.7998
vt 0.4009 0.7945
vt 0.3552 0.7654
vt 0.3707 0.7945
vt 0.3398 0.7945
vt 0.3095 0.7945
vt 0.3707 0.8475
vt 0.3707 0.7998
vt 0.3398 0.7998
vt 0.3398 0.8475
vt 0.3707 0.7998
vt 0.3707 0.7945
vt 0.3398 0.7945
vt 0.3398 0.7998
vt 0.3707 0.7945
vt 0.3398 0.7945
vt 0.2093 0.9241
vt 0.1659 0.9241
vt 0.1659 0.9345
vt 0.2093 0.9345
vt 0.1659 0.9657
vt 0.2093 0.9657
vt 0.1659 0.9762
vt 0.2093 0.9762
vt 0.1659 0.9866
vt 0.2093 0.9866
vt 0.1428 0.9395
vt 0.1374 0.9302
vt 0.1428 0.9209
vt 0.1535 0.9209
vt 0.1589 0.9302
vt 0.1535 0.9395
vt 0.1427 0.9396
vt 0.1373 0.9303
vt 0.1427 0.9210
vt 0.1534 0.9210
vt 0.1587 0.9303
vt 0.1534 0.9396
vt 0.1216 0.5503
vt 0.1508 0.5541
vt 0.1508 0.5503
vt 0.1216 0.5541
vt 0.1216 0.5541
vt 0.1508 0.5725
vt 0.1508 0.5541
vt 0.1216 0.5725
vt 0.1216 0.5725
vt 0.1508 0.5763
vt 0.1508 0.5725
vt 0.1216 0.5763
vt 0.1216 0.5763
vt 0.1508 0.5947
vt 0.1508 0.5763
vt 0.1216 0.5947
vt 0.1529 0.5775
vt 0.1877 0.5823
vt 0.1876 0.5771
vt 0.1531 0.5943
vt 0.1527 0.5559
vt 0.1890 0.5627
vt 0.1542 0.5514
vt 0.1875 0.5672
vt 0.1529 0.5728
vt 0.1875 0.5672
vt 0.1527 0.5559
vt 0.1876 0.5724
vt 0.1529 0.5775
vt 0.1876 0.5724
vt 0.1529 0.5728
vt 0.1876 0.5771
vt 0.1911 0.8245
vt 0.1814 0.8373
vt 0.1814 0.8245
vt 0.1911 0.8373
vt 0.1814 0.8245
vt 0.0958 0.8373
vt 0.0958 0.8245
vt 0.1814 0.8373
vt 0.0958 0.8245
vt 0.0861 0.8373
vt 0.0861 0.8245
vt 0.0958 0.8373
vt 0.0958 0.8147
vt 0.1814 0.8019
vt 0.1814 0.8147
vt 0.0958 0.8019
vt 0.1814 0.8471
vt 0.0958 0.8373
vt 0.1814 0.8373
vt 0.0958 0.8471
vt 0.0958 0.8147
vt 0.1814 0.8245
vt 0.0958 0.8245
vt 0.1814 0.8147
vt 0.1911 0.8245
vt 0.1814 0.8373
vt 0.1911 0.8373
vt 0.1814 0.8245
vt 0.1814 0.8245
vt 0.0958 0.8373
vt 0.1814 0.8373
vt 0.0958 0.8245
vt 0.0958 0.8245
vt 0.0861 0.8373
vt 0.0958 0.8373
vt 0.0861 0.8245
vt 0.0958 0.8147
vt 0.1814 0.8019
vt 0.0958 0.8019
vt 0.1814 0.8147
vt 0.1814 0.8471
vt 0.0958 0.8373
vt 0.0958 0.8471
vt 0.1814 0.8373
vt 0.0958 0.8147
vt 0.1814 0.8245
vt 0.1814 0.8147
vt 0.0958 0.8245
vt 0.1194 0.7732
vt 0.1151 0.7815
vt 0.1194 0.7844
vt 0.1151 0.7732
vt 0.1856 0.7883
vt 0.1814 0.7879
vt 0.1845 0.7883
vt 0.1835 0.7798
vt 0.1856 0.7799
vt 0.1740 0.7823
vt 0.1809 0.7772
vt 0.1366 0.7306
vt 0.1428 0.7085
vt 0.1124 0.6951
vt 0.1357 0.7011
vt 0.1354 0.6954
vt 0.1134 0.7068
vt 0.1022 0.7568
vt 0.1022 0.7305
vt 0.0904 0.7305
vt 0.0935 0.7651
vt 0.0904 0.7909
vt 0.0935 0.7909
vt 0.2773 0.7729
vt 0.3003 0.8331
vt 0.3003 0.7728
vt 0.2773 0.8331
vt 0.2773 0.8331
vt 0.2716 0.7730
vt 0.2716 0.8330
vt 0.2773 0.7729
vt 0.2610 0.7729
vt 0.2610 0.8330
vt 0.1328 0.7649
vt 0.1280 0.7616
vt 0.1274 0.7615
vt 0.1323 0.7647
vt 0.1151 0.7732
vt 0.1039 0.7815
vt 0.1151 0.7815
vt 0.1039 0.7732
vt 0.1151 0.7732
vt 0.1151 0.7688
vt 0.1039 0.7732
vt 0.1039 0.7688
vt 0.0995 0.7732
vt 0.1039 0.7815
vt 0.1039 0.7732
vt 0.0995 0.7844
vt 0.1855 0.7641
vt 0.1856 0.7724
vt 0.1844 0.7641
vt 0.1818 0.7736
vt 0.1759 0.7676
vt 0.1739 0.7702
vt 0.1685 0.7224
vt 0.1527 0.7061
vt 0.1784 0.6963
vt 0.1558 0.6960
vt 0.1622 0.7642
vt 0.1575 0.7646
vt 0.1962 0.7649
vt 0.1992 0.7902
vt 0.1962 0.7902
vt 0.2397 0.7733
vt 0.2170 0.8327
vt 0.2397 0.8327
vt 0.2170 0.7733
vt 0.2506 0.7733
vt 0.2506 0.8327
vt 0.1039 0.7815
vt 0.1039 0.7867
vt 0.1151 0.7815
vt 0.1151 0.7867
vt 0.1134 0.7873
vt 0.0682 0.7065
vt 0.0425 0.8732
vt 0.0680 0.8713
vt 0.0592 0.6940
vt 0.0201 0.6949
vt 0.0373 0.8735
vt 0.0372 0.6733
vt 0.0119 0.8766
vt 0.0372 0.6733
vt 0.0425 0.8732
vt 0.0425 0.6733
vt 0.0373 0.8735
vt 0.0425 0.6733
vt 0.0470 0.9086
vt 0.0253 0.9212
vt 0.0539 0.9521
vt 0.0705 0.9326
vt 0.0515 0.9060
vt 0.0470 0.9086
vt 0.0656 0.9222
vt 0.0705 0.9326
vt 0.0736 0.8936
vt 0.0515 0.9060
vt 0.0836 0.9042
vt 0.0656 0.9222
vt 0.0120 0.7065
vt 0.0739 0.9285
vt 0.1002 0.9570
vt 0.1036 0.9530
vt 0.0902 0.9087
vt 0.1036 0.9530
vt 0.1199 0.9331
vt 0.0739 0.9285
vt 0.0839 0.9768
vt 0.0705 0.9326
vt 0.0539 0.9521
vt 0.1002 0.9570
vt 0.1319 0.9763
vt 0.1286 0.9803
vt 0.1036 0.9530
vt 0.1036 0.9530
vt 0.1482 0.9564
vt 0.1199 0.9331
vt 0.1319 0.9763
vt 0.1051 0.9937
vt 0.1002 0.9570
vt 0.0839 0.9768
vt 0.1286 0.9803
vt 0.1076 0.5735
vt 0.1048 0.5570
vt 0.0470 0.6084
vt 0.0330 0.6001
vt 0.1076 0.5735
vt 0.1076 0.5787
vt 0.0470 0.6084
vt 0.0515 0.6110
vt 0.1076 0.5787
vt 0.1098 0.5953
vt 0.0660 0.6192
vt 0.0515 0.6110
vt 0.0425 0.8732
vt 0.0682 0.7065
vt 0.0680 0.8713
vt 0.0592 0.6940
vt 0.0201 0.6949
vt 0.0373 0.8735
vt 0.0119 0.8766
vt 0.0372 0.6733
vt 0.0372 0.6733
vt 0.0425 0.8732
vt 0.0373 0.8735
vt 0.0425 0.6733
vt 0.0425 0.6733
vt 0.0470 0.9086
vt 0.0253 0.9212
vt 0.0539 0.9521
vt 0.0705 0.9326
vt 0.0515 0.9060
vt 0.0470 0.9086
vt 0.0656 0.9222
vt 0.0705 0.9326
vt 0.0736 0.8936
vt 0.0515 0.9060
vt 0.0836 0.9042
vt 0.0656 0.9222
vt 0.0120 0.7065
vt 0.0116 0.8736
vt 0.0739 0.9285
vt 0.1002 0.9570
vt 0.1036 0.9530
vt 0.1036 0.9530
vt 0.0902 0.9087
vt 0.1199 0.9331
vt 0.0739 0.9285
vt 0.0705 0.9326
vt 0.0839 0.9768
vt 0.0539 0.9521
vt 0.1002 0.9570
vt 0.1036 0.9530
vt 0.1036 0.9530
vt 0.1199 0.9331
vt 0.1002 0.9570
vt 0.0839 0.9768
vt 0.0470 0.6084
vt 0.0330 0.6001
vt 0.0470 0.6084
vt 0.0515 0.6110
vt 0.0660 0.6192
vt 0.0515 0.6110
vt 0.1880 0.6851
vt 0.1880 0.6532
vt 0.2098 0.6681
vt 0.2098 0.6532
vt 0.1576 0.6050
vt 0.1426 0.6050
vt 0.2088 0.6347
vt 0.1684 0.6455
vt 0.1792 0.6051
vt 0.1576 0.6050
vt 0.1576 0.6458
vt 0.0743 0.6346
vt 0.1039 0.6050
vt 0.1256 0.6050
vt 0.2475 0.6681
vt 0.2680 0.6851
vt 0.2680 0.6681
vt 0.2475 0.6851
vt 0.1256 0.6456
vt 0.1426 0.6259
vt 0.1256 0.6259
vt 0.1576 0.6458
vt 0.1256 0.6456
vt 0.1256 0.6259
vt 0.2315 0.7011
vt 0.2110 0.7011
vt 0.2098 0.6851
vt 0.2315 0.6521
vt 0.2110 0.6521
vt 0.2098 0.6681
vt 0.2098 0.6851
vt 0.1880 0.6851
vt 0.1880 0.6532
vt 0.2098 0.6681
vt 0.2098 0.6532
vt 0.1576 0.6050
vt 0.1426 0.6050
vt 0.2088 0.6347
vt 0.1792 0.6051
vt 0.1576 0.6050
vt 0.0742 0.6562
vt 0.1036 0.6860
vt 0.1252 0.6862
vt 0.2680 0.6851
vt 0.2475 0.6681
vt 0.2680 0.6681
vt 0.2475 0.6851
vt 0.1426 0.6259
vt 0.1256 0.6458
vt 0.1256 0.6259
vt 0.1254 0.6654
vt 0.2315 0.7011
vt 0.2110 0.7011
vt 0.2098 0.6851
vt 0.2315 0.6521
vt 0.2110 0.6521
vt 0.2098 0.6681
vt 0.2098 0.6851
vt 0.0995 0.8793
vt 0.0994 0.8854
vt 0.2997 0.8554
vt 0.2995 0.8801
vt 0.2996 0.9110
vt 0.2997 0.8863
vt 0.2995 0.8801
vt 0.2997 0.8863
vt 0.0996 0.8669
vt 0.0995 0.8793
vt 0.0994 0.8978
vt 0.0994 0.8854
vt 0.2406 0.5391
vt 0.2406 0.3933
vt 0.2637 0.5165
vt 0.3110 0.5165
vt 0.2952 0.5165
vt 0.2795 0.5165
vt 0.2795 0.5507
vt 0.0178 0.9746
vt 0.0394 0.9746
vt 0.0488 0.9693
vt 0.0498 0.9664
vt 0.0394 0.9638
vt 0.0394 0.9668
vt 0.0289 0.9665
vt 0.0301 0.9693
vt 0.0394 0.9668
vt 0.0178 0.9668
vt 0.0178 0.9746
vt 0.0394 0.9746
vt 0.0488 0.9693
vt 0.0498 0.9664
vt 0.0394 0.9638
vt 0.0394 0.9668
vt 0.0289 0.9665
vt 0.0301 0.9693
vt 0.0394 0.9668
vt 0.0178 0.9668
vt 0.3208 0.4765
vt 0.3208 0.4561
vt 0.3299 0.4562
vt 0.3299 0.4765
vt 0.3390 0.4561
vt 0.3390 0.4765
vt 0.3208 0.4561
vt 0.3198 0.4521
vt 0.3299 0.4562
vt 0.3286 0.4520
vt 0.3390 0.4561
vt 0.3379 0.4518
vt 0.3208 0.4765
vt 0.3220 0.4809
vt 0.3299 0.4765
vt 0.3312 0.4806
vt 0.3390 0.4765
vt 0.3400 0.4806
vt 0.3031 0.4561
vt 0.2716 0.4561
vt 0.2873 0.4561
vt 0.2102 0.5370
vt 0.2102 0.4828
vt 0.2195 0.4828
vt 0.2195 0.5370
vt 0.1632 0.4828
vt 0.1632 0.5370
vt 0.1726 0.5370
vt 0.1726 0.4828
vt 0.1820 0.5370
vt 0.1820 0.4828
vt 0.1914 0.5370
vt 0.1914 0.4828
vt 0.2008 0.4828
vt 0.2008 0.5370
vt 0.4918 0.9835
vt 0.5092 0.9761
vt 0.5164 0.9581
vt 0.5092 0.9401
vt 0.4918 0.9327
vt 0.4743 0.9401
vt 0.4671 0.9581
vt 0.4743 0.9761
vt 0.4918 0.9965
vt 0.5181 0.9852
vt 0.5290 0.9581
vt 0.5181 0.9310
vt 0.4918 0.9198
vt 0.4654 0.9310
vt 0.4545 0.9581
vt 0.4654 0.9852
vt 0.2213 0.5547
vt 0.2415 0.5922
vt 0.2415 0.5547
vt 0.1992 0.5922
vt 0.2415 0.5547
vt 0.2590 0.5922
vt 0.2590 0.5547
vt 0.2415 0.5922
vt 0.3006 0.5840
vt 0.3208 0.6215
vt 0.3208 0.5840
vt 0.2785 0.6215
vt 0.3208 0.5840
vt 0.3383 0.6215
vt 0.3383 0.5840
vt 0.3208 0.6215
vt 0.2710 0.9333
vt 0.2763 0.9546
vt 0.2764 0.9333
vt 0.2626 0.9545
vt 0.2626 0.9414
vt 0.2626 0.9545
vt 0.2582 0.9416
vt 0.2582 0.9545
vt 0.2626 0.9414
vt 0.2582 0.9545
vt 0.2342 0.9545
vt 0.2506 0.9290
vt 0.2500 0.9333
vt 0.2608 0.9353
vt 0.2571 0.9374
vt 0.2540 0.9343
vt 0.2561 0.9307
vt 0.2637 0.9375
vt 0.2668 0.9344
vt 0.2571 0.9374
vt 0.2540 0.9343
vt 0.2709 0.9812
vt 0.2625 0.9731
vt 0.2881 0.9813
vt 0.2625 0.9731
vt 0.2582 0.9728
vt 0.2504 0.9854
vt 0.2498 0.9811
vt 0.2607 0.9791
vt 0.2570 0.9769
vt 0.2559 0.9837
vt 0.2538 0.9800
vt 0.2667 0.9800
vt 0.2636 0.9770
vt 0.2570 0.9769
vt 0.2538 0.9800
vt 0.3862 0.7998
vt 0.3862 0.8475
vt 0.3552 0.7998
vt 0.3552 0.8475
vt 0.3243 0.7998
vt 0.3243 0.8475
vt 0.3862 0.7945
vt 0.3862 0.7998
vt 0.3552 0.7998
vt 0.3552 0.7945
vt 0.3243 0.7998
vt 0.3243 0.7945
vt 0.3862 0.7945
vt 0.3552 0.7945
vt 0.3243 0.7945
vt 0.3127 0.8588
vt 0.3088 0.8475
vt 0.3243 0.8475
vt 0.3204 0.8588
vt 0.4016 0.8475
vt 0.3977 0.8588
vt 0.3900 0.8588
vt 0.3862 0.8475
vt 0.3823 0.8588
vt 0.3746 0.8588
vt 0.3707 0.8475
vt 0.3668 0.8588
vt 0.3591 0.8588
vt 0.3552 0.8475
vt 0.3514 0.8588
vt 0.3436 0.8588
vt 0.3398 0.8475
vt 0.3359 0.8588
vt 0.3281 0.8588
vt 0.3862 0.7998
vt 0.3862 0.8475
vt 0.3552 0.7998
vt 0.3552 0.8475
vt 0.3243 0.7998
vt 0.3243 0.8475
vt 0.3862 0.7945
vt 0.3862 0.7998
vt 0.3552 0.7998
vt 0.3552 0.7945
vt 0.3243 0.7998
vt 0.3243 0.7945
vt 0.3862 0.7945
vt 0.3552 0.7945
vt 0.3243 0.7945
vt 0.3243 0.8475
vt 0.3862 0.8475
vt 0.3707 0.8475
vt 0.3552 0.8475
vt 0.3398 0.8475
vt 0.1659 0.9449
vt 0.2093 0.9449
vt 0.1659 0.9553
vt 0.2093 0.9553
vt 0.1481 0.9303
vt 0.1481 0.9303
vt 0.1100 0.5351
vt 0.0982 0.5351
vt 0.0982 0.5299
vt 0.1100 0.5299
vt 0.1100 0.5247
vt 0.0982 0.5247
vt 0.0941 0.5370
vt 0.0982 0.5351
vt 0.0941 0.5344
vt 0.0941 0.5318
vt 0.0982 0.5299
vt 0.0941 0.5292
vt 0.0941 0.5266
vt 0.0982 0.5247
vt 0.1141 0.5370
vt 0.1100 0.5351
vt 0.1141 0.5318
vt 0.1100 0.5299
vt 0.1141 0.5292
vt 0.1141 0.5266
vt 0.1100 0.5247
vt 0.0982 0.5351
vt 0.1100 0.5351
vt 0.0982 0.5299
vt 0.1100 0.5299
vt 0.0982 0.5351
vt 0.0982 0.5299
vt 0.1100 0.5351
vt 0.1141 0.5344
vt 0.1100 0.5299
vt 0.2197 0.7221
vt 0.2295 0.7286
vt 0.2197 0.7286
vt 0.2295 0.7222
vt 0.2318 0.7222
vt 0.2295 0.7286
vt 0.2295 0.7222
vt 0.2317 0.7286
vt 0.2775 0.7238
vt 0.2753 0.7335
vt 0.2753 0.7237
vt 0.2775 0.7335
vt 0.2711 0.7568
vt 0.2402 0.7633
vt 0.2402 0.7473
vt 0.2505 0.7473
vt 0.2505 0.7633
vt 0.2522 0.7473
vt 0.2608 0.7553
vt 0.2608 0.7633
vt 0.2712 0.7610
vt 0.2712 0.7633
vt 0.2915 0.7238
vt 0.3012 0.7269
vt 0.3072 0.7351
vt 0.3012 0.7536
vt 0.2916 0.7567
vt 0.2262 0.7610
vt 0.2262 0.7633
vt 0.2775 0.7335
vt 0.2711 0.7335
vt 0.2775 0.7238
vt 0.3072 0.7453
vt 0.3096 0.7625
vt 0.2918 0.7634
vt 0.2918 0.7625
vt 0.3122 0.7634
vt 0.2815 0.7625
vt 0.2815 0.7634
vt 0.2527 0.7424
vt 0.2295 0.7286
vt 0.2528 0.7263
vt 0.2295 0.7263
vt 0.2197 0.7424
vt 0.2197 0.7286
vt 0.2527 0.7450
vt 0.2527 0.7424
vt 0.2241 0.7450
vt 0.2197 0.7424
vt 0.3122 0.7473
vt 0.3096 0.7473
vt 0.2198 0.7610
vt 0.2198 0.7473
vt 0.2548 0.7377
vt 0.2573 0.7447
vt 0.2582 0.7455
vt 0.2197 0.7221
vt 0.2295 0.7286
vt 0.2295 0.7222
vt 0.2197 0.7286
vt 0.2295 0.7286
vt 0.2318 0.7222
vt 0.2295 0.7222
vt 0.2317 0.7286
vt 0.2753 0.7335
vt 0.2775 0.7238
vt 0.2753 0.7237
vt 0.2775 0.7335
vt 0.2711 0.7568
vt 0.2402 0.7633
vt 0.2402 0.7473
vt 0.2505 0.7473
vt 0.2505 0.7633
vt 0.2522 0.7473
vt 0.2608 0.7553
vt 0.2608 0.7633
vt 0.2712 0.7610
vt 0.2712 0.7633
vt 0.3012 0.7269
vt 0.2915 0.7238
vt 0.3072 0.7351
vt 0.2916 0.7567
vt 0.3012 0.7536
vt 0.2262 0.7610
vt 0.2262 0.7633
vt 0.2775 0.7335
vt 0.2711 0.7335
vt 0.2775 0.7238
vt 0.3072 0.7453
vt 0.2918 0.7634
vt 0.3096 0.7625
vt 0.2918 0.7625
vt 0.3122 0.7634
vt 0.2815 0.7625
vt 0.2815 0.7634
vt 0.2527 0.7424
vt 0.2528 0.7263
vt 0.2295 0.7286
vt 0.2295 0.7263
vt 0.2197 0.7424
vt 0.2197 0.7286
vt 0.2527 0.7450
vt 0.2527 0.7424
vt 0.2241 0.7450
vt 0.2197 0.7424
vt 0.3122 0.7473
vt 0.3096 0.7473
vt 0.2198 0.7610
vt 0.2198 0.7473
vt 0.2548 0.7377
vt 0.2582 0.7249
vt 0.2582 0.7455
vt 0.2573 0.7447
vt 0.1366 0.7306
vt 0.1366 0.7648
vt 0.1707 0.7308
vt 0.1707 0.7584
vt 0.0207 0.6420
vt 0.0373 0.6435
vt 0.0425 0.6438
vt 0.0373 0.6435
vt 0.0592 0.6449
vt 0.0425 0.6438
vt 0.0636 0.5694
vt 0.0717 0.5836
vt 0.0717 0.5836
vt 0.0744 0.5881
vt 0.0744 0.5881
vt 0.0823 0.6027
vt 0.0120 0.7065
vt 0.0063 0.8734
vt 0.0072 0.7049
vt 0.0422 0.9491
vt 0.0539 0.9521
vt 0.0253 0.9212
vt 0.0210 0.9236
vt 0.0119 0.8766
vt 0.0071 0.8792
vt 0.0839 0.9768
vt 0.0509 0.9564
vt 0.0806 0.9809
vt 0.1018 0.9977
vt 0.0806 0.9809
vt 0.1051 0.9937
vt 0.0201 0.6949
vt 0.0153 0.6933
vt 0.0156 0.6414
vt 0.0207 0.6420
vt 0.1048 0.5570
vt 0.1028 0.5521
vt 0.0636 0.5694
vt 0.0613 0.5650
vt 0.0330 0.6001
vt 0.0287 0.5976
vt 0.0207 0.6420
vt 0.0373 0.6435
vt 0.0425 0.6438
vt 0.0373 0.6435
vt 0.0592 0.6449
vt 0.0425 0.6438
vt 0.0636 0.5694
vt 0.0717 0.5836
vt 0.0717 0.5836
vt 0.0744 0.5881
vt 0.0744 0.5881
vt 0.0823 0.6027
vt 0.0120 0.7065
vt 0.0063 0.8734
vt 0.0072 0.7049
vt 0.0116 0.8736
vt 0.0422 0.9491
vt 0.0539 0.9521
vt 0.0253 0.9212
vt 0.0210 0.9236
vt 0.0119 0.8766
vt 0.0071 0.8792
vt 0.0839 0.9768
vt 0.0509 0.9564
vt 0.0806 0.9809
vt 0.0806 0.9809
vt 0.0201 0.6949
vt 0.0153 0.6933
vt 0.0156 0.6414
vt 0.0207 0.6420
vt 0.0636 0.5694
vt 0.0613 0.5650
vt 0.0330 0.6001
vt 0.0287 0.5976
vt 0.2534 0.6956
vt 0.2590 0.7104
vt 0.2590 0.6956
vt 0.2534 0.7104
vt 0.2706 0.6956
vt 0.2590 0.7104
vt 0.2706 0.7104
vt 0.2590 0.6956
vt 0.2418 0.7104
vt 0.2534 0.6956
vt 0.2418 0.6956
vt 0.2534 0.7104
vt 0.1443 0.6532
vt 0.1443 0.6851
vt 0.1661 0.6851
vt 0.1661 0.6532
vt 0.1980 0.6159
vt 0.0852 0.6159
vt 0.2315 0.6851
vt 0.2475 0.6681
vt 0.2315 0.6681
vt 0.2475 0.6851
vt 0.2315 0.6851
vt 0.2315 0.6681
vt 0.2534 0.6956
vt 0.2590 0.7104
vt 0.2534 0.7104
vt 0.2590 0.6956
vt 0.2706 0.6956
vt 0.2590 0.7104
vt 0.2590 0.6956
vt 0.2706 0.7104
vt 0.2418 0.7104
vt 0.2534 0.6956
vt 0.2534 0.7104
vt 0.2418 0.6956
vt 0.1443 0.6532
vt 0.1443 0.6851
vt 0.1661 0.6851
vt 0.1661 0.6532
vt 0.1980 0.6159
vt 0.0849 0.6750
vt 0.2315 0.6851
vt 0.2475 0.6681
vt 0.2475 0.6851
vt 0.2315 0.6681
vt 0.2315 0.6851
vt 0.2315 0.6681
vt 0.0985 0.9039
vt 0.0994 0.8978
vt 0.2994 0.9171
vt 0.2996 0.9110
vt 0.2304 0.3933
vt 0.2355 0.5391
vt 0.2355 0.3933
vt 0.2304 0.5391
vt 0.2457 0.5391
vt 0.2457 0.3933
vt 0.2508 0.5391
vt 0.2508 0.3933
vt 0.2559 0.5391
vt 0.2559 0.3933
vt 0.2716 0.5101
vt 0.2637 0.5101
vt 0.3110 0.5101
vt 0.3031 0.5101
vt 0.2952 0.5101
vt 0.2873 0.5101
vt 0.2795 0.5101
vt 0.2716 0.5165
vt 0.3031 0.5165
vt 0.2873 0.5165
vt 0.2873 0.5507
vt 0.0488 0.9856
vt 0.0517 0.9938
vt 0.0488 0.9938
vt 0.0517 0.9856
vt 0.0488 0.9856
vt 0.0085 0.9856
vt 0.0450 0.9645
vt 0.0443 0.9674
vt 0.0338 0.9646
vt 0.0346 0.9674
vt 0.0346 0.9674
vt 0.0443 0.9674
vt 0.0130 0.9674
vt 0.0226 0.9674
vt 0.0488 0.9856
vt 0.0517 0.9938
vt 0.0517 0.9856
vt 0.0488 0.9938
vt 0.0488 0.9856
vt 0.0085 0.9856
vt 0.0450 0.9645
vt 0.0443 0.9674
vt 0.0338 0.9646
vt 0.0346 0.9674
vt 0.0346 0.9674
vt 0.0443 0.9674
vt 0.0130 0.9674
vt 0.0226 0.9674
vt 0.3185 0.4561
vt 0.3185 0.4766
vt 0.3231 0.4562
vt 0.3231 0.4765
vt 0.3276 0.4561
vt 0.3276 0.4765
vt 0.3322 0.4765
vt 0.3322 0.4561
vt 0.3367 0.4562
vt 0.3367 0.4765
vt 0.3413 0.4562
vt 0.3413 0.4765
vt 0.3185 0.4561
vt 0.3175 0.4521
vt 0.3231 0.4562
vt 0.3220 0.4522
vt 0.3276 0.4561
vt 0.3263 0.4521
vt 0.3322 0.4561
vt 0.3309 0.4519
vt 0.3367 0.4562
vt 0.3356 0.4518
vt 0.3413 0.4562
vt 0.3403 0.4519
vt 0.3185 0.4766
vt 0.3196 0.4809
vt 0.3231 0.4765
vt 0.3243 0.4809
vt 0.3276 0.4765
vt 0.3290 0.4807
vt 0.3322 0.4765
vt 0.3334 0.4806
vt 0.3367 0.4765
vt 0.3378 0.4806
vt 0.3413 0.4765
vt 0.3423 0.4807
vt 0.3070 0.4779
vt 0.3070 0.4561
vt 0.3031 0.4779
vt 0.3110 0.4779
vt 0.2676 0.4779
vt 0.2676 0.4561
vt 0.2637 0.4779
vt 0.2716 0.4779
vt 0.2755 0.4561
vt 0.2755 0.4779
vt 0.2795 0.4779
vt 0.2834 0.4779
vt 0.2834 0.4561
vt 0.2873 0.4779
vt 0.2913 0.4561
vt 0.2913 0.4779
vt 0.2952 0.4779
vt 0.2992 0.4779
vt 0.2992 0.4561
vt 0.2149 0.4828
vt 0.2149 0.5370
vt 0.1679 0.5370
vt 0.1679 0.4828
vt 0.1773 0.5370
vt 0.1773 0.4828
vt 0.1867 0.5370
vt 0.1867 0.4828
vt 0.1961 0.4828
vt 0.1961 0.5370
vt 0.2055 0.4828
vt 0.2055 0.5370
vt 0.1995 0.4733
vt 0.1995 0.3948
vt 0.2049 0.4733
vt 0.2049 0.3948
vt 0.2103 0.4733
vt 0.2103 0.3948
vt 0.2156 0.4733
vt 0.2156 0.3948
vt 0.5494 0.8190
vt 0.4826 0.8190
vt 0.4826 0.8352
vt 0.5495 0.8352
vt 0.5494 0.8514
vt 0.4826 0.8514
vt 0.5493 0.8595
vt 0.4826 0.8595
vt 0.5493 0.8109
vt 0.4826 0.8109
vt 0.5012 0.9816
vt 0.5146 0.9678
vt 0.5146 0.9484
vt 0.5012 0.9346
vt 0.4823 0.9346
vt 0.4690 0.9484
vt 0.4690 0.9678
vt 0.4823 0.9816
vt 0.5060 0.9935
vt 0.5262 0.9728
vt 0.5262 0.9434
vt 0.5060 0.9227
vt 0.4775 0.9227
vt 0.4573 0.9434
vt 0.4573 0.9728
vt 0.4775 0.9935
vt 0.3939 0.8475
vt 0.3939 0.7998
vt 0.3784 0.8475
vt 0.3784 0.7998
vt 0.3630 0.7998
vt 0.3630 0.8474
vt 0.3475 0.8474
vt 0.3475 0.7998
vt 0.3320 0.7998
vt 0.3320 0.8475
vt 0.3166 0.8475
vt 0.3166 0.7998
vt 0.3939 0.7998
vt 0.3939 0.7945
vt 0.3784 0.7998
vt 0.3784 0.7945
vt 0.3630 0.7998
vt 0.3630 0.7945
vt 0.3475 0.7945
vt 0.3475 0.7998
vt 0.3320 0.7945
vt 0.3320 0.7998
vt 0.3166 0.7945
vt 0.3166 0.7998
vt 0.3939 0.7945
vt 0.3784 0.7945
vt 0.3630 0.7945
vt 0.3475 0.7945
vt 0.3320 0.7945
vt 0.3166 0.7945
vt 0.3166 0.8475
vt 0.3939 0.8475
vt 0.3784 0.8475
vt 0.3630 0.8474
vt 0.3475 0.8474
vt 0.3320 0.8475
vt 0.3939 0.8475
vt 0.3939 0.7998
vt 0.3784 0.8475
vt 0.3784 0.7998
vt 0.3630 0.7998
vt 0.3630 0.8474
vt 0.3475 0.8474
vt 0.3475 0.7998
vt 0.3320 0.7998
vt 0.3320 0.8475
vt 0.3166 0.8475
vt 0.3166 0.7998
vt 0.3939 0.7998
vt 0.3939 0.7945
vt 0.3784 0.7998
vt 0.3784 0.7945
vt 0.3630 0.7998
vt 0.3630 0.7945
vt 0.3475 0.7945
vt 0.3475 0.7998
vt 0.3320 0.7945
vt 0.3320 0.7998
vt 0.3166 0.7945
vt 0.3166 0.7998
vt 0.3939 0.7945
vt 0.3784 0.7945
vt 0.3630 0.7945
vt 0.3475 0.7945
vt 0.3320 0.7945
vt 0.3166 0.7945
vt 0.3166 0.8475
vt 0.3939 0.8475
vt 0.3784 0.8475
vt 0.3630 0.8474
vt 0.3475 0.8474
vt 0.3320 0.8475
vt 0.1659 0.9293
vt 0.2093 0.9293
vt 0.1659 0.9397
vt 0.2093 0.9397
vt 0.1659 0.9501
vt 0.2093 0.9501
vt 0.1659 0.9605
vt 0.2093 0.9605
vt 0.1659 0.9709
vt 0.2093 0.9709
vt 0.1659 0.9814
vt 0.2093 0.9814
vt 0.1389 0.9355
vt 0.1389 0.9248
vt 0.1481 0.9195
vt 0.1574 0.9248
vt 0.1574 0.9355
vt 0.1481 0.9409
vt 0.1387 0.9357
vt 0.1387 0.9250
vt 0.1480 0.9196
vt 0.1573 0.9250
vt 0.1573 0.9357
vt 0.1481 0.9411
vt 0.0982 0.5376
vt 0.1100 0.5376
vt 0.1100 0.5325
vt 0.0982 0.5325
vt 0.1100 0.5273
vt 0.0982 0.5273
vt 0.0982 0.5376
vt 0.0982 0.5325
vt 0.0982 0.5273
vt 0.1100 0.5376
vt 0.1141 0.5344
vt 0.1100 0.5325
vt 0.1100 0.5273
vt 0.1100 0.5325
vt 0.0982 0.5325
vt 0.0982 0.5273
vt 0.1100 0.5273
vt 0.0982 0.5325
vt 0.0982 0.5273
vt 0.1141 0.5370
vt 0.1100 0.5325
vt 0.1141 0.5318
vt 0.1100 0.5273
vt 0.2858 0.7436
vt 0.2711 0.7403
vt 0.2849 0.7402
vt 0.2454 0.7473
vt 0.2454 0.7633
vt 0.2557 0.7508
vt 0.2557 0.7633
vt 0.2660 0.7589
vt 0.2660 0.7633
vt 0.2763 0.7619
vt 0.2763 0.7634
vt 0.2966 0.7246
vt 0.2915 0.7336
vt 0.2949 0.7344
vt 0.3049 0.7305
vt 0.2973 0.7369
vt 0.2982 0.7402
vt 0.3080 0.7402
vt 0.2967 0.7559
vt 0.2949 0.7460
vt 0.2916 0.7469
vt 0.2949 0.7344
vt 0.2973 0.7369
vt 0.2915 0.7402
vt 0.2982 0.7402
vt 0.2973 0.7436
vt 0.2949 0.7460
vt 0.2916 0.7469
vt 0.2882 0.7460
vt 0.2858 0.7436
vt 0.2849 0.7402
vt 0.2858 0.7369
vt 0.2882 0.7345
vt 0.2915 0.7336
vt 0.2882 0.7345
vt 0.2973 0.7436
vt 0.3049 0.7499
vt 0.2866 0.7634
vt 0.2866 0.7625
vt 0.2363 0.7263
vt 0.2362 0.7424
vt 0.2362 0.7424
vt 0.2362 0.7450
vt 0.2224 0.7473
vt 0.2554 0.7414
vt 0.2582 0.7249
vt 0.2547 0.7249
vt 0.2197 0.7450
vt 0.2882 0.7460
vt 0.2858 0.7369
vt 0.2858 0.7436
vt 0.2711 0.7403
vt 0.2849 0.7402
vt 0.2454 0.7473
vt 0.2454 0.7633
vt 0.2557 0.7508
vt 0.2557 0.7633
vt 0.2660 0.7589
vt 0.2660 0.7633
vt 0.2763 0.7619
vt 0.2763 0.7634
vt 0.2966 0.7246
vt 0.2949 0.7344
vt 0.2915 0.7336
vt 0.3049 0.7305
vt 0.2973 0.7369
vt 0.2982 0.7402
vt 0.3080 0.7402
vt 0.2967 0.7559
vt 0.2916 0.7469
vt 0.2949 0.7460
vt 0.2949 0.7344
vt 0.2915 0.7402
vt 0.2973 0.7369
vt 0.2982 0.7402
vt 0.2973 0.7436
vt 0.2949 0.7460
vt 0.2916 0.7469
vt 0.2882 0.7460
vt 0.2858 0.7436
vt 0.2849 0.7402
vt 0.2858 0.7369
vt 0.2882 0.7345
vt 0.2915 0.7336
vt 0.2882 0.7345
vt 0.2973 0.7436
vt 0.3049 0.7499
vt 0.2866 0.7634
vt 0.2866 0.7625
vt 0.2363 0.7263
vt 0.2362 0.7424
vt 0.2362 0.7424
vt 0.2362 0.7450
vt 0.2224 0.7473
vt 0.2547 0.7249
vt 0.2554 0.7414
vt 0.2197 0.7450
vt 0.2882 0.7460
vt 0.2858 0.7369
vt 0.1450 0.7886
vt 0.1536 0.7905
vt 0.1536 0.7888
vt 0.1364 0.7906
vt 0.1364 0.7890
vt 0.1818 0.7789
vt 0.1759 0.7848
vt 0.1727 0.7794
vt 0.1383 0.7057
vt 0.1218 0.7218
vt 0.1194 0.7305
vt 0.1194 0.7573
vt 0.2663 0.7730
vt 0.2663 0.8330
vt 0.1325 0.7890
vt 0.1277 0.7907
vt 0.1095 0.7676
vt 0.1134 0.7681
vt 0.1835 0.7726
vt 0.1813 0.7645
vt 0.1727 0.7731
vt 0.1809 0.7752
vt 0.1537 0.7307
vt 0.1481 0.7086
vt 0.1553 0.7017
vt 0.1772 0.7078
vt 0.1537 0.7647
vt 0.1537 0.7307
vt 0.1876 0.7566
vt 0.1876 0.7308
vt 0.1992 0.7308
vt 0.2397 0.8327
vt 0.2454 0.7733
vt 0.2397 0.7733
vt 0.2454 0.8327
vt 0.2558 0.7731
vt 0.2558 0.8328
vt 0.1575 0.7888
vt 0.1622 0.7905
vt 0.1056 0.7873
vt 0.1056 0.7682
vt 0.0592 0.6733
vt 0.0205 0.6731
vt 0.0398 0.8915
vt 0.0155 0.8985
vt 0.0580 0.9227
vt 0.0396 0.9400
vt 0.0448 0.8902
vt 0.0398 0.8915
vt 0.0615 0.9190
vt 0.0580 0.9227
vt 0.0448 0.8902
vt 0.0692 0.8837
vt 0.0615 0.9190
vt 0.0808 0.9024
vt 0.0116 0.8736
vt 0.0844 0.5603
vt 0.0892 0.5760
vt 0.0585 0.5939
vt 0.0468 0.5824
vt 0.0398 0.6255
vt 0.0240 0.6209
vt 0.0906 0.5810
vt 0.0892 0.5760
vt 0.0585 0.5939
vt 0.0621 0.5976
vt 0.0398 0.6255
vt 0.0448 0.6268
vt 0.0948 0.5971
vt 0.0906 0.5810
vt 0.0741 0.6092
vt 0.0621 0.5976
vt 0.0609 0.6311
vt 0.0448 0.6268
vt 0.0116 0.8736
vt 0.0396 0.9400
vt 0.0358 0.9433
vt 0.0155 0.8985
vt 0.0109 0.8999
vt 0.0205 0.6731
vt 0.0152 0.6730
vt 0.0828 0.5556
vt 0.0844 0.5603
vt 0.0468 0.5824
vt 0.0432 0.5790
vt 0.0240 0.6209
vt 0.0193 0.6195
vt 0.0592 0.6733
vt 0.0205 0.6731
vt 0.0398 0.8915
vt 0.0155 0.8985
vt 0.0580 0.9227
vt 0.0396 0.9400
vt 0.0448 0.8902
vt 0.0398 0.8915
vt 0.0615 0.9190
vt 0.0580 0.9227
vt 0.0448 0.8902
vt 0.0692 0.8837
vt 0.0615 0.9190
vt 0.0808 0.9024
vt 0.0844 0.5603
vt 0.0892 0.5760
vt 0.0585 0.5939
vt 0.0468 0.5824
vt 0.0398 0.6255
vt 0.0240 0.6209
vt 0.0906 0.5810
vt 0.0892 0.5760
vt 0.0585 0.5939
vt 0.0621 0.5976
vt 0.0398 0.6255
vt 0.0448 0.6268
vt 0.0948 0.5971
vt 0.0906 0.5810
vt 0.0741 0.6092
vt 0.0621 0.5976
vt 0.0609 0.6311
vt 0.0448 0.6268
vt 0.0396 0.9400
vt 0.0358 0.9433
vt 0.0155 0.8985
vt 0.0109 0.8999
vt 0.0205 0.6731
vt 0.0152 0.6730
vt 0.0828 0.5556
vt 0.0844 0.5603
vt 0.0468 0.5824
vt 0.0432 0.5790
vt 0.0240 0.6209
vt 0.0193 0.6195
vt 0.1334 0.6851
vt 0.1333 0.6532
vt 0.1552 0.6851
vt 0.1552 0.6532
vt 0.1771 0.6532
vt 0.1771 0.6851
vt 0.1989 0.6532
vt 0.1989 0.6851
vt 0.1426 0.6104
vt 0.2102 0.6455
vt 0.2046 0.6246
vt 0.1893 0.6092
vt 0.1684 0.6036
vt 0.0729 0.6454
vt 0.1147 0.6456
vt 0.0785 0.6245
vt 0.0938 0.6092
vt 0.1148 0.6036
vt 0.2098 0.6681
vt 0.2206 0.6851
vt 0.2206 0.6681
vt 0.2098 0.6851
vt 0.2206 0.6681
vt 0.2315 0.6851
vt 0.2315 0.6681
vt 0.2206 0.6851
vt 0.2206 0.6851
vt 0.2206 0.6681
vt 0.2116 0.6654
vt 0.1552 0.6851
vt 0.1552 0.6532
vt 0.1771 0.6532
vt 0.1771 0.6851
vt 0.1989 0.6532
vt 0.1989 0.6851
vt 0.1426 0.6104
vt 0.2046 0.6246
vt 0.1893 0.6092
vt 0.1684 0.6036
vt 0.0783 0.6663
vt 0.0935 0.6818
vt 0.1144 0.6876
vt 0.2206 0.6851
vt 0.2098 0.6681
vt 0.2206 0.6681
vt 0.2098 0.6851
vt 0.2315 0.6851
vt 0.2206 0.6681
vt 0.2315 0.6681
vt 0.2206 0.6851
vt 0.2206 0.6851
vt 0.2206 0.6681
vt 0.2116 0.6654
vt 0.1815 0.8858
vt 0.1815 0.8796
vt 0.1814 0.9105
vt 0.1809 0.9166
vt 0.1815 0.8796
vt 0.1817 0.8549
vt 0.1814 0.9105
vt 0.1809 0.9166
vt 0.1815 0.8858
vt 0.1814 0.9105
vt 0.2755 0.4908
vt 0.2716 0.4908
vt 0.2676 0.4908
vt 0.2637 0.4908
vt 0.3070 0.4908
vt 0.3110 0.4908
vt 0.3031 0.4908
vt 0.2992 0.4908
vt 0.2952 0.4908
vt 0.2913 0.4908
vt 0.2873 0.4908
vt 0.2834 0.4908
vt 0.2795 0.4908
vt 0.2716 0.5037
vt 0.2755 0.5101
vt 0.2755 0.5037
vt 0.2676 0.5037
vt 0.2676 0.5101
vt 0.2637 0.5037
vt 0.3110 0.5037
vt 0.3070 0.5101
vt 0.3070 0.5037
vt 0.3031 0.5037
vt 0.2992 0.5101
vt 0.2992 0.5037
vt 0.2952 0.5037
vt 0.2913 0.5101
vt 0.2913 0.5037
vt 0.2873 0.5037
vt 0.2834 0.5037
vt 0.2834 0.5101
vt 0.2795 0.5037
vt 0.2755 0.5165
vt 0.2716 0.5230
vt 0.2755 0.5230
vt 0.2676 0.5230
vt 0.2676 0.5165
vt 0.2637 0.5230
vt 0.3070 0.5165
vt 0.3110 0.5230
vt 0.3070 0.5230
vt 0.3031 0.5230
vt 0.2992 0.5165
vt 0.2992 0.5230
vt 0.2952 0.5230
vt 0.2913 0.5165
vt 0.2913 0.5230
vt 0.2873 0.5230
vt 0.2834 0.5230
vt 0.2834 0.5165
vt 0.2795 0.5230
vt 0.2755 0.5302
vt 0.2716 0.5302
vt 0.2676 0.5302
vt 0.2637 0.5302
vt 0.3070 0.5302
vt 0.3110 0.5302
vt 0.3031 0.5302
vt 0.2992 0.5302
vt 0.2952 0.5302
vt 0.2913 0.5302
vt 0.2873 0.5302
vt 0.2834 0.5302
vt 0.2795 0.5302
vt 0.2676 0.5507
vt 0.2716 0.5507
vt 0.2676 0.5507
vt 0.2637 0.5507
vt 0.3070 0.5507
vt 0.3110 0.5507
vt 0.3070 0.5507
vt 0.3031 0.5507
vt 0.3031 0.5507
vt 0.2992 0.5507
vt 0.2992 0.5507
vt 0.2952 0.5507
vt 0.2952 0.5507
vt 0.2913 0.5507
vt 0.2913 0.5507
vt 0.2834 0.5507
vt 0.2834 0.5507
vt 0.2755 0.5507
vt 0.2755 0.5507
vt 0.2716 0.5507
vt 0.0517 0.9693
vt 0.0488 0.9856
vt 0.0517 0.9856
vt 0.0488 0.9693
vt 0.0488 0.9693
vt 0.0517 0.9856
vt 0.0488 0.9856
vt 0.0517 0.9693
vt 0.9594 0.0953
vt 0.9594 0.0994
vt 0.9594 0.0824
vt 0.9580 0.0783
vt 0.9573 0.0994
vt 0.9573 0.0953
vt 0.9573 0.0824
vt 0.9566 0.0783
vt 0.9616 0.0953
vt 0.9807 0.0997
vt 0.9807 0.0953
vt 0.9616 0.0997
vt 0.9616 0.0824
vt 0.9777 0.0781
vt 0.9597 0.0781
vt 0.9807 0.0824
vt 0.9790 0.0782
vt 0.9746 0.0653
vt 0.9777 0.0781
vt 0.9790 0.0653
vt 0.9594 0.0953
vt 0.9594 0.0824
vt 0.9573 0.0953
vt 0.9573 0.0824
vt 0.9807 0.0953
vt 0.9616 0.0824
vt 0.9616 0.0953
vt 0.9807 0.0824
vt 0.9559 0.0653
vt 0.9777 0.0781
vt 0.9597 0.0781
vt 0.9746 0.0653
vt 0.9552 0.0653
vt 0.9566 0.0783
vt 0.9552 0.0653
vt 0.9580 0.0783
vt 0.9580 0.0783
vt 0.9552 0.0653
vn -0.0000 1.0000 0.0000
vn -0.0000 1.0000 0.0000
vn -0.0000 1.0000 0.0000
vn -0.0000 1.0000 0.0000
vn -1.0000 -0.0008 -0.0000
vn -1.0000 -0.0008 -0.0000
vn -1.0000 -0.0008 -0.0000
vn 1.0000 0.0008 0.0000
vn 1.0000 0.0008 0.0000
vn -1.0000 -0.0008 -0.0000
vn 1.0000 0.0008 0.0000
vn 1.0000 0.0008 0.0000
vn 1.0000 0.0008 0.0000
vn -1.0000 -0.0008 -0.0000
vn -0.0000 1.0000 0.0000
vn -0.0000 1.0000 0.0000
vn -0.0000 1.0000 0.0000
vn -0.0000 1.0000 0.0000
vn 1.0000 0.0008 0.0000
vn 1.0000 0.0008 0.0000
vn 1.0000 0.0008 0.0000
vn -1.0000 -0.0008 -0.0000
vn -1.0000 -0.0008 -0.0000
vn 1.0000 0.0008 0.0000
vn -1.0000 -0.0008 -0.0000
vn -1.0000 -0.0008 -0.0000
vn -1.0000 -0.0008 -0.0000
vn 1.0000 0.0008 0.0000
vn -0.0008 0.9406 -0.3396
vn -0.0008 0.9406 -0.3396
vn 0.0006 -0.7644 -0.6447
vn 0.0006 -0.7644 -0.6447
vn 0.0000 -0.1924 0.9813
vn 0.0000 -0.1924 0.9813
vn -0.0008 0.9406 -0.3396
vn -0.0008 0.9406 -0.3396
vn 1.0000 0.0008 0.0000
vn 1.0000 0.0008 0.0000
vn 1.0000 0.0008 0.0000
vn 1.0000 0.0008 0.0000
vn 1.0000 0.0008 0.0000
vn 1.0000 0.0008 0.0000
vn 1.0000 0.0008 0.0000
vn -1.0000 -0.0008 -0.0000
vn -1.0000 -0.0008 -0.0000
vn -1.0000 -0.0008 -0.0000
vn -1.0000 -0.0008 -0.0000
vn -1.0000 -0.0008 -0.0000
vn -1.0000 -0.0008 -0.0000
vn -1.0000 -0.0008 -0.0000
vn 0.0000 0.0000 1.0000
vn 0.0000 0.0000 1.0000
vn -0.8660 0.0000 -0.5000
vn 0.8660 0.0000 -0.5000
vn 0.0000 -0.7071 -0.7071
vn 0.0000 -0.7071 -0.7071
vn -0.0000 0.7071 -0.7071
vn -0.0000 0.7071 -0.7071
vn -0.0000 0.7071 0.7071
vn -0.0000 0.7071 0.7071
vn 0.0000 -0.7071 0.7071
vn 0.0000 -0.7071 0.7071
vn 0.0000 -0.7071 -0.7071
vn 0.0000 -0.7071 -0.7071
vn 0.5000 0.8660 0.0094
vn 0.5000 0.8660 0.0094
vn -0.5000 0.8660 0.0094
vn -0.5000 0.8660 0.0094
vn -0.0000 1.0000 0.0000
vn -0.0000 1.0000 0.0000
vn -0.0000 1.0000 0.0000
vn -0.0000 1.0000 0.0000
vn -0.0000 1.0000 0.0000
vn -0.0000 0.4190 0.9080
vn -0.0000 0.4190 0.9080
vn -0.0000 0.4190 0.9080
vn -0.0000 0.4190 0.9080
vn -1.0000 -0.0008 -0.0000
vn -1.0000 -0.0008 -0.0000
vn -1.0000 -0.0008 -0.0000
vn -1.0000 -0.0008 -0.0000
vn 1.0000 0.0008 0.0000
vn 1.0000 0.0008 0.0000
vn 1.0000 0.0008 0.0000
vn 1.0000 0.0008 0.0000
vn -1.0000 -0.0008 -0.0000
vn -1.0000 -0.0008 -0.0000
vn 1.0000 0.0008 0.0000
vn 1.0000 0.0008 0.0000
vn 1.0000 0.0008 0.0000
vn 0.0000 -0.9080 0.4190
vn 0.0000 -0.9080 0.4190
vn 0.0000 -0.9080 0.4190
vn 0.0000 -0.9080 0.4190
vn -0.0000 1.0000 0.0000
vn -0.0000 1.0000 0.0000
vn -0.0000 1.0000 0.0000
vn -0.0000 1.0000 0.0000
vn -0.0000 0.4190 0.9080
vn -0.0000 0.4190 0.9080
vn -0.0000 0.4190 0.9080
vn -0.0000 0.4190 0.9080
vn -1.0000 -0.0008 -0.0000
vn -1.0000 -0.0008 -0.0000
vn -1.0000 -0.0008 -0.0000
vn -1.0000 -0.0008 -0.0000
vn 1.0000 0.0008 0.0000
vn 1.0000 0.0008 0.0000
vn 1.0000 0.0008 0.0000
vn 1.0000 0.0008 0.0000
vn -1.0000 -0.0008 -0.0000
vn -1.0000 -0.0008 -0.0000
vn 1.0000 0.0008 0.0000
vn 1.0000 0.0008 0.0000
vn 1.0000 0.0008 0.0000
vn 0.0000 -0.9080 0.4190
vn 0.0000 -0.9080 0.4190
vn 0.0000 -0.9080 0.4190
vn 0.0000 -0.9080 0.4190
vn -0.0000 1.0000 0.0000
vn -0.0000 1.0000 0.0000
vn -0.0000 1.0000 0.0000
vn 0.0000 0.0000 1.0000
vn 0.0000 0.0000 1.0000
vn -0.0000 1.0000 0.0000
vn -0.0000 1.0000 0.0000
vn -0.0000 1.0000 0.0000
vn 0.0000 0.0000 -1.0000
vn 0.0000 0.0000 -1.0000
vn 0.0000 0.0000 -1.0000
vn 0.0000 0.0000 -1.0000
vn 0.8660 0.0000 -0.5000
vn 0.8660 0.0000 -0.5000
vn 0.8660 0.0000 0.5000
vn 0.8660 0.0000 0.5000
vn 0.0000 0.0000 1.0000
vn 0.0000 0.0000 1.0000
vn -0.0000 1.0000 0.0000
vn -0.0000 1.0000 0.0000
vn -0.0000 1.0000 0.0000
vn -0.0000 1.0000 0.0000
vn -0.0000 1.0000 0.0000
vn -0.0000 1.0000 0.0000
vn -0.0000 1.0000 0.0000
vn -0.0000 1.0000 0.0000
vn -0.0000 0.8303 0.5574
vn -0.0000 1.0000 0.0000
vn -0.4827 0.8303 0.2787
vn -0.4827 0.8303 -0.2787
vn 0.0000 0.8303 -0.5574
vn -0.8660 0.0000 -0.5000
vn -0.8660 0.0000 -0.5000
vn -0.8660 -0.0000 0.5000
vn -0.8660 -0.0000 0.5000
vn -0.0000 1.0000 0.0000
vn -0.0000 1.0000 0.0000
vn -0.0000 1.0000 0.0000
vn -0.0000 1.0000 0.0000
vn 0.4827 0.8303 0.2787
vn 0.4827 0.8303 -0.2787
vn 0.0000 0.8534 -0.5213
vn 0.0000 0.8534 -0.5213
vn 0.0000 0.0000 -1.0000
vn 0.0000 0.0000 -1.0000
vn 0.0000 0.0000 1.0000
vn 0.0000 0.0000 1.0000
vn -0.0000 0.8660 0.5000
vn -0.0000 0.8660 0.5000
vn 0.0000 0.8534 -0.5213
vn 0.0000 0.8534 -0.5213
vn 1.0000 0.0008 0.0000
vn 1.0000 0.0008 0.0000
vn 1.0000 0.0008 0.0000
vn 1.0000 0.0008 0.0000
vn 1.0000 0.0008 0.0000
vn 1.0000 0.0008 0.0000
vn -1.0000 -0.0008 -0.0000
vn -1.0000 -0.0008 -0.0000
vn -1.0000 -0.0008 -0.0000
vn -1.0000 -0.0008 -0.0000
vn -1.0000 -0.0008 -0.0000
vn -1.0000 -0.0008 -0.0000
vn 0.0000 -1.0000 -0.0000
vn 0.0000 -1.0000 -0.0000
vn 0.0000 -1.0000 -0.0000
vn 0.0000 -1.0000 -0.0000
vn 0.0000 0.0000 -1.0000
vn 0.0000 0.0000 -1.0000
vn 0.0000 0.0000 -1.0000
vn 0.0000 0.0000 -1.0000
vn -0.0000 1.0000 0.0000
vn -0.0000 1.0000 0.0000
vn -0.0000 1.0000 0.0000
vn -0.0000 1.0000 0.0000
vn 0.0000 0.0000 1.0000
vn 0.0000 0.0000 1.0000
vn 0.0000 0.0000 1.0000
vn 0.0000 0.0000 1.0000
vn 0.0000 0.0000 1.0000
vn 0.0000 0.0000 1.0000
vn 0.0000 0.0000 1.0000
vn 0.0000 0.0000 1.0000
vn -0.3184 -0.9480 -0.0000
vn -0.3184 -0.9480 -0.0000
vn -0.3184 -0.9480 -0.0000
vn -0.3184 -0.9480 -0.0000
vn 0.0000 0.0000 -1.0000
vn 0.0000 0.0000 -1.0000
vn 0.0000 0.0000 -1.0000
vn 0.0000 0.0000 -1.0000
vn -0.0000 1.0000 0.0000
vn -0.0000 1.0000 0.0000
vn -0.0000 1.0000 0.0000
vn -0.0000 1.0000 0.0000
vn 0.0000 0.0000 1.0000
vn 0.0000 0.0000 1.0000
vn 0.0000 0.0000 1.0000
vn 0.0000 0.0000 1.0000
vn -0.0000 1.0000 0.0000
vn -0.0000 1.0000 0.0000
vn -0.0000 1.0000 0.0000
vn -0.0000 1.0000 0.0000
vn 0.0000 0.0000 -1.0000
vn 0.0000 0.0000 -1.0000
vn 0.0000 0.0000 -1.0000
vn 0.0000 0.0000 -1.0000
vn 0.0000 -1.0000 -0.0000
vn 0.0000 -1.0000 -0.0000
vn 0.0000 -1.0000 -0.0000
vn 0.0000 -1.0000 -0.0000
vn -1.0000 -0.0008 -0.0000
vn -1.0000 -0.0008 -0.0000
vn -1.0000 -0.0008 -0.0000
vn -1.0000 -0.0008 -0.0000
vn 1.0000 0.0008 0.0000
vn 1.0000 0.0008 0.0000
vn 1.0000 0.0008 0.0000
vn 1.0000 0.0008 0.0000
vn 0.0000 0.0000 1.0000
vn 0.0000 0.0000 1.0000
vn 0.0000 0.0000 1.0000
vn 0.0000 0.0000 1.0000
vn -0.0000 1.0000 0.0000
vn -0.0000 1.0000 0.0000
vn -0.0000 1.0000 0.0000
vn -0.0000 1.0000 0.0000
vn 0.0000 0.0000 -1.0000
vn 0.0000 0.0000 -1.0000
vn 0.0000 0.0000 -1.0000
vn 0.0000 0.0000 -1.0000
vn 0.0000 -1.0000 -0.0000
vn 0.0000 -1.0000 -0.0000
vn 0.0000 -1.0000 -0.0000
vn 0.0000 -1.0000 -0.0000
vn 1.0000 0.0008 0.0000
vn 1.0000 0.0008 0.0000
vn 1.0000 0.0008 0.0000
vn 1.0000 0.0008 0.0000
vn -1.0000 -0.0008 -0.0000
vn -1.0000 -0.0008 -0.0000
vn -1.0000 -0.0008 -0.0000
vn -1.0000 -0.0008 -0.0000
vn -1.0000 -0.0008 -0.0000
vn -1.0000 -0.0008 -0.0000
vn -1.0000 -0.0008 -0.0000
vn -1.0000 -0.0008 -0.0000
vn 0.0000 0.0000 -1.0000
vn 0.0000 0.0000 -1.0000
vn 0.0000 0.0000 -1.0000
vn 0.0000 0.0000 -1.0000
vn 0.0000 0.0000 -1.0000
vn 0.0000 0.0000 -1.0000
vn 0.0000 0.0000 -1.0000
vn 0.0000 0.0000 1.0000
vn 0.0000 0.0000 1.0000
vn 0.0000 0.0000 1.0000
vn 0.0000 0.0000 1.0000
vn 0.0000 0.0000 1.0000
vn 0.0000 0.0000 1.0000
vn 0.9630 -0.2696 -0.0028
vn 0.9630 -0.2696 -0.0028
vn 0.9965 -0.0833 0.0034
vn 0.9991 -0.0417 0.0017
vn 0.9991 -0.0417 0.0017
vn 1.0000 0.0008 0.0000
vn -0.0000 1.0000 0.0000
vn -0.0000 1.0000 0.0000
vn -0.0000 1.0000 0.0000
vn -0.0000 1.0000 0.0000
vn -0.9982 0.0605 0.0006
vn -0.9659 0.2588 0.0028
vn -0.9659 0.2588 0.0028
vn -0.9982 0.0605 0.0006
vn -0.2588 0.9659 0.0098
vn -0.2588 0.9659 0.0098
vn 0.4369 -0.8995 -0.0002
vn 0.4369 -0.8995 -0.0002
vn 0.4369 -0.8995 -0.0002
vn 0.4369 -0.8995 -0.0002
vn 0.0000 -1.0000 -0.0000
vn 0.0000 -1.0000 -0.0000
vn 0.0000 -1.0000 -0.0000
vn 0.0000 -1.0000 -0.0000
vn 0.0000 0.0000 1.0000
vn 0.0000 0.0000 1.0000
vn 0.0000 0.0000 1.0000
vn 0.0000 0.0000 1.0000
vn 1.0000 0.0008 0.0000
vn 1.0000 0.0008 0.0000
vn 1.0000 0.0008 0.0000
vn 1.0000 0.0008 0.0000
vn 0.0000 0.0000 -1.0000
vn 0.0000 0.0000 -1.0000
vn 0.0000 0.0000 -1.0000
vn 0.0000 0.0000 -1.0000
vn 0.0000 0.0000 -1.0000
vn 0.0000 0.0000 -1.0000
vn 0.0000 0.0000 1.0000
vn 0.0000 0.0000 1.0000
vn 0.0000 0.0000 1.0000
vn 0.0000 0.0000 1.0000
vn -0.4367 -0.8996 -0.0006
vn -0.4367 -0.8996 -0.0006
vn -0.9991 -0.0417 0.0017
vn -0.9991 -0.0417 0.0017
vn -1.0000 -0.0008 -0.0000
vn -0.0000 1.0000 0.0000
vn -0.0000 1.0000 0.0000
vn -0.0000 1.0000 0.0000
vn -0.0000 1.0000 0.0000
vn 0.7071 0.7071 0.0072
vn 0.7071 0.7071 0.0072
vn 0.0000 -0.5000 -0.8660
vn 0.0000 -0.5000 -0.8660
vn 0.0000 -0.5000 -0.8660
vn 0.0000 -0.5000 -0.8660
vn 0.0000 -0.5000 -0.8660
vn -1.0000 -0.0008 -0.0000
vn -0.9978 -0.0003 -0.0659
vn -0.9978 -0.0003 -0.0659
vn -1.0000 -0.0008 -0.0000
vn 1.0000 0.0008 0.0000
vn 0.9977 -0.0000 0.0673
vn 1.0000 0.0008 0.0000
vn 0.9977 -0.0000 0.0673
vn -0.0000 1.0000 0.0000
vn -0.0000 1.0000 0.0000
vn -0.0000 1.0000 0.0000
vn -0.0000 1.0000 0.0000
vn -1.0000 -0.0008 -0.0000
vn 0.8660 0.0000 0.5000
vn 0.8660 0.0000 0.5000
vn 0.6172 0.0081 0.7867
vn 0.6172 0.0081 0.7867
vn -0.0000 1.0000 0.0000
vn -0.0000 1.0000 0.0000
vn -0.0000 1.0000 0.0000
vn -0.0000 1.0000 0.0000
vn -0.8660 0.0000 -0.5000
vn -0.8660 0.0000 -0.5000
vn -0.6642 0.0000 -0.7476
vn -0.6642 0.0000 -0.7476
vn 1.0000 0.0008 0.0000
vn -0.0000 1.0000 0.0000
vn -0.0000 1.0000 0.0000
vn -0.0000 1.0000 0.0000
vn 1.0000 0.0008 0.0000
vn 1.0000 0.0008 0.0000
vn 1.0000 0.0008 0.0000
vn 1.0000 0.0008 0.0000
vn -1.0000 -0.0008 -0.0000
vn -1.0000 -0.0008 -0.0000
vn -1.0000 -0.0008 -0.0000
vn -1.0000 -0.0008 -0.0000
vn -0.0000 1.0000 0.0000
vn -0.0000 1.0000 0.0000
vn -0.0000 1.0000 0.0000
vn 0.0000 0.0000 -1.0000
vn 0.0000 0.0000 -1.0000
vn 0.0000 0.0000 -1.0000
vn 0.0000 0.0000 -1.0000
vn 0.0000 0.0000 1.0000
vn 0.0000 0.0000 1.0000
vn 0.0000 0.0000 1.0000
vn 0.0000 0.0000 1.0000
vn 0.0000 0.0000 -1.0000
vn 0.0000 0.0000 -1.0000
vn 0.8660 0.0000 -0.5000
vn 0.8660 0.0000 -0.5000
vn -0.0000 1.0000 0.0000
vn -0.0000 1.0000 0.0000
vn -0.0000 1.0000 0.0000
vn -0.0000 1.0000 0.0000
vn 0.0000 0.0000 1.0000
vn 0.0000 0.0000 1.0000
vn -0.8660 -0.0000 0.5000
vn -0.8660 -0.0000 0.5000
vn 0.9977 0.0000 -0.0679
vn 1.0000 0.0008 0.0000
vn 0.9977 0.0000 -0.0679
vn 1.0000 0.0008 0.0000
vn -1.0000 -0.0008 -0.0000
vn -0.9978 -0.0000 0.0657
vn -0.9978 -0.0000 0.0657
vn -1.0000 -0.0008 -0.0000
vn -0.0000 1.0000 0.0000
vn -0.0000 1.0000 0.0000
vn -0.0000 1.0000 0.0000
vn -0.0000 1.0000 0.0000
vn 1.0000 0.0008 0.0000
vn -0.8660 -0.0000 0.5000
vn -0.8660 -0.0000 0.5000
vn -0.6172 0.0081 0.7867
vn -0.6172 0.0081 0.7867
vn -0.0000 1.0000 0.0000
vn -0.0000 1.0000 0.0000
vn -0.0000 1.0000 0.0000
vn -0.0000 1.0000 0.0000
vn 0.8660 0.0000 -0.5000
vn 0.8660 0.0000 -0.5000
vn 0.6642 0.0000 -0.7476
vn 0.6642 0.0000 -0.7476
vn -1.0000 -0.0008 -0.0000
vn -1.0000 -0.0008 -0.0000
vn -0.0000 1.0000 0.0000
vn -0.0000 1.0000 0.0000
vn -0.0000 1.0000 0.0000
vn -1.0000 -0.0008 -0.0000
vn -1.0000 -0.0008 -0.0000
vn -1.0000 -0.0008 -0.0000
vn -1.0000 -0.0008 -0.0000
vn 1.0000 0.0008 0.0000
vn 1.0000 0.0008 0.0000
vn 1.0000 0.0008 0.0000
vn 1.0000 0.0008 0.0000
vn -0.0000 1.0000 0.0000
vn 0.0000 0.0000 -1.0000
vn 0.0000 0.0000 -1.0000
vn 0.0000 0.0000 1.0000
vn 0.0000 0.0000 1.0000
vn -0.8660 0.0000 -0.5000
vn -0.8660 0.0000 -0.5000
vn -0.0000 1.0000 0.0000
vn -0.0000 1.0000 0.0000
vn 0.8660 0.0000 0.5000
vn 0.8660 0.0000 0.5000
vn -0.9630 -0.2696 -0.0028
vn -0.9630 -0.2696 -0.0028
vn -0.9914 0.1305 0.0000
vn -0.9914 0.1305 0.0000
vn -0.0000 1.0000 0.0000
vn -0.0000 1.0000 0.0000
vn 0.0000 0.0000 1.0000
vn 0.0000 0.0000 1.0000
vn 0.0000 0.0000 1.0000
vn 0.0000 0.0000 1.0000
vn 0.0000 0.0000 1.0000
vn 0.0000 0.0000 -1.0000
vn 0.0000 0.0000 -1.0000
vn 0.0000 0.0000 -1.0000
vn 1.0000 0.0008 0.0000
vn 1.0000 0.0008 0.0000
vn 1.0000 0.0008 0.0000
vn 1.0000 0.0008 0.0000
vn -0.0000 1.0000 0.0000
vn -0.0000 1.0000 0.0000
vn -0.0000 1.0000 0.0000
vn -0.0000 1.0000 0.0000
vn 0.0000 0.0000 -1.0000
vn 0.0000 0.0000 -1.0000
vn 0.0000 0.0000 -1.0000
vn 0.0000 0.0000 -1.0000
vn 0.0000 0.0000 -1.0000
vn 0.0000 0.0000 1.0000
vn 0.0000 0.0000 1.0000
vn 0.0000 0.0000 1.0000
vn -0.9914 0.1305 0.0000
vn 0.9630 -0.2696 -0.0028
vn 0.9630 -0.2696 -0.0028
vn 0.9914 0.1305 0.0000
vn 0.9914 0.1305 0.0000
vn -0.0000 1.0000 0.0000
vn -0.0000 1.0000 0.0000
vn 0.0000 0.0000 1.0000
vn 0.0000 0.0000 1.0000
vn 0.0000 0.0000 1.0000
vn 0.0000 0.0000 -1.0000
vn 0.0000 0.0000 -1.0000
vn 0.0000 0.0000 -1.0000
vn -1.0000 -0.0008 -0.0000
vn -1.0000 -0.0008 -0.0000
vn -1.0000 -0.0008 -0.0000
vn -1.0000 -0.0008 -0.0000
vn -0.0000 1.0000 0.0000
vn -0.0000 1.0000 0.0000
vn -0.0000 1.0000 0.0000
vn 0.0000 0.0000 -1.0000
vn 0.0000 0.0000 -1.0000
vn 0.0000 0.0000 -1.0000
vn 0.0000 0.0000 -1.0000
vn 0.0000 0.0000 1.0000
vn 0.0000 0.0000 1.0000
vn 0.0000 0.0000 1.0000
vn 0.9914 0.1305 0.0000
vn -0.0000 1.0000 0.0000
vn -0.0000 1.0000 0.0000
vn -1.0000 -0.0008 -0.0000
vn -1.0000 -0.0008 -0.0000
vn 1.0000 0.0008 0.0000
vn 1.0000 0.0008 0.0000
vn -0.0000 1.0000 0.0000
vn -0.0000 1.0000 0.0000
vn -1.0000 -0.0008 -0.0000
vn -1.0000 -0.0008 -0.0000
vn 1.0000 0.0008 0.0000
vn 1.0000 0.0008 0.0000
vn 0.0000 -0.8152 0.5792
vn 0.0000 -0.8152 0.5792
vn 0.0000 -0.5962 0.8028
vn 0.0000 -0.5962 0.8028
vn 0.8684 0.3006 -0.3944
vn -0.8684 0.3006 -0.3944
vn -0.8660 0.4456 -0.2268
vn -1.0000 -0.0008 -0.0000
vn 1.0000 0.0008 0.0000
vn 0.0000 -0.3867 -0.9222
vn 0.0000 -0.3867 -0.9222
vn 0.0000 0.0000 -1.0000
vn 0.0000 0.0000 -1.0000
vn -0.0000 0.3867 -0.9222
vn -0.0000 0.3867 -0.9222
vn 1.0000 0.0008 0.0000
vn -1.0000 -0.0008 -0.0000
vn 1.0000 0.0008 0.0000
vn -1.0000 -0.0008 -0.0000
vn 0.0000 -0.3867 -0.9222
vn 0.0000 -0.3867 -0.9222
vn 0.0000 0.0000 -1.0000
vn 0.0000 0.0000 -1.0000
vn -0.0000 0.3867 -0.9222
vn -0.0000 0.3867 -0.9222
vn -1.0000 -0.0008 -0.0000
vn 1.0000 0.0008 0.0000
vn 0.0000 0.1887 -0.9820
vn 0.0000 0.1887 -0.9820
vn 0.0008 -0.9406 0.3396
vn 0.0008 -0.9406 0.3396
vn -0.0006 0.7644 0.6447
vn -0.0006 0.7644 0.6447
vn 1.0000 0.0008 0.0000
vn 1.0000 0.0008 0.0000
vn 1.0000 0.0008 0.0000
vn 1.0000 0.0008 0.0000
vn 1.0000 0.0008 0.0000
vn 1.0000 0.0008 0.0000
vn -1.0000 -0.0008 -0.0000
vn -1.0000 -0.0008 -0.0000
vn -1.0000 -0.0008 -0.0000
vn -1.0000 -0.0008 -0.0000
vn -1.0000 -0.0008 -0.0000
vn -1.0000 -0.0008 -0.0000
vn 0.8660 0.0000 0.5000
vn -0.8660 -0.0000 0.5000
vn 0.0000 0.0000 -1.0000
vn 0.8660 0.0000 0.5000
vn 0.8660 0.0000 0.5000
vn 0.0000 0.0000 1.0000
vn 0.0000 0.0000 1.0000
vn 0.0000 0.0000 1.0000
vn 0.0000 0.0000 1.0000
vn -0.8660 -0.0000 0.5000
vn -0.8660 -0.0000 0.5000
vn -0.8660 0.0000 -0.5000
vn -0.8660 0.0000 -0.5000
vn 0.0000 0.0000 -1.0000
vn 0.0000 0.0000 -1.0000
vn 0.8660 0.0000 -0.5000
vn 0.8660 0.0000 -0.5000
vn 0.3698 0.9164 0.1532
vn 0.1532 0.9164 0.3698
vn -0.1532 0.9164 0.3698
vn -0.3698 0.9164 0.1532
vn -0.3698 0.9164 -0.1532
vn -0.1532 0.9164 -0.3698
vn 0.1532 0.9164 -0.3698
vn 0.3698 0.9164 -0.1532
vn 0.6806 0.6762 0.2819
vn 0.2819 0.6762 0.6806
vn -0.2819 0.6762 0.6806
vn -0.6806 0.6762 0.2819
vn -0.6806 0.6762 -0.2819
vn -0.2819 0.6762 -0.6806
vn 0.2819 0.6762 -0.6806
vn 0.6806 0.6762 -0.2819
vn 0.0000 -1.0000 -0.0000
vn 0.0000 -1.0000 -0.0000
vn 0.0000 -1.0000 -0.0000
vn 0.0000 -1.0000 -0.0000
vn 0.0000 -0.4190 -0.9080
vn 0.0000 -0.4190 -0.9080
vn 0.0000 -0.4190 -0.9080
vn 0.0000 -0.4190 -0.9080
vn 0.0000 -1.0000 -0.0000
vn 0.0000 -1.0000 -0.0000
vn 0.0000 -1.0000 -0.0000
vn 0.0000 -1.0000 -0.0000
vn 0.0000 -0.4190 -0.9080
vn 0.0000 -0.4190 -0.9080
vn 0.0000 -0.4190 -0.9080
vn 0.0000 -0.4190 -0.9080
vn 0.0000 -1.0000 -0.0000
vn 0.0000 -1.0000 -0.0000
vn 0.0000 -1.0000 -0.0000
vn 0.0000 -1.0000 -0.0000
vn 0.0000 -1.0000 -0.0000
vn 1.0000 0.0008 0.0000
vn 0.9914 0.0000 0.1305
vn 1.0000 0.0008 0.0000
vn 0.9914 0.0000 0.1305
vn -0.0000 1.0000 0.0000
vn -0.0000 1.0000 0.0000
vn 0.1305 0.0000 0.9914
vn 0.1305 0.0000 0.9914
vn 0.8660 0.0000 0.5000
vn 0.8660 0.0000 0.5000
vn 0.5000 0.0000 0.8660
vn 0.5000 0.0000 0.8660
vn 0.0000 -1.0000 -0.0000
vn 0.0000 -1.0000 -0.0000
vn -0.0000 1.0000 0.0000
vn -0.0000 1.0000 0.0000
vn 0.0000 -1.0000 -0.0000
vn 0.0000 -1.0000 -0.0000
vn 0.0000 -1.0000 -0.0000
vn 0.9914 0.0000 -0.1305
vn 0.9914 0.0000 -0.1305
vn 0.1305 -0.0000 -0.9914
vn 0.1305 -0.0000 -0.9914
vn 0.8660 0.0000 -0.5000
vn 0.8660 0.0000 -0.5000
vn 0.5000 0.0000 -0.8660
vn 0.5000 0.0000 -0.8660
vn 0.0000 -1.0000 -0.0000
vn 0.0000 -1.0000 -0.0000
vn -0.0000 1.0000 0.0000
vn -0.0000 1.0000 0.0000
vn 0.5000 0.0000 -0.8660
vn 0.5000 0.0000 -0.8660
vn 1.0000 0.0008 0.0000
vn 1.0000 0.0008 0.0000
vn 0.5000 0.0000 0.8660
vn 0.5000 0.0000 0.8660
vn -0.0000 1.0000 0.0000
vn -0.0000 1.0000 0.0000
vn -0.0000 1.0000 0.0000
vn -0.0000 1.0000 0.0000
vn -0.0000 1.0000 0.0000
vn -0.0000 1.0000 0.0000
vn -0.2787 0.8303 0.4827
vn -0.5574 0.8303 -0.0000
vn -0.2787 0.8303 -0.4827
vn 0.0000 -1.0000 -0.0000
vn 0.0000 -1.0000 -0.0000
vn 0.0000 -1.0000 -0.0000
vn 0.0000 -1.0000 -0.0000
vn 0.0000 -1.0000 -0.0000
vn 0.0000 -1.0000 -0.0000
vn 0.0000 -1.0000 -0.0000
vn 0.0000 -1.0000 -0.0000
vn 0.0000 -1.0000 -0.0000
vn 0.0000 -1.0000 -0.0000
vn 0.0000 -1.0000 -0.0000
vn 0.0000 -1.0000 -0.0000
vn 0.0000 -1.0000 -0.0000
vn 0.0000 -1.0000 -0.0000
vn 0.0000 -1.0000 -0.0000
vn 0.0000 -1.0000 -0.0000
vn 0.0000 -1.0000 -0.0000
vn 0.0000 -1.0000 -0.0000
vn 0.0000 -1.0000 -0.0000
vn -0.5000 0.0000 -0.8660
vn -0.5000 0.0000 -0.8660
vn -1.0000 -0.0008 -0.0000
vn -1.0000 -0.0008 -0.0000
vn -0.5000 0.0000 0.8660
vn -0.5000 0.0000 0.8660
vn -0.0000 1.0000 0.0000
vn -0.0000 1.0000 0.0000
vn -0.0000 1.0000 0.0000
vn -0.0000 1.0000 0.0000
vn -0.0000 1.0000 0.0000
vn -0.0000 1.0000 0.0000
vn 0.2787 0.8303 0.4827
vn 0.5574 0.8303 -0.0000
vn 0.2787 0.8303 -0.4827
vn 0.0000 -1.0000 -0.0000
vn 0.0000 -1.0000 -0.0000
vn 0.0000 -1.0000 -0.0000
vn 0.0000 -1.0000 -0.0000
vn 0.0000 -1.0000 -0.0000
vn 0.0000 -0.8660 -0.5000
vn 0.0000 -0.8660 -0.5000
vn 0.0000 -0.8822 0.4708
vn 0.0000 -0.8822 0.4708
vn 1.0000 0.0008 0.0000
vn -1.0000 -0.0008 -0.0000
vn -0.0000 0.8028 0.5963
vn -0.0000 0.8028 0.5963
vn 0.0000 -0.3190 0.9477
vn 0.0000 -0.3190 0.9477
vn 0.0000 -1.0000 -0.0000
vn 0.0000 -1.0000 -0.0000
vn 1.0000 0.0008 0.0000
vn 1.0000 0.0008 0.0000
vn 1.0000 0.0008 0.0000
vn 1.0000 0.0008 0.0000
vn 1.0000 0.0008 0.0000
vn 1.0000 0.0008 0.0000
vn 1.0000 0.0008 0.0000
vn 1.0000 0.0008 0.0000
vn -1.0000 -0.0008 -0.0000
vn -1.0000 -0.0008 -0.0000
vn -1.0000 -0.0008 -0.0000
vn -1.0000 -0.0008 -0.0000
vn -1.0000 -0.0008 -0.0000
vn -1.0000 -0.0008 -0.0000
vn -1.0000 -0.0008 -0.0000
vn 0.0000 0.8303 -0.5574
vn 0.0000 0.8303 -0.5574
vn -0.0000 -0.2990 -0.9543
vn -0.0000 -0.2990 -0.9543
vn 1.0000 0.0008 0.0000
vn 1.0000 0.0008 0.0000
vn -1.0000 -0.0008 -0.0000
vn -1.0000 -0.0008 -0.0000
vn -1.0000 -0.0008 -0.0000
vn 1.0000 0.0008 0.0000
vn 1.0000 0.0008 0.0000
vn 1.0000 0.0008 0.0000
vn 1.0000 0.0008 0.0000
vn 0.0000 -1.0000 -0.0000
vn 0.0000 -1.0000 -0.0000
vn 0.0000 -1.0000 -0.0000
vn 0.0000 -1.0000 -0.0000
vn 0.0000 0.0000 -1.0000
vn 0.0000 0.0000 -1.0000
vn 0.0000 0.0000 -1.0000
vn 0.0000 0.0000 -1.0000
vn 1.0000 0.0008 0.0000
vn -0.0006 -0.9991 0.0420
vn -0.0006 -0.9991 0.0420
vn 0.0000 -0.8152 0.5792
vn 0.0000 -0.8152 0.5792
vn 0.0000 -0.7071 0.7071
vn 0.0000 -0.3190 0.9477
vn 0.0000 -0.3190 0.9477
vn -0.0000 0.2990 0.9543
vn -0.0000 0.2990 0.9543
vn 1.0000 0.0008 0.0000
vn 1.0000 0.0008 0.0000
vn 1.0000 0.0008 0.0000
vn 1.0000 0.0008 0.0000
vn 1.0000 0.0008 0.0000
vn 0.0000 -1.0000 -0.0000
vn 0.0000 -1.0000 -0.0000
vn 1.0000 0.0008 0.0000
vn 1.0000 0.0008 0.0000
vn 1.0000 0.0008 0.0000
vn 1.0000 0.0008 0.0000
vn -0.0000 1.0000 0.0000
vn -0.0000 0.9960 0.0890
vn -0.0000 0.9960 0.0890
vn -0.0000 1.0000 0.0000
vn -0.0000 0.8028 0.5963
vn -0.0000 0.8028 0.5963
vn 0.0000 0.0000 -1.0000
vn 0.0000 0.0000 -1.0000
vn 0.0000 0.0000 -1.0000
vn 0.0000 0.0000 -1.0000
vn 0.0000 0.0000 -1.0000
vn 0.0000 0.0000 -1.0000
vn -1.0000 -0.0008 -0.0000
vn -1.0000 -0.0008 -0.0000
vn -1.0000 -0.0008 -0.0000
vn -1.0000 -0.0008 -0.0000
vn -0.0000 1.0000 0.0000
vn -0.0000 1.0000 0.0000
vn 0.0000 -1.0000 -0.0000
vn 0.0000 -1.0000 -0.0000
vn -1.0000 -0.0008 -0.0000
vn -1.0000 -0.0008 -0.0000
vn -1.0000 -0.0008 -0.0000
vn -1.0000 -0.0008 -0.0000
vn -1.0000 -0.0008 -0.0000
vn -1.0000 -0.0008 -0.0000
vn -1.0000 -0.0008 -0.0000
vn 0.0000 -1.0000 -0.0000
vn 0.0000 -1.0000 -0.0000
vn 0.0000 -1.0000 -0.0000
vn 0.0000 -1.0000 -0.0000
vn 0.0000 0.0000 -1.0000
vn 0.0000 0.0000 -1.0000
vn 0.0000 0.0000 -1.0000
vn 0.0000 0.0000 -1.0000
vn -1.0000 -0.0008 -0.0000
vn -0.0006 -0.9991 0.0420
vn -0.0006 -0.9991 0.0420
vn 0.0000 -0.8152 0.5792
vn 0.0000 -0.8152 0.5792
vn 0.0000 -0.7071 0.7071
vn 0.0000 -0.3190 0.9477
vn 0.0000 -0.3190 0.9477
vn -0.0000 0.2990 0.9543
vn -0.0000 0.2990 0.9543
vn -1.0000 -0.0008 -0.0000
vn -1.0000 -0.0008 -0.0000
vn -1.0000 -0.0008 -0.0000
vn -1.0000 -0.0008 -0.0000
vn -1.0000 -0.0008 -0.0000
vn 0.0000 -1.0000 -0.0000
vn 0.0000 -1.0000 -0.0000
vn -1.0000 -0.0008 -0.0000
vn -1.0000 -0.0008 -0.0000
vn -1.0000 -0.0008 -0.0000
vn -1.0000 -0.0008 -0.0000
vn -0.0000 0.9960 0.0890
vn -0.0000 1.0000 0.0000
vn -0.0000 0.9960 0.0890
vn -0.0000 1.0000 0.0000
vn -0.0000 0.8028 0.5963
vn -0.0000 0.8028 0.5963
vn 0.0000 0.0000 -1.0000
vn 0.0000 0.0000 -1.0000
vn 0.0000 0.0000 -1.0000
vn 0.0000 0.0000 -1.0000
vn 0.0000 0.0000 -1.0000
vn 0.0000 0.0000 -1.0000
vn 1.0000 0.0008 0.0000
vn 1.0000 0.0008 0.0000
vn 1.0000 0.0008 0.0000
vn 1.0000 0.0008 0.0000
vn -0.0000 1.0000 0.0000
vn -0.0000 1.0000 0.0000
vn 0.0000 -1.0000 -0.0000
vn 0.0000 -1.0000 -0.0000
vn 1.0000 0.0008 0.0000
vn 1.0000 0.0008 0.0000
vn 1.0000 0.0008 0.0000
vn 1.0000 0.0008 0.0000
vn 0.2542 -0.9671 -0.0008
vn 0.2542 -0.9671 -0.0008
vn -0.7047 -0.7095 0.0018
vn -0.7047 -0.7095 0.0018
vn 0.9977 0.0000 -0.0679
vn 0.9977 0.0000 -0.0679
vn -0.0000 1.0000 0.0000
vn -0.0000 1.0000 0.0000
vn -0.9978 -0.0000 0.0657
vn -0.9978 -0.0000 0.0657
vn 0.5000 0.0000 -0.8660
vn 0.5000 0.0000 -0.8660
vn -0.0000 1.0000 0.0000
vn -0.0000 1.0000 0.0000
vn -0.5000 0.0000 0.8660
vn -0.5000 0.0000 0.8660
vn 0.0049 -0.9538 -0.3003
vn 0.0000 -1.0000 -0.0000
vn 0.0049 -0.9538 -0.3003
vn -0.0367 -0.9993 -0.0005
vn -0.0367 -0.9993 -0.0005
vn 0.0000 -1.0000 -0.0000
vn 0.0000 -1.0000 -0.0000
vn 0.0000 -1.0000 -0.0000
vn 0.0000 -1.0000 -0.0000
vn 0.0000 -1.0000 -0.0000
vn -0.0367 -0.9993 -0.0005
vn 0.0000 -1.0000 -0.0000
vn 0.0000 -1.0000 -0.0000
vn 0.0000 -1.0000 -0.0000
vn 0.0000 -1.0000 -0.0000
vn 0.0049 -0.9538 -0.3003
vn 0.0049 -0.9538 -0.3003
vn 0.0000 -1.0000 -0.0000
vn 0.0000 -1.0000 -0.0000
vn 0.0000 -1.0000 -0.0000
vn 0.0000 -1.0000 -0.0000
vn 0.0000 -1.0000 -0.0000
vn 0.0000 -1.0000 -0.0000
vn 0.0000 -1.0000 -0.0000
vn 0.0000 -1.0000 -0.0000
vn -0.9978 -0.0003 -0.0659
vn -0.9978 -0.0003 -0.0659
vn -0.0000 1.0000 0.0000
vn -0.0000 1.0000 0.0000
vn 0.9977 -0.0000 0.0673
vn 0.9977 -0.0000 0.0673
vn -0.5000 0.0000 -0.8660
vn -0.5000 0.0000 -0.8660
vn -0.0000 1.0000 0.0000
vn -0.0000 1.0000 0.0000
vn 0.5000 0.0000 0.8660
vn 0.5000 0.0000 0.8660
vn 0.0049 -0.9538 -0.3003
vn 0.0000 -1.0000 -0.0000
vn 0.0049 -0.9538 -0.3003
vn 0.0000 -1.0000 -0.0000
vn 0.0367 -0.9993 -0.0005
vn 0.0367 -0.9993 -0.0005
vn 0.0000 -1.0000 -0.0000
vn 0.0000 -1.0000 -0.0000
vn 0.0000 -1.0000 -0.0000
vn 0.0000 -1.0000 -0.0000
vn 0.0000 -1.0000 -0.0000
vn 0.0367 -0.9993 -0.0005
vn 0.0000 -1.0000 -0.0000
vn 0.0000 -1.0000 -0.0000
vn 0.0049 -0.9538 -0.3003
vn 0.0049 -0.9538 -0.3003
vn 0.0000 -1.0000 -0.0000
vn 0.0000 -1.0000 -0.0000
vn 0.0000 -1.0000 -0.0000
vn 0.0000 -1.0000 -0.0000
vn 0.0000 -1.0000 -0.0000
vn 0.0000 -1.0000 -0.0000
vn -0.0000 1.0000 0.0000
vn -0.0000 1.0000 0.0000
vn -0.0000 1.0000 0.0000
vn -0.0000 1.0000 0.0000
vn 0.0000 0.0000 1.0000
vn 0.0000 0.0000 1.0000
vn 0.0000 0.0000 1.0000
vn 0.0000 0.0000 1.0000
vn 0.0000 0.0000 -1.0000
vn 0.0000 0.0000 -1.0000
vn 0.0000 0.0000 -1.0000
vn 0.0000 0.0000 -1.0000
vn -0.2554 -0.9668 -0.0010
vn -0.2554 -0.9668 -0.0010
vn -0.7047 -0.7095 0.0018
vn -0.7047 -0.7095 0.0018
vn 0.0000 0.0000 1.0000
vn 0.0000 0.0000 -1.0000
vn -0.0000 1.0000 0.0000
vn -0.0000 1.0000 0.0000
vn -0.0000 1.0000 0.0000
vn -0.0000 1.0000 0.0000
vn 0.0000 0.0000 -1.0000
vn 0.0000 0.0000 1.0000
vn -0.0000 1.0000 0.0000
vn -0.0000 1.0000 0.0000
vn -0.0000 1.0000 0.0000
vn -0.0000 1.0000 0.0000
vn 0.0000 0.0000 1.0000
vn 0.0000 0.0000 1.0000
vn 0.0000 0.0000 1.0000
vn 0.0000 0.0000 1.0000
vn 0.0000 0.0000 -1.0000
vn 0.0000 0.0000 -1.0000
vn 0.0000 0.0000 -1.0000
vn 0.0000 0.0000 -1.0000
vn 0.2542 -0.9671 -0.0008
vn 0.2542 -0.9671 -0.0008
vn 0.7037 -0.7105 0.0019
vn 0.7037 -0.7105 0.0019
vn 0.0000 0.0000 1.0000
vn 0.0000 0.0000 -1.0000
vn -0.0000 1.0000 0.0000
vn -0.0000 1.0000 0.0000
vn -0.0000 1.0000 0.0000
vn -0.0000 1.0000 0.0000
vn 0.0000 0.0000 -1.0000
vn 0.0000 0.0000 1.0000
vn 0.0008 -0.9844 -0.1761
vn 0.0008 -0.9844 -0.1761
vn 0.0000 -1.0000 -0.0000
vn 0.0000 -1.0000 -0.0000
vn -0.0000 0.3190 -0.9477
vn 0.0000 -0.8028 -0.5963
vn 0.0000 -0.8028 -0.5963
vn -0.0000 0.3190 -0.9477
vn -0.0003 0.3396 0.9406
vn -0.0003 0.3396 0.9406
vn -0.0000 1.0000 0.0000
vn -0.0000 1.0000 0.0000
vn -0.0000 0.3190 -0.9477
vn -0.0000 0.3190 -0.9477
vn -0.8658 -0.0968 0.4909
vn 0.0000 -0.1924 0.9813
vn 0.0000 -0.1924 0.9813
vn 0.8658 -0.0968 0.4909
vn 0.8659 0.0957 -0.4910
vn 0.0000 0.1887 -0.9820
vn -0.8659 0.0957 -0.4910
vn -0.8678 -0.2967 0.3987
vn 0.8678 -0.2967 0.3987
vn 0.0000 0.6128 -0.7903
vn 0.0000 0.8912 -0.4536
vn 0.0000 -0.8822 0.4708
vn 0.0000 -0.8822 0.4708
vn 0.0000 -0.8822 0.4708
vn 0.0000 -0.8822 0.4708
vn 1.0000 0.0008 0.0000
vn -1.0000 -0.0008 -0.0000
vn 0.0000 -0.2616 -0.9652
vn 0.0000 -0.2616 -0.9652
vn -0.0000 0.2616 -0.9652
vn -0.0000 0.2616 -0.9652
vn 1.0000 0.0008 0.0000
vn 1.0000 0.0008 0.0000
vn -1.0000 -0.0008 -0.0000
vn -1.0000 -0.0008 -0.0000
vn 0.0000 -0.8822 0.4708
vn 0.0000 -0.8822 0.4708
vn 0.0000 -0.8822 0.4708
vn 0.0000 -0.8822 0.4708
vn -1.0000 -0.0008 -0.0000
vn 1.0000 0.0008 0.0000
vn 0.0000 -0.2616 -0.9652
vn 0.0000 -0.2616 -0.9652
vn -0.0000 0.2616 -0.9652
vn -0.0000 0.2616 -0.9652
vn -1.0000 -0.0008 -0.0000
vn -1.0000 -0.0008 -0.0000
vn 1.0000 0.0008 0.0000
vn 1.0000 0.0008 0.0000
vn -0.0005 0.6447 -0.7644
vn -0.0005 0.6447 -0.7644
vn 0.0003 -0.3396 -0.9406
vn 0.0003 -0.3396 -0.9406
vn 0.0008 -0.9844 -0.1761
vn 0.0008 -0.9844 -0.1761
vn 0.0005 -0.6447 0.7644
vn 0.0005 -0.6447 0.7644
vn -0.0003 0.3396 0.9406
vn -0.0003 0.3396 0.9406
vn -0.0008 0.9844 0.1761
vn -0.0008 0.9844 0.1761
vn 1.0000 0.0008 0.0000
vn 1.0000 0.0008 0.0000
vn 1.0000 0.0008 0.0000
vn 1.0000 0.0008 0.0000
vn 1.0000 0.0008 0.0000
vn 1.0000 0.0008 0.0000
vn 1.0000 0.0008 0.0000
vn 1.0000 0.0008 0.0000
vn 1.0000 0.0008 0.0000
vn 1.0000 0.0008 0.0000
vn 1.0000 0.0008 0.0000
vn 1.0000 0.0008 0.0000
vn -1.0000 -0.0008 -0.0000
vn -1.0000 -0.0008 -0.0000
vn -1.0000 -0.0008 -0.0000
vn -1.0000 -0.0008 -0.0000
vn -1.0000 -0.0008 -0.0000
vn -1.0000 -0.0008 -0.0000
vn -1.0000 -0.0008 -0.0000
vn -1.0000 -0.0008 -0.0000
vn -1.0000 -0.0008 -0.0000
vn -1.0000 -0.0008 -0.0000
vn -1.0000 -0.0008 -0.0000
vn -1.0000 -0.0008 -0.0000
vn 0.5000 0.0000 0.8660
vn 0.5000 0.0000 0.8660
vn 0.8660 0.0000 0.5000
vn 0.0000 0.0000 1.0000
vn -0.5000 0.0000 0.8660
vn -0.5000 0.0000 0.8660
vn 0.0000 0.0000 1.0000
vn -0.8660 -0.0000 0.5000
vn -1.0000 -0.0008 -0.0000
vn -1.0000 -0.0008 -0.0000
vn -0.8660 0.0000 -0.5000
vn -0.5000 0.0000 -0.8660
vn -0.5000 0.0000 -0.8660
vn 0.0000 0.0000 -1.0000
vn 0.5000 0.0000 -0.8660
vn 0.5000 0.0000 -0.8660
vn 0.8660 0.0000 -0.5000
vn 1.0000 0.0008 0.0000
vn 1.0000 0.0008 0.0000
vn 0.5000 0.0000 0.8660
vn 0.5000 0.0000 0.8660
vn -0.5000 0.0000 0.8660
vn -0.5000 0.0000 0.8660
vn -1.0000 -0.0008 -0.0000
vn -1.0000 -0.0008 -0.0000
vn -0.5000 0.0000 -0.8660
vn -0.5000 0.0000 -0.8660
vn 0.5000 0.0000 -0.8660
vn 0.5000 0.0000 -0.8660
vn 1.0000 0.0008 0.0000
vn 1.0000 0.0008 0.0000
vn 0.0000 0.0000 -1.0000
vn 0.0000 0.0000 -1.0000
vn -0.0000 1.0000 0.0000
vn -0.0000 1.0000 0.0000
vn 0.0000 0.0000 1.0000
vn 0.0000 0.0000 1.0000
vn 0.0000 -1.0000 -0.0000
vn 0.0000 -1.0000 -0.0000
vn 0.8660 0.5000 0.0054
vn 0.8660 0.5000 0.0054
vn -0.0000 1.0000 0.0000
vn -0.0000 1.0000 0.0000
vn -0.8660 0.5000 0.0054
vn -0.8660 0.5000 0.0054
vn -0.9659 0.2588 0.0028
vn -0.9659 0.2588 0.0028
vn 0.9659 0.2588 0.0028
vn 0.9659 0.2588 0.0028
vn 0.2830 0.9164 0.2830
vn -0.0000 0.9164 0.4002
vn -0.2830 0.9164 0.2830
vn -0.4002 0.9164 0.0000
vn -0.2830 0.9164 -0.2830
vn -0.0000 0.9164 -0.4002
vn 0.2830 0.9164 -0.2830
vn 0.4002 0.9164 0.0000
vn 0.5209 0.6762 0.5209
vn -0.0000 0.6762 0.7367
vn -0.5209 0.6762 0.5209
vn -0.7367 0.6762 0.0000
vn -0.5209 0.6762 -0.5209
vn 0.0000 0.6762 -0.7367
vn 0.5209 0.6762 -0.5209
vn 0.7367 0.6762 0.0000
vn 0.2588 0.0000 -0.9659
vn 0.2588 0.0000 -0.9659
vn 0.7071 0.0000 -0.7071
vn 0.7071 0.0000 -0.7071
vn 0.9659 0.0000 -0.2588
vn 0.9659 0.0000 -0.2588
vn 0.9659 0.0000 0.2588
vn 0.9659 0.0000 0.2588
vn 0.7071 0.0000 0.7071
vn 0.7071 0.0000 0.7071
vn 0.2588 0.0000 0.9659
vn 0.2588 0.0000 0.9659
vn -0.0000 1.0000 0.0000
vn -0.0000 1.0000 0.0000
vn -0.0000 1.0000 0.0000
vn -0.0000 1.0000 0.0000
vn -0.0000 1.0000 0.0000
vn -0.0000 1.0000 0.0000
vn -0.0000 1.0000 0.0000
vn -0.0000 1.0000 0.0000
vn -0.0000 1.0000 0.0000
vn -0.0000 1.0000 0.0000
vn -0.0000 1.0000 0.0000
vn -0.0000 1.0000 0.0000
vn -0.1443 0.8303 0.5384
vn -0.3941 0.8303 0.3941
vn -0.5384 0.8303 0.1443
vn -0.5384 0.8303 -0.1443
vn -0.3941 0.8303 -0.3941
vn -0.1443 0.8303 -0.5384
vn 0.0000 -1.0000 -0.0000
vn 0.0000 -1.0000 -0.0000
vn 0.0000 -1.0000 -0.0000
vn 0.0000 -1.0000 -0.0000
vn 0.0000 -1.0000 -0.0000
vn 0.0000 -1.0000 -0.0000
vn -0.2588 -0.0000 -0.9659
vn -0.2588 -0.0000 -0.9659
vn -0.7071 -0.0000 -0.7071
vn -0.7071 -0.0000 -0.7071
vn -0.9659 -0.0000 -0.2588
vn -0.9659 -0.0000 -0.2588
vn -0.9659 -0.0000 0.2588
vn -0.9659 -0.0000 0.2588
vn -0.7071 -0.0000 0.7071
vn -0.7071 -0.0000 0.7071
vn -0.2588 -0.0000 0.9659
vn -0.2588 -0.0000 0.9659
vn -0.0000 1.0000 0.0000
vn -0.0000 1.0000 0.0000
vn -0.0000 1.0000 0.0000
vn -0.0000 1.0000 0.0000
vn -0.0000 1.0000 0.0000
vn -0.0000 1.0000 0.0000
vn -0.0000 1.0000 0.0000
vn -0.0000 1.0000 0.0000
vn -0.0000 1.0000 0.0000
vn -0.0000 1.0000 0.0000
vn -0.0000 1.0000 0.0000
vn -0.0000 1.0000 0.0000
vn 0.1443 0.8303 0.5384
vn 0.3941 0.8303 0.3941
vn 0.5384 0.8303 0.1443
vn 0.5384 0.8303 -0.1443
vn 0.3941 0.8303 -0.3941
vn 0.1443 0.8303 -0.5384
vn 0.0000 -1.0000 -0.0000
vn 0.0000 -1.0000 -0.0000
vn 0.0000 -1.0000 -0.0000
vn 0.0000 -1.0000 -0.0000
vn 0.0000 -1.0000 -0.0000
vn 0.0000 -1.0000 -0.0000
vn -0.0000 0.5000 -0.8660
vn -0.0000 0.5000 -0.8660
vn 0.0000 -0.5000 -0.8660
vn 0.0000 -0.5000 -0.8660
vn 0.0000 -1.0000 -0.0000
vn 0.0000 -1.0000 -0.0000
vn 0.0000 -0.5000 0.8660
vn 0.0000 -0.5000 0.8660
vn -0.0000 0.5000 0.8660
vn -0.0000 0.5000 0.8660
vn -0.0000 1.0000 0.0000
vn -0.0000 1.0000 0.0000
vn 1.0000 0.0008 0.0000
vn 1.0000 0.0008 0.0000
vn 1.0000 0.0008 0.0000
vn 1.0000 0.0008 0.0000
vn 1.0000 0.0008 0.0000
vn 1.0000 0.0008 0.0000
vn -1.0000 -0.0008 -0.0000
vn -1.0000 -0.0008 -0.0000
vn -1.0000 -0.0008 -0.0000
vn -1.0000 -0.0008 -0.0000
vn -1.0000 -0.0008 -0.0000
vn -1.0000 -0.0008 -0.0000
vn -0.0000 1.0000 0.0000
vn -0.0000 1.0000 0.0000
vn -0.0000 0.2990 0.9543
vn -0.0000 0.2990 0.9543
vn 0.0000 -0.8152 0.5792
vn 0.0000 -0.8152 0.5792
vn 1.0000 0.0008 0.0000
vn 1.0000 0.0008 0.0000
vn 1.0000 0.0008 0.0000
vn -1.0000 -0.0008 -0.0000
vn -1.0000 -0.0008 -0.0000
vn -1.0000 -0.0008 -0.0000
vn -1.0000 -0.0008 -0.0000
vn -0.0000 0.3190 -0.9477
vn -0.0000 0.3190 -0.9477
vn 0.0000 -0.8028 -0.5963
vn 0.0000 -0.8028 -0.5963
vn 1.0000 0.0008 0.0000
vn 1.0000 0.0008 0.0000
vn -1.0000 -0.0008 -0.0000
vn -1.0000 -0.0008 -0.0000
vn -1.0000 -0.0008 -0.0000
vn -1.0000 -0.0008 -0.0000
vn 1.0000 0.0008 0.0000
vn 1.0000 0.0008 0.0000
vn 1.0000 0.0008 0.0000
vn -0.0008 -0.9543 0.2990
vn -0.0008 -0.9543 0.2990
vn 0.0000 -0.5962 0.8028
vn 0.0000 -0.5962 0.8028
vn 0.0000 0.0000 1.0000
vn 0.0000 0.0000 1.0000
vn 0.0001 0.5792 0.8152
vn 0.0001 0.5792 0.8152
vn 1.0000 0.0008 0.0000
vn 1.0000 0.0008 0.0000
vn 1.0000 0.0008 0.0000
vn 1.0000 0.0008 0.0000
vn 1.0000 0.0008 0.0000
vn 1.0000 0.0008 0.0000
vn 1.0000 0.0008 0.0000
vn 1.0000 0.0008 0.0000
vn 1.0000 0.0008 0.0000
vn 1.0000 0.0008 0.0000
vn 0.9645 0.2292 -0.1309
vn 0.9642 0.1326 -0.2294
vn 1.0000 0.0008 0.0000
vn 0.9659 0.0000 -0.2588
vn 0.9635 -0.1338 -0.2321
vn 0.9632 -0.2324 -0.1352
vn 0.9630 -0.2696 -0.0028
vn 0.9632 -0.2352 0.1303
vn 0.9635 -0.1386 0.2292
vn 0.9659 0.0000 0.2588
vn 0.9642 0.1278 0.2322
vn 0.9645 0.2264 0.1357
vn 0.9659 0.2588 0.0028
vn 1.0000 0.0008 0.0000
vn 1.0000 0.0008 0.0000
vn 1.0000 0.0008 0.0000
vn -0.0000 0.9477 0.3190
vn -0.0000 0.9477 0.3190
vn 0.0000 0.0000 -1.0000
vn 0.0000 0.0000 -1.0000
vn -1.0000 -0.0008 -0.0000
vn -1.0000 -0.0008 -0.0000
vn 0.0000 -1.0000 -0.0000
vn -1.0000 -0.0008 -0.0000
vn -1.0000 -0.0008 -0.0000
vn -1.0000 -0.0008 -0.0000
vn -1.0000 -0.0008 -0.0000
vn 1.0000 0.0008 0.0000
vn 1.0000 0.0008 0.0000
vn -1.0000 -0.0008 -0.0000
vn -1.0000 -0.0008 -0.0000
vn -1.0000 -0.0008 -0.0000
vn -0.0008 -0.9543 0.2990
vn -0.0008 -0.9543 0.2990
vn 0.0000 -0.5962 0.8028
vn 0.0000 -0.5962 0.8028
vn 0.0000 0.0000 1.0000
vn 0.0000 0.0000 1.0000
vn 0.0001 0.5792 0.8152
vn 0.0001 0.5792 0.8152
vn -1.0000 -0.0008 -0.0000
vn -1.0000 -0.0008 -0.0000
vn -1.0000 -0.0008 -0.0000
vn -1.0000 -0.0008 -0.0000
vn -1.0000 -0.0008 -0.0000
vn -1.0000 -0.0008 -0.0000
vn -1.0000 -0.0008 -0.0000
vn -1.0000 -0.0008 -0.0000
vn -1.0000 -0.0008 -0.0000
vn -1.0000 -0.0008 -0.0000
vn -0.9645 0.2292 -0.1309
vn -1.0000 -0.0008 -0.0000
vn -0.9642 0.1326 -0.2294
vn -0.9659 -0.0000 -0.2588
vn -0.9635 -0.1338 -0.2321
vn -0.9632 -0.2324 -0.1352
vn -0.9630 -0.2696 -0.0028
vn -0.9632 -0.2352 0.1303
vn -0.9635 -0.1386 0.2292
vn -0.9659 -0.0000 0.2588
vn -0.9642 0.1278 0.2322
vn -0.9645 0.2264 0.1357
vn -0.9659 0.2588 0.0028
vn -1.0000 -0.0008 -0.0000
vn -1.0000 -0.0008 -0.0000
vn -1.0000 -0.0008 -0.0000
vn -0.0000 0.9477 0.3190
vn -0.0000 0.9477 0.3190
vn 0.0000 0.0000 -1.0000
vn 0.0000 0.0000 -1.0000
vn 1.0000 0.0008 0.0000
vn 1.0000 0.0008 0.0000
vn 0.0000 -1.0000 -0.0000
vn 1.0000 0.0008 0.0000
vn 1.0000 0.0008 0.0000
vn 1.0000 0.0008 0.0000
vn -1.0000 -0.0008 -0.0000
vn -1.0000 -0.0008 -0.0000
vn 0.0008 -0.9844 -0.1761
vn -0.1955 -0.9778 -0.0747
vn -0.1955 -0.9778 -0.0747
vn 0.1955 -0.9778 -0.0747
vn 0.1955 -0.9778 -0.0747
vn 0.0000 0.0000 -1.0000
vn 0.0000 0.0000 -1.0000
vn 0.0000 0.0000 -1.0000
vn 0.0000 0.0000 1.0000
vn 0.0000 0.0000 1.0000
vn 0.7037 -0.7105 0.0019
vn 0.7037 -0.7105 0.0019
vn -0.7071 0.7071 0.0072
vn -0.7071 0.7071 0.0072
vn 0.3816 -0.9243 -0.0067
vn 0.3816 -0.9243 -0.0067
vn 0.0000 0.0000 1.0000
vn 0.0000 0.0000 1.0000
vn 0.0000 0.0000 -1.0000
vn 0.0000 0.0000 -1.0000
vn 0.0000 0.0000 -1.0000
vn 0.0000 0.0000 -1.0000
vn 0.0000 0.0000 1.0000
vn 0.0000 0.0000 1.0000
vn 0.0000 0.0000 1.0000
vn 0.0000 0.0000 1.0000
vn -0.2554 -0.9668 -0.0010
vn -0.2554 -0.9668 -0.0010
vn -0.9630 -0.2696 -0.0028
vn -0.9630 -0.2696 -0.0028
vn -0.9965 -0.0833 0.0034
vn 0.9982 0.0605 0.0006
vn 0.9659 0.2588 0.0028
vn 0.9982 0.0605 0.0006
vn 0.9659 0.2588 0.0028
vn 0.2588 0.9659 0.0098
vn 0.2588 0.9659 0.0098
vn -0.3802 -0.9249 -0.0070
vn -0.3802 -0.9249 -0.0070
vn 0.0000 -0.5000 -0.8660
vn 0.0000 0.0000 1.0000
vn -1.0000 -0.0008 -0.0000
vn 1.0000 0.0008 0.0000
vn 0.9659 0.0000 0.2588
vn 0.9659 0.0000 0.2588
vn 0.7071 0.0000 0.7071
vn 0.7071 0.0000 0.7071
vn -0.0000 1.0000 0.0000
vn -0.0000 1.0000 0.0000
vn -0.0000 1.0000 0.0000
vn -0.0000 1.0000 0.0000
vn -0.9659 -0.0000 -0.2588
vn -0.9659 -0.0000 -0.2588
vn -0.7321 -0.0000 -0.6812
vn -0.7321 -0.0000 -0.6812
vn 1.0000 0.0008 0.0000
vn 0.2588 0.0000 -0.9659
vn 0.2588 0.0000 -0.9659
vn 0.7071 0.0000 -0.7071
vn 0.7071 0.0000 -0.7071
vn 0.9659 0.0000 -0.2588
vn 0.9659 0.0000 -0.2588
vn -0.0000 1.0000 0.0000
vn -0.0000 1.0000 0.0000
vn -0.0000 1.0000 0.0000
vn -0.0000 1.0000 0.0000
vn -0.0000 1.0000 0.0000
vn -0.0000 1.0000 0.0000
vn -0.2588 -0.0000 0.9659
vn -0.2588 -0.0000 0.9659
vn -0.7071 -0.0000 0.7071
vn -0.7071 -0.0000 0.7071
vn -0.9659 -0.0000 0.2588
vn -0.9659 -0.0000 0.2588
vn 0.0000 -1.0000 -0.0000
vn 0.0000 -1.0000 -0.0000
vn 0.0000 -1.0000 -0.0000
vn 0.0000 -1.0000 -0.0000
vn 0.0000 -1.0000 -0.0000
vn 0.0000 -1.0000 -0.0000
vn 0.0000 -1.0000 -0.0000
vn 0.0000 -1.0000 -0.0000
vn 0.0000 -1.0000 -0.0000
vn 0.0000 -1.0000 -0.0000
vn 0.0000 -1.0000 -0.0000
vn 0.0000 -1.0000 -0.0000
vn 0.0000 -1.0000 -0.0000
vn 1.0000 0.0008 0.0000
vn -1.0000 -0.0008 -0.0000
vn -0.9659 -0.0000 0.2588
vn -0.9659 -0.0000 0.2588
vn -0.7071 -0.0000 0.7071
vn -0.7071 -0.0000 0.7071
vn -0.0000 1.0000 0.0000
vn -0.0000 1.0000 0.0000
vn -0.0000 1.0000 0.0000
vn -0.0000 1.0000 0.0000
vn 0.9659 0.0000 -0.2588
vn 0.9659 0.0000 -0.2588
vn 0.7321 0.0000 -0.6812
vn 0.7321 0.0000 -0.6812
vn -0.2588 -0.0000 -0.9659
vn -0.2588 -0.0000 -0.9659
vn -0.7071 -0.0000 -0.7071
vn -0.7071 -0.0000 -0.7071
vn -0.9659 -0.0000 -0.2588
vn -0.9659 -0.0000 -0.2588
vn -0.0000 1.0000 0.0000
vn -0.0000 1.0000 0.0000
vn -0.0000 1.0000 0.0000
vn -0.0000 1.0000 0.0000
vn -0.0000 1.0000 0.0000
vn -0.0000 1.0000 0.0000
vn 0.2588 0.0000 0.9659
vn 0.2588 0.0000 0.9659
vn 0.7071 0.0000 0.7071
vn 0.7071 0.0000 0.7071
vn 0.9659 0.0000 0.2588
vn 0.9659 0.0000 0.2588
vn 0.0000 -1.0000 -0.0000
vn 0.0000 -1.0000 -0.0000
vn 0.0000 -1.0000 -0.0000
vn 0.0000 -1.0000 -0.0000
vn 0.0000 -1.0000 -0.0000
vn 0.0000 -1.0000 -0.0000
vn 0.0000 -1.0000 -0.0000
vn 0.0000 -1.0000 -0.0000
vn 0.0000 -1.0000 -0.0000
vn 0.0000 -1.0000 -0.0000
vn 0.0000 -1.0000 -0.0000
vn 0.0000 -1.0000 -0.0000
vn 0.0000 -1.0000 -0.0000
vn 0.0000 -1.0000 -0.0000
vn -0.5000 -0.8660 0.0000
vn -0.5000 -0.8660 0.0000
vn -0.8660 -0.5000 0.0000
vn -0.8660 -0.5000 0.0000
vn -1.0000 -0.0008 -0.0000
vn -0.9982 0.0605 0.0006
vn -0.0000 1.0000 0.0000
vn 0.0000 0.0000 1.0000
vn 0.0000 0.0000 1.0000
vn 0.0000 0.0000 1.0000
vn 0.0000 0.0000 1.0000
vn 0.0000 0.0000 -1.0000
vn 0.0000 0.0000 -1.0000
vn 0.0000 0.0000 -1.0000
vn 0.0000 0.0000 -1.0000
vn 0.0000 0.0000 -1.0000
vn -0.8939 0.4482 -0.0000
vn -0.8939 0.4482 -0.0000
vn -0.8939 0.4482 -0.0000
vn -0.8939 0.4482 -0.0000
vn -1.0000 -0.0008 -0.0000
vn -1.0000 -0.0008 -0.0000
vn -1.0000 -0.0008 -0.0000
vn -1.0000 -0.0008 -0.0000
vn 0.0000 0.0000 -1.0000
vn 0.0000 0.0000 1.0000
vn 0.0000 0.0000 1.0000
vn 0.5000 -0.8660 0.0000
vn 0.5000 -0.8660 0.0000
vn 0.8660 -0.5000 0.0000
vn 0.8660 -0.5000 0.0000
vn 1.0000 0.0008 0.0000
vn 0.9982 0.0605 0.0006
vn -0.0000 1.0000 0.0000
vn 0.0000 0.0000 1.0000
vn 0.0000 0.0000 1.0000
vn 0.0000 0.0000 1.0000
vn 0.0000 0.0000 -1.0000
vn 0.0000 0.0000 -1.0000
vn 0.0000 0.0000 -1.0000
vn 0.8939 0.4482 -0.0000
vn 0.8939 0.4482 -0.0000
vn 0.8939 0.4482 -0.0000
vn 0.8939 0.4482 -0.0000
vn 1.0000 0.0008 0.0000
vn 1.0000 0.0008 0.0000
vn 1.0000 0.0008 0.0000
vn 1.0000 0.0008 0.0000
vn 0.0000 0.0000 -1.0000
vn 0.0000 0.0000 1.0000
vn 0.0000 0.0000 1.0000
vn -0.0000 1.0000 0.0000
vn -0.0000 1.0000 0.0000
vn 0.0008 -0.9844 -0.1761
vn 0.0008 -0.9844 -0.1761
vn -1.0000 -0.0008 -0.0000
vn -1.0000 -0.0008 -0.0000
vn 0.0000 -1.0000 -0.0000
vn 0.0000 -1.0000 -0.0000
vn 1.0000 0.0008 0.0000
vn 1.0000 0.0008 0.0000
vn -1.0000 -0.0008 -0.0000
vn -0.8660 -0.0000 0.5000
vn -0.5000 0.0000 0.8660
vn 0.0000 0.0000 1.0000
vn 0.5000 0.0000 0.8660
vn 0.0000 0.0000 1.0000
vn 0.8660 0.0000 0.5000
vn 1.0000 0.0008 0.0000
vn 0.8660 0.0000 -0.5000
vn 0.5000 0.0000 -0.8660
vn 0.0000 0.0000 -1.0000
vn -0.5000 0.0000 -0.8660
vn -0.8660 0.0000 -0.5000
vn -0.8660 -0.0000 0.5000
vn -1.0000 -0.0008 -0.0000
vn -1.0000 -0.0008 -0.0000
vn -0.5000 0.0000 0.8660
vn -0.4997 -0.1670 0.8500
vn 0.0000 0.0000 1.0000
vn 0.0000 0.0000 1.0000
vn 0.4997 -0.1670 0.8500
vn 0.5000 0.0000 0.8660
vn 0.8660 0.0000 0.5000
vn 1.0000 0.0008 0.0000
vn 1.0000 0.0008 0.0000
vn 0.8660 0.0000 -0.5000
vn 0.4998 0.1641 -0.8504
vn 0.5000 0.0000 -0.8660
vn 0.0000 0.0000 -1.0000
vn -0.5000 0.0000 -0.8660
vn -0.4998 0.1641 -0.8504
vn -0.8660 0.0000 -0.5000
vn -1.0000 -0.0008 -0.0000
vn -0.8646 -0.4236 0.2703
vn -1.0000 -0.0008 -0.0000
vn -0.4976 -0.7308 0.4673
vn -0.5029 -0.5155 0.6938
vn 0.0000 -0.8423 0.5389
vn 0.5029 -0.5155 0.6938
vn 0.0000 -0.8423 0.5389
vn 0.4976 -0.7308 0.4673
vn 0.8646 -0.4236 0.2703
vn 1.0000 0.0008 0.0000
vn 1.0000 0.0008 0.0000
vn 0.8643 0.4272 -0.2657
vn 0.5045 0.5272 -0.6837
vn 0.4967 0.7395 -0.4544
vn 0.0000 0.8534 -0.5213
vn -0.4967 0.7395 -0.4544
vn -0.5045 0.5272 -0.6838
vn -0.8643 0.4272 -0.2657
vn -1.0000 -0.0008 -0.0000
vn -0.8660 -0.4456 0.2268
vn -0.5000 -0.7718 0.3928
vn 0.0000 -0.8822 0.4708
vn 0.5000 -0.7718 0.3928
vn 0.0000 -0.8822 0.4708
vn 0.8660 -0.4456 0.2268
vn 1.0000 0.0008 0.0000
vn 0.8660 0.4456 -0.2268
vn 0.5000 0.7718 -0.3928
vn 0.0000 0.8912 -0.4536
vn -0.5000 0.7718 -0.3928
vn -0.8660 0.4456 -0.2268
vn -0.7071 -0.6302 0.3207
vn -0.7071 -0.6302 0.3207
vn -0.2588 -0.8608 0.4381
vn -0.2588 -0.8608 0.4381
vn 0.2588 -0.8608 0.4381
vn 0.2588 -0.8608 0.4381
vn 0.7071 -0.6302 0.3207
vn 0.7071 -0.6302 0.3207
vn 0.9632 -0.2352 0.1303
vn 0.9632 -0.2352 0.1303
vn 0.9645 0.2292 -0.1309
vn 0.9645 0.2292 -0.1309
vn 0.7071 0.6302 -0.3207
vn 0.7071 0.6302 -0.3207
vn 0.2588 0.8608 -0.4381
vn -0.2588 0.8608 -0.4381
vn -0.7071 0.6302 -0.3207
vn -0.9645 0.2292 -0.1309
vn -0.9632 -0.2352 0.1303
vn -0.9632 -0.2352 0.1303
vn 0.0000 -1.0000 -0.0000
vn 0.0000 -1.0000 -0.0000
vn 0.0000 -1.0000 -0.0000
vn 0.0000 -1.0000 -0.0000
vn 0.0000 -1.0000 -0.0000
vn 0.0000 -1.0000 -0.0000
vn 0.0000 -1.0000 -0.0000
vn 0.0000 -1.0000 -0.0000
vn 0.9962 -0.0064 0.0865
vn 0.9962 -0.0064 0.0865
vn -0.9966 0.0058 -0.0817
vn -0.9966 0.0058 -0.0817
vn 0.5985 -0.1935 0.7774
vn 0.5985 -0.1935 0.7774
vn -0.3994 0.2424 -0.8842
vn -0.3994 0.2424 -0.8842
vn 1.0000 0.0008 -0.0020
vn 1.0000 0.0008 -0.0020
vn 1.0000 0.0008 -0.0020
vn 1.0000 0.0008 -0.0020
vn -1.0000 -0.0008 0.0020
vn -1.0000 -0.0008 0.0020
vn -1.0000 -0.0008 0.0020
vn -1.0000 -0.0008 0.0020
vn -0.0020 -0.0035 -1.0000
vn -0.0020 -0.0035 -1.0000
vn -0.0020 -0.0035 -1.0000
vn -0.0020 -0.0035 -1.0000
vn 0.0009 0.7095 0.7047
vn 0.0009 0.7095 0.7047
vn 0.1156 0.8039 -0.5834
vn 0.1156 0.8039 -0.5834
vn -0.0008 0.9998 -0.0212
vn -0.0055 0.9351 0.3544
vn -0.0055 0.9351 0.3544
vn -0.0008 0.9998 -0.0212
vn 0.0054 -0.9994 -0.0340
vn 0.0008 -0.9997 0.0235
vn 0.0054 -0.9994 -0.0340
vn 0.0008 -0.9997 0.0235
vn -0.0035 0.4458 -0.8951
vn -0.0035 0.4458 -0.8951
vn -0.0035 0.4458 -0.8951
vn -0.0035 0.4458 -0.8951
vn 0.0100 -0.9958 -0.0914
vn 0.0100 -0.9958 -0.0914
f 1430/1430/1430 1923/1923/1923 1431/1431/1431
f 1928/1928/1928 1430/1430/1430 1446/1446/1446
f 1964/1964/1964 1446/1446/1446 1462/1462/1462
f 1462/1462/1462 1431/1431/1431 1959/1959/1959
f 1466/1466/1466 1445/1445/1445 1964/1964/1964
f 1444/1444/1444 1928/1928/1928 1445/1445/1445
f 1963/1963/1963 1443/1443/1443 1466/1466/1466
f 1927/1927/1927 1444/1444/1444 1443/1443/1443
f 1465/1465/1465 1442/1442/1442 1963/1963/1963
f 1441/1441/1441 1927/1927/1927 1442/1442/1442
f 1962/1962/1962 1440/1440/1440 1465/1465/1465
f 1926/1926/1926 1441/1441/1441 1440/1440/1440
f 1464/1464/1464 1439/1439/1439 1962/1962/1962
f 1438/1438/1438 1926/1926/1926 1439/1439/1439
f 1961/1961/1961 1437/1437/1437 1464/1464/1464
f 1925/1925/1925 1438/1438/1438 1437/1437/1437
f 1463/1463/1463 1436/1436/1436 1961/1961/1961
f 1435/1435/1435 1925/1925/1925 1436/1436/1436
f 1960/1960/1960 1434/1434/1434 1463/1463/1463
f 1924/1924/1924 1435/1435/1435 1434/1434/1434
f 1432/1432/1432 1433/1433/1433 1960/1960/1960
f 1432/1432/1432 1924/1924/1924 1433/1433/1433
f 1839/1839/1839 1841/1841/1841 2315/2315/2315
f 1843/1843/1843 2315/2315/2315 1841/1841/1841
f 1843/1843/1843 2314/2314/2314 2315/2315/2315
f 2315/2315/2315 2314/2314/2314 2332/2332/2332
f 2364/2364/2364 2379/2379/2379 2380/2380/2380
f 2364/2364/2364 2363/2363/2363 2379/2379/2379
f 2348/2348/2348 2363/2363/2363 2364/2364/2364
f 2348/2348/2348 2364/2364/2364 2349/2349/2349
f 1287/1287/1287 2348/2348/2348 2349/2349/2349
f 2350/2350/2350 1287/1287/1287 2349/2349/2349
f 1757/1757/1757 1287/1287/1287 2350/2350/2350
f 1757/1757/1757 2350/2350/2350 2331/2331/2331
f 2330/2330/2330 1757/1757/1757 2331/2331/2331
f 2330/2330/2330 2331/2331/2331 2332/2332/2332
f 2313/2313/2313 2330/2330/2330 2332/2332/2332
f 2313/2313/2313 2332/2332/2332 2314/2314/2314
f 1844/1844/1844 2313/2313/2313 2314/2314/2314
f 1844/1844/1844 2314/2314/2314 1843/1843/1843
f 820/820/820 1844/1844/1844 1843/1843/1843
f 820/820/820 1843/1843/1843 1842/1842/1842
f 1842/1842/1842 1843/1843/1843 1841/1841/1841
f 1842/1842/1842 1841/1841/1841 1330/1330/1330
f 1840/1840/1840 1330/1330/1330 1841/1841/1841
f 1840/1840/1840 1841/1841/1841 1839/1839/1839
f 819/819/819 1840/1840/1840 1839/1839/1839
f 820/820/820 1846/1846/1846 1845/1845/1845
f 820/820/820 1845/1845/1845 1844/1844/1844
f 1844/1844/1844 1845/1845/1845 2312/2312/2312
f 1844/1844/1844 2312/2312/2312 2313/2313/2313
f 2312/2312/2312 2330/2330/2330 2313/2313/2313
f 2312/2312/2312 2329/2329/2329 2330/2330/2330
f 2329/2329/2329 1757/1757/1757 2330/2330/2330
f 1287/1287/1287 2347/2347/2347 2348/2348/2348
f 1757/1757/1757 2347/2347/2347 1287/1287/1287
f 1757/1757/1757 2328/2328/2328 2347/2347/2347
f 2329/2329/2329 2328/2328/2328 1757/1757/1757
f 2327/2327/2327 2328/2328/2328 2329/2329/2329
f 2312/2312/2312 2327/2327/2327 2329/2329/2329
f 2312/2312/2312 2311/2311/2311 2327/2327/2327
f 1845/1845/1845 2311/2311/2311 2312/2312/2312
f 1845/1845/1845 1830/1830/1830 2311/2311/2311
f 1846/1846/1846 1830/1830/1830 1845/1845/1845
f 1846/1846/1846 1328/1328/1328 1830/1830/1830
f 2363/2363/2363 2377/2377/2377 2378/2378/2378
f 2363/2363/2363 2362/2362/2362 2377/2377/2377
f 2348/2348/2348 2362/2362/2362 2363/2363/2363
f 2348/2348/2348 2346/2346/2346 2362/2362/2362
f 2347/2347/2347 2346/2346/2346 2348/2348/2348
f 2347/2347/2347 1761/1761/1761 2346/2346/2346
f 2328/2328/2328 1761/1761/1761 2347/2347/2347
f 2328/2328/2328 1756/1756/1756 1761/1761/1761
f 2327/2327/2327 1756/1756/1756 2328/2328/2328
f 2326/2326/2326 1756/1756/1756 2327/2327/2327
f 2311/2311/2311 2326/2326/2326 2327/2327/2327
f 2311/2311/2311 2309/2309/2309 2326/2326/2326
f 1830/1830/1830 2309/2309/2309 2311/2311/2311
f 1830/1830/1830 1828/1828/1828 2309/2309/2309
f 1328/1328/1328 1828/1828/1828 1830/1830/1830
f 1328/1328/1328 1829/1829/1829 1828/1828/1828
f 817/817/817 1828/1828/1828 1829/1829/1829
f 817/817/817 1831/1831/1831 1828/1828/1828
f 1761/1761/1761 2345/2345/2345 2346/2346/2346
f 1761/1761/1761 2343/2343/2343 2345/2345/2345
f 1756/1756/1756 2343/2343/2343 1761/1761/1761
f 1756/1756/1756 2325/2325/2325 2343/2343/2343
f 2326/2326/2326 2325/2325/2325 1756/1756/1756
f 1831/1831/1831 2309/2309/2309 1828/1828/1828
f 1831/1831/1831 2310/2310/2310 2309/2309/2309
f 2310/2310/2310 2326/2326/2326 2309/2309/2309
f 2310/2310/2310 2324/2324/2324 2326/2326/2326
f 2324/2324/2324 2325/2325/2325 2326/2326/2326
f 2324/2324/2324 1755/1755/1755 2325/2325/2325
f 1755/1755/1755 2343/2343/2343 2325/2325/2325
f 1755/1755/1755 1286/1286/1286 2343/2343/2343
f 2343/2343/2343 1286/1286/1286 2344/2344/2344
f 2343/2343/2343 2344/2344/2344 2345/2345/2345
f 2344/2344/2344 2360/2360/2360 2345/2345/2345
f 2346/2346/2346 2345/2345/2345 2360/2360/2360
f 2346/2346/2346 2360/2360/2360 2362/2362/2362
f 2362/2362/2362 2360/2360/2360 2375/2375/2375
f 2362/2362/2362 2375/2375/2375 2376/2376/2376
f 2344/2344/2344 2361/2361/2361 2360/2360/2360
f 2361/2361/2361 2373/2373/2373 2360/2360/2360
f 2361/2361/2361 2374/2374/2374 2373/2373/2373
f 1753/1753/1753 2337/2337/2337 1760/1760/1760
f 1753/1753/1753 2319/2319/2319 2337/2337/2337
f 2319/2319/2319 1288/1288/1288 2337/2337/2337
f 2319/2319/2319 1759/1759/1759 1288/1288/1288
f 1759/1759/1759 2354/2354/2354 1288/1288/1288
f 1759/1759/1759 2335/2335/2335 2354/2354/2354
f 2336/2336/2336 2335/2335/2335 1759/1759/1759
f 2320/2320/2320 2336/2336/2336 1759/1759/1759
f 2320/2320/2320 1759/1759/1759 2319/2319/2319
f 2318/2318/2318 2320/2320/2320 2319/2319/2319
f 2318/2318/2318 2319/2319/2319 1753/1753/1753
f 2321/2321/2321 2318/2318/2318 1753/1753/1753
f 2321/2321/2321 1753/1753/1753 2322/2322/2322
f 2322/2322/2322 1753/1753/1753 1760/1760/1760
f 2322/2322/2322 1760/1760/1760 2341/2341/2341
f 1760/1760/1760 2340/2340/2340 2341/2341/2341
f 1760/1760/1760 2338/2338/2338 2340/2340/2340
f 2337/2337/2337 2338/2338/2338 1760/1760/1760
f 2337/2337/2337 2339/2339/2339 2338/2338/2338
f 2357/2357/2357 2387/2387/2387 2388/2388/2388
f 2357/2357/2357 2356/2356/2356 2387/2387/2387
f 2338/2338/2338 2356/2356/2356 2357/2357/2357
f 2338/2338/2338 2357/2357/2357 2358/2358/2358
f 2338/2338/2338 2358/2358/2358 2340/2340/2340
f 2342/2342/2342 2340/2340/2340 2358/2358/2358
f 2341/2341/2341 2340/2340/2340 2342/2342/2342
f 2341/2341/2341 2342/2342/2342 1285/1285/1285
f 1754/1754/1754 2341/2341/2341 1285/1285/1285
f 1754/1754/1754 2322/2322/2322 2341/2341/2341
f 2323/2323/2323 2322/2322/2322 1754/1754/1754
f 2323/2323/2323 2321/2321/2321 2322/2322/2322
f 2308/2308/2308 2321/2321/2321 2323/2323/2323
f 2308/2308/2308 2307/2307/2307 2321/2321/2321
f 1834/1834/1834 2307/2307/2307 2308/2308/2308
f 1834/1834/1834 1832/1832/1832 2307/2307/2307
f 818/818/818 1832/1832/1832 1834/1834/1834
f 818/818/818 1833/1833/1833 1832/1832/1832
f 2357/2357/2357 2369/2369/2369 2358/2358/2358
f 2357/2357/2357 2370/2370/2370 2369/2369/2369
f 2342/2342/2342 2358/2358/2358 2359/2359/2359
f 2359/2359/2359 2358/2358/2358 2371/2371/2371
f 2359/2359/2359 2371/2371/2371 2372/2372/2372
f 2305/2305/2305 2320/2320/2320 2318/2318/2318
f 2305/2305/2305 2318/2318/2318 2306/2306/2306
f 2306/2306/2306 2318/2318/2318 2321/2321/2321
f 2306/2306/2306 2321/2321/2321 2307/2307/2307
f 1832/1832/1832 2306/2306/2306 2307/2307/2307
f 1832/1832/1832 1835/1835/1835 2306/2306/2306
f 1835/1835/1835 2305/2305/2305 2306/2306/2306
f 1835/1835/1835 1837/1837/1837 2305/2305/2305
f 1838/1838/1838 2305/2305/2305 1837/1837/1837
f 1838/1838/1838 2317/2317/2317 2305/2305/2305
f 1838/1838/1838 2316/2316/2316 2317/2317/2317
f 2317/2317/2317 2316/2316/2316 2334/2334/2334
f 2316/2316/2316 2333/2333/2333 2334/2334/2334
f 2334/2334/2334 2333/2333/2333 1758/1758/1758
f 1833/1833/1833 1835/1835/1835 1832/1832/1832
f 1833/1833/1833 1329/1329/1329 1835/1835/1835
f 1836/1836/1836 1835/1835/1835 1329/1329/1329
f 1836/1836/1836 1837/1837/1837 1835/1835/1835
f 819/819/819 1837/1837/1837 1836/1836/1836
f 819/819/819 1838/1838/1838 1837/1837/1837
f 819/819/819 1839/1839/1839 1838/1838/1838
f 1838/1838/1838 1839/1839/1839 2316/2316/2316
f 1839/1839/1839 2315/2315/2315 2316/2316/2316
f 2316/2316/2316 2315/2315/2315 2333/2333/2333
f 2315/2315/2315 2332/2332/2332 2333/2333/2333
f 2332/2332/2332 1758/1758/1758 2333/2333/2333
f 2332/2332/2332 2331/2331/2331 1758/1758/1758
f 2331/2331/2331 1762/1762/1762 1758/1758/1758
f 2331/2331/2331 2350/2350/2350 1762/1762/1762
f 1762/1762/1762 2350/2350/2350 2351/2351/2351
f 2350/2350/2350 2349/2349/2349 2351/2351/2351
f 2349/2349/2349 2365/2365/2365 2351/2351/2351
f 2349/2349/2349 2364/2364/2364 2365/2365/2365
f 2365/2365/2365 2364/2364/2364 2381/2381/2381
f 2365/2365/2365 2381/2381/2381 2382/2382/2382
f 1762/1762/1762 2351/2351/2351 2352/2352/2352
f 2352/2352/2352 2351/2351/2351 2365/2365/2365
f 2352/2352/2352 2365/2365/2365 2366/2366/2366
f 2366/2366/2366 2365/2365/2365 2383/2383/2383
f 2366/2366/2366 2383/2383/2383 1763/1763/1763
f 2366/2366/2366 1763/1763/1763 2384/2384/2384
f 2366/2366/2366 2384/2384/2384 2367/2367/2367
f 2352/2352/2352 2366/2366/2366 2367/2367/2367
f 2352/2352/2352 2367/2367/2367 2353/2353/2353
f 1762/1762/1762 2352/2352/2352 2353/2353/2353
f 1762/1762/1762 2353/2353/2353 2354/2354/2354
f 1758/1758/1758 1762/1762/1762 2354/2354/2354
f 1758/1758/1758 2354/2354/2354 2335/2335/2335
f 2334/2334/2334 1758/1758/1758 2335/2335/2335
f 2336/2336/2336 2334/2334/2334 2335/2335/2335
f 2317/2317/2317 2334/2334/2334 2336/2336/2336
f 2317/2317/2317 2336/2336/2336 2320/2320/2320
f 2317/2317/2317 2320/2320/2320 2305/2305/2305
f 2339/2339/2339 2337/2337/2337 1288/1288/1288
f 2339/2339/2339 1288/1288/1288 2355/2355/2355
f 2354/2354/2354 2355/2355/2355 1288/1288/1288
f 2354/2354/2354 2353/2353/2353 2355/2355/2355
f 2355/2355/2355 2353/2353/2353 2367/2367/2367
f 2355/2355/2355 2367/2367/2367 2368/2368/2368
f 2368/2368/2368 2367/2367/2367 2385/2385/2385
f 2368/2368/2368 2385/2385/2385 1289/1289/1289
f 2368/2368/2368 1289/1289/1289 2386/2386/2386
f 2368/2368/2368 2386/2386/2386 2356/2356/2356
f 2356/2356/2356 2355/2355/2355 2368/2368/2368
f 2356/2356/2356 2339/2339/2339 2355/2355/2355
f 2338/2338/2338 2339/2339/2339 2356/2356/2356
f 1827/1827/1827 1826/1826/1826 816/816/816
f 1327/1327/1327 1326/1326/1326 1826/1826/1826
f 1825/1825/1825 1824/1824/1824 1326/1326/1326
f 815/815/815 814/814/814 1824/1824/1824
f 1823/1823/1823 1822/1822/1822 814/814/814
f 1325/1325/1325 1324/1324/1324 1822/1822/1822
f 1821/1821/1821 1820/1820/1820 1324/1324/1324
f 813/813/813 812/812/812 1820/1820/1820
f 1819/1819/1819 1818/1818/1818 812/812/812
f 1323/1323/1323 1322/1322/1322 1818/1818/1818
f 1817/1817/1817 1816/1816/1816 1322/1322/1322
f 810/810/810 811/811/811 1816/1816/1816
f 808/808/808 1814/1814/1814 809/809/809
f 1814/1814/1814 1320/1320/1320 1815/1815/1815
f 1320/1320/1320 1812/1812/1812 1321/1321/1321
f 1812/1812/1812 806/806/806 1813/1813/1813
f 806/806/806 1810/1810/1810 807/807/807
f 1810/1810/1810 1318/1318/1318 1811/1811/1811
f 1318/1318/1318 1808/1808/1808 1319/1319/1319
f 1808/1808/1808 804/804/804 1809/1809/1809
f 804/804/804 1806/1806/1806 805/805/805
f 1806/1806/1806 1316/1316/1316 1807/1807/1807
f 1316/1316/1316 1804/1804/1804 1317/1317/1317
f 1804/1804/1804 803/803/803 1805/1805/1805
f 1310/1310/1310 1794/1794/1794 1795/1795/1795
f 1310/1310/1310 1311/1311/1311 1794/1794/1794
f 1792/1792/1792 1311/1311/1311 1310/1310/1310
f 1792/1792/1792 1310/1310/1310 1793/1793/1793
f 795/795/795 1792/1792/1792 1793/1793/1793
f 795/795/795 796/796/796 1792/1792/1792
f 1803/1803/1803 801/801/801 802/802/802
f 1803/1803/1803 1802/1802/1802 801/801/801
f 1315/1315/1315 1802/1802/1802 1803/1803/1803
f 1315/1315/1315 1314/1314/1314 1802/1802/1802
f 1801/1801/1801 1314/1314/1314 1315/1315/1315
f 1801/1801/1801 1800/1800/1800 1314/1314/1314
f 800/800/800 1800/1800/1800 1801/1801/1801
f 800/800/800 799/799/799 1800/1800/1800
f 1798/1798/1798 799/799/799 800/800/800
f 1798/1798/1798 1799/1799/1799 799/799/799
f 1312/1312/1312 1799/1799/1799 1798/1798/1798
f 1312/1312/1312 1798/1798/1798 1313/1313/1313
f 1797/1797/1797 1312/1312/1312 1313/1313/1313
f 1797/1797/1797 1796/1796/1796 1312/1312/1312
f 797/797/797 1796/1796/1796 1797/1797/1797
f 797/797/797 798/798/798 1796/1796/1796
f 1794/1794/1794 798/798/798 797/797/797
f 1794/1794/1794 797/797/797 1795/1795/1795
f 1300/1300/1300 785/785/785 787/787/787
f 1300/1300/1300 786/786/786 785/785/785
f 1300/1300/1300 1791/1791/1791 786/786/786
f 1300/1300/1300 1309/1309/1309 1791/1791/1791
f 1300/1300/1300 1790/1790/1790 1309/1309/1309
f 1300/1300/1300 794/794/794 1790/1790/1790
f 1300/1300/1300 1783/1783/1783 794/794/794
f 1783/1783/1783 1300/1300/1300 787/787/787
f 1783/1783/1783 787/787/787 790/790/790
f 1773/1773/1773 1296/1296/1296 1297/1297/1297
f 1773/1773/1773 1772/1772/1772 1296/1296/1296
f 1295/1295/1295 1772/1772/1772 1773/1773/1773
f 1295/1295/1295 1294/1294/1294 1772/1772/1772
f 1771/1771/1771 1294/1294/1294 1295/1295/1295
f 1771/1771/1771 1770/1770/1770 1294/1294/1294
f 1292/1292/1292 1770/1770/1770 1771/1771/1771
f 1292/1292/1292 1293/1293/1293 1770/1770/1770
f 1302/1302/1302 1784/1784/1784 1303/1303/1303
f 1302/1302/1302 1785/1785/1785 1784/1784/1784
f 1785/1785/1785 1304/1304/1304 1784/1784/1784
f 1785/1785/1785 1305/1305/1305 1304/1304/1304
f 1305/1305/1305 1786/1786/1786 1304/1304/1304
f 1305/1305/1305 1787/1787/1787 1786/1786/1786
f 1787/1787/1787 1306/1306/1306 1786/1786/1786
f 1787/1787/1787 1307/1307/1307 1306/1306/1306
f 1782/1782/1782 789/789/789 788/788/788
f 1782/1782/1782 788/788/788 1301/1301/1301
f 793/793/793 1782/1782/1782 1301/1301/1301
f 1301/1301/1301 1789/1789/1789 793/793/793
f 1301/1301/1301 1308/1308/1308 1789/1789/1789
f 1301/1301/1301 1788/1788/1788 1308/1308/1308
f 1301/1301/1301 792/792/792 1788/1788/1788
f 1301/1301/1301 791/791/791 792/792/792
f 1301/1301/1301 788/788/788 791/791/791
f 1778/1778/1778 1779/1779/1779 1781/1781/1781
f 1778/1778/1778 1780/1780/1780 1779/1779/1779
f 781/781/781 782/782/782 784/784/784
f 781/781/781 783/783/783 782/782/782
f 1768/1768/1768 774/774/774 775/775/775
f 1768/1768/1768 1291/1291/1291 774/774/774
f 777/777/777 774/774/774 1291/1291/1291
f 777/777/777 1291/1291/1291 778/778/778
f 1291/1291/1291 1774/1774/1774 778/778/778
f 1291/1291/1291 1298/1298/1298 1774/1774/1774
f 1291/1291/1291 1775/1775/1775 1298/1298/1298
f 1291/1291/1291 779/779/779 1775/1775/1775
f 779/779/779 1291/1291/1291 1768/1768/1768
f 771/771/771 1290/1290/1290 773/773/773
f 771/771/771 772/772/772 1290/1290/1290
f 1290/1290/1290 772/772/772 1777/1777/1777
f 1290/1290/1290 1777/1777/1777 1299/1299/1299
f 1290/1290/1290 1299/1299/1299 1776/1776/1776
f 1290/1290/1290 1776/1776/1776 780/780/780
f 1769/1769/1769 1290/1290/1290 780/780/780
f 773/773/773 1290/1290/1290 1769/1769/1769
f 773/773/773 1769/1769/1769 776/776/776
f 1217/1217/1217 2250/2250/2250 1218/1218/1218
f 1232/1232/1232 2250/2250/2250 1217/1217/1217
f 1234/1234/1234 1232/1232/1232 1217/1217/1217
f 1231/1231/1231 1232/1232/1232 1234/1234/1234
f 1231/1231/1231 1233/1233/1233 1232/1232/1232
f 1260/1260/1260 1262/1262/1262 1261/1261/1261
f 1260/1260/1260 1261/1261/1261 1234/1234/1234
f 1234/1234/1234 1248/1248/1248 1260/1260/1260
f 1260/1260/1260 1248/1248/1248 2277/2277/2277
f 1248/1248/1248 1249/1249/1249 2277/2277/2277
f 1699/1699/1699 1700/1700/1700 1702/1702/1702
f 1699/1699/1699 1701/1701/1701 1700/1700/1700
f 1695/1695/1695 1696/1696/1696 1698/1698/1698
f 1695/1695/1695 1697/1697/1697 1696/1696/1696
f 1691/1691/1691 1692/1692/1692 1694/1694/1694
f 1691/1691/1691 1693/1693/1693 1692/1692/1692
f 1679/1679/1679 1680/1680/1680 1681/1681/1681
f 1679/1679/1679 1674/1674/1674 1680/1680/1680
f 1679/1679/1679 1682/1682/1682 1644/1644/1644
f 1679/1679/1679 1644/1644/1644 1646/1646/1646
f 1644/1644/1644 1641/1641/1641 1646/1646/1646
f 1644/1644/1644 1645/1645/1645 1641/1641/1641
f 1641/1641/1641 1642/1642/1642 1636/1636/1636
f 1641/1641/1641 1643/1643/1643 1642/1642/1642
f 2230/2230/2230 1673/1673/1673 1674/1674/1674
f 2230/2230/2230 2231/2231/2231 1673/1673/1673
f 1675/1675/1675 2231/2231/2231 2230/2230/2230
f 1675/1675/1675 1676/1676/1676 2231/2231/2231
f 2232/2232/2232 1676/1676/1676 1675/1675/1675
f 2232/2232/2232 2233/2233/2233 1676/1676/1676
f 1677/1677/1677 2233/2233/2233 2232/2232/2232
f 1677/1677/1677 1678/1678/1678 2233/2233/2233
f 1639/1639/1639 2189/2189/2189 1640/1640/1640
f 1639/1639/1639 2188/2188/2188 2189/2189/2189
f 2188/2188/2188 1638/1638/1638 2189/2189/2189
f 2188/2188/2188 1637/1637/1637 1638/1638/1638
f 1637/1637/1637 2187/2187/2187 1638/1638/1638
f 1637/1637/1637 2186/2186/2186 2187/2187/2187
f 2186/2186/2186 1635/1635/1635 2187/2187/2187
f 2186/2186/2186 1636/1636/1636 1635/1635/1635
f 1198/1198/1198 1199/1199/1199 1201/1201/1201
f 1198/1198/1198 1200/1200/1200 1199/1199/1199
f 1194/1194/1194 1195/1195/1195 1197/1197/1197
f 1194/1194/1194 1196/1196/1196 1195/1195/1195
f 1191/1191/1191 1192/1192/1192 1193/1193/1193
f 1191/1191/1191 1184/1184/1184 1192/1192/1192
f 1192/1192/1192 1141/1141/1141 1202/1202/1202
f 1192/1192/1192 1142/1142/1142 1141/1141/1141
f 1141/1141/1141 1142/1142/1142 1131/1131/1131
f 1141/1141/1141 1131/1131/1131 1143/1143/1143
f 1130/1130/1130 1131/1131/1131 1124/1124/1124
f 1130/1130/1130 1132/1132/1132 1131/1131/1131
f 1659/1659/1659 1660/1660/1660 1172/1172/1172
f 1659/1659/1659 1172/1172/1172 1175/1175/1175
f 1172/1172/1172 1173/1173/1173 1175/1175/1175
f 1172/1172/1172 1174/1174/1174 1173/1173/1173
f 1174/1174/1174 2204/2204/2204 1173/1173/1173
f 1174/1174/1174 2205/2205/2205 2204/2204/2204
f 2205/2205/2205 1181/1181/1181 2204/2204/2204
f 2205/2205/2205 1182/1182/1182 1181/1181/1181
f 1182/1182/1182 2206/2206/2206 1181/1181/1181
f 1182/1182/1182 2207/2207/2207 2206/2206/2206
f 2207/2207/2207 1183/1183/1183 2206/2206/2206
f 2207/2207/2207 1184/1184/1184 1183/1183/1183
f 1629/1629/1629 2176/2176/2176 2175/2175/2175
f 1629/1629/1629 2175/2175/2175 1628/1628/1628
f 2173/2173/2173 1629/1629/1629 1628/1628/1628
f 2173/2173/2173 1628/1628/1628 2174/2174/2174
f 2173/2173/2173 2174/2174/2174 1156/1156/1156
f 2173/2173/2173 1156/1156/1156 1157/1157/1157
f 1156/1156/1156 2218/2218/2218 1157/1157/1157
f 1156/1156/1156 2219/2219/2219 2218/2218/2218
f 2218/2218/2218 2219/2219/2219 1665/1665/1665
f 2218/2218/2218 1665/1665/1665 1666/1666/1666
f 1666/1666/1666 1665/1665/1665 2220/2220/2220
f 1666/1666/1666 2220/2220/2220 2221/2221/2221
f 2221/2221/2221 2220/2220/2220 1209/1209/1209
f 2221/2221/2221 1209/1209/1209 1210/1210/1210
f 1210/1210/1210 1209/1209/1209 2222/2222/2222
f 1210/1210/1210 2222/2222/2222 2223/2223/2223
f 2223/2223/2223 2222/2222/2222 1660/1660/1660
f 2223/2223/2223 1660/1660/1660 1659/1659/1659
f 1123/1123/1123 1124/1124/1124 2161/2161/2161
f 1123/1123/1123 2161/2161/2161 2160/2160/2160
f 2160/2160/2160 2161/2161/2161 1122/1122/1122
f 2160/2160/2160 1122/1122/1122 1121/1121/1121
f 1121/1121/1121 1122/1122/1122 2159/2159/2159
f 1121/1121/1121 2159/2159/2159 2158/2158/2158
f 2158/2158/2158 2159/2159/2159 1115/1115/1115
f 2158/2158/2158 1115/1115/1115 1113/1113/1113
f 1112/1112/1112 1113/1113/1113 1115/1115/1115
f 1112/1112/1112 1114/1114/1114 1113/1113/1113
f 1622/1622/1622 1114/1114/1114 1112/1112/1112
f 1622/1622/1622 1112/1112/1112 1623/1623/1623
f 2178/2178/2178 1622/1622/1622 1623/1623/1623
f 2178/2178/2178 1623/1623/1623 2177/2177/2177
f 1159/1159/1159 2178/2178/2178 2177/2177/2177
f 1159/1159/1159 2177/2177/2177 1158/1158/1158
f 2176/2176/2176 1159/1159/1159 1158/1158/1158
f 2176/2176/2176 1158/1158/1158 2175/2175/2175
f 1634/1634/1634 1648/1648/1648 1647/1647/1647
f 1634/1634/1634 1647/1647/1647 1632/1632/1632
f 1632/1632/1632 1633/1633/1633 1634/1634/1634
f 1632/1632/1632 2185/2185/2185 1633/1633/1633
f 2236/2236/2236 2237/2237/2237 1651/1651/1651
f 2236/2236/2236 1651/1651/1651 1652/1652/1652
f 2192/2192/2192 1652/1652/1652 1651/1651/1651
f 2192/2192/2192 1651/1651/1651 2193/2193/2193
f 2192/2192/2192 2193/2193/2193 1653/1653/1653
f 2192/2192/2192 1653/1653/1653 1654/1654/1654
f 1654/1654/1654 1653/1653/1653 2194/2194/2194
f 1654/1654/1654 2194/2194/2194 2195/2195/2195
f 2195/2195/2195 2194/2194/2194 1655/1655/1655
f 2195/2195/2195 1655/1655/1655 1656/1656/1656
f 1656/1656/1656 1655/1655/1655 2196/2196/2196
f 1656/1656/1656 2196/2196/2196 2197/2197/2197
f 2197/2197/2197 2196/2196/2196 1650/1650/1650
f 2197/2197/2197 1650/1650/1650 1649/1649/1649
f 1649/1649/1649 1650/1650/1650 2190/2190/2190
f 1649/1649/1649 2190/2190/2190 2191/2191/2191
f 1648/1648/1648 2191/2191/2191 2190/2190/2190
f 1648/1648/1648 2190/2190/2190 1647/1647/1647
f 1669/1669/1669 1670/1670/1670 1672/1672/1672
f 1669/1669/1669 1671/1671/1671 1670/1670/1670
f 1671/1671/1671 1669/1669/1669 1683/1683/1683
f 1671/1671/1671 1683/1683/1683 1684/1684/1684
f 1684/1684/1684 1683/1683/1683 2234/2234/2234
f 1684/1684/1684 2234/2234/2234 2235/2235/2235
f 2234/2234/2234 1685/1685/1685 2235/2235/2235
f 2234/2234/2234 1686/1686/1686 1685/1685/1685
f 1686/1686/1686 2241/2241/2241 1685/1685/1685
f 1686/1686/1686 2240/2240/2240 2241/2241/2241
f 2240/2240/2240 1690/1690/1690 2241/2241/2241
f 2240/2240/2240 1689/1689/1689 1690/1690/1690
f 1689/1689/1689 2239/2239/2239 1690/1690/1690
f 1689/1689/1689 2238/2238/2238 2239/2239/2239
f 2238/2238/2238 1688/1688/1688 2239/2239/2239
f 2238/2238/2238 1687/1687/1687 1688/1688/1688
f 1687/1687/1687 2236/2236/2236 1688/1688/1688
f 1687/1687/1687 2237/2237/2237 2236/2236/2236
f 1203/1203/1203 1145/1145/1145 1204/1204/1204
f 1203/1203/1203 1147/1147/1147 1145/1145/1145
f 1144/1144/1144 1145/1145/1145 1147/1147/1147
f 1144/1144/1144 1146/1146/1146 1145/1145/1145
f 1137/1137/1137 1138/1138/1138 1140/1140/1140
f 1137/1137/1137 1139/1139/1139 1138/1138/1138
f 1133/1133/1133 1134/1134/1134 1136/1136/1136
f 1133/1133/1133 1135/1135/1135 1134/1134/1134
f 1189/1189/1189 1170/1170/1170 1168/1168/1168
f 1189/1189/1189 1190/1190/1190 1170/1170/1170
f 2216/2216/2216 1657/1657/1657 1658/1658/1658
f 1657/1657/1657 1171/1171/1171 1658/1658/1658
f 1657/1657/1657 2199/2199/2199 1171/1171/1171
f 1171/1171/1171 2199/2199/2199 1168/1168/1168
f 1168/1168/1168 1169/1169/1169 1171/1171/1171
f 1168/1168/1168 1170/1170/1170 1169/1169/1169
f 1170/1170/1170 2200/2200/2200 1169/1169/1169
f 1170/1170/1170 2201/2201/2201 2200/2200/2200
f 2201/2201/2201 1177/1177/1177 2200/2200/2200
f 2201/2201/2201 1178/1178/1178 1177/1177/1177
f 1178/1178/1178 2202/2202/2202 1177/1177/1177
f 1178/1178/1178 2203/2203/2203 2202/2202/2202
f 2202/2202/2202 2203/2203/2203 1179/1179/1179
f 2202/2202/2202 1179/1179/1179 1180/1180/1180
f 1154/1154/1154 2170/2170/2170 2169/2169/2169
f 2169/2169/2169 2170/2170/2170 1626/1626/1626
f 2169/2169/2169 1626/1626/1626 1627/1627/1627
f 2168/2168/2168 1627/1627/1627 1626/1626/1626
f 2168/2168/2168 1626/1626/1626 2167/2167/2167
f 1152/1152/1152 2168/2168/2168 2167/2167/2167
f 1152/1152/1152 2167/2167/2167 1153/1153/1153
f 1152/1152/1152 1153/1153/1153 2212/2212/2212
f 1152/1152/1152 2212/2212/2212 2213/2213/2213
f 2213/2213/2213 2212/2212/2212 1663/1663/1663
f 2213/2213/2213 1663/1663/1663 1664/1664/1664
f 1663/1663/1663 2214/2214/2214 1664/1664/1664
f 1663/1663/1663 2215/2215/2215 2214/2214/2214
f 2215/2215/2215 1207/1207/1207 2214/2214/2214
f 2215/2215/2215 1208/1208/1208 1207/1207/1207
f 1208/1208/1208 2216/2216/2216 1207/1207/1207
f 1208/1208/1208 2217/2217/2217 2216/2216/2216
f 2216/2216/2216 2217/2217/2217 1657/1657/1657
f 2156/2156/2156 1120/1120/1120 1119/1119/1119
f 2156/2156/2156 1119/1119/1119 2157/2157/2157
f 2156/2156/2156 2157/2157/2157 1118/1118/1118
f 2156/2156/2156 1118/1118/1118 1117/1117/1117
f 1117/1117/1117 1118/1118/1118 2155/2155/2155
f 1117/1117/1117 2155/2155/2155 2154/2154/2154
f 1111/1111/1111 2154/2154/2154 2155/2155/2155
f 1111/1111/1111 1109/1109/1109 2154/2154/2154
f 1108/1108/1108 1109/1109/1109 1111/1111/1111
f 1108/1108/1108 1110/1110/1110 1109/1109/1109
f 1110/1110/1110 1108/1108/1108 2153/2153/2153
f 1110/1110/1110 2153/2153/2153 1620/1620/1620
f 1110/1110/1110 1620/1620/1620 1621/1621/1621
f 2171/2171/2171 1621/1621/1621 1620/1620/1620
f 2171/2171/2171 1620/1620/1620 2172/2172/2172
f 2171/2171/2171 2172/2172/2172 1155/1155/1155
f 2171/2171/2171 1155/1155/1155 1154/1154/1154
f 1154/1154/1154 1155/1155/1155 2170/2170/2170
f 1111/1111/1111 1129/1129/1129 1108/1108/1108
f 1111/1111/1111 2166/2166/2166 1129/1129/1129
f 1211/1211/1211 2227/2227/2227 1212/1212/1212
f 1211/1211/1211 2226/2226/2226 2227/2227/2227
f 2226/2226/2226 1667/1667/1667 2227/2227/2227
f 2226/2226/2226 1668/1668/1668 1667/1667/1667
f 1667/1667/1667 1668/1668/1668 2224/2224/2224
f 1667/1667/1667 2224/2224/2224 2225/2225/2225
f 2224/2224/2224 1160/1160/1160 2225/2225/2225
f 2224/2224/2224 1161/1161/1161 1160/1160/1160
f 1160/1160/1160 1161/1161/1161 2179/2179/2179
f 1160/1160/1160 2179/2179/2179 2180/2180/2180
f 1630/1630/1630 2180/2180/2180 2179/2179/2179
f 1630/1630/1630 2179/2179/2179 1631/1631/1631
f 1630/1630/1630 1631/1631/1631 2181/2181/2181
f 1630/1630/1630 2181/2181/2181 2182/2182/2182
f 2182/2182/2182 2181/2181/2181 1162/1162/1162
f 2182/2182/2182 1162/1162/1162 1163/1163/1163
f 1163/1163/1163 1162/1162/1162 2183/2183/2183
f 1163/1163/1163 2183/2183/2183 2184/2184/2184
f 2184/2184/2184 2183/2183/2183 1624/1624/1624
f 2184/2184/2184 1624/1624/1624 1625/1625/1625
f 1624/1624/1624 1116/1116/1116 1625/1625/1625
f 1624/1624/1624 2152/2152/2152 1116/1116/1116
f 1116/1116/1116 2152/2152/2152 1107/1107/1107
f 1107/1107/1107 1105/1105/1105 1116/1116/1116
f 1104/1104/1104 1105/1105/1105 1107/1107/1107
f 1104/1104/1104 1106/1106/1106 1105/1105/1105
f 2162/2162/2162 1105/1105/1105 1106/1106/1106
f 2162/2162/2162 1106/1106/1106 2163/2163/2163
f 2162/2162/2162 2163/2163/2163 1125/1125/1125
f 2162/2162/2162 1125/1125/1125 1126/1126/1126
f 2164/2164/2164 1126/1126/1126 1125/1125/1125
f 2164/2164/2164 1125/1125/1125 2165/2165/2165
f 1127/1127/1127 2164/2164/2164 2165/2165/2165
f 1127/1127/1127 1128/1128/1128 2164/2164/2164
f 1187/1187/1187 2210/2210/2210 1188/1188/1188
f 1187/1187/1187 2211/2211/2211 2210/2210/2210
f 2210/2210/2210 2211/2211/2211 1185/1185/1185
f 2210/2210/2210 1185/1185/1185 1186/1186/1186
f 1185/1185/1185 2208/2208/2208 1186/1186/1186
f 1185/1185/1185 2209/2209/2209 2208/2208/2208
f 2208/2208/2208 2209/2209/2209 1166/1166/1166
f 2208/2208/2208 1166/1166/1166 1164/1164/1164
f 1164/1164/1164 1166/1166/1166 1165/1165/1165
f 1164/1164/1164 1165/1165/1165 1167/1167/1167
f 1167/1167/1167 1176/1176/1176 1164/1164/1164
f 1176/1176/1176 1167/1167/1167 2198/2198/2198
f 1176/1176/1176 2198/2198/2198 1661/1661/1661
f 1176/1176/1176 1661/1661/1661 1662/1662/1662
f 1661/1661/1661 2229/2229/2229 1662/1662/1662
f 1661/1661/1661 2228/2228/2228 2229/2229/2229
f 2228/2228/2228 1212/1212/1212 2229/2229/2229
f 2228/2228/2228 1211/1211/1211 1212/1212/1212
f 1093/1093/1093 1094/1094/1094 1096/1096/1096
f 1093/1093/1093 1095/1095/1095 1094/1094/1094
f 1074/1074/1074 1075/1075/1075 1077/1077/1077
f 1074/1074/1074 1076/1076/1076 1075/1075/1075
f 1066/1066/1066 1067/1067/1067 1069/1069/1069
f 1066/1066/1066 1068/1068/1068 1067/1067/1067
f 1056/1056/1056 1057/1057/1057 1059/1059/1059
f 1056/1056/1056 1058/1058/1058 1057/1057/1057
f 1058/1058/1058 2123/2123/2123 1057/1057/1057
f 1058/1058/1058 2124/2124/2124 2123/2123/2123
f 2124/2124/2124 1060/1060/1060 2123/2123/2123
f 2124/2124/2124 1061/1061/1061 1060/1060/1060
f 1061/1061/1061 2146/2146/2146 1060/1060/1060
f 1061/1061/1061 2147/2147/2147 2146/2146/2146
f 1098/1098/1098 2146/2146/2146 2147/2147/2147
f 1098/1098/1098 1097/1097/1097 2146/2146/2146
f 2145/2145/2145 1097/1097/1097 1098/1098/1098
f 2145/2145/2145 2143/2143/2143 1097/1097/1097
f 2142/2142/2142 2143/2143/2143 2145/2145/2145
f 2142/2142/2142 2144/2144/2144 2143/2143/2143
f 1052/1052/1052 1053/1053/1053 1055/1055/1055
f 1052/1052/1052 1054/1054/1054 1053/1053/1053
f 2135/2135/2135 1087/1087/1087 1086/1086/1086
f 2135/2135/2135 1086/1086/1086 2136/2136/2136
f 2135/2135/2135 2136/2136/2136 1084/1084/1084
f 2135/2135/2135 1084/1084/1084 1085/1085/1085
f 1084/1084/1084 2134/2134/2134 1085/1085/1085
f 1084/1084/1084 2133/2133/2133 2134/2134/2134
f 1041/1041/1041 2134/2134/2134 2133/2133/2133
f 1041/1041/1041 2133/2133/2133 1040/1040/1040
f 1040/1040/1040 2119/2119/2119 1041/1041/1041
f 1040/1040/1040 2120/2120/2120 2119/2119/2119
f 1043/1043/1043 2119/2119/2119 2120/2120/2120
f 1043/1043/1043 2120/2120/2120 1045/1045/1045
f 1042/1042/1042 1043/1043/1043 1045/1045/1045
f 1042/1042/1042 1044/1044/1044 1043/1043/1043
f 2122/2122/2122 2121/2121/2121 1616/1616/1616
f 1046/1046/1046 2121/2121/2121 2122/2122/2122
f 1046/1046/1046 1047/1047/1047 2121/2121/2121
f 1048/1048/1048 1047/1047/1047 1046/1046/1046
f 1048/1048/1048 1046/1046/1046 1049/1049/1049
f 1048/1048/1048 1049/1049/1049 1050/1050/1050
f 1050/1050/1050 1049/1049/1049 1051/1051/1051
f 2137/2137/2137 2138/2138/2138 1618/1618/1618
f 1616/1616/1616 2138/2138/2138 2137/2137/2137
f 1616/1616/1616 2137/2137/2137 1617/1617/1617
f 2122/2122/2122 1616/1616/1616 1617/1617/1617
f 2122/2122/2122 1617/1617/1617 1062/1062/1062
f 2122/2122/2122 1062/1062/1062 1063/1063/1063
f 2125/2125/2125 1064/1064/1064 1065/1065/1065
f 2125/2125/2125 2126/2126/2126 1064/1064/1064
f 2125/2125/2125 2114/2114/2114 2126/2126/2126
f 2125/2125/2125 2115/2115/2115 2114/2114/2114
f 2111/2111/2111 2114/2114/2114 2115/2115/2115
f 2111/2111/2111 2112/2112/2112 2114/2114/2114
f 2111/2111/2111 2113/2113/2113 2112/2112/2112
f 2148/2148/2148 2112/2112/2112 2113/2113/2113
f 2148/2148/2148 2149/2149/2149 2112/2112/2112
f 2148/2148/2148 1088/1088/1088 2149/2149/2149
f 2148/2148/2148 1089/1089/1089 1088/1088/1088
f 2137/2137/2137 1088/1088/1088 1089/1089/1089
f 2137/2137/2137 1619/1619/1619 1088/1088/1088
f 2137/2137/2137 1618/1618/1618 1619/1619/1619
f 2139/2139/2139 1619/1619/1619 1618/1618/1618
f 2139/2139/2139 1618/1618/1618 2140/2140/2140
f 2141/2141/2141 2139/2139/2139 2140/2140/2140
f 2141/2141/2141 1090/1090/1090 2139/2139/2139
f 2141/2141/2141 1091/1091/1091 1090/1090/1090
f 1091/1091/1091 1092/1092/1092 1090/1090/1090
f 1029/1029/1029 1030/1030/1030 1032/1032/1032
f 1029/1029/1029 1031/1031/1031 1030/1030/1030
f 1607/1607/1607 1606/1606/1606 2108/2108/2108
f 2103/2103/2103 1606/1606/1606 1607/1607/1607
f 2103/2103/2103 2104/2104/2104 1606/1606/1606
f 2103/2103/2103 1604/1604/1604 2104/2104/2104
f 2103/2103/2103 1605/1605/1605 1604/1604/1604
f 2062/2062/2062 1571/1571/1571 2063/2063/2063
f 2109/2109/2109 1571/1571/1571 2062/2062/2062
f 2109/2109/2109 1584/1584/1584 1571/1571/1571
f 2109/2109/2109 2081/2081/2081 1584/1584/1584
f 2080/2080/2080 1584/1584/1584 2081/2081/2081
f 2080/2080/2080 2081/2081/2081 2082/2082/2082
f 2080/2080/2080 2082/2082/2082 1585/1585/1585
f 2097/2097/2097 1585/1585/1585 2082/2082/2082
f 2097/2097/2097 2098/2098/2098 1585/1585/1585
f 2097/2097/2097 1591/1591/1591 2098/2098/2098
f 2097/2097/2097 2079/2079/2079 1591/1591/1591
f 2097/2097/2097 2078/2078/2078 2079/2079/2079
f 1583/1583/1583 2079/2079/2079 2078/2078/2078
f 1583/1583/1583 2078/2078/2078 2077/2077/2077
f 1583/1583/1583 2077/2077/2077 2076/2076/2076
f 2074/2074/2074 2076/2076/2076 2077/2077/2077
f 2074/2074/2074 1581/1581/1581 2076/2076/2076
f 2073/2073/2073 1581/1581/1581 2074/2074/2074
f 2073/2073/2073 2074/2074/2074 2075/2075/2075
f 2073/2073/2073 2075/2075/2075 1582/1582/1582
f 2096/2096/2096 1582/1582/1582 2075/2075/2075
f 2096/2096/2096 1590/1590/1590 1582/1582/1582
f 2110/2110/2110 1590/1590/1590 2096/2096/2096
f 1588/1588/1588 1590/1590/1590 2110/2110/2110
f 1588/1588/1588 2110/2110/2110 2064/2064/2064
f 1588/1588/1588 2064/2064/2064 2063/2063/2063
f 2062/2062/2062 2063/2063/2063 2064/2064/2064
f 1588/1588/1588 2063/2063/2063 1589/1589/1589
f 1567/1567/1567 1568/1568/1568 1570/1570/1570
f 1567/1567/1567 1569/1569/1569 1568/1568/1568
f 1563/1563/1563 1564/1564/1564 1566/1566/1566
f 1563/1563/1563 1565/1565/1565 1564/1564/1564
f 1559/1559/1559 1560/1560/1560 1562/1562/1562
f 1559/1559/1559 1561/1561/1561 1560/1560/1560
f 1025/1025/1025 1026/1026/1026 1028/1028/1028
f 1025/1025/1025 1027/1027/1027 1026/1026/1026
f 1021/1021/1021 1022/1022/1022 1024/1024/1024
f 1021/1021/1021 1023/1023/1023 1022/1022/1022
f 1017/1017/1017 1018/1018/1018 1020/1020/1020
f 1017/1017/1017 1019/1019/1019 1018/1018/1018
f 1013/1013/1013 1014/1014/1014 1016/1016/1016
f 1013/1013/1013 1015/1015/1015 1014/1014/1014
f 1009/1009/1009 1010/1010/1010 1012/1012/1012
f 1009/1009/1009 1011/1011/1011 1010/1010/1010
f 1005/1005/1005 1006/1006/1006 1008/1008/1008
f 1005/1005/1005 1007/1007/1007 1006/1006/1006
f 2051/2051/2051 1542/1542/1542 1544/1544/1544
f 2051/2051/2051 1543/1543/1543 1542/1542/1542
f 2052/2052/2052 1542/1542/1542 1543/1543/1543
f 1546/1546/1546 2052/2052/2052 1543/1543/1543
f 1546/1546/1546 1543/1543/1543 1547/1547/1547
f 1545/1545/1545 1543/1543/1543 2051/2051/2051
f 1540/1540/1540 2021/2021/2021 2022/2022/2022
f 1540/1540/1540 2022/2022/2022 1541/1541/1541
f 2049/2049/2049 1540/1540/1540 1541/1541/1541
f 2049/2049/2049 2050/2050/2050 1540/1540/1540
f 1537/1537/1537 2050/2050/2050 2049/2049/2049
f 1537/1537/1537 1538/1538/1538 2050/2050/2050
f 1536/1536/1536 1538/1538/1538 1537/1537/1537
f 1536/1536/1536 1537/1537/1537 1539/1539/1539
f 1552/1552/1552 1536/1536/1536 1539/1539/1539
f 1552/1552/1552 1553/1553/1553 1536/1536/1536
f 2055/2055/2055 1555/1555/1555 1554/1554/1554
f 2055/2055/2055 1554/1554/1554 1530/1530/1530
f 1530/1530/1530 1517/1517/1517 2055/2055/2055
f 1530/1530/1530 1516/1516/1516 1517/1517/1517
f 1516/1516/1516 2015/2015/2015 1517/1517/1517
f 1516/1516/1516 2016/2016/2016 2015/2015/2015
f 2016/2016/2016 1518/1518/1518 2015/2015/2015
f 2016/2016/2016 1519/1519/1519 1518/1518/1518
f 2017/2017/2017 1518/1518/1518 1519/1519/1519
f 2017/2017/2017 1519/1519/1519 2018/2018/2018
f 2018/2018/2018 1521/1521/1521 2017/2017/2017
f 2018/2018/2018 1522/1522/1522 1521/1521/1521
f 1522/1522/1522 2019/2019/2019 1521/1521/1521
f 1522/1522/1522 2020/2020/2020 2019/2019/2019
f 2020/2020/2020 1523/1523/1523 2019/2019/2019
f 2020/2020/2020 1524/1524/1524 1523/1523/1523
f 1524/1524/1524 2021/2021/2021 1523/1523/1523
f 1524/1524/1524 2022/2022/2022 2021/2021/2021
f 2017/2017/2017 1520/1520/1520 1518/1518/1518
f 1530/1530/1530 1531/1531/1531 1516/1516/1516
f 1511/1511/1511 1512/1512/1512 1514/1514/1514
f 1511/1511/1511 1513/1513/1513 1512/1512/1512
f 1507/1507/1507 1508/1508/1508 1510/1510/1510
f 1507/1507/1507 1509/1509/1509 1508/1508/1508
f 1503/1503/1503 1504/1504/1504 1506/1506/1506
f 1503/1503/1503 1505/1505/1505 1504/1504/1504
f 1001/1001/1001 1002/1002/1002 1004/1004/1004
f 1001/1001/1001 1003/1003/1003 1002/1002/1002
f 997/997/997 998/998/998 1000/1000/1000
f 997/997/997 999/999/999 998/998/998
f 993/993/993 994/994/994 996/996/996
f 993/993/993 995/995/995 994/994/994
f 989/989/989 990/990/990 992/992/992
f 989/989/989 991/991/991 990/990/990
f 985/985/985 986/986/986 988/988/988
f 985/985/985 987/987/987 986/986/986
f 981/981/981 982/982/982 984/984/984
f 981/981/981 983/983/983 982/982/982
f 1492/1492/1492 1493/1493/1493 2001/2001/2001
f 1492/1492/1492 2011/2011/2011 1493/1493/1493
f 1491/1491/1491 2001/2001/2001 1490/1490/1490
f 1491/1491/1491 1502/1502/1502 2011/2011/2011
f 1489/1489/1489 1490/1490/1490 2000/2000/2000
f 2010/2010/2010 2009/2009/2009 1502/1502/1502
f 1999/1999/1999 2000/2000/2000 1488/1488/1488
f 1501/1501/1501 1500/1500/1500 2009/2009/2009
f 1487/1487/1487 1488/1488/1488 1998/1998/1998
f 2008/2008/2008 1998/1998/1998 1500/1500/1500
f 1473/1473/1473 1474/1474/1474 1989/1989/1989
f 1991/1991/1991 1474/1474/1474 1473/1473/1473
f 1991/1991/1991 1992/1992/1992 1474/1474/1474
f 1475/1475/1475 1992/1992/1992 1991/1991/1991
f 1475/1475/1475 1991/1991/1991 1476/1476/1476
f 1993/1993/1993 1475/1475/1475 1476/1476/1476
f 1993/1993/1993 1994/1994/1994 1475/1475/1475
f 1477/1477/1477 1994/1994/1994 1993/1993/1993
f 1477/1477/1477 1478/1478/1478 1994/1994/1994
f 2004/2004/2004 1478/1478/1478 1477/1477/1477
f 2004/2004/2004 1477/1477/1477 2005/2005/2005
f 1497/1497/1497 2004/2004/2004 2005/2005/2005
f 1497/1497/1497 1496/1496/1496 2004/2004/2004
f 2002/2002/2002 1496/1496/1496 1497/1497/1497
f 2002/2002/2002 2003/2003/2003 1496/1496/1496
f 1494/1494/1494 2003/2003/2003 2002/2002/2002
f 1494/1494/1494 2002/2002/2002 1495/1495/1495
f 1990/1990/1990 1494/1494/1494 1495/1495/1495
f 1990/1990/1990 1989/1989/1989 1494/1494/1494
f 1473/1473/1473 1989/1989/1989 1990/1990/1990
f 977/977/977 978/978/978 980/980/980
f 977/977/977 979/979/979 978/978/978
f 973/973/973 974/974/974 976/976/976
f 973/973/973 975/975/975 974/974/974
f 969/969/969 970/970/970 972/972/972
f 969/969/969 971/971/971 970/970/970
f 965/965/965 966/966/966 968/968/968
f 965/965/965 967/967/967 966/966/966
f 961/961/961 962/962/962 964/964/964
f 961/961/961 963/963/963 962/962/962
f 957/957/957 958/958/958 960/960/960
f 957/957/957 959/959/959 958/958/958
f 953/953/953 954/954/954 956/956/956
f 953/953/953 955/955/955 954/954/954
f 949/949/949 950/950/950 952/952/952
f 949/949/949 951/951/951 950/950/950
f 1974/1974/1974 933/933/933 1973/1973/1973
f 1974/1974/1974 934/934/934 933/933/933
f 934/934/934 1975/1975/1975 933/933/933
f 934/934/934 1976/1976/1976 1975/1975/1975
f 1976/1976/1976 935/935/935 1975/1975/1975
f 1976/1976/1976 936/936/936 935/935/935
f 927/927/927 1965/1965/1965 928/928/928
f 927/927/927 1966/1966/1966 1965/1965/1965
f 1966/1966/1966 929/929/929 1965/1965/1965
f 1966/1966/1966 930/930/930 929/929/929
f 930/930/930 1967/1967/1967 929/929/929
f 930/930/930 1968/1968/1968 1967/1967/1967
f 1968/1968/1968 1467/1467/1467 1967/1967/1967
f 1968/1968/1968 1468/1468/1468 1467/1467/1467
f 1468/1468/1468 1969/1969/1969 1467/1467/1467
f 1468/1468/1468 1970/1970/1970 1969/1969/1969
f 1970/1970/1970 1469/1469/1469 1969/1969/1969
f 1970/1970/1970 1470/1470/1470 1469/1469/1469
f 1470/1470/1470 1971/1971/1971 1469/1469/1469
f 1470/1470/1470 1972/1972/1972 1971/1971/1971
f 1972/1972/1972 931/931/931 1971/1971/1971
f 1972/1972/1972 932/932/932 931/931/931
f 932/932/932 1973/1973/1973 931/931/931
f 932/932/932 1974/1974/1974 1973/1973/1973
f 1428/1428/1428 1429/1429/1429 1959/1959/1959
f 1428/1428/1428 1923/1923/1923 1429/1429/1429
f 1955/1955/1955 1460/1460/1460 913/913/913
f 925/925/925 1955/1955/1955 913/913/913
f 1954/1954/1954 925/925/925 913/913/913
f 1459/1459/1459 1954/1954/1954 913/913/913
f 1953/1953/1953 1459/1459/1459 913/913/913
f 912/912/912 1953/1953/1953 913/913/913
f 912/912/912 913/913/913 1917/1917/1917
f 1917/1917/1917 913/913/913 1425/1425/1425
f 1425/1425/1425 913/913/913 1918/1918/1918
f 1918/1918/1918 913/913/913 914/914/914
f 914/914/914 913/913/913 1919/1919/1919
f 1919/1919/1919 913/913/913 1426/1426/1426
f 1426/1426/1426 913/913/913 1920/1920/1920
f 1920/1920/1920 913/913/913 915/915/915
f 915/915/915 913/913/913 1921/1921/1921
f 1921/1921/1921 913/913/913 1427/1427/1427
f 1427/1427/1427 913/913/913 1922/1922/1922
f 1922/1922/1922 913/913/913 916/916/916
f 1958/1958/1958 916/916/916 913/913/913
f 1461/1461/1461 1958/1958/1958 913/913/913
f 1957/1957/1957 1461/1461/1461 913/913/913
f 926/926/926 1957/1957/1957 913/913/913
f 1956/1956/1956 926/926/926 913/913/913
f 1460/1460/1460 1956/1956/1956 913/913/913
f 1455/1455/1455 1946/1946/1946 1945/1945/1945
f 1945/1945/1945 1946/1946/1946 922/922/922
f 1945/1945/1945 922/922/922 921/921/921
f 921/921/921 922/922/922 1944/1944/1944
f 921/921/921 1944/1944/1944 1943/1943/1943
f 1943/1943/1943 1944/1944/1944 1453/1453/1453
f 1943/1943/1943 1453/1453/1453 1454/1454/1454
f 1941/1941/1941 1454/1454/1454 1453/1453/1453
f 1941/1941/1941 1453/1453/1453 1942/1942/1942
f 1941/1941/1941 1942/1942/1942 904/904/904
f 1941/1941/1941 904/904/904 905/905/905
f 904/904/904 1905/1905/1905 905/905/905
f 904/904/904 1906/1906/1906 1905/1905/1905
f 1905/1905/1905 1906/1906/1906 1419/1419/1419
f 1905/1905/1905 1419/1419/1419 1420/1420/1420
f 1419/1419/1419 1907/1907/1907 1420/1420/1420
f 1419/1419/1419 1908/1908/1908 1907/1907/1907
f 1908/1908/1908 906/906/906 1907/1907/1907
f 1908/1908/1908 907/907/907 906/906/906
f 907/907/907 1909/1909/1909 906/906/906
f 907/907/907 1910/1910/1910 1909/1909/1909
f 1910/1910/1910 1421/1421/1421 1909/1909/1909
f 1910/1910/1910 1422/1422/1422 1421/1421/1421
f 1421/1421/1421 1422/1422/1422 1911/1911/1911
f 1421/1421/1421 1911/1911/1911 1912/1912/1912
f 1912/1912/1912 1911/1911/1911 908/908/908
f 1912/1912/1912 908/908/908 909/909/909
f 909/909/909 908/908/908 1913/1913/1913
f 909/909/909 1913/1913/1913 1914/1914/1914
f 1913/1913/1913 1423/1423/1423 1914/1914/1914
f 1913/1913/1913 1424/1424/1424 1423/1423/1423
f 1423/1423/1423 1424/1424/1424 1915/1915/1915
f 1423/1423/1423 1915/1915/1915 1916/1916/1916
f 1916/1916/1916 1915/1915/1915 910/910/910
f 1916/1916/1916 910/910/910 911/911/911
f 1952/1952/1952 911/911/911 910/910/910
f 1952/1952/1952 910/910/910 1951/1951/1951
f 1457/1457/1457 1952/1952/1952 1951/1951/1951
f 1457/1457/1457 1951/1951/1951 1458/1458/1458
f 1457/1457/1457 1458/1458/1458 1949/1949/1949
f 1457/1457/1457 1949/1949/1949 1950/1950/1950
f 924/924/924 1950/1950/1950 1949/1949/1949
f 924/924/924 1949/1949/1949 923/923/923
f 1948/1948/1948 924/924/924 923/923/923
f 1948/1948/1948 923/923/923 1947/1947/1947
f 1455/1455/1455 1948/1948/1948 1947/1947/1947
f 1455/1455/1455 1947/1947/1947 1456/1456/1456
f 1455/1455/1455 1456/1456/1456 1946/1946/1946
f 882/882/882 883/883/883 885/885/885
f 882/882/882 884/884/884 883/883/883
f 1373/1373/1373 1374/1374/1374 1376/1376/1376
f 1373/1373/1373 1375/1375/1375 1374/1374/1374
f 1369/1369/1369 1370/1370/1370 1372/1372/1372
f 1369/1369/1369 1371/1371/1371 1370/1370/1370
f 879/879/879 880/880/880 875/875/875
f 879/879/879 881/881/881 880/880/880
f 873/873/873 874/874/874 876/876/876
f 873/873/873 875/875/875 874/874/874
f 877/877/877 870/870/870 878/878/878
f 877/877/877 872/872/872 870/870/870
f 869/869/869 870/870/870 872/872/872
f 869/869/869 871/871/871 870/870/870
f 865/865/865 866/866/866 868/868/868
f 865/865/865 867/867/867 866/866/866
f 861/861/861 862/862/862 864/864/864
f 861/861/861 863/863/863 862/862/862
f 857/857/857 858/858/858 860/860/860
f 857/857/857 859/859/859 858/858/858
f 1365/1365/1365 1366/1366/1366 1368/1368/1368
f 1365/1365/1365 1367/1367/1367 1366/1366/1366
f 1361/1361/1361 1362/1362/1362 1364/1364/1364
f 1361/1361/1361 1363/1363/1363 1362/1362/1362
f 854/854/854 855/855/855 850/850/850
f 854/854/854 856/856/856 855/855/855
f 848/848/848 849/849/849 851/851/851
f 848/848/848 850/850/850 849/849/849
f 852/852/852 845/845/845 853/853/853
f 852/852/852 847/847/847 845/845/845
f 844/844/844 845/845/845 847/847/847
f 844/844/844 846/846/846 845/845/845
f 840/840/840 841/841/841 843/843/843
f 840/840/840 842/842/842 841/841/841
f 836/836/836 837/837/837 839/839/839
f 836/836/836 838/838/838 837/837/837
f 1359/1359/1359 1890/1890/1890 1882/1882/1882
f 1358/1358/1358 1882/1882/1882 1890/1890/1890
f 1358/1358/1358 1350/1350/1350 1882/1882/1882
f 1877/1877/1877 1345/1345/1345 835/835/835
f 1345/1345/1345 1884/1884/1884 835/835/835
f 1884/1884/1884 1352/1352/1352 835/835/835
f 1360/1360/1360 1352/1352/1352 1884/1884/1884
f 1360/1360/1360 1883/1883/1883 1352/1352/1352
f 1360/1360/1360 1891/1891/1891 1883/1883/1883
f 1359/1359/1359 1883/1883/1883 1891/1891/1891
f 1359/1359/1359 1351/1351/1351 1883/1883/1883
f 1359/1359/1359 1882/1882/1882 1351/1351/1351
f 1351/1351/1351 1882/1882/1882 835/835/835
f 1882/1882/1882 1350/1350/1350 835/835/835
f 1350/1350/1350 1881/1881/1881 835/835/835
f 1358/1358/1358 1881/1881/1881 1350/1350/1350
f 1358/1358/1358 1889/1889/1889 1881/1881/1881
f 1357/1357/1357 1881/1881/1881 1889/1889/1889
f 1357/1357/1357 1349/1349/1349 1881/1881/1881
f 1888/1888/1888 1349/1349/1349 1357/1357/1357
f 1888/1888/1888 1880/1880/1880 1349/1349/1349
f 1881/1881/1881 1349/1349/1349 835/835/835
f 1349/1349/1349 1880/1880/1880 835/835/835
f 1352/1352/1352 1883/1883/1883 835/835/835
f 1883/1883/1883 1351/1351/1351 835/835/835
f 1347/1347/1347 1878/1878/1878 835/835/835
f 1888/1888/1888 1348/1348/1348 1880/1880/1880
f 1880/1880/1880 1348/1348/1348 835/835/835
f 1348/1348/1348 1879/1879/1879 835/835/835
f 1879/1879/1879 1347/1347/1347 835/835/835
f 1887/1887/1887 1347/1347/1347 1879/1879/1879
f 1887/1887/1887 1355/1355/1355 1347/1347/1347
f 1886/1886/1886 1347/1347/1347 1355/1355/1355
f 1886/1886/1886 1878/1878/1878 1347/1347/1347
f 1886/1886/1886 1346/1346/1346 1878/1878/1878
f 1878/1878/1878 1346/1346/1346 835/835/835
f 1346/1346/1346 1877/1877/1877 835/835/835
f 1885/1885/1885 1877/1877/1877 1346/1346/1346
f 1353/1353/1353 1877/1877/1877 1885/1885/1885
f 1353/1353/1353 1345/1345/1345 1877/1877/1877
f 1892/1892/1892 1345/1345/1345 1353/1353/1353
f 1892/1892/1892 1884/1884/1884 1345/1345/1345
f 1360/1360/1360 1884/1884/1884 1892/1892/1892
f 1888/1888/1888 1356/1356/1356 1348/1348/1348
f 1356/1356/1356 1879/1879/1879 1348/1348/1348
f 1356/1356/1356 1887/1887/1887 1879/1879/1879
f 1885/1885/1885 1346/1346/1346 1354/1354/1354
f 1886/1886/1886 1354/1354/1354 1346/1346/1346
f 1764/1764/1764 1765/1765/1765 1767/1767/1767
f 1764/1764/1764 1766/1766/1766 1765/1765/1765
f 767/767/767 768/768/768 770/770/770
f 767/767/767 769/769/769 768/768/768
f 2416/2416/2416 2415/2415/2415 2413/2413/2413
f 2416/2416/2416 2414/2414/2414 2415/2415/2415
f 2429/2429/2429 2430/2430/2430 2432/2432/2432
f 2429/2429/2429 2431/2431/2431 2430/2430/2430
f 2408/2408/2408 2406/2406/2406 2407/2407/2407
f 2408/2408/2408 2407/2407/2407 2405/2405/2405
f 2397/2397/2397 2408/2408/2408 2405/2405/2405
f 2397/2397/2397 2398/2398/2398 2408/2408/2408
f 2402/2402/2402 2398/2398/2398 2397/2397/2397
f 2402/2402/2402 2401/2401/2401 2398/2398/2398
f 2424/2424/2424 2423/2423/2423 2421/2421/2421
f 2424/2424/2424 2422/2422/2422 2423/2423/2423
f 2422/2422/2422 2417/2417/2417 2423/2423/2423
f 2422/2422/2422 2418/2418/2418 2417/2417/2417
f 2418/2418/2418 2419/2419/2419 2417/2417/2417
f 2418/2418/2418 2420/2420/2420 2419/2419/2419
f 2275/2275/2275 1246/1246/1246 1247/1247/1247
f 2272/2272/2272 2271/2271/2271 1729/1729/1729
f 2272/2272/2272 1729/1729/1729 1730/1730/1730
f 1729/1729/1729 2273/2273/2273 1730/1730/1730
f 1729/1729/1729 2274/2274/2274 2273/2273/2273
f 2273/2273/2273 2274/2274/2274 1244/1244/1244
f 2273/2273/2273 1244/1244/1244 1245/1245/1245
f 1244/1244/1244 2275/2275/2275 1245/1245/1245
f 1244/1244/1244 2276/2276/2276 2275/2275/2275
f 2275/2275/2275 2276/2276/2276 1246/1246/1246
f 2276/2276/2276 1270/1270/1270 1246/1246/1246
f 2249/2249/2249 1215/1215/1215 1243/1243/1243
f 2248/2248/2248 1215/1215/1215 2249/2249/2249
f 2248/2248/2248 2249/2249/2249 1213/1213/1213
f 2248/2248/2248 1213/1213/1213 1214/1214/1214
f 2246/2246/2246 1214/1214/1214 1213/1213/1213
f 2246/2246/2246 1213/1213/1213 2247/2247/2247
f 2246/2246/2246 2247/2247/2247 1705/1705/1705
f 2246/2246/2246 1705/1705/1705 1706/1706/1706
f 2245/2245/2245 1706/1706/1706 1705/1705/1705
f 2245/2245/2245 1705/1705/1705 2244/2244/2244
f 1703/1703/1703 2245/2245/2245 2244/2244/2244
f 1703/1703/1703 2244/2244/2244 1704/1704/1704
f 2242/2242/2242 1703/1703/1703 1704/1704/1704
f 2242/2242/2242 2243/2243/2243 1703/1703/1703
f 2242/2242/2242 1727/1727/1727 2243/2243/2243
f 2242/2242/2242 1728/1728/1728 1727/1727/1727
f 1727/1727/1727 1728/1728/1728 2271/2271/2271
f 1727/1727/1727 2271/2271/2271 2272/2272/2272
f 2248/2248/2248 1216/1216/1216 1215/1215/1215
f 1205/1205/1205 1206/1206/1206 1148/1148/1148
f 1205/1205/1205 1148/1148/1148 1151/1151/1151
f 1148/1148/1148 1149/1149/1149 1151/1151/1151
f 1148/1148/1148 1150/1150/1150 1149/1149/1149
f 2150/2150/2150 1102/1102/1102 1103/1103/1103
f 2150/2150/2150 1101/1101/1101 1102/1102/1102
f 2150/2150/2150 1099/1099/1099 1101/1101/1101
f 2150/2150/2150 1100/1100/1100 1099/1099/1099
f 2393/2393/2393 2394/2394/2394 2396/2396/2396
f 2393/2393/2393 2395/2395/2395 2394/2394/2394
f 2389/2389/2389 2390/2390/2390 2392/2392/2392
f 2389/2389/2389 2391/2391/2391 2390/2390/2390
f 1743/1743/1743 1744/1744/1744 1746/1746/1746
f 1743/1743/1743 1745/1745/1745 1744/1744/1744
f 1745/1745/1745 1283/1283/1283 1744/1744/1744
f 1745/1745/1745 1284/1284/1284 1283/1283/1283
f 1284/1284/1284 1747/1747/1747 1283/1283/1283
f 1284/1284/1284 1748/1748/1748 1747/1747/1747
f 1748/1748/1748 1749/1749/1749 1747/1747/1747
f 1748/1748/1748 1750/1750/1750 1749/1749/1749
f 1750/1750/1750 1751/1751/1751 1749/1749/1749
f 1750/1750/1750 1752/1752/1752 1751/1751/1751
f 2301/2301/2301 1741/1741/1741 2302/2302/2302
f 2301/2301/2301 1742/1742/1742 1741/1741/1741
f 1739/1739/1739 2297/2297/2297 2298/2298/2298
f 1739/1739/1739 1740/1740/1740 2297/2297/2297
f 1256/1256/1256 1257/1257/1257 1259/1259/1259
f 1256/1256/1256 1258/1258/1258 1257/1257/1257
f 1733/1733/1733 1734/1734/1734 1736/1736/1736
f 1733/1733/1733 1735/1735/1735 1734/1734/1734
f 2288/2288/2288 2289/2289/2289 2291/2291/2291
f 2288/2288/2288 2290/2290/2290 2289/2289/2289
f 2284/2284/2284 2285/2285/2285 2287/2287/2287
f 2284/2284/2284 2286/2286/2286 2285/2285/2285
f 1723/1723/1723 1724/1724/1724 1726/1726/1726
f 1723/1723/1723 1725/1725/1725 1724/1724/1724
f 1719/1719/1719 1720/1720/1720 1722/1722/1722
f 1719/1719/1719 1721/1721/1721 1720/1720/1720
f 1715/1715/1715 1716/1716/1716 1718/1718/1718
f 1715/1715/1715 1717/1717/1717 1716/1716/1716
f 2270/2270/2270 2269/2269/2269 1242/1242/1242
f 1241/1241/1241 2269/2269/2269 2270/2270/2270
f 1240/1240/1240 2269/2269/2269 1241/1241/1241
f 1240/1240/1240 1714/1714/1714 2269/2269/2269
f 1227/1227/1227 1228/1228/1228 1230/1230/1230
f 1227/1227/1227 1229/1229/1229 1228/1228/1228
f 1709/1709/1709 1710/1710/1710 1712/1712/1712
f 1709/1709/1709 1711/1711/1711 1710/1710/1710
f 2264/2264/2264 2265/2265/2265 2267/2267/2267
f 2264/2264/2264 2266/2266/2266 2265/2265/2265
f 2260/2260/2260 2261/2261/2261 2263/2263/2263
f 2260/2260/2260 2262/2262/2262 2261/2261/2261
f 1875/1875/1875 1868/1868/1868 1876/1876/1876
f 1875/1875/1875 1867/1867/1867 1868/1868/1868
f 1867/1867/1867 831/831/831 1868/1868/1868
f 1867/1867/1867 832/832/832 831/831/831
f 832/832/832 1869/1869/1869 831/831/831
f 832/832/832 1870/1870/1870 1869/1869/1869
f 1869/1869/1869 1870/1870/1870 833/833/833
f 1869/1869/1869 833/833/833 834/834/834
f 834/834/834 833/833/833 1871/1871/1871
f 834/834/834 1871/1871/1871 1872/1872/1872
f 1872/1872/1872 1871/1871/1871 1873/1873/1873
f 1872/1872/1872 1873/1873/1873 1874/1874/1874
f 2127/2127/2127 1073/1073/1073 2151/2151/2151
f 2127/2127/2127 1072/1072/1072 1073/1073/1073
f 2127/2127/2127 1070/1070/1070 1072/1072/1072
f 2127/2127/2127 1071/1071/1071 1070/1070/1070
f 2127/2127/2127 2128/2128/2128 1071/1071/1071
f 821/821/821 1859/1859/1859 822/822/822
f 821/821/821 1860/1860/1860 1859/1859/1859
f 1860/1860/1860 823/823/823 1859/1859/1859
f 1860/1860/1860 824/824/824 823/823/823
f 824/824/824 1861/1861/1861 823/823/823
f 824/824/824 1862/1862/1862 1861/1861/1861
f 1862/1862/1862 825/825/825 1861/1861/1861
f 1862/1862/1862 826/826/826 825/825/825
f 826/826/826 1863/1863/1863 825/825/825
f 826/826/826 1864/1864/1864 1863/1863/1863
f 1864/1864/1864 827/827/827 1863/1863/1863
f 1864/1864/1864 828/828/828 827/827/827
f 828/828/828 1865/1865/1865 827/827/827
f 828/828/828 1866/1866/1866 1865/1865/1865
f 1866/1866/1866 829/829/829 1865/1865/1865
f 1866/1866/1866 830/830/830 829/829/829
f 1857/1857/1857 1331/1331/1331 1858/1858/1858
f 1857/1857/1857 1332/1332/1332 1331/1331/1331
f 1847/1847/1847 1331/1331/1331 1332/1332/1332
f 1847/1847/1847 1848/1848/1848 1331/1331/1331
f 1333/1333/1333 1848/1848/1848 1847/1847/1847
f 1333/1333/1333 1334/1334/1334 1848/1848/1848
f 1335/1335/1335 1849/1849/1849 1336/1336/1336
f 1335/1335/1335 1850/1850/1850 1849/1849/1849
f 1850/1850/1850 1337/1337/1337 1849/1849/1849
f 1850/1850/1850 1338/1338/1338 1337/1337/1337
f 1338/1338/1338 1851/1851/1851 1337/1337/1337
f 1338/1338/1338 1852/1852/1852 1851/1851/1851
f 1852/1852/1852 1339/1339/1339 1851/1851/1851
f 1852/1852/1852 1340/1340/1340 1339/1339/1339
f 1340/1340/1340 1853/1853/1853 1339/1339/1339
f 1340/1340/1340 1854/1854/1854 1853/1853/1853
f 1854/1854/1854 1341/1341/1341 1853/1853/1853
f 1854/1854/1854 1342/1342/1342 1341/1341/1341
f 1855/1855/1855 1341/1341/1341 1342/1342/1342
f 1855/1855/1855 1856/1856/1856 1341/1341/1341
f 1343/1343/1343 1856/1856/1856 1855/1855/1855
f 1343/1343/1343 1344/1344/1344 1856/1856/1856
f 1857/1857/1857 1344/1344/1344 1343/1343/1343
f 1857/1857/1857 1858/1858/1858 1344/1344/1344
f 2117/2117/2117 1038/1038/1038 2118/2118/2118
f 1078/1078/1078 1079/1079/1079 2129/2129/2129
f 1078/1078/1078 2129/2129/2129 2130/2130/2130
f 2130/2130/2130 2129/2129/2129 1081/1081/1081
f 2130/2130/2130 1081/1081/1081 1082/1082/1082
f 2131/2131/2131 1082/1082/1082 1081/1081/1081
f 2131/2131/2131 1081/1081/1081 2132/2132/2132
f 2118/2118/2118 2131/2131/2131 2132/2132/2132
f 2118/2118/2118 2132/2132/2132 1039/1039/1039
f 2117/2117/2117 2118/2118/2118 1039/1039/1039
f 2117/2117/2117 1039/1039/1039 2116/2116/2116
f 1034/1034/1034 2117/2117/2117 2116/2116/2116
f 1034/1034/1034 2116/2116/2116 1036/1036/1036
f 1033/1033/1033 1034/1034/1034 1036/1036/1036
f 1033/1033/1033 1035/1035/1035 1034/1034/1034
f 1033/1033/1033 1036/1036/1036 1037/1037/1037
f 2131/2131/2131 1083/1083/1083 1082/1082/1082
f 1078/1078/1078 2130/2130/2130 1080/1080/1080
f 1612/1612/1612 1615/1615/1615 2107/2107/2107
f 1612/1612/1612 1614/1614/1614 1615/1615/1615
f 1612/1612/1612 1613/1613/1613 1614/1614/1614
f 1612/1612/1612 2106/2106/2106 1613/1613/1613
f 1601/1601/1601 2101/2101/2101 1600/1600/1600
f 1600/1600/1600 1602/1602/1602 1603/1603/1603
f 1600/1600/1600 2102/2102/2102 1602/1602/1602
f 2102/2102/2102 1600/1600/1600 1598/1598/1598
f 2101/2101/2101 1598/1598/1598 1600/1600/1600
f 2101/2101/2101 1599/1599/1599 1598/1598/1598
f 2083/2083/2083 2085/2085/2085 2084/2084/2084
f 2084/2084/2084 2085/2085/2085 2086/2086/2086
f 2084/2084/2084 2086/2086/2086 2087/2087/2087
f 2084/2084/2084 2087/2087/2087 2088/2088/2088
f 2084/2084/2084 2088/2088/2088 2089/2089/2089
f 2084/2084/2084 2089/2089/2089 2090/2090/2090
f 2084/2084/2084 2090/2090/2090 2091/2091/2091
f 2084/2084/2084 2091/2091/2091 2092/2092/2092
f 2084/2084/2084 2092/2092/2092 2093/2093/2093
f 2084/2084/2084 2093/2093/2093 2094/2094/2094
f 2084/2084/2084 2094/2094/2094 2095/2095/2095
f 2084/2084/2084 2095/2095/2095 2083/2083/2083
f 2067/2067/2067 1574/1574/1574 1576/1576/1576
f 1610/1610/1610 1611/1611/1611 2105/2105/2105
f 1610/1610/1610 2105/2105/2105 1586/1586/1586
f 1586/1586/1586 2105/2105/2105 1573/1573/1573
f 1586/1586/1586 1573/1573/1573 1572/1572/1572
f 2065/2065/2065 1572/1572/1572 1573/1573/1573
f 2065/2065/2065 2066/2066/2066 1572/1572/1572
f 1574/1574/1574 2066/2066/2066 2065/2065/2065
f 1574/1574/1574 1575/1575/1575 2066/2066/2066
f 2067/2067/2067 1575/1575/1575 1574/1574/1574
f 2067/2067/2067 2068/2068/2068 1575/1575/1575
f 1577/1577/1577 2068/2068/2068 2067/2067/2067
f 1577/1577/1577 1578/1578/1578 2068/2068/2068
f 2069/2069/2069 1578/1578/1578 1577/1577/1577
f 2069/2069/2069 2070/2070/2070 1578/1578/1578
f 1579/1579/1579 2070/2070/2070 2069/2069/2069
f 1579/1579/1579 1580/1580/1580 2070/2070/2070
f 2071/2071/2071 1580/1580/1580 1579/1579/1579
f 2071/2071/2071 2072/2072/2072 1580/1580/1580
f 1586/1586/1586 1572/1572/1572 1587/1587/1587
f 2072/2072/2072 2071/2071/2071 1596/1596/1596
f 2072/2072/2072 1596/1596/1596 1597/1597/1597
f 2099/2099/2099 1597/1597/1597 1596/1596/1596
f 2099/2099/2099 1596/1596/1596 2100/2100/2100
f 1592/1592/1592 2099/2099/2099 2100/2100/2100
f 1592/1592/1592 2100/2100/2100 1594/1594/1594
f 1592/1592/1592 1594/1594/1594 1593/1593/1593
f 1592/1592/1592 1593/1593/1593 1595/1595/1595
f 1608/1608/1608 1595/1595/1595 1593/1593/1593
f 1608/1608/1608 1593/1593/1593 1609/1609/1609
f 1532/1532/1532 2061/2061/2061 1534/1534/1534
f 2061/2061/2061 2046/2046/2046 1534/1534/1534
f 2046/2046/2046 1525/1525/1525 1534/1534/1534
f 2046/2046/2046 2024/2024/2024 1525/1525/1525
f 2023/2023/2023 1525/1525/1525 2024/2024/2024
f 2023/2023/2023 2024/2024/2024 2025/2025/2025
f 2023/2023/2023 2025/2025/2025 1526/1526/1526
f 2025/2025/2025 2026/2026/2026 1526/1526/1526
f 2025/2025/2025 2027/2027/2027 2026/2026/2026
f 1527/1527/1527 2026/2026/2026 2027/2027/2027
f 1527/1527/1527 2027/2027/2027 2028/2028/2028
f 1527/1527/1527 2028/2028/2028 2029/2029/2029
f 2047/2047/2047 2029/2029/2029 2028/2028/2028
f 2047/2047/2047 1535/1535/1535 2029/2029/2029
f 2047/2047/2047 2048/2048/2048 1535/1535/1535
f 2047/2047/2047 1528/1528/1528 2048/2048/2048
f 2047/2047/2047 2031/2031/2031 1528/1528/1528
f 2030/2030/2030 1528/1528/1528 2031/2031/2031
f 2030/2030/2030 2031/2031/2031 2032/2032/2032
f 2030/2030/2030 2032/2032/2032 1529/1529/1529
f 2060/2060/2060 1529/1529/1529 2032/2032/2032
f 2060/2060/2060 1515/1515/1515 1529/1529/1529
f 2060/2060/2060 2012/2012/2012 1515/1515/1515
f 2012/2012/2012 2013/2013/2013 1515/1515/1515
f 2012/2012/2012 2014/2014/2014 2013/2013/2013
f 1532/1532/1532 2013/2013/2013 2014/2014/2014
f 1532/1532/1532 2014/2014/2014 2061/2061/2061
f 1532/1532/1532 1533/1533/1533 2013/2013/2013
f 1222/1222/1222 2254/2254/2254 1220/1220/1220
f 2254/2254/2254 1221/1221/1221 1220/1220/1220
f 1221/1221/1221 2253/2253/2253 1220/1220/1220
f 2253/2253/2253 1707/1707/1707 1220/1220/1220
f 1707/1707/1707 2252/2252/2252 1220/1220/1220
f 2252/2252/2252 1219/1219/1219 1220/1220/1220
f 1219/1219/1219 2251/2251/2251 1220/1220/1220
f 1250/1250/1250 1220/1220/1220 2251/2251/2251
f 2278/2278/2278 1220/1220/1220 1250/1250/1250
f 1731/1731/1731 1220/1220/1220 2278/2278/2278
f 2279/2279/2279 1220/1220/1220 1731/1731/1731
f 1251/1251/1251 1220/1220/1220 2279/2279/2279
f 2280/2280/2280 1220/1220/1220 1251/1251/1251
f 1252/1252/1252 1220/1220/1220 2280/2280/2280
f 1223/1223/1223 1220/1220/1220 1252/1252/1252
f 1223/1223/1223 1222/1222/1222 1220/1220/1220
f 2255/2255/2255 1224/1224/1224 2256/2256/2256
f 1224/1224/1224 2257/2257/2257 2256/2256/2256
f 2257/2257/2257 1708/1708/1708 2256/2256/2256
f 1708/1708/1708 2258/2258/2258 2256/2256/2256
f 2258/2258/2258 1225/1225/1225 2256/2256/2256
f 1225/1225/1225 2259/2259/2259 2256/2256/2256
f 2259/2259/2259 1226/1226/1226 2256/2256/2256
f 2256/2256/2256 1226/1226/1226 1236/1236/1236
f 2256/2256/2256 1236/1236/1236 1235/1235/1235
f 2256/2256/2256 1235/1235/1235 1263/1263/1263
f 2256/2256/2256 1263/1263/1263 1255/1255/1255
f 2283/2283/2283 2256/2256/2256 1255/1255/1255
f 1254/1254/1254 2256/2256/2256 2283/2283/2283
f 2282/2282/2282 2256/2256/2256 1254/1254/1254
f 1732/1732/1732 2256/2256/2256 2282/2282/2282
f 2281/2281/2281 2256/2256/2256 1732/1732/1732
f 1253/1253/1253 2256/2256/2256 2281/2281/2281
f 2255/2255/2255 2256/2256/2256 1253/1253/1253
f 1556/1556/1556 2057/2057/2057 2058/2058/2058
f 1556/1556/1556 1558/1558/1558 2057/2057/2057
f 1556/1556/1556 1557/1557/1557 1558/1558/1558
f 1556/1556/1556 2056/2056/2056 1557/1557/1557
f 2268/2268/2268 1238/1238/1238 1239/1239/1239
f 2268/2268/2268 1237/1237/1237 1238/1238/1238
f 2268/2268/2268 1713/1713/1713 1237/1237/1237
f 2053/2053/2053 1548/1548/1548 1549/1549/1549
f 2053/2053/2053 2054/2054/2054 1548/1548/1548
f 1550/1550/1550 2054/2054/2054 2053/2053/2053
f 1550/1550/1550 2053/2053/2053 1551/1551/1551
f 1551/1551/1551 2059/2059/2059 1550/1550/1550
f 2033/2033/2033 2035/2035/2035 2034/2034/2034
f 2035/2035/2035 2036/2036/2036 2034/2034/2034
f 2035/2035/2035 2037/2037/2037 2036/2036/2036
f 2035/2035/2035 2038/2038/2038 2037/2037/2037
f 2035/2035/2035 2039/2039/2039 2038/2038/2038
f 2035/2035/2035 2040/2040/2040 2039/2039/2039
f 2035/2035/2035 2041/2041/2041 2040/2040/2040
f 2035/2035/2035 2042/2042/2042 2041/2041/2041
f 2035/2035/2035 2043/2043/2043 2042/2042/2042
f 2035/2035/2035 2044/2044/2044 2043/2043/2043
f 2035/2035/2035 2045/2045/2045 2044/2044/2044
f 2035/2035/2035 2033/2033/2033 2045/2045/2045
f 2292/2292/2292 1264/1264/1264 1737/1737/1737
f 2292/2292/2292 1265/1265/1265 1264/1264/1264
f 2292/2292/2292 1266/1266/1266 1265/1265/1265
f 2007/2007/2007 1499/1499/1499 1484/1484/1484
f 1483/1483/1483 1997/1997/1997 1484/1484/1484
f 1499/1499/1499 2006/2006/2006 1482/1482/1482
f 1996/1996/1996 1483/1483/1483 1482/1482/1482
f 2006/2006/2006 1498/1498/1498 1481/1481/1481
f 1480/1480/1480 1996/1996/1996 1481/1481/1481
f 1997/1997/1997 1486/1486/1486 1485/1485/1485
f 1486/1486/1486 2007/2007/2007 1485/1485/1485
f 1498/1498/1498 1995/1995/1995 1479/1479/1479
f 1995/1995/1995 1480/1480/1480 1479/1479/1479
f 943/943/943 1983/1983/1983 1472/1472/1472
f 1983/1983/1983 944/944/944 1472/1472/1472
f 944/944/944 1984/1984/1984 1472/1472/1472
f 1984/1984/1984 945/945/945 1472/1472/1472
f 945/945/945 1985/1985/1985 1472/1472/1472
f 1985/1985/1985 946/946/946 1472/1472/1472
f 946/946/946 1986/1986/1986 1472/1472/1472
f 1986/1986/1986 947/947/947 1472/1472/1472
f 947/947/947 1987/1987/1987 1472/1472/1472
f 1987/1987/1987 948/948/948 1472/1472/1472
f 948/948/948 1988/1988/1988 1472/1472/1472
f 1988/1988/1988 943/943/943 1472/1472/1472
f 1977/1977/1977 937/937/937 1471/1471/1471
f 937/937/937 1982/1982/1982 1471/1471/1471
f 1982/1982/1982 942/942/942 1471/1471/1471
f 942/942/942 1981/1981/1981 1471/1471/1471
f 1981/1981/1981 941/941/941 1471/1471/1471
f 941/941/941 1980/1980/1980 1471/1471/1471
f 1980/1980/1980 940/940/940 1471/1471/1471
f 940/940/940 1979/1979/1979 1471/1471/1471
f 1979/1979/1979 939/939/939 1471/1471/1471
f 939/939/939 1978/1978/1978 1471/1471/1471
f 1978/1978/1978 938/938/938 1471/1471/1471
f 938/938/938 1977/1977/1977 1471/1471/1471
f 1899/1899/1899 1416/1416/1416 1415/1415/1415
f 1415/1415/1415 1416/1416/1416 1898/1898/1898
f 1415/1415/1415 1898/1898/1898 1897/1897/1897
f 1897/1897/1897 1898/1898/1898 898/898/898
f 1897/1897/1897 898/898/898 899/899/899
f 898/898/898 1896/1896/1896 899/899/899
f 898/898/898 1895/1895/1895 1896/1896/1896
f 1895/1895/1895 1413/1413/1413 1896/1896/1896
f 1895/1895/1895 1414/1414/1414 1413/1413/1413
f 1413/1413/1413 1414/1414/1414 1893/1893/1893
f 1413/1413/1413 1893/1893/1893 1894/1894/1894
f 1893/1893/1893 896/896/896 1894/1894/1894
f 1893/1893/1893 897/897/897 896/896/896
f 896/896/896 897/897/897 1929/1929/1929
f 896/896/896 1929/1929/1929 1930/1930/1930
f 1447/1447/1447 1930/1930/1930 1929/1929/1929
f 1447/1447/1447 1929/1929/1929 1448/1448/1448
f 1447/1447/1447 1448/1448/1448 1931/1931/1931
f 1447/1447/1447 1931/1931/1931 1932/1932/1932
f 1932/1932/1932 1931/1931/1931 917/917/917
f 1932/1932/1932 917/917/917 918/918/918
f 1933/1933/1933 918/918/918 917/917/917
f 1933/1933/1933 917/917/917 1934/1934/1934
f 1449/1449/1449 1933/1933/1933 1934/1934/1934
f 1449/1449/1449 1934/1934/1934 1450/1450/1450
f 1449/1449/1449 1450/1450/1450 1935/1935/1935
f 1449/1449/1449 1935/1935/1935 1936/1936/1936
f 919/919/919 1936/1936/1936 1935/1935/1935
f 919/919/919 1935/1935/1935 920/920/920
f 1937/1937/1937 919/919/919 920/920/920
f 1937/1937/1937 920/920/920 1938/1938/1938
f 1451/1451/1451 1937/1937/1937 1938/1938/1938
f 1451/1451/1451 1938/1938/1938 1452/1452/1452
f 1451/1451/1451 1452/1452/1452 1939/1939/1939
f 1451/1451/1451 1939/1939/1939 1940/1940/1940
f 902/902/902 1940/1940/1940 1939/1939/1939
f 902/902/902 1939/1939/1939 903/903/903
f 902/902/902 903/903/903 1903/1903/1903
f 902/902/902 1903/1903/1903 1904/1904/1904
f 1903/1903/1903 1417/1417/1417 1904/1904/1904
f 1903/1903/1903 1418/1418/1418 1417/1417/1417
f 1417/1417/1417 1418/1418/1418 1902/1902/1902
f 1417/1417/1417 1902/1902/1902 1901/1901/1901
f 1901/1901/1901 1902/1902/1902 901/901/901
f 1901/1901/1901 901/901/901 900/900/900
f 900/900/900 901/901/901 1899/1899/1899
f 900/900/900 1899/1899/1899 1900/1900/1900
f 1899/1899/1899 1415/1415/1415 1900/1900/1900
f 2294/2294/2294 1269/1269/1269 2293/2293/2293
f 1268/1268/1268 2294/2294/2294 2293/2293/2293
f 2293/2293/2293 1267/1267/1267 1268/1268/1268
f 2293/2293/2293 1738/1738/1738 1267/1267/1267
f 891/891/891 1411/1411/1411 1412/1412/1412
f 891/891/891 893/893/893 1411/1411/1411
f 891/891/891 1386/1386/1386 893/893/893
f 891/891/891 892/892/892 1387/1387/1387
f 891/891/891 1387/1387/1387 1386/1386/1386
f 886/886/886 1386/1386/1386 1387/1387/1387
f 886/886/886 887/887/887 1386/1386/1386
f 886/886/886 1396/1396/1396 887/887/887
f 886/886/886 1397/1397/1397 1396/1396/1396
f 886/886/886 1387/1387/1387 888/888/888
f 2295/2295/2295 1277/1277/1277 1278/1278/1278
f 2295/2295/2295 2296/2296/2296 1277/1277/1277
f 2295/2295/2295 1271/1271/1271 2296/2296/2296
f 2295/2295/2295 1272/1272/1272 1271/1271/1271
f 1388/1388/1388 889/889/889 890/890/890
f 1388/1388/1388 1389/1389/1389 889/889/889
f 1392/1392/1392 1389/1389/1389 1388/1388/1388
f 1392/1392/1392 1388/1388/1388 1393/1393/1393
f 1392/1392/1392 1393/1393/1393 1390/1390/1390
f 1392/1392/1392 1390/1390/1390 1391/1391/1391
f 1383/1383/1383 1391/1391/1391 1390/1390/1390
f 1383/1383/1383 1390/1390/1390 1385/1385/1385
f 1382/1382/1382 1383/1383/1383 1385/1385/1385
f 1382/1382/1382 1384/1384/1384 1383/1383/1383
f 1401/1401/1401 1384/1384/1384 1382/1382/1382
f 1401/1401/1401 1402/1402/1402 1384/1384/1384
f 1402/1402/1402 1401/1401/1401 1405/1405/1405
f 1402/1402/1402 1405/1405/1405 1406/1406/1406
f 1406/1406/1406 1405/1405/1405 1407/1407/1407
f 1406/1406/1406 1407/1407/1407 1408/1408/1408
f 1407/1407/1407 1404/1404/1404 1408/1408/1408
f 1407/1407/1407 1403/1403/1403 1404/1404/1404
f 894/894/894 1404/1404/1404 1403/1403/1403
f 894/894/894 1403/1403/1403 895/895/895
f 2299/2299/2299 1273/1273/1273 1274/1274/1274
f 2299/2299/2299 2300/2300/2300 1273/1273/1273
f 2299/2299/2299 1279/1279/1279 2300/2300/2300
f 2299/2299/2299 1280/1280/1280 1279/1279/1279
f 1409/1409/1409 1410/1410/1410 1399/1399/1399
f 1409/1409/1409 1399/1399/1399 1398/1398/1398
f 1398/1398/1398 1399/1399/1399 1380/1380/1380
f 1398/1398/1398 1380/1380/1380 1378/1378/1378
f 1398/1398/1398 1378/1378/1378 1400/1400/1400
f 1377/1377/1377 1394/1394/1394 1395/1395/1395
f 1377/1377/1377 1381/1381/1381 1394/1394/1394
f 1377/1377/1377 1380/1380/1380 1381/1381/1381
f 1377/1377/1377 1378/1378/1378 1380/1380/1380
f 1377/1377/1377 1379/1379/1379 1378/1378/1378
f 1281/1281/1281 1282/1282/1282 2303/2303/2303
f 1281/1281/1281 2303/2303/2303 2304/2304/2304
f 2303/2303/2303 1275/1275/1275 2304/2304/2304
f 2303/2303/2303 1276/1276/1276 1275/1275/1275
f 2425/2425/2425 2426/2426/2426 2428/2428/2428
f 2425/2425/2425 2427/2427/2427 2426/2426/2426
f 2425/2425/2425 2433/2433/2433 2427/2427/2427
f 2425/2425/2425 2434/2434/2434 2433/2433/2433
f 2412/2412/2412 2410/2410/2410 2411/2411/2411
f 2412/2412/2412 2411/2411/2411 2409/2409/2409
f 2411/2411/2411 2399/2399/2399 2409/2409/2409
f 2411/2411/2411 2400/2400/2400 2399/2399/2399
f 2400/2400/2400 2403/2403/2403 2399/2399/2399
f 2400/2400/2400 2404/2404/2404 2403/2403/2403
o pend1
v 13.4916 -9.4457 -32.7797
v -13.8898 -9.4457 -32.7797
v 13.4916 -15.5471 -39.4600
v -13.8898 -15.5471 -39.4600
v -13.8898 -24.3831 -37.5162
v 13.4916 -24.3831 -37.5162
v -13.8898 -27.1177 -28.8920
v 13.4916 -27.1177 -28.8920
v -13.8898 -21.0163 -22.2117
v 13.4916 -21.0163 -22.2117
v -13.8898 -12.1803 -24.1555
v 13.4916 -12.1803 -24.1555
v 13.4916 -9.4457 -32.7797
v -13.8898 -9.4457 -32.7797
v -15.3680 -18.2358 -30.8315
v -13.3235 -18.2817 -30.8359
v 12.4980 -18.2817 -30.8359
v 14.5425 -18.2358 -30.8315
v -13.8898 -11.6014 -36.9373
v 13.4916 -11.6014 -36.9373
v -13.8898 -20.2255 -39.6719
v 13.4916 -20.2255 -39.6719
v -13.8898 -26.9058 -33.5705
v 13.4916 -26.9058 -33.5705
v -13.8898 -24.9620 -24.7344
v 13.4916 -24.9620 -24.7344
v -13.8898 -16.3379 -21.9998
v 13.4916 -16.3379 -21.9998
v -13.8898 -9.6576 -28.1012
v 13.4916 -9.6576 -28.1012
v -15.3680 -14.2959 14.6566
v -13.3235 -8.3787 -29.9022
v -15.3680 -10.1179 -30.0661
v -13.3235 -28.2802 -31.7785
v -15.3680 -30.6771 12.9961
v -15.3680 -26.3538 -31.5969
v -15.3680 -10.7808 -34.6724
v -13.3235 -8.4508 -32.7656
v -15.3680 -10.1747 -32.4235
v -13.3235 -9.1962 -35.4978
v -15.3680 -11.8951 -36.6595
v -13.3235 -10.5639 -37.9126
v -15.3680 -13.4414 -38.2494
v -13.3235 -12.4608 -39.8455
v -15.3680 -15.3144 -39.3339
v -13.3235 -14.7577 -41.1646
v -13.3235 -22.4116 -40.7836
v -15.3680 -19.5166 -39.7301
v -15.3680 -21.5593 -39.0148
v -13.3235 -19.9086 -41.6503
v -13.3235 -24.6364 -39.2394
v -15.3680 -23.3756 -37.7419
v -13.3235 -26.4314 -37.1228
v -15.3680 -24.8416 -35.9981
v -15.3680 -22.1098 9.8667
v -15.3680 -10.1179 -30.0661
v -15.3680 -22.1098 9.8667
v -15.3680 -26.3538 -31.5969
v -12.9469 -22.1193 9.8670
v -13.3235 -8.3787 -29.9022
v -12.9469 -22.1193 9.8670
v -13.3235 -28.2802 -31.7785
v -15.3680 -10.1747 -32.4235
v -15.3680 -10.7808 -34.6724
v -15.3680 -11.8951 -36.6595
v -15.3680 -13.4414 -38.2494
v -15.3680 -15.3144 -39.3339
v -15.3680 -17.3866 -39.8389
v -15.3680 -19.5166 -39.7301
v -15.3680 -21.5593 -39.0148
v -15.3680 -23.3756 -37.7419
v -15.3680 -24.8416 -35.9981
v -15.3680 -25.8574 -33.9021
v -13.3235 -8.4508 -32.7656
v -13.3235 -9.1962 -35.4978
v -13.3235 -10.5639 -37.9126
v -13.3235 -12.4608 -39.8455
v -13.3235 -14.7577 -41.1646
v -13.3235 -17.2980 -41.7802
v -13.3235 -19.9086 -41.6503
v -13.3235 -22.4116 -40.7836
v -13.3235 -24.6364 -39.2394
v -13.3235 -26.4314 -37.1228
v -13.3235 -27.6742 -34.5780
v -15.3680 -17.3866 -39.8389
v -13.3235 -17.2980 -41.7802
v -13.3235 -27.6742 -34.5780
v -15.3680 -25.8574 -33.9021
v 12.4980 -28.2802 -31.7785
v 14.5425 -25.8574 -33.9021
v 12.4980 -27.6742 -34.5780
v 14.5425 -26.3538 -31.5969
v 14.5425 -24.8416 -35.9981
v 12.4980 -26.4314 -37.1228
v 14.5425 -23.3756 -37.7419
v 12.4980 -24.6364 -39.2394
v 14.5425 -21.5593 -39.0148
v 12.4980 -22.4116 -40.7837
v 14.5425 -19.5166 -39.7301
v 12.4980 -19.9086 -41.6503
v 12.4980 -17.2980 -41.7802
v 14.5425 -17.3866 -39.8389
v 12.4980 -14.7577 -41.1646
v 14.5425 -15.3144 -39.3339
v 12.4980 -12.4609 -39.8455
v 14.5425 -13.4414 -38.2494
v 12.4980 -10.5639 -37.9126
v 14.5425 -11.8951 -36.6595
v 12.4980 -9.1962 -35.4978
v 14.5425 -10.7808 -34.6724
v 12.4980 -8.4508 -32.7656
v 14.5425 -10.1747 -32.4235
v 12.4980 -8.3787 -29.9022
v 14.5425 -10.1179 -30.0661
v 12.4980 -27.6742 -34.5780
v 12.4980 -28.2802 -31.7785
v 12.4980 -26.4314 -37.1228
v 12.4980 -24.6364 -39.2394
v 12.4980 -22.4116 -40.7837
v 12.4980 -19.9086 -41.6503
v 12.4980 -17.2980 -41.7802
v 12.4980 -14.7577 -41.1646
v 12.4980 -12.4609 -39.8455
v 12.4980 -10.5639 -37.9126
v 12.4980 -9.1962 -35.4978
v 12.4980 -8.4508 -32.7656
v 12.4980 -8.3787 -29.9022
v 14.5425 -26.3538 -31.5969
v 14.5425 -25.8574 -33.9021
v 14.5425 -24.8416 -35.9981
v 14.5425 -23.3756 -37.7419
v 14.5425 -21.5593 -39.0148
v 14.5425 -19.5166 -39.7301
v 14.5425 -17.3866 -39.8389
v 14.5425 -15.3144 -39.3339
v 14.5425 -13.4414 -38.2494
v 14.5425 -11.8951 -36.6595
v 14.5425 -10.7808 -34.6724
v 14.5425 -10.1747 -32.4235
v 14.5425 -10.1179 -30.0661
v 14.5425 -31.3201 19.6279
v 14.5425 -14.8986 21.1078
v 12.0239 -23.1131 20.4079
v 14.5425 -23.1093 20.3679
v 14.5425 -14.8986 21.1078
vt 0.8771 0.2941
vt 0.7580 0.2941
vt 0.8771 0.3346
vt 0.7580 0.3346
vt 0.7580 0.3751
vt 0.8771 0.3751
vt 0.7580 0.4156
vt 0.8771 0.4156
vt 0.7580 0.4561
vt 0.8771 0.4561
vt 0.7580 0.4966
vt 0.8771 0.4966
vt 0.8771 0.5371
vt 0.7580 0.5371
vt 0.8320 0.5954
vt 0.8338 0.6875
vt 0.8338 0.6875
vt 0.8320 0.5954
vt 0.7580 0.3144
vt 0.8771 0.3144
vt 0.7580 0.3549
vt 0.8771 0.3549
vt 0.7580 0.3954
vt 0.8771 0.3954
vt 0.7580 0.4358
vt 0.8771 0.4358
vt 0.7580 0.4763
vt 0.8771 0.4763
vt 0.7580 0.5168
vt 0.8771 0.5168
vt 0.6321 0.6355
vt 0.8326 0.6435
vt 0.8324 0.6315
vt 0.8318 0.5468
vt 0.6328 0.5602
vt 0.8317 0.5593
vt 0.8524 0.6265
vt 0.8461 0.6417
vt 0.8428 0.6302
vt 0.8587 0.6367
vt 0.8607 0.6207
vt 0.8695 0.6289
vt 0.8669 0.6131
vt 0.8778 0.6188
vt 0.8709 0.6044
vt 0.8830 0.6071
vt 0.8772 0.5703
vt 0.8707 0.5857
vt 0.8666 0.5770
vt 0.8827 0.5819
vt 0.8687 0.5604
vt 0.8601 0.5696
vt 0.8578 0.5529
vt 0.8518 0.5639
vt 0.6510 0.5977
vt 0.8324 0.6315
vt 0.6509 0.5970
vt 0.8317 0.5593
vt 0.6528 0.6924
vt 0.8326 0.6435
vt 0.6527 0.6931
vt 0.8352 0.7320
vt 0.8428 0.6302
vt 0.8524 0.6265
vt 0.8607 0.6207
vt 0.8669 0.6131
vt 0.8709 0.6044
vt 0.8721 0.5950
vt 0.8707 0.5857
vt 0.8666 0.5770
vt 0.8601 0.5696
vt 0.8518 0.5639
vt 0.8421 0.5604
vt 0.8451 0.6446
vt 0.8570 0.6486
vt 0.8673 0.6554
vt 0.8753 0.6643
vt 0.8805 0.6748
vt 0.8825 0.6862
vt 0.8812 0.6977
vt 0.8767 0.7086
vt 0.8692 0.7180
vt 0.8594 0.7253
vt 0.8478 0.7301
vt 0.8721 0.5950
vt 0.8846 0.5945
vt 0.8451 0.5483
vt 0.8421 0.5604
vt 0.8318 0.5468
vt 0.8421 0.5604
vt 0.8451 0.5483
vt 0.8317 0.5593
vt 0.8518 0.5639
vt 0.8578 0.5529
vt 0.8601 0.5696
vt 0.8687 0.5604
vt 0.8666 0.5770
vt 0.8772 0.5703
vt 0.8707 0.5857
vt 0.8827 0.5819
vt 0.8846 0.5945
vt 0.8721 0.5950
vt 0.8830 0.6071
vt 0.8709 0.6044
vt 0.8778 0.6188
vt 0.8669 0.6131
vt 0.8695 0.6289
vt 0.8607 0.6207
vt 0.8587 0.6367
vt 0.8524 0.6265
vt 0.8461 0.6417
vt 0.8428 0.6302
vt 0.8326 0.6435
vt 0.8324 0.6315
vt 0.8478 0.7301
vt 0.8352 0.7320
vt 0.8594 0.7253
vt 0.8692 0.7180
vt 0.8767 0.7086
vt 0.8812 0.6977
vt 0.8825 0.6862
vt 0.8805 0.6748
vt 0.8753 0.6643
vt 0.8673 0.6554
vt 0.8570 0.6486
vt 0.8451 0.6446
vt 0.8326 0.6435
vt 0.8317 0.5593
vt 0.8421 0.5604
vt 0.8518 0.5639
vt 0.8601 0.5696
vt 0.8666 0.5770
vt 0.8707 0.5857
vt 0.8721 0.5950
vt 0.8709 0.6044
vt 0.8669 0.6131
vt 0.8607 0.6207
vt 0.8524 0.6265
vt 0.8428 0.6302
vt 0.8324 0.6315
vt 0.6036 0.5609
vt 0.6046 0.6340
vt 0.6058 0.6946
vt 0.6041 0.5975
vt 0.6046 0.6340
vn -0.0000 0.9766 -0.2149
vn -0.0000 0.9766 -0.2149
vn -0.0000 0.3023 -0.9532
vn -0.0000 0.3023 -0.9532
vn -0.0000 -0.6744 -0.7384
vn -0.0000 -0.6744 -0.7384
vn 0.0000 -0.9766 0.2149
vn 0.0000 -0.9766 0.2149
vn 0.0000 -0.3023 0.9532
vn 0.0000 -0.3023 0.9532
vn 0.0000 0.6744 0.7384
vn 0.0000 0.6744 0.7384
vn -0.0000 0.9766 -0.2149
vn -0.0000 0.9766 -0.2149
vn -1.0000 -0.0000 -0.0000
vn 1.0000 0.0001 -0.0013
vn -1.0000 -0.0000 -0.0000
vn 1.0000 0.0001 -0.0013
vn -0.0000 0.7384 -0.6744
vn -0.0000 0.7384 -0.6744
vn -0.0000 -0.2149 -0.9766
vn -0.0000 -0.2149 -0.9766
vn 0.0000 -0.9532 -0.3023
vn 0.0000 -0.9532 -0.3023
vn 0.0000 -0.7384 0.6744
vn 0.0000 -0.7384 0.6744
vn 0.0000 0.2149 0.9766
vn 0.0000 0.2149 0.9766
vn 0.0000 0.9532 0.3023
vn 0.0000 0.9532 0.3023
vn -0.6476 0.7587 0.0710
vn -0.6478 0.7614 0.0261
vn -0.6478 0.7614 0.0261
vn -0.6764 -0.7279 -0.1121
vn -0.6669 -0.7419 -0.0702
vn -0.6764 -0.7279 -0.1121
vn -0.6563 0.6982 -0.2859
vn -0.6511 0.7511 -0.1094
vn -0.6511 0.7511 -0.1094
vn -0.6563 0.6982 -0.2859
vn -0.6642 0.5982 -0.4482
vn -0.6642 0.5982 -0.4482
vn -0.6735 0.4536 -0.5837
vn -0.6735 0.4536 -0.5837
vn -0.6822 0.2721 -0.6786
vn -0.6822 0.2721 -0.6786
vn -0.6927 -0.3278 -0.6424
vn -0.6922 -0.1380 -0.7084
vn -0.6927 -0.3278 -0.6424
vn -0.6922 -0.1380 -0.7084
vn -0.6913 -0.4868 -0.5340
vn -0.6913 -0.4868 -0.5340
vn -0.6893 -0.6072 -0.3952
vn -0.6893 -0.6072 -0.3952
vn -1.0000 -0.0000 -0.0000
vn -1.0000 -0.0000 -0.0000
vn -1.0000 -0.0000 -0.0000
vn -1.0000 -0.0000 -0.0000
vn 1.0000 0.0001 -0.0013
vn 1.0000 0.0001 -0.0013
vn 1.0000 0.0001 -0.0013
vn 1.0000 0.0001 -0.0013
vn -1.0000 -0.0000 -0.0000
vn -1.0000 -0.0000 -0.0000
vn -1.0000 -0.0000 -0.0000
vn -1.0000 -0.0000 -0.0000
vn -1.0000 -0.0000 -0.0000
vn -1.0000 -0.0000 -0.0000
vn -1.0000 -0.0000 -0.0000
vn -1.0000 -0.0000 -0.0000
vn -1.0000 -0.0000 -0.0000
vn -1.0000 -0.0000 -0.0000
vn -1.0000 -0.0000 -0.0000
vn 1.0000 0.0001 -0.0013
vn 1.0000 0.0001 -0.0013
vn 1.0000 0.0001 -0.0013
vn 1.0000 0.0001 -0.0013
vn 1.0000 0.0001 -0.0013
vn 1.0000 0.0001 -0.0013
vn 1.0000 0.0001 -0.0013
vn 1.0000 0.0001 -0.0013
vn 1.0000 0.0001 -0.0013
vn 1.0000 0.0001 -0.0013
vn 1.0000 0.0001 -0.0013
vn -0.6888 0.0684 -0.7217
vn -0.6888 0.0684 -0.7217
vn -0.6877 -0.6862 -0.2371
vn -0.6877 -0.6862 -0.2371
vn 0.6755 -0.7287 -0.1123
vn 0.6877 -0.6862 -0.2371
vn 0.6877 -0.6862 -0.2371
vn 0.6755 -0.7287 -0.1123
vn 0.6893 -0.6072 -0.3952
vn 0.6893 -0.6072 -0.3952
vn 0.6913 -0.4868 -0.5340
vn 0.6913 -0.4868 -0.5340
vn 0.6927 -0.3278 -0.6424
vn 0.6927 -0.3278 -0.6424
vn 0.6922 -0.1380 -0.7084
vn 0.6922 -0.1380 -0.7084
vn 0.6888 0.0684 -0.7217
vn 0.6888 0.0684 -0.7217
vn 0.6822 0.2721 -0.6786
vn 0.6822 0.2721 -0.6786
vn 0.6735 0.4536 -0.5837
vn 0.6735 0.4536 -0.5837
vn 0.6642 0.5982 -0.4482
vn 0.6642 0.5982 -0.4482
vn 0.6563 0.6982 -0.2859
vn 0.6563 0.6982 -0.2859
vn 0.6511 0.7511 -0.1094
vn 0.6511 0.7511 -0.1094
vn 0.6477 0.7615 0.0261
vn 0.6477 0.7615 0.0261
vn -1.0000 -0.0000 -0.0000
vn -1.0000 -0.0000 -0.0000
vn -1.0000 -0.0000 -0.0000
vn -1.0000 -0.0000 -0.0000
vn -1.0000 -0.0000 -0.0000
vn -1.0000 -0.0000 -0.0000
vn -1.0000 -0.0000 -0.0000
vn -1.0000 -0.0000 -0.0000
vn -1.0000 -0.0000 -0.0000
vn -1.0000 -0.0000 -0.0000
vn -1.0000 -0.0000 -0.0000
vn -1.0000 -0.0000 -0.0000
vn -1.0000 -0.0000 -0.0000
vn 1.0000 0.0001 -0.0013
vn 1.0000 0.0001 -0.0013
vn 1.0000 0.0001 -0.0013
vn 1.0000 0.0001 -0.0013
vn 1.0000 0.0001 -0.0013
vn 1.0000 0.0001 -0.0013
vn 1.0000 0.0001 -0.0013
vn 1.0000 0.0001 -0.0013
vn 1.0000 0.0001 -0.0013
vn 1.0000 0.0001 -0.0013
vn 1.0000 0.0001 -0.0013
vn 1.0000 0.0001 -0.0013
vn 1.0000 0.0001 -0.0013
vn 0.6547 -0.7556 -0.0195
vn 0.6457 0.7542 0.1195
vn -1.0000 -0.0000 -0.0000
vn 1.0000 0.0001 -0.0013
vn 1.0000 0.0001 -0.0013
f 2463/2463/2463 2447/2447/2447 2448/2448/2448
f 2463/2463/2463 2464/2464/2464 2447/2447/2447
f 2463/2463/2463 2446/2446/2446 2464/2464/2464
f 2463/2463/2463 2445/2445/2445 2446/2446/2446
f 2445/2445/2445 2462/2462/2462 2446/2446/2446
f 2445/2445/2445 2461/2461/2461 2462/2462/2462
f 2461/2461/2461 2444/2444/2444 2462/2462/2462
f 2461/2461/2461 2443/2443/2443 2444/2444/2444
f 2443/2443/2443 2460/2460/2460 2444/2444/2444
f 2443/2443/2443 2459/2459/2459 2460/2460/2460
f 2459/2459/2459 2442/2442/2442 2460/2460/2460
f 2459/2459/2459 2441/2441/2441 2442/2442/2442
f 2441/2441/2441 2458/2458/2458 2442/2442/2442
f 2441/2441/2441 2457/2457/2457 2458/2458/2458
f 2457/2457/2457 2440/2440/2440 2458/2458/2458
f 2457/2457/2457 2439/2439/2439 2440/2440/2440
f 2439/2439/2439 2456/2456/2456 2440/2440/2440
f 2439/2439/2439 2455/2455/2455 2456/2456/2456
f 2455/2455/2455 2437/2437/2437 2456/2456/2456
f 2455/2455/2455 2438/2438/2438 2437/2437/2437
f 2453/2453/2453 2437/2437/2437 2438/2438/2438
f 2453/2453/2453 2454/2454/2454 2437/2437/2437
f 2453/2453/2453 2435/2435/2435 2454/2454/2454
f 2453/2453/2453 2436/2436/2436 2435/2435/2435
f 2561/2561/2561 2451/2451/2451 2577/2577/2577
f 2561/2561/2561 2560/2560/2560 2451/2451/2451
f 2560/2560/2560 2559/2559/2559 2451/2451/2451
f 2559/2559/2559 2558/2558/2558 2451/2451/2451
f 2558/2558/2558 2557/2557/2557 2451/2451/2451
f 2557/2557/2557 2556/2556/2556 2451/2451/2451
f 2556/2556/2556 2555/2555/2555 2451/2451/2451
f 2555/2555/2555 2554/2554/2554 2451/2451/2451
f 2554/2554/2554 2553/2553/2553 2451/2451/2451
f 2553/2553/2553 2552/2552/2552 2451/2451/2451
f 2552/2552/2552 2551/2551/2551 2451/2451/2451
f 2551/2551/2551 2549/2549/2549 2451/2451/2451
f 2549/2549/2549 2550/2550/2550 2451/2451/2451
f 2550/2550/2550 2577/2577/2577 2451/2451/2451
f 2523/2523/2523 2526/2526/2526 2575/2575/2575
f 2523/2523/2523 2524/2524/2524 2526/2526/2526
f 2543/2543/2543 2544/2544/2544 2542/2542/2542
f 2545/2545/2545 2544/2544/2544 2543/2543/2543
f 2545/2545/2545 2546/2546/2546 2544/2544/2544
f 2547/2547/2547 2546/2546/2546 2545/2545/2545
f 2547/2547/2547 2548/2548/2548 2546/2546/2546
f 2547/2547/2547 2576/2576/2576 2548/2548/2548
f 2495/2495/2495 2496/2496/2496 2450/2450/2450
f 2518/2518/2518 2450/2450/2450 2496/2496/2496
f 2517/2517/2517 2450/2450/2450 2518/2518/2518
f 2516/2516/2516 2450/2450/2450 2517/2517/2517
f 2515/2515/2515 2450/2450/2450 2516/2516/2516
f 2514/2514/2514 2450/2450/2450 2515/2515/2515
f 2513/2513/2513 2450/2450/2450 2514/2514/2514
f 2512/2512/2512 2450/2450/2450 2513/2513/2513
f 2511/2511/2511 2450/2450/2450 2512/2512/2512
f 2510/2510/2510 2450/2450/2450 2511/2511/2511
f 2509/2509/2509 2450/2450/2450 2510/2510/2510
f 2508/2508/2508 2450/2450/2450 2509/2509/2509
f 2494/2494/2494 2450/2450/2450 2508/2508/2508
f 2493/2493/2493 2450/2450/2450 2494/2494/2494
f 2489/2489/2489 2490/2490/2490 2449/2449/2449
f 2497/2497/2497 2449/2449/2449 2490/2490/2490
f 2498/2498/2498 2449/2449/2449 2497/2497/2497
f 2499/2499/2499 2449/2449/2449 2498/2498/2498
f 2500/2500/2500 2449/2449/2449 2499/2499/2499
f 2501/2501/2501 2449/2449/2449 2500/2500/2500
f 2502/2502/2502 2449/2449/2449 2501/2501/2501
f 2503/2503/2503 2449/2449/2449 2502/2502/2502
f 2504/2504/2504 2449/2449/2449 2503/2503/2503
f 2505/2505/2505 2449/2449/2449 2504/2504/2504
f 2506/2506/2506 2449/2449/2449 2505/2505/2505
f 2507/2507/2507 2449/2449/2449 2506/2506/2506
f 2492/2492/2492 2449/2449/2449 2507/2507/2507
f 2491/2491/2491 2449/2449/2449 2492/2492/2492
f 2476/2476/2476 2478/2478/2478 2477/2477/2477
f 2476/2476/2476 2477/2477/2477 2475/2475/2475
f 2474/2474/2474 2476/2476/2476 2475/2475/2475
f 2474/2474/2474 2475/2475/2475 2471/2471/2471
f 2471/2471/2471 2472/2472/2472 2474/2474/2474
f 2471/2471/2471 2473/2473/2473 2472/2472/2472
f 2473/2473/2473 2466/2466/2466 2472/2472/2472
f 2473/2473/2473 2467/2467/2467 2466/2466/2466
f 2465/2465/2465 2466/2466/2466 2467/2467/2467
f 2468/2468/2468 2469/2469/2469 2470/2470/2470
f 2468/2468/2468 2470/2470/2470 2522/2522/2522
f 2468/2468/2468 2522/2522/2522 2521/2521/2521
f 2521/2521/2521 2522/2522/2522 2488/2488/2488
f 2521/2521/2521 2488/2488/2488 2487/2487/2487
f 2487/2487/2487 2488/2488/2488 2486/2486/2486
f 2487/2487/2487 2486/2486/2486 2485/2485/2485
f 2485/2485/2485 2486/2486/2486 2483/2483/2483
f 2485/2485/2485 2483/2483/2483 2481/2481/2481
f 2481/2481/2481 2483/2483/2483 2482/2482/2482
f 2481/2481/2481 2482/2482/2482 2484/2484/2484
f 2482/2482/2482 2520/2520/2520 2484/2484/2484
f 2482/2482/2482 2519/2519/2519 2520/2520/2520
f 2519/2519/2519 2480/2480/2480 2520/2520/2520
f 2519/2519/2519 2479/2479/2479 2480/2480/2480
f 2478/2478/2478 2480/2480/2480 2479/2479/2479
f 2478/2478/2478 2479/2479/2479 2477/2477/2477
f 2523/2523/2523 2525/2525/2525 2524/2524/2524
f 2525/2525/2525 2527/2527/2527 2524/2524/2524
f 2525/2525/2525 2528/2528/2528 2527/2527/2527
f 2528/2528/2528 2529/2529/2529 2527/2527/2527
f 2528/2528/2528 2530/2530/2530 2529/2529/2529
f 2530/2530/2530 2531/2531/2531 2529/2529/2529
f 2530/2530/2530 2532/2532/2532 2531/2531/2531
f 2532/2532/2532 2533/2533/2533 2531/2531/2531
f 2532/2532/2532 2534/2534/2534 2533/2533/2533
f 2535/2535/2535 2533/2533/2533 2534/2534/2534
f 2535/2535/2535 2536/2536/2536 2533/2533/2533
f 2537/2537/2537 2536/2536/2536 2535/2535/2535
f 2537/2537/2537 2538/2538/2538 2536/2536/2536
f 2539/2539/2539 2538/2538/2538 2537/2537/2537
f 2539/2539/2539 2540/2540/2540 2538/2538/2538
f 2541/2541/2541 2540/2540/2540 2539/2539/2539
f 2541/2541/2541 2542/2542/2542 2540/2540/2540
f 2543/2543/2543 2542/2542/2542 2541/2541/2541
f 2562/2562/2562 2563/2563/2563 2452/2452/2452
f 2563/2563/2563 2564/2564/2564 2452/2452/2452
f 2564/2564/2564 2565/2565/2565 2452/2452/2452
f 2565/2565/2565 2566/2566/2566 2452/2452/2452
f 2566/2566/2566 2567/2567/2567 2452/2452/2452
f 2567/2567/2567 2568/2568/2568 2452/2452/2452
f 2568/2568/2568 2569/2569/2569 2452/2452/2452
f 2569/2569/2569 2570/2570/2570 2452/2452/2452
f 2570/2570/2570 2571/2571/2571 2452/2452/2452
f 2571/2571/2571 2572/2572/2572 2452/2452/2452
f 2572/2572/2572 2573/2573/2573 2452/2452/2452
f 2573/2573/2573 2574/2574/2574 2452/2452/2452
f 2452/2452/2452 2574/2574/2574 2579/2579/2579
f 2562/2562/2562 2452/2452/2452 2578/2578/2578
o pend2
v 5.7367 -28.6091 8.1076
v -9.6012 -28.6091 8.1076
v -9.6012 -36.4770 19.0007
v 5.7367 -36.4770 19.0007
v 5.7367 -30.9772 31.2610
v -9.6012 -30.9772 31.2610
v -9.6012 -17.6096 32.6282
v 5.7367 -17.6096 32.6282
v -9.6012 -9.7417 21.7351
v 5.7367 -9.7417 21.7351
v -9.6012 -15.2415 9.4748
v 5.7367 -15.2415 9.4748
v -9.6012 -28.6091 8.1076
v 5.7367 -28.6091 8.1076
v -8.3740 -23.0977 -8.2245
v -9.9107 -23.0977 -8.2245
v -8.3740 -22.7471 -6.0502
v -9.9107 -22.7471 -6.0502
v -9.9107 -20.6888 -5.2668
v -8.3740 -20.6888 -5.2668
v -9.9107 -18.9812 -6.6575
v -8.3740 -18.9812 -6.6575
v -8.3740 -19.3318 -8.8317
v -9.9107 -19.3318 -8.8317
v -9.9107 -21.3900 -9.6152
v -8.3740 -21.3900 -9.6152
v -9.9107 -23.0977 -8.2245
v -9.9107 -22.7471 -6.0502
v -9.9107 -20.6888 -5.2668
v -9.9107 -18.9812 -6.6575
v -9.9107 -19.3318 -8.8317
v -9.9107 -21.3900 -9.6152
v -1.3330 -29.1207 -2.5682
v -1.3330 -23.2434 -5.8531
v -6.7537 -18.6526 2.3605
v -6.7537 -24.5299 5.6454
v 4.0878 -18.6526 2.3605
v 4.0878 -24.5299 5.6454
v 3.0340 -27.8906 -0.3673
v -5.6999 -27.8906 -0.3673
v -6.7537 -24.5299 5.6454
v 4.0878 -24.5299 5.6454
v 3.0340 -22.0133 -3.6523
v -1.3330 -23.2434 -5.8531
v -5.6999 -22.0133 -3.6523
v -6.7537 -18.6526 2.3605
v -6.7537 -27.8906 -0.3673
v 4.0878 -27.8906 -0.3673
v 4.0878 -24.5299 5.6454
v -6.7537 -22.0133 -3.6523
v -6.7537 -18.6526 2.3605
v 4.0878 -22.0133 -3.6523
v 4.0878 -18.6526 2.3605
v 3.0340 -27.8906 -0.3673
v 4.0878 -22.0133 -3.6523
v 3.0340 -22.0133 -3.6523
v 4.0878 -27.8906 -0.3673
v -5.6999 -22.0133 -3.6523
v -6.7537 -27.8906 -0.3673
v -5.6999 -27.8906 -0.3673
v -6.7537 -22.0133 -3.6523
v -10.9232 -25.7480 26.9776
v -10.9232 -29.8246 14.9500
v -10.9232 -25.8757 14.9082
v -10.9232 -29.6969 27.0194
v -10.9232 -16.6102 14.8102
v -10.9232 -16.4825 26.8796
v -10.9232 -25.8880 13.7437
v -10.9232 -16.6225 13.6456
v -21.7742 -26.6767 22.1992
v -21.7742 -21.2780 23.9353
v -21.7742 -24.8648 23.9732
v -21.7742 -19.5040 22.1233
v -21.7742 -19.5420 18.5366
v -21.7742 -26.7147 18.6125
v -21.7742 -21.3539 16.7625
v -21.7742 -24.9407 16.8005
v -13.9263 -20.8243 15.4571
v -14.2410 -20.8243 15.4571
v -14.2410 -20.3065 25.2248
v -14.2410 -20.8778 26.4838
v -14.2410 -24.2347 26.7802
v -14.2410 -27.2900 25.3584
v -14.2410 -25.8088 25.2830
v -14.2410 -26.8195 16.4376
v -14.2410 -29.0119 17.6213
v -14.2410 -26.8478 15.0380
v -14.2410 -25.9122 15.5110
v -14.2410 -23.6820 13.8828
v -14.2410 -25.3409 14.2520
v -14.2410 -21.9840 13.9556
v -14.2410 -20.8243 15.4571
v -14.2410 -20.3628 14.4653
v -14.2410 -20.4099 15.4527
v -14.2410 -19.4832 16.3600
v -14.2410 -17.2068 23.1145
v -14.2410 -19.3992 24.2982
v -14.2410 -29.5944 20.9405
v -14.2410 -26.7355 24.3758
v -14.2410 -28.4392 24.1063
v -14.2410 -17.7795 16.6294
v -14.2410 -16.6243 19.7952
v -13.2843 -13.2703 24.9686
v -13.2843 -32.0132 26.5884
v -13.2843 -22.1742 31.1891
v -14.8961 -17.2711 23.0979
v -14.8961 -13.7457 24.7463
v -14.8961 -28.3927 24.0590
v -14.8961 -31.5830 26.2879
v -14.8961 -22.2193 30.6663
v -14.8961 -22.5544 26.7890
v -14.8961 -13.7457 24.7463
v -19.9911 -13.7457 24.7463
v -14.8961 -31.5830 26.2879
v -19.9911 -31.5830 26.2879
v -14.8961 -22.2193 30.6663
v -19.9911 -22.2193 30.6663
v -10.5994 -22.5544 26.7890
v -14.8961 -22.5544 26.7890
v -10.5994 -17.2711 23.0979
v -14.8961 -17.2711 23.0979
v -14.8961 -28.3927 24.0590
v -10.5994 -28.3927 24.0590
v -13.2843 -32.9484 15.7672
v -13.2843 -14.2055 14.1474
v -13.2843 -24.0445 9.5467
v -14.8961 -28.9476 17.6379
v -14.8961 -32.4730 15.9895
v -14.8961 -17.8260 16.6768
v -14.8961 -14.6357 14.4479
v -14.8961 -23.9994 10.0695
v -14.8961 -23.6643 13.9468
v -14.8961 -32.4730 15.9895
v -19.9911 -32.4730 15.9895
v -14.8961 -14.6357 14.4479
v -19.9911 -14.6357 14.4479
v -19.9911 -23.9994 10.0695
v -14.8961 -23.9994 10.0695
v -10.5994 -23.6643 13.9468
v -14.8961 -23.6643 13.9468
v -10.5994 -28.9476 17.6379
v -14.8961 -28.9476 17.6379
v -14.8961 -17.8260 16.6768
v -10.5994 -17.8260 16.6768
v -9.6012 -23.1094 20.3679
v -9.6012 -40.8111 13.5475
v -9.6012 -37.8668 32.2878
v -9.6012 -20.1651 39.1082
v -9.6012 -5.4076 27.1882
v -9.6012 -8.3519 8.4479
v -9.6012 -26.0536 1.6276
v 5.7367 -23.1094 20.3679
v 5.7367 -35.0293 5.6104
v 5.7367 -41.8497 23.3121
v 5.7367 -29.9297 38.0696
v 5.7367 -11.1894 35.1253
v 5.7367 -4.3690 17.4236
v 5.7367 -16.2890 2.6662
v -8.3740 -18.4035 8.2236
v -6.5975 -18.4035 8.2236
v -8.3740 -28.2483 5.6840
v -8.3740 -18.4035 8.2236
v -6.5975 -28.2483 5.6840
v -6.5975 -18.4035 8.2236
v -6.5975 -22.6524 -10.3327
v -8.3740 -22.6524 -10.3327
v -8.3740 -19.3416 -10.2837
v -6.5975 -19.3416 -10.2837
v -6.5975 -22.6524 -10.3327
v -6.5975 -17.7287 -7.3920
v -6.5975 -19.3416 -10.2837
v -8.3740 -22.6524 -10.3327
v -8.3740 -17.7287 -7.3919
v -8.3740 -19.3416 -10.2837
v 3.9601 -18.4035 8.2236
v 5.7367 -18.4035 8.2236
v 5.7367 -28.2483 5.6840
v 5.7367 -18.4035 8.2236
v 3.9601 -28.2483 5.6840
v 3.9601 -18.4035 8.2236
v 5.7367 -22.6524 -10.3327
v 3.9601 -22.6524 -10.3327
v 3.9601 -19.3416 -10.2837
v 5.7367 -19.3416 -10.2837
v 3.9601 -22.6524 -10.3327
v 3.9601 -17.7287 -7.3919
v 3.9601 -19.3416 -10.2837
v 5.7367 -22.6524 -10.3327
v 5.7367 -17.7287 -7.3919
v 5.7367 -19.3416 -10.2837
v 7.2733 -23.0977 -8.2245
v 5.7367 -23.0977 -8.2245
v 5.7367 -22.7471 -6.0502
v 7.2733 -22.7471 -6.0502
v 7.2733 -20.6888 -5.2668
v 5.7367 -20.6888 -5.2668
v 7.2733 -18.9812 -6.6575
v 5.7367 -18.9812 -6.6575
v 5.7367 -19.3318 -8.8317
v 7.2733 -19.3318 -8.8317
v 7.2733 -21.3900 -9.6152
v 5.7367 -21.3900 -9.6152
v 7.2733 -23.0977 -8.2245
v 7.2733 -22.7471 -6.0502
v 7.2733 -20.6888 -5.2668
v 7.2733 -18.9812 -6.6575
v 7.2733 -19.3318 -8.8317
v 7.2733 -21.3900 -9.6152
v 14.5425 -18.2358 -30.8315
v -9.6012 -34.0025 12.5001
v 5.7367 -34.0025 12.5001
v -9.6012 -35.3696 25.8677
v 5.7367 -35.3696 25.8677
v -9.6012 -24.4765 33.7355
v 5.7367 -24.4765 33.7355
v -9.6012 -12.2162 28.2357
v 5.7367 -12.2162 28.2357
v -9.6012 -10.8490 14.8681
v 5.7367 -10.8490 14.8681
v -9.6012 -21.7422 7.0003
v 5.7367 -21.7422 7.0003
v -9.9107 -21.0394 -7.4410
v 3.0340 -27.8906 -0.3673
v 1.1883 -22.9138 -5.2634
v 1.1883 -28.7911 -1.9785
v 3.0340 -22.0133 -3.6523
v -3.8542 -22.9138 -5.2634
v -3.8542 -28.7911 -1.9785
v -5.6999 -22.0133 -3.6523
v -5.6999 -27.8906 -0.3673
v 1.1883 -28.7911 -1.9785
v -1.3330 -29.1207 -2.5682
v -3.8542 -28.7911 -1.9785
v 1.1883 -22.9138 -5.2634
v -3.8542 -22.9138 -5.2634
v -13.4873 -19.6875 22.0140
v -21.4047 -19.7242 18.5448
v -13.4873 -19.7242 18.5448
v -21.4047 -19.6875 22.0140
v -21.4047 -21.3583 16.9450
v -13.4873 -24.9325 16.9828
v -13.4873 -21.3583 16.9450
v -21.4047 -24.9325 16.9828
v -21.4047 -26.5323 18.6168
v -13.4873 -26.4956 22.0861
v -13.4873 -26.5323 18.6168
v -21.4047 -26.4956 22.0861
v -21.4047 -24.8692 23.7909
v -13.4873 -21.2774 23.7529
v -13.4873 -24.8692 23.7909
v -21.4047 -21.2774 23.7529
v -13.4873 -21.2774 23.7529
v -13.4873 -26.4774 23.8079
v -13.4873 -24.8692 23.7909
v -10.9232 -26.4774 23.8079
v -10.9232 -19.6693 23.7359
v -13.4873 -19.6693 23.7359
v -13.4873 -19.6875 22.0140
v -10.9232 -19.6693 23.7359
v -13.4873 -19.6693 23.7359
v -10.9232 -19.7413 16.9278
v -13.4873 -19.7413 16.9278
v -13.4873 -19.7242 18.5448
v -13.4873 -21.3583 16.9450
v -10.9232 -19.7413 16.9278
v -13.4873 -19.7413 16.9278
v -10.9232 -26.5494 16.9999
v -13.4873 -26.5494 16.9999
v -13.4873 -24.9325 16.9828
v -13.4873 -26.4956 22.0861
v -13.4873 -26.5494 16.9999
v -13.4873 -26.5323 18.6168
v -10.9232 -26.5494 16.9999
v -10.9232 -26.4774 23.8079
v -13.4873 -26.4774 23.8079
v -21.4047 -19.6875 22.0140
v -13.4873 -21.2774 23.7529
v -21.4047 -21.2774 23.7529
v -13.4873 -19.6875 22.0140
v -21.4047 -21.3583 16.9450
v -13.4873 -19.7242 18.5448
v -21.4047 -19.7242 18.5448
v -13.4873 -21.3583 16.9450
v -21.4047 -24.9325 16.9828
v -13.4873 -26.5323 18.6168
v -13.4873 -24.9325 16.9828
v -21.4047 -26.5323 18.6168
v -21.4047 -24.8692 23.7909
v -13.4873 -26.4956 22.0861
v -21.4047 -26.4956 22.0861
v -13.4873 -24.8692 23.7909
v -13.4873 -19.6875 22.0140
v -13.4873 -19.6693 23.7359
v -13.4873 -21.2774 23.7529
v -13.4873 -19.7242 18.5448
v -13.4873 -21.3583 16.9450
v -13.4873 -19.7413 16.9278
v -13.4873 -26.5323 18.6168
v -13.4873 -26.5494 16.9999
v -13.4873 -24.9325 16.9828
v -13.4873 -24.8692 23.7909
v -13.4873 -26.4774 23.8079
v -13.4873 -26.4956 22.0861
v -23.7224 -21.1872 21.3038
v -21.7742 -21.2074 19.3915
v -21.7742 -21.1872 21.3038
v -23.7224 -21.2074 19.3915
v -23.7224 -22.1735 18.4457
v -21.7742 -24.0857 18.4660
v -21.7742 -22.1735 18.4457
v -23.7224 -24.0857 18.4660
v -23.7224 -25.0315 19.4320
v -21.7742 -25.0113 21.3442
v -21.7742 -25.0315 19.4320
v -23.7224 -25.0113 21.3442
v -21.7742 -24.0452 22.2900
v -23.7224 -22.1330 22.2698
v -21.7742 -22.1330 22.2698
v -23.7224 -24.0452 22.2900
v -23.7224 -25.0315 19.4320
v -23.7224 -22.1735 18.4457
v -23.7224 -21.2074 19.3915
v -23.7224 -24.0857 18.4660
v -23.7224 -21.1872 21.3038
v -21.7742 -22.1330 22.2698
v -23.7224 -22.1330 22.2698
v -21.7742 -21.1872 21.3038
v -23.7224 -22.1735 18.4457
v -21.7742 -21.2074 19.3915
v -23.7224 -21.2074 19.3915
v -21.7742 -22.1735 18.4457
v -23.7224 -25.0315 19.4320
v -21.7742 -24.0857 18.4660
v -23.7224 -24.0857 18.4660
v -21.7742 -25.0315 19.4320
v -23.7224 -25.0113 21.3442
v -21.7742 -24.0452 22.2900
v -21.7742 -25.0113 21.3442
v -23.7224 -24.0452 22.2900
v -23.7224 -25.0113 21.3442
v -23.7224 -21.1872 21.3038
v -23.7224 -22.1330 22.2698
v -23.7224 -24.0452 22.2900
v -21.7742 -19.5040 22.1233
v -21.4047 -19.5420 18.5366
v -21.4047 -19.5040 22.1233
v -21.7742 -19.5420 18.5366
v -21.7742 -21.3539 16.7625
v -21.4047 -24.9407 16.8005
v -21.4047 -21.3539 16.7625
v -21.7742 -24.9407 16.8005
v -21.7742 -26.7147 18.6125
v -21.4047 -26.6767 22.1992
v -21.4047 -26.7147 18.6125
v -21.7742 -26.6767 22.1992
v -21.4047 -24.8648 23.9732
v -21.7742 -21.2780 23.9353
v -21.4047 -21.2780 23.9353
v -21.7742 -24.8648 23.9732
v -21.4047 -26.7147 18.6125
v -21.4047 -21.3539 16.7625
v -21.4047 -24.9407 16.8005
v -21.4047 -19.5420 18.5366
v -21.7742 -19.5040 22.1233
v -21.4047 -21.2780 23.9353
v -21.7742 -21.2780 23.9353
v -21.4047 -19.5040 22.1233
v -21.7742 -19.5420 18.5366
v -21.4047 -21.3539 16.7625
v -21.4047 -19.5420 18.5366
v -21.7742 -21.3539 16.7625
v -21.7742 -26.7147 18.6125
v -21.4047 -24.9407 16.8005
v -21.7742 -24.9407 16.8005
v -21.4047 -26.7147 18.6125
v -21.7742 -26.6767 22.1992
v -21.4047 -24.8648 23.9732
v -21.4047 -26.6767 22.1992
v -21.7742 -24.8648 23.9732
v -21.4047 -19.5040 22.1233
v -21.4047 -26.6767 22.1992
v -21.4047 -21.2780 23.9353
v -21.4047 -24.8648 23.9732
v -19.9911 -13.2703 24.9686
v -13.2843 -12.2881 19.4327
v -19.9911 -12.2881 19.4327
v -19.9911 -33.9306 21.3031
v -13.2843 -33.9306 21.3031
v -19.9911 -32.0132 26.5884
v -19.9911 -27.7101 30.2069
v -13.2843 -27.7101 30.2069
v -19.9911 -22.1742 31.1891
v -19.9911 -16.8888 29.2717
v -13.2843 -16.8888 29.2717
v -14.8961 -16.6883 19.8130
v -14.8961 -12.8110 19.4779
v -14.8961 -33.4077 21.2579
v -14.8961 -29.5304 20.9228
v -14.8961 -27.4878 29.7316
v -14.8961 -25.8393 26.2062
v -14.8961 -19.4182 25.6513
v -14.8961 -17.1894 28.8415
v -19.9911 -13.7457 24.7463
v -19.9911 -13.2703 24.9686
v -19.9911 -12.8110 19.4779
v -19.9911 -12.2881 19.4327
v -19.9911 -33.9306 21.3031
v -19.9911 -33.4077 21.2579
v -19.9911 -31.5830 26.2879
v -19.9911 -32.0132 26.5884
v -19.9911 -27.4878 29.7316
v -19.9911 -27.7101 30.2069
v -19.9911 -22.1742 31.1891
v -19.9911 -22.2193 30.6663
v -19.9911 -16.8888 29.2717
v -19.9911 -17.1894 28.8415
v -14.8961 -12.8110 19.4779
v -19.9911 -12.8110 19.4779
v -19.9911 -33.4077 21.2579
v -14.8961 -33.4077 21.2579
v -14.8961 -27.4878 29.7316
v -19.9911 -27.4878 29.7316
v -14.8961 -17.1894 28.8415
v -19.9911 -17.1894 28.8415
v -10.5994 -19.4182 25.6513
v -14.8961 -19.4182 25.6513
v -10.5994 -16.6883 19.8130
v -14.8961 -16.6883 19.8130
v -10.5994 -29.5304 20.9228
v -14.8961 -29.5304 20.9228
v -14.8961 -25.8393 26.2062
v -10.5994 -25.8393 26.2062
v -19.9911 -32.9484 15.7672
v -19.9911 -33.9306 21.3031
v -13.2843 -33.9306 21.3031
v -19.9911 -14.2055 14.1474
v -19.9911 -18.5086 10.5288
v -13.2843 -18.5086 10.5288
v -19.9911 -24.0445 9.5467
v -19.9911 -29.3299 11.4640
v -13.2843 -29.3299 11.4640
v -14.8961 -20.3794 14.5296
v -14.8961 -18.7309 11.0042
v -14.8961 -26.8005 15.0845
v -14.8961 -29.0293 11.8942
v -19.9911 -32.4730 15.9895
v -19.9911 -32.9484 15.7672
v -19.9911 -33.4077 21.2579
v -19.9911 -33.9306 21.3031
v -19.9911 -12.8110 19.4779
v -19.9911 -14.6357 14.4479
v -19.9911 -14.2055 14.1474
v -19.9911 -18.5086 10.5288
v -19.9911 -18.7309 11.0042
v -19.9911 -24.0445 9.5467
v -19.9911 -23.9994 10.0695
v -19.9911 -29.3299 11.4640
v -19.9911 -29.0293 11.8942
v -19.9911 -33.4077 21.2579
v -19.9911 -12.8110 19.4779
v -14.8961 -18.7309 11.0042
v -19.9911 -18.7309 11.0042
v -14.8961 -29.0293 11.8942
v -19.9911 -29.0293 11.8942
v -10.5994 -26.8005 15.0845
v -14.8961 -26.8005 15.0845
v -14.8961 -20.3794 14.5296
v -10.5994 -20.3794 14.5296
v -9.6012 -35.0293 5.6104
v -9.6012 -41.8497 23.3121
v -9.6012 -29.9297 38.0696
v -9.6012 -11.1894 35.1253
v -9.6012 -4.3690 17.4236
v -9.6012 -16.2890 2.6662
v -13.4854 -24.4497 11.8367
v -13.3560 -24.8171 9.4978
v -13.3560 -30.0234 11.8080
v -13.4854 -28.5357 13.6498
v -13.3560 -33.3770 16.4118
v -13.4854 -31.1678 17.2630
v -13.3560 -33.9794 22.0757
v -13.4854 -31.6406 21.7082
v -13.3560 -31.6692 27.2819
v -13.4854 -29.8274 25.7942
v -13.3560 -27.0654 30.6355
v -13.4854 -26.2142 28.4263
v -13.3560 -21.4016 31.2380
v -13.4854 -21.7690 28.8991
v -13.3560 -16.1953 28.9278
v -13.4854 -17.6830 27.0860
v -13.3560 -12.8417 24.3239
v -13.4854 -15.0509 23.4727
v -13.3560 -12.2393 18.6601
v -13.4854 -14.5781 19.0276
v -13.3560 -14.5495 13.4539
v -13.4854 -16.3913 14.9415
v -13.3560 -19.1533 10.1002
v -13.4854 -20.0045 12.3095
v 5.7367 -40.8111 13.5475
v 5.7367 -37.8668 32.2878
v 5.7367 -20.1651 39.1082
v 5.7367 -5.4076 27.1882
v 5.7367 -8.3519 8.4479
v 5.7367 -26.0536 1.6276
v 12.1627 -24.4497 11.8367
v 11.9020 -24.8171 9.4978
v 11.9020 -30.0234 11.8080
v 12.1627 -28.5357 13.6498
v 11.9020 -33.3770 16.4118
v 12.1627 -31.1678 17.2630
v 11.9020 -33.9794 22.0757
v 12.1627 -31.6406 21.7082
v 11.9020 -31.6692 27.2819
v 12.1627 -29.8274 25.7942
v 11.9020 -27.0654 30.6355
v 12.1627 -26.2142 28.4263
v 11.9020 -21.4016 31.2380
v 12.1627 -21.7690 28.8991
v 11.9020 -16.1953 28.9278
v 12.1627 -17.6830 27.0860
v 11.9020 -12.8417 24.3239
v 12.1627 -15.0509 23.4727
v 11.9020 -12.2393 18.6601
v 12.1627 -14.5781 19.0276
v 11.9020 -14.5495 13.4539
v 12.1627 -16.3913 14.9415
v 11.9020 -19.1533 10.1002
v 12.1627 -20.0045 12.3095
v -8.3740 -18.2608 -1.4167
v -6.5975 -18.2608 -1.4167
v -8.3740 -24.3502 -7.4900
v -8.3740 -18.2608 -1.4167
v -8.3740 -28.1410 -1.5630
v -6.5975 -18.2608 -1.4167
v -6.5975 -24.3502 -7.4900
v -6.5975 -28.1410 -1.5630
v -6.5975 -18.2608 -1.4167
v -8.3740 -24.3502 -7.4900
v -6.5975 -28.1410 -1.5630
v -6.5975 -24.3502 -7.4900
v -8.3740 -28.1410 -1.5630
v -8.3740 -28.2483 5.6840
v -6.5975 -28.2483 5.6840
v 3.9601 -18.2608 -1.4167
v 5.7367 -18.2608 -1.4167
v 5.7367 -18.2608 -1.4167
v 5.7367 -24.3502 -7.4900
v 5.7367 -28.1410 -1.5630
v 3.9601 -18.2608 -1.4167
v 3.9601 -24.3502 -7.4900
v 3.9601 -28.1410 -1.5630
v 3.9601 -18.2608 -1.4167
v 5.7367 -24.3502 -7.4900
v 3.9601 -28.1410 -1.5630
v 5.7367 -28.1410 -1.5630
v 3.9601 -24.3502 -7.4900
v 5.7367 -28.2483 5.6840
v 3.9601 -28.2483 5.6840
v 4.1333 -18.6831 -6.1485
v -6.7080 -18.6831 -6.1485
v -6.7080 -18.6828 -8.7934
v 4.1333 -18.6828 -8.7934
v -6.7080 -20.9731 -10.1161
v 4.1333 -20.9731 -10.1161
v -6.7080 -23.2638 -8.7940
v 4.1333 -23.2638 -8.7940
v -6.7080 -23.2642 -6.1492
v 4.1333 -23.2642 -6.1492
v -6.7080 -23.2642 -6.1492
v 4.1333 -23.2642 -6.1492
v -6.7080 -20.9738 -4.8264
v 4.1333 -20.9738 -4.8264
v 7.2733 -21.0394 -7.4410
v -9.7343 -11.2149 28.6401
v 5.7319 -11.2118 28.6279
v -9.7326 -12.0205 30.5878
v 5.7336 -12.0174 30.5755
v 5.7330 -9.9279 30.2994
v -9.7333 -9.9310 30.3116
v 5.7319 -11.2118 28.6279
v -9.7343 -11.2149 28.6401
v -9.6012 -31.5949 9.9488
v 5.7367 -31.5949 9.9488
v -9.6012 -35.6676 15.5875
v 5.7367 -35.6676 15.5875
v -9.6012 -36.3753 22.5071
v 5.7367 -36.3753 22.5071
v -9.6012 -33.5284 28.8535
v 5.7367 -33.5284 28.8535
v 5.7367 -27.8897 32.9262
v -9.6012 -27.8897 32.9262
v 5.7367 -20.9702 33.6339
v -9.6012 -20.9702 33.6339
v -9.6012 -14.6238 30.7870
v 5.7367 -14.6238 30.7870
v -9.6012 -10.5511 25.1483
v 5.7367 -10.5511 25.1483
v -9.6012 -9.8434 18.2287
v 5.7367 -9.8434 18.2287
v -9.6012 -12.6903 11.8823
v 5.7367 -12.6903 11.8823
v 5.7367 -18.3290 7.8096
v -9.6012 -18.3290 7.8096
v -9.6012 -25.2485 7.1019
v 5.7367 -25.2485 7.1019
v -9.9107 -22.4302 -9.1486
v -8.3740 -22.4302 -9.1486
v -8.3740 -23.2136 -7.0904
v -9.9107 -23.2136 -7.0904
v -8.3740 -21.8229 -5.3827
v -9.9107 -21.8229 -5.3827
v -9.9107 -19.6487 -5.7333
v -8.3740 -19.6487 -5.7333
v -8.3740 -18.8652 -7.7916
v -9.9107 -18.8652 -7.7916
v -8.3740 -20.2559 -9.4992
v -9.9107 -20.2559 -9.4992
v -9.9107 -22.4302 -9.1486
v -9.9107 -23.2136 -7.0904
v -9.9107 -21.8229 -5.3827
v -9.9107 -19.6487 -5.7333
v -9.9107 -18.8652 -7.7916
v -9.9107 -20.2559 -9.4992
v -1.3330 -24.5299 5.6454
v -1.3330 -18.6526 2.3605
v -1.3330 -26.6605 1.8335
v -1.3330 -24.5299 5.6454
v -1.3330 -20.7832 -1.4515
v -1.3330 -18.6526 2.3605
v 4.0878 -18.6526 2.3605
v -6.7537 -24.5299 5.6454
v -20.8695 -26.0052 23.6671
v -18.6876 -26.0176 22.4956
v -20.8695 -26.0176 22.4956
v -18.6876 -26.0052 23.6671
v -20.8695 -26.0052 23.6671
v -18.6876 -24.9122 23.6556
v -18.6876 -26.0052 23.6671
v -20.8695 -24.9122 23.6556
v -18.6876 -26.0052 23.6671
v -18.6876 -24.9122 23.6556
v -18.6876 -26.0176 22.4956
v -20.8695 -24.9122 23.6556
v -20.8695 -26.0052 23.6671
v -20.8695 -26.0176 22.4956
v -14.5620 -26.0176 22.4956
v -13.4873 -26.0052 23.6671
v -13.4873 -26.0176 22.4956
v -14.5620 -26.0052 23.6671
v -14.5620 -24.9122 23.6556
v -13.4873 -26.0052 23.6671
v -14.5620 -26.0052 23.6671
v -13.4873 -24.9122 23.6556
v -14.5620 -24.9122 23.6556
v -14.5620 -26.0052 23.6671
v -14.5620 -26.0176 22.4956
v -19.3541 -25.5403 17.0072
v -18.9955 -24.9323 17.0007
v -19.3541 -24.9323 17.0007
v -18.9955 -25.5403 17.0072
v -18.9955 -25.5403 17.0072
v -19.3541 -25.5333 17.6704
v -18.9955 -25.5333 17.6704
v -19.3541 -25.5403 17.0072
v -19.3541 -25.5403 17.0072
v -19.3541 -24.9323 17.0007
v -19.3541 -25.5333 17.6704
v -18.9955 -24.9323 17.0007
v -18.9955 -25.5403 17.0072
v -18.9955 -25.5333 17.6704
v -14.9235 -25.3968 17.0056
v -13.4873 -24.9323 17.0007
v -14.9235 -24.9323 17.0007
v -13.4873 -25.3968 17.0056
v -13.4873 -25.3968 17.0056
v -14.9235 -25.3918 17.4716
v -13.4873 -25.3918 17.4716
v -14.9235 -25.3968 17.0056
v -14.9235 -25.3968 17.0056
v -14.9235 -24.9323 17.0007
v -14.9235 -25.3918 17.4716
v -20.8695 -20.1443 23.6051
v -18.6876 -20.1567 22.4336
v -18.6876 -20.1443 23.6051
v -20.8695 -20.1567 22.4336
v -18.6876 -21.2373 23.6167
v -20.8695 -20.1443 23.6051
v -18.6876 -20.1443 23.6051
v -20.8695 -21.2373 23.6167
v -18.6876 -20.1443 23.6051
v -18.6876 -20.1567 22.4336
v -18.6876 -21.2373 23.6167
v -20.8695 -21.2373 23.6167
v -20.8695 -20.1567 22.4336
v -20.8695 -20.1443 23.6051
v -13.4873 -20.1443 23.6051
v -14.5620 -20.1567 22.4336
v -13.4873 -20.1567 22.4336
v -14.5620 -20.1443 23.6051
v -14.5620 -21.2373 23.6167
v -13.4873 -20.1443 23.6051
v -13.4873 -21.2373 23.6167
v -14.5620 -20.1443 23.6051
v -14.5620 -21.2373 23.6167
v -14.5620 -20.1567 22.4336
v -14.5620 -20.1443 23.6051
v -18.9955 -20.7501 16.9565
v -19.3541 -21.3581 16.9629
v -18.9955 -21.3581 16.9629
v -19.3541 -20.7501 16.9565
v -18.9955 -20.7501 16.9565
v -19.3541 -20.7431 17.6198
v -19.3541 -20.7501 16.9565
v -18.9955 -20.7431 17.6198
v -19.3541 -20.7501 16.9565
v -19.3541 -20.7431 17.6198
v -19.3541 -21.3581 16.9629
v -18.9955 -21.3581 16.9629
v -18.9955 -20.7431 17.6198
v -18.9955 -20.7501 16.9565
v -14.9235 -20.8936 16.9580
v -13.4873 -21.3581 16.9629
v -13.4873 -20.8936 16.9580
v -14.9235 -21.3581 16.9629
v -13.4873 -20.8936 16.9580
v -14.9235 -20.8887 17.4240
v -14.9235 -20.8936 16.9580
v -13.4873 -20.8887 17.4240
v -14.9235 -20.8936 16.9580
v -14.9235 -20.8887 17.4240
v -14.9235 -21.3581 16.9629
v -14.2410 -19.6109 15.9028
v -13.9263 -19.9501 15.5707
v -14.2410 -19.9501 15.5707
v -13.9263 -19.6109 15.9028
v -13.9263 -20.4099 15.4527
v -14.2410 -20.4099 15.4527
v -13.9263 -22.2502 15.4722
v -14.2410 -22.2502 15.4722
v -14.2410 -23.5404 15.4859
v -14.2410 -24.8855 15.5001
v -14.2410 -25.9122 15.5110
v -13.9263 -25.9122 15.5110
v -13.9263 -24.8855 15.5001
v -13.9263 -23.5404 15.4859
v -14.2410 -26.3694 15.6387
v -13.9263 -26.3694 15.6387
v -13.9263 -26.4027 15.6726
v -14.2410 -26.7015 15.9778
v -13.9263 -26.7015 15.9778
v -13.9263 -26.8195 16.4376
v -14.2410 -26.8195 16.4376
v -14.2410 -26.7775 20.4067
v -13.9263 -26.7775 20.4067
v -14.2410 -26.6683 24.6162
v -13.9263 -26.6078 24.8330
v -14.2410 -26.6078 24.8330
v -13.9263 -26.6683 24.6162
v -13.9263 -26.7355 24.3758
v -14.2410 -26.7355 24.3758
v -13.9263 -26.2686 25.1650
v -14.2410 -26.2686 25.1650
v -14.2410 -25.8088 25.2830
v -13.9263 -25.8088 25.2830
v -13.9263 -23.9685 25.2636
v -13.9263 -25.3944 25.2787
v -14.2410 -25.3944 25.2787
v -14.2410 -23.9685 25.2636
v -14.2410 -22.6783 25.2499
v -14.2410 -21.3332 25.2357
v -14.2410 -20.3065 25.2248
v -13.9263 -20.3065 25.2248
v -13.9263 -21.3332 25.2357
v -13.9263 -22.6782 25.2499
v -14.2410 -19.8493 25.0971
v -13.9263 -19.8493 25.0971
v -14.2410 -19.8160 25.0631
v -13.9263 -19.5172 24.7579
v -14.2410 -19.5172 24.7579
v -13.9263 -19.8160 25.0631
v -14.2410 -19.3992 24.2982
v -13.9263 -19.3992 24.2982
v -14.2410 -19.4412 20.3291
v -13.9263 -19.4412 20.3291
v -13.9263 -19.5504 16.1195
v -14.2410 -19.4832 16.3600
v -13.9263 -19.4832 16.3600
v -14.2410 -21.3332 25.2357
v -14.2410 -19.3709 25.6978
v -14.2410 -19.8160 25.0631
v -14.2410 -19.8493 25.0971
v -14.2410 -22.5367 26.8529
v -14.2410 -22.6783 25.2499
v -14.2410 -23.9685 25.2636
v -14.2410 -25.3944 25.2787
v -14.2410 -25.8559 26.2704
v -14.2410 -26.2686 25.1650
v -14.2410 -26.6683 24.6162
v -14.2410 -26.6078 24.8330
v -14.2410 -28.0999 16.1872
v -14.2410 -26.7015 15.9778
v -14.2410 -26.3694 15.6387
v -14.2410 -24.8855 15.5001
v -14.2410 -23.5404 15.4859
v -14.2410 -22.2502 15.4722
v -14.2410 -19.9501 15.5707
v -14.2410 -18.9287 15.3773
v -14.2410 -19.6109 15.9028
v -14.2410 -18.1188 24.5486
v -14.2410 -26.7775 20.4067
v -14.2410 -29.5216 19.2426
v -14.2410 -29.2252 22.5995
v -14.2410 -19.5172 24.7579
v -14.2410 -19.4412 20.3291
v -14.2410 -16.6971 21.4932
v -14.2410 -16.9935 18.1363
v -19.9911 -14.7963 27.3583
v -13.2843 -14.7963 27.3583
v -19.9911 -12.4148 22.2653
v -13.2843 -12.4148 22.2653
v -13.2843 -33.3198 24.0720
v -19.9911 -33.3198 24.0720
v -19.9911 -30.0998 28.6809
v -13.2843 -30.0998 28.6809
v -19.9911 -25.0068 31.0624
v -13.2843 -25.0068 31.0624
v -19.9911 -19.4053 30.5783
v -13.2843 -19.4053 30.5783
v -14.8961 -15.1980 27.0206
v -14.8961 -18.1766 24.5159
v -14.8961 -12.9315 22.1736
v -14.8961 -16.7634 21.4938
v -14.8961 -29.1680 22.5658
v -14.8961 -32.8265 23.8930
v -14.8961 -27.2574 25.3007
v -14.8961 -29.7621 28.2793
v -14.8961 -24.2352 26.7138
v -14.8961 -24.9151 30.5457
v -14.8961 -20.9114 26.4266
v -14.8961 -19.5842 30.0850
v -19.9911 -14.7963 27.3583
v -19.9911 -15.1980 27.0206
v -19.9911 -12.9315 22.1736
v -19.9911 -12.4148 22.2653
v -19.9911 -32.8265 23.8930
v -19.9911 -33.3198 24.0720
v -19.9911 -29.7621 28.2793
v -19.9911 -30.0998 28.6809
v -19.9911 -24.9151 30.5457
v -19.9911 -25.0068 31.0624
v -19.9911 -19.5842 30.0850
v -19.9911 -19.4053 30.5783
v -19.9911 -15.1980 27.0206
v -14.8961 -15.1980 27.0206
v -14.8961 -12.9315 22.1736
v -19.9911 -12.9315 22.1736
v -14.8961 -32.8265 23.8930
v -19.9911 -32.8265 23.8930
v -19.9911 -29.7621 28.2793
v -14.8961 -29.7621 28.2793
v -19.9911 -24.9151 30.5457
v -14.8961 -24.9151 30.5457
v -19.9911 -19.5842 30.0850
v -14.8961 -19.5842 30.0850
v -14.8961 -24.2352 26.7138
v -10.5994 -24.2352 26.7138
v -10.5994 -20.9114 26.4266
v -14.8961 -20.9114 26.4266
v -10.5994 -18.1766 24.5159
v -14.8961 -18.1766 24.5159
v -10.5994 -16.7634 21.4938
v -14.8961 -16.7634 21.4938
v -14.8961 -29.1680 22.5658
v -10.5994 -29.1680 22.5658
v -14.8961 -27.2574 25.3007
v -10.5994 -27.2574 25.3007
v -13.2843 -31.4224 13.3774
v -19.9911 -31.4224 13.3774
v -19.9911 -33.8039 18.4705
v -13.2843 -33.8039 18.4705
v -19.9911 -12.8989 16.6638
v -13.2843 -12.8989 16.6638
v -19.9911 -16.1189 12.0548
v -13.2843 -16.1189 12.0548
v -19.9911 -21.2119 9.6734
v -13.2843 -21.2119 9.6733
v -19.9911 -26.8134 10.1574
v -13.2843 -26.8134 10.1574
v -14.8961 -31.0207 13.7152
v -14.8961 -28.0421 16.2199
v -14.8961 -33.2872 18.5622
v -14.8961 -29.4553 19.2420
v -14.8961 -17.0507 18.1700
v -14.8961 -13.3922 16.8428
v -14.8961 -16.4566 12.4565
v -14.8961 -18.9613 15.4351
v -14.8961 -21.9835 14.0220
v -14.8961 -21.3036 10.1901
v -14.8961 -25.3073 14.3092
v -14.8961 -26.6345 10.6508
v -19.9911 -31.4224 13.3774
v -19.9911 -31.0207 13.7152
v -19.9911 -33.2872 18.5622
v -19.9911 -33.8039 18.4705
v -19.9911 -13.3922 16.8428
v -19.9911 -12.8989 16.6638
v -19.9911 -16.4566 12.4565
v -19.9911 -16.1189 12.0548
v -19.9911 -21.3036 10.1901
v -19.9911 -21.2119 9.6734
v -19.9911 -26.6345 10.6508
v -19.9911 -26.8134 10.1574
v -19.9911 -31.0207 13.7152
v -14.8961 -31.0207 13.7152
v -14.8961 -33.2872 18.5622
v -19.9911 -33.2872 18.5622
v -19.9911 -13.3922 16.8428
v -14.8961 -13.3922 16.8428
v -14.8961 -16.4566 12.4565
v -19.9911 -16.4566 12.4565
v -19.9911 -21.3036 10.1901
v -14.8961 -21.3036 10.1901
v -14.8961 -26.6345 10.6508
v -19.9911 -26.6345 10.6508
v -14.8961 -21.9835 14.0220
v -10.5994 -21.9835 14.0219
v -14.8961 -25.3073 14.3092
v -10.5994 -25.3073 14.3092
v -10.5994 -28.0421 16.2199
v -14.8961 -28.0421 16.2199
v -14.8961 -29.4553 19.2420
v -10.5994 -29.4553 19.2420
v -14.8961 -17.0507 18.1700
v -10.5994 -17.0507 18.1700
v -14.8961 -18.9613 15.4351
v -10.5994 -18.9613 15.4351
v -10.5955 -30.8036 3.0282
v -11.1784 -35.0293 5.6104
v -10.5955 -35.0293 5.6104
v -11.1784 -30.8036 3.0282
v -11.1784 -38.4427 9.1984
v -10.5955 -38.4427 9.1984
v -11.1784 -40.8111 13.5475
v -10.5955 -40.8111 13.5475
v -10.5955 -41.9731 18.3615
v -11.1784 -41.9731 18.3615
v -10.5955 -41.8497 23.3121
v -11.1784 -41.8497 23.3121
v -10.5955 -40.4491 28.0622
v -11.1784 -40.4491 28.0622
v -11.1784 -37.8668 32.2878
v -10.5955 -37.8668 32.2878
v -10.5955 -34.2789 35.7012
v -11.1784 -34.2788 35.7012
v -10.5955 -29.9297 38.0696
v -11.1784 -29.9297 38.0696
v -10.5955 -25.1158 39.2317
v -11.1784 -25.1158 39.2317
v -10.5955 -20.1651 39.1082
v -11.1784 -20.1651 39.1082
v -10.5955 -15.4151 37.7076
v -11.1784 -15.4151 37.7076
v -11.1784 -11.1894 35.1253
v -10.5955 -11.1894 35.1253
v -11.1784 -7.7760 31.5374
v -10.5955 -7.7760 31.5374
v -11.1784 -5.4076 27.1882
v -10.5955 -5.4076 27.1882
v -10.5955 -4.2456 22.3743
v -11.1784 -4.2456 22.3743
v -10.5955 -4.3690 17.4236
v -11.1784 -4.3690 17.4236
v -11.1784 -5.7696 12.6736
v -10.5955 -5.7696 12.6736
v -11.1784 -8.3519 8.4479
v -10.5955 -8.3519 8.4479
v -10.5955 -11.9399 5.0346
v -11.1784 -11.9399 5.0346
v -10.5955 -16.2890 2.6662
v -11.1784 -16.2890 2.6662
v -10.5955 -21.1029 1.5041
v -11.1784 -21.1029 1.5041
v -11.1784 -26.0536 1.6276
v -10.5955 -26.0536 1.6276
v -9.6012 -30.8036 3.0282
v -9.6012 -38.4427 9.1984
v -9.6012 -41.9731 18.3615
v -9.6012 -40.4491 28.0622
v -9.6012 -34.2788 35.7012
v -9.6012 -25.1158 39.2317
v -9.6012 -15.4151 37.7076
v -9.6012 -7.7760 31.5374
v -9.6012 -4.2456 22.3743
v -9.6012 -5.7696 12.6736
v -9.6012 -11.9399 5.0346
v -9.6012 -21.1029 1.5041
v -11.3473 -34.7194 5.9941
v -11.3473 -30.6036 3.4790
v -11.3473 -38.0440 9.4888
v -11.3473 -40.3509 13.7249
v -11.3473 -41.4827 18.4136
v -11.3473 -41.3624 23.2356
v -11.3473 -39.9983 27.8621
v -11.3473 -37.4831 31.9779
v -11.3473 -33.9885 35.3026
v -11.3473 -29.7524 37.6094
v -11.3473 -25.0636 38.7412
v -11.3473 -20.2416 38.6210
v -11.3473 -15.6151 37.2568
v -11.3473 -11.4993 34.7417
v -11.3473 -8.1747 31.2470
v -11.3473 -5.8678 27.0109
v -11.3473 -4.7360 22.3221
v -11.3473 -4.8563 17.5002
v -11.3473 -6.2204 12.8736
v -11.3473 -8.7356 8.7578
v -11.3473 -12.2302 5.4332
v -11.3473 -16.4663 3.1264
v -11.3473 -21.1551 1.9945
v -11.3473 -25.9771 2.1148
v -13.3560 -27.5723 10.3102
v -13.4854 -26.6120 12.4743
v -12.9697 -28.5187 8.1774
v -12.9697 -25.1793 7.1927
v -12.3320 -29.4376 6.1067
v -12.3320 -25.5309 4.9547
v -12.9697 -31.4895 9.9928
v -12.3320 -32.9130 8.2305
v -12.9697 -33.8893 12.5153
v -12.3320 -35.7204 11.1814
v -13.3560 -32.0032 13.8892
v -13.4854 -30.0896 15.2832
v -12.9697 -35.5543 15.5729
v -12.3320 -37.6683 14.7584
v -12.9697 -36.3713 18.9573
v -12.3320 -38.6240 18.7177
v -13.3560 -34.0510 19.2041
v -13.4854 -31.6968 19.4545
v -12.9697 -36.2845 22.4378
v -12.3320 -38.5225 22.7894
v -12.9697 -35.2998 25.7773
v -12.3320 -37.3706 26.6961
v -13.3560 -33.1670 24.8309
v -13.4854 -31.0030 23.8706
v -12.9697 -33.4844 28.7481
v -12.3320 -35.2468 30.1716
v -12.3320 -32.2958 32.9789
v -12.9697 -30.9619 31.1478
v -13.3560 -29.5881 29.2618
v -13.4854 -28.1941 27.3481
v -12.9697 -27.9043 32.8129
v -12.3320 -28.7188 34.9268
v -12.9697 -24.5199 33.6298
v -12.3320 -24.7595 35.8826
v -13.3560 -24.2731 31.3096
v -13.4854 -24.0227 28.9553
v -12.3320 -20.6878 35.7810
v -12.9697 -21.0394 33.5430
v -12.3320 -16.7811 34.6291
v -12.9697 -17.7000 32.5584
v -13.3560 -18.6464 30.4256
v -13.4854 -19.6067 28.2615
v -12.9697 -14.7292 30.7429
v -12.3320 -13.3057 32.5053
v -12.3320 -10.4983 29.5543
v -12.9697 -12.3294 28.2205
v -13.3560 -14.2155 26.8466
v -13.4854 -16.1291 25.4526
v -12.9697 -10.6644 25.1629
v -12.3320 -8.5504 25.9773
v -12.3320 -7.5947 22.0181
v -12.9697 -9.8474 21.7785
v -13.3560 -12.1677 21.5317
v -13.4854 -14.5219 21.2813
v -12.3320 -7.6962 17.9463
v -12.9697 -9.9342 18.2979
v -12.3320 -8.8481 14.0396
v -12.9697 -10.9189 14.9585
v -13.3560 -13.0517 15.9049
v -13.4854 -15.2157 16.8652
v -12.9697 -12.7343 11.9877
v -12.3320 -10.9719 10.5642
v -12.3320 -13.9229 7.7569
v -12.9697 -15.2568 9.5880
v -13.3560 -16.6306 11.4740
v -13.4854 -18.0246 13.3877
v -12.9697 -18.3144 7.9229
v -12.3320 -17.4999 5.8089
v -12.3320 -21.4592 4.8532
v -12.9697 -21.6988 7.1059
v -13.3560 -21.9456 9.4262
v -13.4854 -22.1960 11.7805
v -9.6012 -16.2890 2.6662
v -9.6012 -11.9399 5.0346
v -9.6012 -8.3519 8.4479
v -9.6012 -5.7696 12.6736
v -9.6012 -4.3690 17.4236
v -9.6012 -4.2456 22.3743
v -9.6012 -5.4076 27.1882
v -9.6012 -7.7760 31.5374
v -9.6012 -11.1894 35.1253
v -9.6012 -15.4151 37.7076
v -9.6012 -20.1651 39.1082
v -9.6012 -25.1158 39.2317
v -9.6012 -29.9297 38.0696
v -9.6012 -34.2788 35.7012
v -9.6012 -37.8668 32.2878
v -9.6012 -40.4491 28.0622
v -9.6012 -41.8497 23.3121
v -9.6012 -41.9731 18.3615
v -9.6012 -40.8111 13.5475
v -9.6012 -38.4427 9.1984
v -9.6012 -35.0293 5.6104
v -9.6012 -30.8036 3.0282
v -9.6012 -26.0536 1.6276
v -9.6012 -21.1029 1.5041
v 7.5146 -35.0293 5.6104
v 6.8034 -30.8036 3.0282
v 6.8034 -35.0293 5.6104
v 7.5146 -30.8036 3.0282
v 7.5146 -38.4427 9.1984
v 6.8034 -38.4427 9.1984
v 6.8034 -40.8111 13.5475
v 7.5146 -40.8111 13.5475
v 6.8034 -41.9731 18.3615
v 7.5146 -41.9731 18.3615
v 6.8034 -41.8497 23.3121
v 7.5146 -41.8497 23.3121
v 7.5146 -40.4491 28.0622
v 6.8034 -40.4491 28.0622
v 6.8034 -37.8668 32.2878
v 7.5146 -37.8668 32.2878
v 6.8034 -34.2788 35.7012
v 7.5146 -34.2788 35.7012
v 6.8034 -29.9297 38.0696
v 7.5146 -29.9297 38.0696
v 6.8034 -25.1158 39.2317
v 7.5146 -25.1158 39.2317
v 6.8034 -20.1651 39.1082
v 7.5146 -20.1651 39.1082
v 6.8034 -15.4151 37.7076
v 7.5146 -15.4151 37.7076
v 6.8034 -11.1894 35.1253
v 7.5146 -11.1894 35.1253
v 6.8034 -7.7760 31.5374
v 7.5146 -7.7760 31.5374
v 6.8034 -5.4076 27.1882
v 7.5146 -5.4076 27.1882
v 7.5146 -4.2456 22.3743
v 6.8034 -4.2456 22.3743
v 6.8034 -4.3690 17.4236
v 7.5146 -4.3690 17.4236
v 6.8034 -5.7696 12.6736
v 7.5146 -5.7696 12.6736
v 7.5146 -8.3519 8.4479
v 6.8034 -8.3519 8.4479
v 6.8034 -11.9399 5.0346
v 7.5146 -11.9399 5.0346
v 7.5146 -16.2890 2.6662
v 6.8034 -16.2890 2.6662
v 6.8034 -21.1029 1.5041
v 7.5146 -21.1029 1.5041
v 7.5146 -26.0536 1.6276
v 6.8034 -26.0536 1.6276
v 5.7367 -30.8036 3.0282
v 5.7367 -38.4427 9.1984
v 5.7367 -41.9731 18.3615
v 5.7367 -40.4491 28.0622
v 5.7367 -34.2788 35.7012
v 5.7367 -25.1158 39.2317
v 5.7367 -15.4151 37.7076
v 5.7367 -7.7760 31.5374
v 5.7367 -4.2456 22.3743
v 5.7367 -5.7696 12.6736
v 5.7367 -11.9399 5.0346
v 5.7367 -21.1029 1.5041
v 7.8550 -30.6036 3.4790
v 7.8550 -34.7194 5.9941
v 7.8550 -38.0440 9.4888
v 7.8550 -40.3509 13.7249
v 7.8550 -41.4827 18.4136
v 7.8550 -41.3624 23.2356
v 7.8550 -39.9983 27.8621
v 7.8550 -37.4831 31.9780
v 7.8550 -33.9885 35.3026
v 7.8550 -29.7524 37.6094
v 7.8550 -25.0636 38.7412
v 7.8550 -20.2416 38.6210
v 7.8550 -15.6151 37.2568
v 7.8550 -11.4993 34.7417
v 7.8550 -8.1747 31.2470
v 7.8550 -5.8678 27.0109
v 7.8550 -4.7360 22.3221
v 7.8550 -4.8563 17.5002
v 7.8550 -6.2204 12.8736
v 7.8550 -8.7356 8.7578
v 7.8550 -12.2302 5.4332
v 7.8550 -16.4663 3.1264
v 7.8550 -21.1551 1.9945
v 7.8550 -25.9771 2.1148
v 11.9020 -27.5723 10.3102
v 12.1627 -26.6120 12.4743
v 11.1236 -28.5187 8.1774
v 11.1236 -25.1793 7.1927
v 9.8389 -29.4376 6.1067
v 9.8389 -25.5309 4.9547
v 11.1236 -31.4895 9.9928
v 9.8389 -32.9130 8.2305
v 9.8389 -35.7204 11.1814
v 11.1236 -33.8893 12.5153
v 11.9020 -32.0032 13.8892
v 12.1627 -30.0896 15.2832
v 11.1236 -35.5543 15.5729
v 9.8389 -37.6683 14.7584
v 9.8389 -38.6240 18.7177
v 11.1236 -36.3713 18.9573
v 11.9020 -34.0510 19.2041
v 12.1627 -31.6968 19.4545
v 11.1236 -36.2845 22.4378
v 9.8389 -38.5225 22.7894
v 11.1236 -35.2998 25.7773
v 9.8389 -37.3706 26.6961
v 11.9020 -33.1670 24.8309
v 12.1627 -31.0030 23.8706
v 11.1236 -33.4844 28.7481
v 9.8389 -35.2468 30.1716
v 11.1236 -30.9619 31.1478
v 9.8389 -32.2958 32.9789
v 11.9020 -29.5881 29.2618
v 12.1627 -28.1941 27.3481
v 11.1236 -27.9043 32.8129
v 9.8389 -28.7188 34.9268
v 9.8389 -24.7595 35.8826
v 11.1236 -24.5199 33.6298
v 11.9020 -24.2731 31.3096
v 12.1627 -24.0227 28.9553
v 9.8389 -20.6878 35.7810
v 11.1236 -21.0394 33.5430
v 9.8389 -16.7811 34.6291
v 11.1236 -17.7000 32.5584
v 11.9020 -18.6464 30.4256
v 12.1627 -19.6067 28.2615
v 11.1236 -14.7292 30.7429
v 9.8389 -13.3057 32.5053
v 9.8389 -10.4983 29.5543
v 11.1236 -12.3294 28.2205
v 11.9020 -14.2155 26.8466
v 12.1627 -16.1291 25.4526
v 9.8389 -8.5504 25.9773
v 11.1237 -10.6644 25.1628
v 9.8389 -7.5947 22.0181
v 11.1237 -9.8474 21.7785
v 11.9020 -12.1677 21.5317
v 12.1627 -14.5219 21.2813
v 9.8389 -7.6962 17.9463
v 11.1237 -9.9342 18.2979
v 9.8389 -8.8481 14.0396
v 11.1236 -10.9189 14.9585
v 11.9020 -13.0517 15.9049
v 12.1627 -15.2157 16.8652
v 11.1236 -12.7343 11.9877
v 9.8389 -10.9719 10.5642
v 11.1236 -15.2568 9.5880
v 9.8389 -13.9229 7.7569
v 11.9020 -16.6306 11.4740
v 12.1627 -18.0246 13.3877
v 11.1236 -18.3144 7.9229
v 9.8389 -17.4999 5.8089
v 11.1236 -21.6988 7.1059
v 9.8389 -21.4592 4.8532
v 11.9020 -21.9456 9.4262
v 12.1627 -22.1960 11.7805
v 5.7367 -16.2890 2.6662
v 5.7367 -11.9399 5.0346
v 5.7367 -8.3519 8.4479
v 5.7367 -5.7696 12.6736
v 5.7367 -4.3690 17.4236
v 5.7367 -4.2456 22.3743
v 5.7367 -5.4076 27.1882
v 5.7367 -7.7760 31.5374
v 5.7367 -11.1894 35.1253
v 5.7367 -15.4151 37.7076
v 5.7367 -20.1651 39.1082
v 5.7367 -25.1158 39.2317
v 5.7367 -29.9297 38.0696
v 5.7367 -34.2788 35.7012
v 5.7367 -37.8668 32.2878
v 5.7367 -40.4491 28.0622
v 5.7367 -41.8497 23.3121
v 5.7367 -41.9731 18.3615
v 5.7367 -40.8111 13.5475
v 5.7367 -38.4427 9.1984
v 5.7367 -35.0293 5.6104
v 5.7367 -30.8036 3.0282
v 5.7367 -26.0536 1.6276
v 5.7367 -21.1029 1.5041
v -6.5975 -18.1967 -5.7431
v -8.3740 -18.1967 -5.7431
v -8.3740 -18.1967 -5.7431
v -6.5975 -18.1967 -5.7431
v -8.3740 -23.8821 -9.1388
v -6.5975 -23.8821 -9.1388
v -6.5975 -24.3502 -7.4900
v -8.3740 -24.3502 -7.4900
v -6.5975 -18.1967 -5.7431
v -8.3740 -17.7287 -7.3919
v -6.5975 -17.7287 -7.3920
v -8.3740 -18.1967 -5.7431
v -8.3740 -18.1477 -9.0539
v -6.5975 -18.1477 -9.0539
v -8.3740 -20.9904 -10.7517
v -6.5975 -20.9904 -10.7517
v -6.5975 -23.8821 -9.1388
v -6.5975 -18.1477 -9.0539
v -6.5975 -20.9904 -10.7517
v -8.3740 -23.8821 -9.1388
v -8.3740 -18.1477 -9.0539
v -8.3740 -20.9904 -10.7517
v 5.7367 -18.1967 -5.7431
v 3.9601 -18.1967 -5.7431
v 5.7367 -18.1967 -5.7431
v 3.9601 -18.1967 -5.7431
v 3.9601 -23.8821 -9.1388
v 5.7367 -23.8821 -9.1388
v 3.9601 -24.3502 -7.4900
v 5.7367 -24.3502 -7.4900
v 3.9601 -18.1967 -5.7431
v 5.7367 -17.7287 -7.3919
v 5.7367 -18.1967 -5.7431
v 3.9601 -17.7287 -7.3919
v 5.7367 -18.1477 -9.0539
v 3.9601 -18.1477 -9.0539
v 3.9601 -20.9904 -10.7517
v 5.7367 -20.9904 -10.7517
v 3.9601 -23.8821 -9.1388
v 3.9601 -18.1477 -9.0539
v 3.9601 -20.9904 -10.7517
v 5.7367 -23.8821 -9.1388
v 5.7367 -18.1477 -9.0539
v 5.7367 -20.9904 -10.7517
v -6.7080 -18.3286 -7.4709
v 4.1333 -18.3286 -7.4709
v 4.1333 -19.6507 -9.7616
v -6.7080 -19.6507 -9.7616
v -6.7080 -22.2956 -9.7620
v 4.1333 -22.2956 -9.7620
v -6.7080 -23.6183 -7.4717
v 4.1333 -23.6183 -7.4717
v 4.1333 -22.2962 -5.1810
v -6.7080 -22.2962 -5.1810
v -6.7080 -19.6514 -5.1806
v 4.1333 -19.6514 -5.1806
v 5.7367 -22.4302 -9.1486
v 7.2733 -22.4302 -9.1486
v 7.2733 -23.2137 -7.0904
v 5.7367 -23.2137 -7.0904
v 7.2733 -21.8229 -5.3827
v 5.7367 -21.8229 -5.3827
v 7.2733 -19.6487 -5.7333
v 5.7367 -19.6487 -5.7333
v 5.7367 -18.8652 -7.7916
v 7.2733 -18.8652 -7.7916
v 5.7367 -20.2559 -9.4992
v 7.2733 -20.2559 -9.4992
v 7.2733 -22.4302 -9.1486
v 7.2733 -23.2137 -7.0904
v 7.2733 -21.8229 -5.3827
v 7.2733 -19.6487 -5.7333
v 7.2733 -18.8652 -7.7916
v 7.2733 -20.2559 -9.4992
v 5.7322 -11.7936 28.8692
v -9.7340 -11.7967 28.8815
v 5.7327 -12.1768 29.3691
v -9.7335 -12.1799 29.3814
v 5.7332 -12.2587 29.9937
v -9.7330 -12.2618 30.0059
v 5.7338 -11.5175 30.9587
v -9.7324 -11.5206 30.9710
v 5.7337 -10.8929 31.0406
v -9.7325 -10.8961 31.0529
v -9.7328 -10.3142 30.8115
v 5.7334 -10.3111 30.7993
v -9.7338 -9.8491 29.6871
v 5.7325 -9.8460 29.6748
v 5.7320 -10.0873 29.0930
v -9.7342 -10.0904 29.1053
v 5.7318 -10.5872 28.7098
v -9.7344 -10.5904 28.7220
v -15.3680 -14.2959 14.6566
v -13.3235 -8.3787 -29.9022
v -12.8626 -12.6557 19.8789
v -13.3235 -28.2802 -31.7785
v -15.3680 -30.6771 12.9961
v -12.8638 -33.2848 17.8864
v -15.3680 -22.1098 9.8667
v -15.3680 -15.8609 12.6412
v -15.3680 -18.6034 10.7795
v -15.3680 -14.2959 14.6566
v -15.3680 -10.1179 -30.0661
v -15.3680 -22.1098 9.8667
v -15.3680 -26.3538 -31.5969
v -15.3680 -30.6771 12.9961
v -15.3680 -28.2180 11.0866
v -15.3680 -25.0998 9.9622
v -12.9469 -22.1193 9.8670
v -13.3235 -8.3787 -29.9022
v -12.8626 -12.6557 19.8789
v -12.9042 -13.8280 15.2593
v -12.9265 -15.8609 12.6412
v -12.9414 -18.6034 10.7795
v -12.9469 -22.1193 9.8670
v -12.9305 -28.2180 11.0866
v -12.9435 -25.0998 9.9622
v -12.9096 -30.8360 13.1195
v -12.8638 -33.2848 17.8864
v -13.3235 -28.2802 -31.7785
v 12.4980 -28.2802 -31.7785
v 12.4980 -8.3787 -29.9022
v 12.4980 -28.2802 -31.7785
v 12.4980 -8.3787 -29.9022
v 14.5425 -26.3538 -31.5969
v 14.5425 -31.3201 19.6279
v 12.0239 -33.4410 19.4368
v 14.5425 -14.8986 21.1078
v 12.0240 -12.7777 21.2990
v 12.0239 -23.1131 20.4079
v 12.0239 -33.4410 19.4368
v 12.0240 -12.7777 21.2990
v 14.5425 -23.1093 20.3679
v 14.5425 -31.3201 19.6279
v 14.5425 -14.8986 21.1078
v 12.0240 -33.3295 22.1451
v 14.5425 -31.2314 21.7802
v 14.5425 -30.5892 23.8343
v 12.0240 -32.5213 24.7297
v 14.5425 -29.4371 25.6521
v 12.0240 -31.0717 27.0171
v 14.5425 -27.8539 27.1098
v 12.0240 -29.0794 28.8513
v 14.5425 -25.9473 28.1080
v 12.0240 -26.6803 30.1074
v 14.5425 -23.8473 28.5788
v 12.0240 -24.0379 30.6998
v 12.0240 -21.3322 30.5881
v 14.5425 -21.6970 28.4900
v 14.5425 -19.6430 27.8477
v 12.0240 -18.7475 29.7798
v 14.5425 -17.8252 26.6957
v 12.0240 -16.4602 28.3302
v 14.5425 -16.3675 25.1124
v 12.0240 -14.6259 26.3380
v 12.0240 -13.3698 23.9389
v 14.5425 -15.3692 23.2058
v 14.5425 -29.4371 25.6521
v 14.5425 -30.5892 23.8343
v 14.5425 -25.9473 28.1080
v 14.5425 -27.8539 27.1098
v 14.5425 -15.3692 23.2058
v 14.5425 -16.3675 25.1124
v 14.5425 -17.8252 26.6957
v 14.5425 -19.6430 27.8477
v 14.5425 -21.6970 28.4900
v 14.5425 -23.8473 28.5788
v 14.5425 -31.2314 21.7802
vt 0.2672 0.5568
vt 0.2672 0.5764
vt 0.2871 0.5764
vt 0.2871 0.5568
vt 0.3070 0.5568
vt 0.3070 0.5764
vt 0.3269 0.5764
vt 0.3269 0.5568
vt 0.3468 0.5764
vt 0.3468 0.5568
vt 0.3667 0.5764
vt 0.3667 0.5568
vt 0.3866 0.5764
vt 0.3866 0.5568
vt 0.1295 0.5105
vt 0.1256 0.5083
vt 0.1294 0.4954
vt 0.1255 0.4977
vt 0.1163 0.4925
vt 0.1163 0.4880
vt 0.1072 0.4979
vt 0.1033 0.4957
vt 0.1034 0.5107
vt 0.1073 0.5084
vt 0.1165 0.5136
vt 0.1165 0.5181
vt 0.1256 0.5083
vt 0.1255 0.4977
vt 0.1163 0.4925
vt 0.1072 0.4979
vt 0.1073 0.5084
vt 0.1165 0.5136
vt 0.3953 0.7215
vt 0.4250 0.7215
vt 0.4138 0.8200
vt 0.4138 0.7903
vt 0.4616 0.8200
vt 0.4616 0.7903
vt 0.4569 0.7602
vt 0.4184 0.7602
vt 0.4138 0.7903
vt 0.4616 0.7903
vt 0.4569 0.8501
vt 0.4377 0.8611
vt 0.4184 0.8501
vt 0.4138 0.8200
vt 0.4138 0.7602
vt 0.4616 0.7602
vt 0.4616 0.7903
vt 0.4138 0.8501
vt 0.4138 0.8200
vt 0.4616 0.8501
vt 0.4616 0.8200
vt 0.3957 0.7407
vt 0.4253 0.7454
vt 0.4253 0.7407
vt 0.3957 0.7454
vt 0.4253 0.7022
vt 0.3957 0.6976
vt 0.3957 0.7022
vt 0.4253 0.6976
vt 0.4048 0.6621
vt 0.3971 0.6858
vt 0.4048 0.6858
vt 0.3971 0.6621
vt 0.4230 0.6858
vt 0.4230 0.6621
vt 0.4048 0.6881
vt 0.4230 0.6881
vt 0.4741 0.8818
vt 0.5018 0.8725
vt 0.4833 0.8725
vt 0.5111 0.8818
vt 0.5111 0.9003
vt 0.4741 0.9003
vt 0.5018 0.9095
vt 0.4833 0.9095
vt 0.3073 0.7147
vt 0.3073 0.7154
vt 0.3085 0.6860
vt 0.3068 0.6822
vt 0.2967 0.6814
vt 0.2876 0.6858
vt 0.2920 0.6860
vt 0.2892 0.7126
vt 0.2826 0.7091
vt 0.2892 0.7168
vt 0.2920 0.7154
vt 0.2987 0.7202
vt 0.2937 0.7191
vt 0.3038 0.7199
vt 0.3073 0.7154
vt 0.3087 0.7183
vt 0.3085 0.7154
vt 0.3113 0.7126
vt 0.3179 0.6922
vt 0.3113 0.6888
vt 0.2808 0.6991
vt 0.2892 0.6887
vt 0.2841 0.6896
vt 0.3164 0.7117
vt 0.3198 0.7022
vt 0.9933 0.8097
vt 0.9933 0.7036
vt 0.9933 0.7567
vt 0.4772 0.6455
vt 0.4626 0.6344
vt 0.4971 0.6937
vt 0.4946 0.7118
vt 0.4563 0.6824
vt 0.4732 0.6754
vt 0.4626 0.6344
vt 0.4492 0.6242
vt 0.4946 0.7118
vt 0.4924 0.7285
vt 0.4563 0.6824
vt 0.4407 0.6888
vt 0.4943 0.6667
vt 0.4732 0.6754
vt 0.4951 0.6595
vt 0.4772 0.6455
vt 0.4971 0.6937
vt 0.4998 0.6710
vt 0.9933 0.9689
vt 0.9933 0.8628
vt 0.9933 0.9158
vt 0.5248 0.6822
vt 0.5393 0.6933
vt 0.5048 0.6340
vt 0.5073 0.6159
vt 0.5456 0.6454
vt 0.5288 0.6524
vt 0.5393 0.6933
vt 0.5527 0.7036
vt 0.5073 0.6159
vt 0.5095 0.5992
vt 0.5612 0.6389
vt 0.5456 0.6454
vt 0.5075 0.6611
vt 0.5288 0.6524
vt 0.5065 0.6685
vt 0.5248 0.6822
vt 0.5048 0.6340
vt 0.5019 0.6567
vt 0.4476 0.4846
vt 0.4716 0.4606
vt 0.4804 0.4934
vt 0.4564 0.5175
vt 0.4235 0.5087
vt 0.4147 0.4758
vt 0.4388 0.4518
vt 0.6412 0.4445
vt 0.6412 0.4092
vt 0.6717 0.4268
vt 0.6717 0.4621
vt 0.6412 0.4797
vt 0.6107 0.4621
vt 0.6107 0.4268
vt 0.3879 0.9668
vt 0.3878 0.9830
vt 0.3881 0.9230
vt 0.3879 0.9668
vt 0.3655 0.9019
vt 0.3655 0.8709
vt 0.3030 0.9386
vt 0.3165 0.9465
vt 0.3165 0.9612
vt 0.3029 0.9690
vt 0.3150 0.8851
vt 0.3240 0.8695
vt 0.3150 0.8747
vt 0.3165 0.9465
vt 0.3289 0.9679
vt 0.3165 0.9612
vt 0.3878 0.9830
vt 0.3879 0.9668
vt 0.3881 0.9230
vt 0.3879 0.9668
vt 0.3655 0.9019
vt 0.3655 0.8709
vt 0.3165 0.9465
vt 0.3030 0.9386
vt 0.3029 0.9690
vt 0.3165 0.9612
vt 0.3150 0.8851
vt 0.3240 0.8695
vt 0.3150 0.8747
vt 0.3165 0.9465
vt 0.3289 0.9679
vt 0.3165 0.9612
vt 0.1256 0.5083
vt 0.1295 0.5105
vt 0.1294 0.4954
vt 0.1255 0.4977
vt 0.1163 0.4925
vt 0.1163 0.4880
vt 0.1072 0.4979
vt 0.1033 0.4957
vt 0.1034 0.5107
vt 0.1073 0.5084
vt 0.1165 0.5136
vt 0.1165 0.5181
vt 0.1256 0.5083
vt 0.1255 0.4977
vt 0.1163 0.4925
vt 0.1072 0.4979
vt 0.1073 0.5084
vt 0.1165 0.5136
vt 0.8320 0.5954
vt 0.2771 0.5764
vt 0.2771 0.5568
vt 0.2970 0.5764
vt 0.2970 0.5568
vt 0.3169 0.5764
vt 0.3169 0.5568
vt 0.3368 0.5764
vt 0.3368 0.5568
vt 0.3567 0.5764
vt 0.3567 0.5568
vt 0.3766 0.5764
vt 0.3766 0.5568
vt 0.1164 0.5031
vt 0.3957 0.7407
vt 0.4251 0.7326
vt 0.3954 0.7326
vt 0.4253 0.7407
vt 0.4251 0.7104
vt 0.3954 0.7104
vt 0.4253 0.7022
vt 0.3957 0.7022
vt 0.4488 0.7522
vt 0.4377 0.7492
vt 0.4266 0.7522
vt 0.4488 0.8582
vt 0.4266 0.8582
vt 0.3528 0.7010
vt 0.3869 0.6869
vt 0.3528 0.6869
vt 0.3869 0.7010
vt 0.3869 0.6777
vt 0.3528 0.6632
vt 0.3528 0.6777
vt 0.3869 0.6632
vt 0.3869 0.7485
vt 0.3528 0.7345
vt 0.3528 0.7485
vt 0.3869 0.7345
vt 0.3869 0.7250
vt 0.3528 0.7105
vt 0.3528 0.7250
vt 0.3869 0.7105
vt 0.3307 0.7052
vt 0.3307 0.6871
vt 0.3307 0.6927
vt 0.3390 0.6871
vt 0.3390 0.7108
vt 0.3307 0.7108
vt 0.3307 0.7167
vt 0.3390 0.7108
vt 0.3307 0.7108
vt 0.3390 0.7344
vt 0.3307 0.7344
vt 0.3307 0.7288
vt 0.3307 0.7400
vt 0.3390 0.7344
vt 0.3307 0.7344
vt 0.3390 0.7580
vt 0.3307 0.7580
vt 0.3307 0.7524
vt 0.3307 0.6811
vt 0.3307 0.6635
vt 0.3307 0.6691
vt 0.3390 0.6635
vt 0.3390 0.6871
vt 0.3307 0.6871
vt 0.3869 0.7010
vt 0.3528 0.7105
vt 0.3869 0.7105
vt 0.3528 0.7010
vt 0.3869 0.6777
vt 0.3528 0.6869
vt 0.3869 0.6869
vt 0.3528 0.6777
vt 0.3869 0.7578
vt 0.3528 0.7485
vt 0.3528 0.7578
vt 0.3869 0.7485
vt 0.3869 0.7250
vt 0.3528 0.7345
vt 0.3869 0.7345
vt 0.3528 0.7250
vt 0.3247 0.7108
vt 0.3307 0.7108
vt 0.3307 0.7052
vt 0.3251 0.7344
vt 0.3307 0.7400
vt 0.3307 0.7344
vt 0.3251 0.7580
vt 0.3307 0.7580
vt 0.3307 0.7524
vt 0.3307 0.6927
vt 0.3307 0.6871
vt 0.3247 0.6871
vt 0.5471 0.8786
vt 0.5560 0.8884
vt 0.5560 0.8786
vt 0.5471 0.8884
vt 0.5423 0.8933
vt 0.5325 0.9021
vt 0.5423 0.9021
vt 0.5325 0.8933
vt 0.5276 0.8884
vt 0.5187 0.8786
vt 0.5187 0.8884
vt 0.5276 0.8786
vt 0.5325 0.8648
vt 0.5423 0.8737
vt 0.5423 0.8648
vt 0.5325 0.8737
vt 0.5276 0.8884
vt 0.5423 0.8933
vt 0.5471 0.8884
vt 0.5325 0.8933
vt 0.5471 0.8786
vt 0.5485 0.8674
vt 0.5423 0.8737
vt 0.5534 0.8723
vt 0.5423 0.8933
vt 0.5534 0.8946
vt 0.5471 0.8884
vt 0.5485 0.8995
vt 0.5276 0.8884
vt 0.5262 0.8995
vt 0.5325 0.8933
vt 0.5213 0.8946
vt 0.5276 0.8786
vt 0.5262 0.8674
vt 0.5213 0.8723
vt 0.5325 0.8737
vt 0.5276 0.8786
vt 0.5471 0.8786
vt 0.5423 0.8737
vt 0.5325 0.8737
vt 0.5111 0.8818
vt 0.5125 0.9003
vt 0.5125 0.8818
vt 0.5111 0.9003
vt 0.5018 0.9095
vt 0.4833 0.9109
vt 0.5018 0.9109
vt 0.4833 0.9095
vt 0.4741 0.9003
vt 0.4727 0.8818
vt 0.4727 0.9003
vt 0.4741 0.8818
vt 0.4833 0.8711
vt 0.5018 0.8725
vt 0.5018 0.8711
vt 0.4833 0.8725
vt 0.4563 0.9116
vt 0.4674 0.9079
vt 0.4600 0.9079
vt 0.4711 0.9116
vt 0.5111 0.8818
vt 0.5028 0.8715
vt 0.5018 0.8725
vt 0.5121 0.8808
vt 0.5111 0.9003
vt 0.5028 0.9105
vt 0.5121 0.9012
vt 0.5018 0.9095
vt 0.4741 0.9003
vt 0.4824 0.9105
vt 0.4833 0.9095
vt 0.4731 0.9012
vt 0.4741 0.8818
vt 0.4824 0.8715
vt 0.4731 0.8808
vt 0.4833 0.8725
vt 0.4711 0.9189
vt 0.4563 0.9189
vt 0.4674 0.9226
vt 0.4600 0.9226
vt 0.9596 0.8097
vt 0.9933 0.8363
vt 0.9596 0.8363
vt 0.9596 0.6771
vt 0.9933 0.6771
vt 0.9596 0.7036
vt 0.9596 0.7302
vt 0.9933 0.7302
vt 0.9596 0.7567
vt 0.9596 0.7832
vt 0.9933 0.7832
vt 0.4890 0.6362
vt 0.4825 0.6192
vt 0.5195 0.7085
vt 0.5125 0.6916
vt 0.4715 0.7022
vt 0.4826 0.6878
vt 0.4711 0.6599
vt 0.4530 0.6576
vt 0.9572 0.8097
vt 0.9596 0.8097
vt 0.9572 0.8363
vt 0.9596 0.8363
vt 0.9596 0.6771
vt 0.9572 0.6771
vt 0.9572 0.7036
vt 0.9596 0.7036
vt 0.9572 0.7302
vt 0.9596 0.7302
vt 0.9596 0.7567
vt 0.9572 0.7567
vt 0.9596 0.7832
vt 0.9572 0.7832
vt 0.4825 0.6192
vt 0.4760 0.6036
vt 0.5259 0.7241
vt 0.5195 0.7085
vt 0.4715 0.7022
vt 0.4613 0.7156
vt 0.4530 0.6576
vt 0.4363 0.6554
vt 0.4937 0.6629
vt 0.4711 0.6599
vt 0.4989 0.6569
vt 0.4890 0.6362
vt 0.5034 0.6707
vt 0.5125 0.6916
vt 0.4826 0.6878
vt 0.4965 0.6696
vt 0.9596 0.9689
vt 0.9596 0.9954
vt 0.9933 0.9954
vt 0.9596 0.8628
vt 0.9596 0.8893
vt 0.9933 0.8893
vt 0.9596 0.9158
vt 0.9596 0.9424
vt 0.9933 0.9424
vt 0.5192 0.6400
vt 0.5304 0.6255
vt 0.5308 0.6678
vt 0.5489 0.6702
vt 0.9572 0.9689
vt 0.9596 0.9689
vt 0.9572 0.9954
vt 0.9596 0.9954
vt 0.9572 0.8363
vt 0.9572 0.8628
vt 0.9596 0.8628
vt 0.9596 0.8893
vt 0.9572 0.8893
vt 0.9596 0.9158
vt 0.9572 0.9158
vt 0.9596 0.9424
vt 0.9572 0.9424
vt 0.5259 0.7241
vt 0.4760 0.6036
vt 0.5304 0.6255
vt 0.5406 0.6122
vt 0.5489 0.6702
vt 0.5656 0.6724
vt 0.5081 0.6648
vt 0.5308 0.6678
vt 0.5192 0.6400
vt 0.5054 0.6582
vt 0.4564 0.4518
vt 0.4804 0.4758
vt 0.4716 0.5087
vt 0.4388 0.5175
vt 0.4147 0.4934
vt 0.4235 0.4606
vt 0.4123 0.4700
vt 0.4027 0.4660
vt 0.3994 0.4908
vt 0.4097 0.4895
vt 0.4089 0.5140
vt 0.4172 0.5076
vt 0.4288 0.5292
vt 0.4328 0.5196
vt 0.4535 0.5326
vt 0.4522 0.5222
vt 0.4767 0.5231
vt 0.4704 0.5148
vt 0.4920 0.5033
vt 0.4824 0.4992
vt 0.4954 0.4785
vt 0.4850 0.4798
vt 0.4859 0.4553
vt 0.4776 0.4616
vt 0.4662 0.4400
vt 0.4621 0.4496
vt 0.4414 0.4365
vt 0.4427 0.4469
vt 0.4181 0.4460
vt 0.4244 0.4543
vt 0.6588 0.4140
vt 0.6764 0.4445
vt 0.6588 0.4750
vt 0.6236 0.4750
vt 0.6060 0.4445
vt 0.6236 0.4140
vt 0.6065 0.4296
vt 0.5970 0.4256
vt 0.5938 0.4501
vt 0.6040 0.4488
vt 0.6032 0.4730
vt 0.6114 0.4667
vt 0.6227 0.4881
vt 0.6267 0.4786
vt 0.6472 0.4915
vt 0.6459 0.4813
vt 0.6701 0.4823
vt 0.6639 0.4741
vt 0.6854 0.4630
vt 0.6759 0.4588
vt 0.6891 0.4385
vt 0.6788 0.4397
vt 0.6801 0.4155
vt 0.6717 0.4216
vt 0.6608 0.4000
vt 0.6566 0.4095
vt 0.6364 0.3961
vt 0.6375 0.4064
vt 0.6130 0.4053
vt 0.6191 0.4135
vt 0.3557 0.9667
vt 0.3557 0.9829
vt 0.3293 0.9392
vt 0.3557 0.9667
vt 0.3559 0.9229
vt 0.3428 0.8709
vt 0.3240 0.8903
vt 0.3428 0.9019
vt 0.3557 0.9829
vt 0.3293 0.9392
vt 0.3517 0.9079
vt 0.3230 0.9245
vt 0.3559 0.9229
vt 0.3881 0.9230
vt 0.3881 0.9068
vt 0.3557 0.9829
vt 0.3557 0.9667
vt 0.3557 0.9667
vt 0.3293 0.9392
vt 0.3559 0.9229
vt 0.3428 0.8709
vt 0.3240 0.8903
vt 0.3428 0.9019
vt 0.3557 0.9829
vt 0.3293 0.9392
vt 0.3517 0.9079
vt 0.3559 0.9229
vt 0.3230 0.9245
vt 0.3881 0.9230
vt 0.3881 0.9068
vt 0.1064 0.3942
vt 0.1064 0.4578
vt 0.1198 0.4578
vt 0.1198 0.3942
vt 0.1332 0.4578
vt 0.1332 0.3942
vt 0.1466 0.4578
vt 0.1466 0.3942
vt 0.1600 0.4578
vt 0.1600 0.3942
vt 0.0797 0.4578
vt 0.0797 0.3942
vt 0.0930 0.4578
vt 0.0930 0.3942
vt 0.1164 0.5031
vt 0.3169 0.5365
vt 0.3169 0.4871
vt 0.3261 0.5365
vt 0.3261 0.4871
vt 0.3354 0.4871
vt 0.3354 0.5365
vt 0.3446 0.4871
vt 0.3446 0.5365
vt 0.2721 0.5764
vt 0.2721 0.5568
vt 0.2821 0.5764
vt 0.2821 0.5568
vt 0.2920 0.5764
vt 0.2920 0.5568
vt 0.3020 0.5764
vt 0.3020 0.5568
vt 0.3119 0.5568
vt 0.3119 0.5764
vt 0.3219 0.5568
vt 0.3219 0.5764
vt 0.3318 0.5764
vt 0.3318 0.5568
vt 0.3418 0.5764
vt 0.3418 0.5568
vt 0.3518 0.5764
vt 0.3518 0.5568
vt 0.3617 0.5764
vt 0.3617 0.5568
vt 0.3717 0.5568
vt 0.3717 0.5764
vt 0.3816 0.5764
vt 0.3816 0.5568
vt 0.1217 0.5122
vt 0.1240 0.5160
vt 0.1314 0.5029
vt 0.1270 0.5030
vt 0.1238 0.4900
vt 0.1216 0.4939
vt 0.1110 0.4940
vt 0.1088 0.4901
vt 0.1014 0.5032
vt 0.1058 0.5032
vt 0.1090 0.5161
vt 0.1112 0.5123
vt 0.1217 0.5122
vt 0.1270 0.5030
vt 0.1216 0.4939
vt 0.1110 0.4940
vt 0.1058 0.5032
vt 0.1112 0.5123
vt 0.4377 0.7903
vt 0.4377 0.8200
vt 0.4377 0.7713
vt 0.4377 0.7903
vt 0.4377 0.8391
vt 0.4377 0.8200
vt 0.4616 0.8200
vt 0.4138 0.7903
vt 0.2966 0.7103
vt 0.3008 0.6996
vt 0.3008 0.7103
vt 0.2966 0.6996
vt 0.2966 0.7103
vt 0.2926 0.6996
vt 0.2966 0.6996
vt 0.2926 0.7103
vt 0.2966 0.6996
vt 0.2966 0.6957
vt 0.3008 0.6996
vt 0.2966 0.7143
vt 0.2966 0.7103
vt 0.3008 0.7103
vt 0.3013 0.6909
vt 0.2970 0.6881
vt 0.3013 0.6881
vt 0.2970 0.6909
vt 0.2930 0.6909
vt 0.2970 0.6881
vt 0.2970 0.6909
vt 0.2930 0.6881
vt 0.2970 0.6949
vt 0.2970 0.6909
vt 0.3013 0.6909
vt 0.3045 0.7089
vt 0.3067 0.7080
vt 0.3067 0.7089
vt 0.3045 0.7080
vt 0.3045 0.7080
vt 0.3021 0.7089
vt 0.3021 0.7080
vt 0.3045 0.7089
vt 0.3045 0.7089
vt 0.3067 0.7089
vt 0.3045 0.7113
vt 0.3067 0.7080
vt 0.3045 0.7080
vt 0.3045 0.7056
vt 0.2929 0.6948
vt 0.2912 0.6985
vt 0.2912 0.6948
vt 0.2929 0.6985
vt 0.2929 0.6985
vt 0.2945 0.6948
vt 0.2945 0.6985
vt 0.2929 0.6948
vt 0.2929 0.6948
vt 0.2912 0.6948
vt 0.2929 0.6931
vt 0.2966 0.7103
vt 0.3008 0.6996
vt 0.2966 0.6996
vt 0.3008 0.7103
vt 0.2926 0.6996
vt 0.2966 0.7103
vt 0.2966 0.6996
vt 0.2926 0.7103
vt 0.2966 0.6996
vt 0.3008 0.6996
vt 0.2966 0.6957
vt 0.2966 0.7143
vt 0.3008 0.7103
vt 0.2966 0.7103
vt 0.2970 0.6881
vt 0.3013 0.6909
vt 0.3013 0.6881
vt 0.2970 0.6909
vt 0.2930 0.6909
vt 0.2970 0.6881
vt 0.2930 0.6881
vt 0.2970 0.6909
vt 0.2970 0.6949
vt 0.3013 0.6909
vt 0.2970 0.6909
vt 0.3045 0.7080
vt 0.3067 0.7089
vt 0.3067 0.7080
vt 0.3045 0.7089
vt 0.3045 0.7080
vt 0.3021 0.7089
vt 0.3045 0.7089
vt 0.3021 0.7080
vt 0.3045 0.7089
vt 0.3045 0.7113
vt 0.3067 0.7089
vt 0.3067 0.7080
vt 0.3045 0.7056
vt 0.3045 0.7080
vt 0.2929 0.6948
vt 0.2912 0.6985
vt 0.2929 0.6985
vt 0.2912 0.6948
vt 0.2929 0.6985
vt 0.2945 0.6948
vt 0.2929 0.6948
vt 0.2945 0.6985
vt 0.2929 0.6948
vt 0.2929 0.6931
vt 0.2912 0.6948
vt 0.3109 0.7140
vt 0.3096 0.7144
vt 0.3099 0.7150
vt 0.3103 0.7137
vt 0.3084 0.7147
vt 0.3085 0.7154
vt 0.3030 0.7147
vt 0.3030 0.7154
vt 0.2991 0.7154
vt 0.2951 0.7154
vt 0.2920 0.7154
vt 0.2921 0.7147
vt 0.2951 0.7147
vt 0.2991 0.7147
vt 0.2906 0.7150
vt 0.2909 0.7144
vt 0.2910 0.7144
vt 0.2896 0.7140
vt 0.2902 0.7136
vt 0.2899 0.7125
vt 0.2892 0.7126
vt 0.2892 0.7007
vt 0.2899 0.7007
vt 0.2894 0.6880
vt 0.2902 0.6877
vt 0.2896 0.6874
vt 0.2901 0.6882
vt 0.2899 0.6888
vt 0.2892 0.6887
vt 0.2910 0.6869
vt 0.2906 0.6864
vt 0.2920 0.6860
vt 0.2921 0.6866
vt 0.2975 0.6867
vt 0.2932 0.6867
vt 0.2933 0.6860
vt 0.2975 0.6860
vt 0.3014 0.6860
vt 0.3055 0.6860
vt 0.3085 0.6860
vt 0.3085 0.6867
vt 0.3055 0.6867
vt 0.3014 0.6867
vt 0.3099 0.6864
vt 0.3096 0.6869
vt 0.3100 0.6865
vt 0.3104 0.6877
vt 0.3109 0.6874
vt 0.3095 0.6869
vt 0.3113 0.6888
vt 0.3106 0.6888
vt 0.3113 0.7007
vt 0.3106 0.7007
vt 0.3104 0.7132
vt 0.3113 0.7126
vt 0.3106 0.7125
vt 0.3055 0.6860
vt 0.3113 0.6845
vt 0.3100 0.6865
vt 0.3099 0.6864
vt 0.3018 0.6812
vt 0.3014 0.6860
vt 0.2975 0.6860
vt 0.2933 0.6860
vt 0.2918 0.6830
vt 0.2906 0.6864
vt 0.2894 0.6880
vt 0.2896 0.6874
vt 0.2854 0.7134
vt 0.2896 0.7140
vt 0.2906 0.7150
vt 0.2951 0.7154
vt 0.2991 0.7154
vt 0.3030 0.7154
vt 0.3099 0.7150
vt 0.3130 0.7155
vt 0.3109 0.7140
vt 0.3151 0.6880
vt 0.2892 0.7007
vt 0.2810 0.7042
vt 0.2818 0.6942
vt 0.3109 0.6874
vt 0.3113 0.7007
vt 0.3195 0.6971
vt 0.3187 0.7072
vt 0.9596 0.7965
vt 0.9933 0.7965
vt 0.9596 0.8230
vt 0.9933 0.8230
vt 0.9933 0.6904
vt 0.9596 0.6904
vt 0.9596 0.7169
vt 0.9933 0.7169
vt 0.9596 0.7434
vt 0.9933 0.7434
vt 0.9596 0.7700
vt 0.9933 0.7700
vt 0.4563 0.6454
vt 0.4732 0.6523
vt 0.4715 0.6255
vt 0.4826 0.6401
vt 0.5049 0.6937
vt 0.5073 0.7118
vt 0.4894 0.6917
vt 0.4825 0.7085
vt 0.4770 0.6821
vt 0.4626 0.6933
vt 0.4711 0.6678
vt 0.4530 0.6702
vt 0.9596 0.7965
vt 0.9572 0.7965
vt 0.9572 0.8230
vt 0.9596 0.8230
vt 0.9572 0.6904
vt 0.9596 0.6904
vt 0.9572 0.7169
vt 0.9596 0.7169
vt 0.9572 0.7434
vt 0.9596 0.7434
vt 0.9572 0.7700
vt 0.9596 0.7700
vt 0.4407 0.6389
vt 0.4563 0.6454
vt 0.4715 0.6255
vt 0.4613 0.6121
vt 0.5073 0.7118
vt 0.5095 0.7285
vt 0.4760 0.7241
vt 0.4825 0.7085
vt 0.4492 0.7036
vt 0.4626 0.6933
vt 0.4363 0.6724
vt 0.4530 0.6702
vt 0.4770 0.6821
vt 0.4952 0.6684
vt 0.4937 0.6648
vt 0.4711 0.6678
vt 0.4941 0.6612
vt 0.4732 0.6523
vt 0.4963 0.6581
vt 0.4826 0.6401
vt 0.5049 0.6937
vt 0.5016 0.6711
vt 0.4894 0.6917
vt 0.4981 0.6705
vt 0.9933 0.9556
vt 0.9596 0.9556
vt 0.9596 0.9822
vt 0.9933 0.9822
vt 0.9596 0.8495
vt 0.9933 0.8495
vt 0.9596 0.8761
vt 0.9933 0.8761
vt 0.9596 0.9026
vt 0.9933 0.9026
vt 0.9596 0.9291
vt 0.9933 0.9291
vt 0.5456 0.6824
vt 0.5287 0.6754
vt 0.5304 0.7022
vt 0.5193 0.6877
vt 0.4974 0.6340
vt 0.4946 0.6159
vt 0.5195 0.6192
vt 0.5125 0.6361
vt 0.5249 0.6456
vt 0.5393 0.6344
vt 0.5308 0.6599
vt 0.5489 0.6576
vt 0.9596 0.9556
vt 0.9572 0.9556
vt 0.9572 0.9822
vt 0.9596 0.9822
vt 0.9572 0.8495
vt 0.9596 0.8495
vt 0.9572 0.8761
vt 0.9596 0.8761
vt 0.9572 0.9026
vt 0.9596 0.9026
vt 0.9572 0.9291
vt 0.9596 0.9291
vt 0.5612 0.6888
vt 0.5456 0.6824
vt 0.5304 0.7022
vt 0.5406 0.7156
vt 0.4925 0.5992
vt 0.4946 0.6159
vt 0.5195 0.6192
vt 0.5259 0.6036
vt 0.5527 0.6242
vt 0.5393 0.6344
vt 0.5489 0.6576
vt 0.5656 0.6554
vt 0.5249 0.6456
vt 0.5066 0.6593
vt 0.5308 0.6599
vt 0.5081 0.6630
vt 0.5075 0.6667
vt 0.5287 0.6754
vt 0.5193 0.6877
vt 0.5051 0.6698
vt 0.4974 0.6340
vt 0.4994 0.6568
vt 0.5125 0.6361
vt 0.5038 0.6572
vt 0.3608 0.4732
vt 0.3634 0.4956
vt 0.3608 0.4959
vt 0.3634 0.4735
vt 0.3691 0.5169
vt 0.3667 0.5179
vt 0.3801 0.5360
vt 0.3781 0.5376
vt 0.3941 0.5537
vt 0.3957 0.5517
vt 0.4138 0.5651
vt 0.4148 0.5628
vt 0.4358 0.5711
vt 0.4361 0.5685
vt 0.4582 0.5686
vt 0.4585 0.5711
vt 0.4805 0.5653
vt 0.4795 0.5629
vt 0.5003 0.5540
vt 0.4987 0.5520
vt 0.5164 0.5379
vt 0.5144 0.5364
vt 0.5278 0.5183
vt 0.5255 0.5173
vt 0.5338 0.4964
vt 0.5313 0.4960
vt 0.5314 0.4739
vt 0.5339 0.4736
vt 0.5258 0.4526
vt 0.5282 0.4516
vt 0.5149 0.4334
vt 0.5169 0.4318
vt 0.5009 0.4157
vt 0.4994 0.4177
vt 0.4813 0.4042
vt 0.4803 0.4065
vt 0.4590 0.4006
vt 0.4594 0.3981
vt 0.4369 0.4005
vt 0.4366 0.3980
vt 0.4145 0.4037
vt 0.4155 0.4061
vt 0.3946 0.4151
vt 0.3961 0.4171
vt 0.3783 0.4313
vt 0.3803 0.4328
vt 0.3691 0.4521
vt 0.3667 0.4511
vt 0.4476 0.4506
vt 0.4646 0.4552
vt 0.4770 0.4676
vt 0.4816 0.4846
vt 0.4770 0.5017
vt 0.4646 0.5141
vt 0.4476 0.5187
vt 0.4305 0.5141
vt 0.4181 0.5017
vt 0.4135 0.4846
vt 0.4181 0.4676
vt 0.4305 0.4552
vt 0.3656 0.4953
vt 0.3656 0.4738
vt 0.3712 0.5160
vt 0.3819 0.5347
vt 0.3971 0.5499
vt 0.4157 0.5607
vt 0.4364 0.5663
vt 0.4579 0.5663
vt 0.4787 0.5608
vt 0.4973 0.5501
vt 0.5126 0.5350
vt 0.5234 0.5164
vt 0.5290 0.4957
vt 0.5291 0.4742
vt 0.5237 0.4534
vt 0.5130 0.4348
vt 0.4979 0.4195
vt 0.4794 0.4086
vt 0.4587 0.4029
vt 0.4372 0.4027
vt 0.4163 0.4082
vt 0.3975 0.4189
vt 0.3821 0.4342
vt 0.3712 0.4530
vt 0.3994 0.4782
vt 0.4097 0.4796
vt 0.3891 0.4769
vt 0.3931 0.4620
vt 0.3789 0.4755
vt 0.3835 0.4581
vt 0.3891 0.4922
vt 0.3789 0.4935
vt 0.3931 0.5070
vt 0.3835 0.5109
vt 0.4027 0.5030
vt 0.4123 0.4991
vt 0.4007 0.5203
vt 0.3925 0.5265
vt 0.4115 0.5311
vt 0.4052 0.5393
vt 0.4178 0.5229
vt 0.4242 0.5146
vt 0.4248 0.5388
vt 0.4208 0.5483
vt 0.4395 0.5428
vt 0.4382 0.5530
vt 0.4409 0.5325
vt 0.4423 0.5222
vt 0.4549 0.5429
vt 0.4562 0.5531
vt 0.4736 0.5485
vt 0.4697 0.5389
vt 0.4657 0.5293
vt 0.4618 0.5197
vt 0.4830 0.5313
vt 0.4892 0.5395
vt 0.4938 0.5205
vt 0.5020 0.5268
vt 0.4856 0.5142
vt 0.4774 0.5078
vt 0.5111 0.5113
vt 0.5016 0.5073
vt 0.5158 0.4939
vt 0.5056 0.4925
vt 0.4953 0.4911
vt 0.4850 0.4897
vt 0.5057 0.4772
vt 0.5159 0.4759
vt 0.5113 0.4585
vt 0.5018 0.4624
vt 0.4922 0.4663
vt 0.4825 0.4702
vt 0.4942 0.4491
vt 0.5024 0.4428
vt 0.4898 0.4300
vt 0.4834 0.4382
vt 0.4770 0.4464
vt 0.4707 0.4546
vt 0.4742 0.4209
vt 0.4702 0.4304
vt 0.4569 0.4161
vt 0.4554 0.4263
vt 0.4540 0.4366
vt 0.4526 0.4469
vt 0.4401 0.4262
vt 0.4388 0.4160
vt 0.4214 0.4205
vt 0.4253 0.4301
vt 0.4292 0.4397
vt 0.4331 0.4494
vt 0.4118 0.4378
vt 0.4056 0.4295
vt 0.3926 0.4424
vt 0.4008 0.4487
vt 0.4090 0.4550
vt 0.4173 0.4614
vt 0.3920 0.4116
vt 0.4129 0.3997
vt 0.4361 0.3937
vt 0.4600 0.3938
vt 0.4830 0.4002
vt 0.5036 0.4122
vt 0.5203 0.4292
vt 0.5322 0.4500
vt 0.5382 0.4731
vt 0.5381 0.4969
vt 0.5318 0.5200
vt 0.5198 0.5406
vt 0.5029 0.5574
vt 0.4822 0.5693
vt 0.4590 0.5754
vt 0.4352 0.5753
vt 0.4121 0.5691
vt 0.3915 0.5571
vt 0.3746 0.5402
vt 0.3627 0.5195
vt 0.3565 0.4965
vt 0.3565 0.4726
vt 0.3627 0.4495
vt 0.3748 0.4286
vt 0.5544 0.4553
vt 0.5514 0.4321
vt 0.5514 0.4557
vt 0.5544 0.4325
vt 0.5603 0.4773
vt 0.5574 0.4784
vt 0.5692 0.4988
vt 0.5716 0.4970
vt 0.5857 0.5156
vt 0.5876 0.5132
vt 0.6061 0.5275
vt 0.6073 0.5247
vt 0.6292 0.5307
vt 0.6288 0.5338
vt 0.6523 0.5340
vt 0.6520 0.5309
vt 0.6751 0.5281
vt 0.6740 0.5253
vt 0.6957 0.5166
vt 0.6938 0.5141
vt 0.7126 0.5002
vt 0.7102 0.4983
vt 0.7246 0.4799
vt 0.7218 0.4787
vt 0.7311 0.4573
vt 0.7281 0.4568
vt 0.7315 0.4337
vt 0.7285 0.4341
vt 0.7259 0.4109
vt 0.7230 0.4120
vt 0.7146 0.3902
vt 0.7121 0.3920
vt 0.6964 0.3756
vt 0.6983 0.3732
vt 0.6782 0.3609
vt 0.6769 0.3637
vt 0.6556 0.3543
vt 0.6551 0.3573
vt 0.6324 0.3567
vt 0.6320 0.3536
vt 0.6089 0.3592
vt 0.6100 0.3620
vt 0.5894 0.3734
vt 0.5875 0.3709
vt 0.5699 0.3881
vt 0.5723 0.3900
vt 0.5604 0.4103
vt 0.5576 0.4091
vt 0.6321 0.4104
vt 0.6503 0.4104
vt 0.6661 0.4196
vt 0.6752 0.4353
vt 0.6752 0.4536
vt 0.6661 0.4694
vt 0.6503 0.4785
vt 0.6321 0.4785
vt 0.6163 0.4694
vt 0.6072 0.4536
vt 0.6072 0.4353
vt 0.6163 0.4196
vt 0.5570 0.4328
vt 0.5570 0.4549
vt 0.5627 0.4763
vt 0.5737 0.4954
vt 0.5892 0.5111
vt 0.6083 0.5223
vt 0.6296 0.5282
vt 0.6516 0.5284
vt 0.6730 0.5229
vt 0.6923 0.5121
vt 0.7081 0.4967
vt 0.7195 0.4777
vt 0.7255 0.4565
vt 0.7259 0.4344
vt 0.7206 0.4129
vt 0.7100 0.3936
vt 0.6947 0.3776
vt 0.6759 0.3661
vt 0.6547 0.3598
vt 0.6326 0.3592
vt 0.6109 0.3644
vt 0.5909 0.3755
vt 0.5744 0.3916
vt 0.5628 0.4113
vt 0.5938 0.4377
vt 0.6040 0.4390
vt 0.5832 0.4363
vt 0.5872 0.4214
vt 0.5720 0.4348
vt 0.5768 0.4171
vt 0.5832 0.4515
vt 0.5720 0.4530
vt 0.5767 0.4705
vt 0.5871 0.4662
vt 0.5970 0.4622
vt 0.6065 0.4582
vt 0.5947 0.4794
vt 0.5857 0.4863
vt 0.5985 0.4992
vt 0.6054 0.4902
vt 0.6119 0.4818
vt 0.6183 0.4736
vt 0.6186 0.4979
vt 0.6142 0.5083
vt 0.6332 0.5020
vt 0.6317 0.5132
vt 0.6347 0.4914
vt 0.6361 0.4812
vt 0.6485 0.5021
vt 0.6498 0.5133
vt 0.6632 0.4983
vt 0.6674 0.5088
vt 0.6592 0.4884
vt 0.6554 0.4788
vt 0.6765 0.4909
vt 0.6832 0.4999
vt 0.6962 0.4873
vt 0.6874 0.4803
vt 0.6790 0.4736
vt 0.6709 0.4672
vt 0.7056 0.4717
vt 0.6952 0.4672
vt 0.7105 0.4542
vt 0.6994 0.4526
vt 0.6888 0.4510
vt 0.6786 0.4495
vt 0.6997 0.4373
vt 0.7109 0.4361
vt 0.7065 0.4184
vt 0.6960 0.4225
vt 0.6861 0.4264
vt 0.6764 0.4302
vt 0.6978 0.4025
vt 0.6887 0.4092
vt 0.6852 0.3894
vt 0.6782 0.3982
vt 0.6715 0.4065
vt 0.6650 0.4146
vt 0.6697 0.3799
vt 0.6652 0.3903
vt 0.6523 0.3748
vt 0.6506 0.3860
vt 0.6489 0.3965
vt 0.6473 0.4067
vt 0.6353 0.3855
vt 0.6342 0.3743
vt 0.6204 0.3891
vt 0.6163 0.3786
vt 0.6243 0.3991
vt 0.6280 0.4087
vt 0.6066 0.3967
vt 0.5999 0.3877
vt 0.5952 0.4079
vt 0.5863 0.4009
vt 0.6036 0.4145
vt 0.6116 0.4208
vt 0.5848 0.3673
vt 0.6072 0.3549
vt 0.6316 0.3491
vt 0.6563 0.3497
vt 0.6800 0.3567
vt 0.7012 0.3696
vt 0.7183 0.3875
vt 0.7302 0.4092
vt 0.7361 0.4332
vt 0.7357 0.4580
vt 0.7289 0.4818
vt 0.7162 0.5030
vt 0.6984 0.5203
vt 0.6768 0.5324
vt 0.6529 0.5385
vt 0.6282 0.5383
vt 0.6043 0.5317
vt 0.5829 0.5192
vt 0.5655 0.5016
vt 0.5532 0.4802
vt 0.5468 0.4563
vt 0.5468 0.4315
vt 0.5533 0.4073
vt 0.5663 0.3853
vt 0.3359 0.9834
vt 0.3364 0.9672
vt 0.3364 0.9672
vt 0.3292 0.8709
vt 0.3219 0.9411
vt 0.3142 0.9276
vt 0.3230 0.9245
vt 0.3293 0.9392
vt 0.3359 0.9834
vt 0.3289 0.9679
vt 0.3263 0.9838
vt 0.3364 0.9672
vt 0.3218 0.9666
vt 0.3140 0.9801
vt 0.3145 0.9538
vt 0.2989 0.9538
vt 0.3188 0.8889
vt 0.3188 0.8709
vt 0.3136 0.8799
vt 0.3219 0.9411
vt 0.3218 0.9666
vt 0.3145 0.9538
vt 0.3364 0.9672
vt 0.3359 0.9834
vt 0.3364 0.9672
vt 0.3292 0.8709
vt 0.3142 0.9276
vt 0.3219 0.9411
vt 0.3230 0.9245
vt 0.3293 0.9392
vt 0.3359 0.9834
vt 0.3289 0.9679
vt 0.3364 0.9672
vt 0.3263 0.9838
vt 0.3218 0.9666
vt 0.3140 0.9801
vt 0.2989 0.9538
vt 0.3145 0.9538
vt 0.3188 0.8889
vt 0.3188 0.8709
vt 0.3136 0.8799
vt 0.3219 0.9411
vt 0.3218 0.9666
vt 0.3145 0.9538
vt 0.1131 0.4578
vt 0.1131 0.3942
vt 0.1265 0.3942
vt 0.1265 0.4578
vt 0.1399 0.4578
vt 0.1399 0.3942
vt 0.1533 0.4578
vt 0.1533 0.3942
vt 0.0863 0.3942
vt 0.0863 0.4578
vt 0.0997 0.4578
vt 0.0997 0.3942
vt 0.1240 0.5160
vt 0.1217 0.5122
vt 0.1270 0.5030
vt 0.1314 0.5029
vt 0.1216 0.4939
vt 0.1238 0.4900
vt 0.1110 0.4940
vt 0.1088 0.4901
vt 0.1014 0.5032
vt 0.1058 0.5032
vt 0.1090 0.5161
vt 0.1112 0.5123
vt 0.1217 0.5122
vt 0.1270 0.5030
vt 0.1216 0.4939
vt 0.1110 0.4940
vt 0.1058 0.5032
vt 0.1112 0.5123
vt 0.3192 0.4871
vt 0.3192 0.5365
vt 0.3215 0.4871
vt 0.3215 0.5365
vt 0.3238 0.4871
vt 0.3238 0.5365
vt 0.3284 0.4871
vt 0.3284 0.5365
vt 0.3307 0.4871
vt 0.3307 0.5365
vt 0.3330 0.5365
vt 0.3330 0.4871
vt 0.3377 0.5365
vt 0.3377 0.4871
vt 0.3400 0.4871
vt 0.3400 0.5365
vt 0.3423 0.4871
vt 0.3423 0.5365
vt 0.6321 0.6355
vt 0.8326 0.6435
vt 0.6143 0.6478
vt 0.8318 0.5468
vt 0.6328 0.5602
vt 0.6146 0.5476
vt 0.6510 0.5977
vt 0.6415 0.6259
vt 0.6485 0.6129
vt 0.6333 0.6337
vt 0.8324 0.6315
vt 0.6509 0.5970
vt 0.8317 0.5593
vt 0.6331 0.5607
vt 0.6427 0.5707
vt 0.6491 0.5839
vt 0.6528 0.6924
vt 0.8326 0.6435
vt 0.6143 0.6488
vt 0.6311 0.6549
vt 0.6422 0.6647
vt 0.6497 0.6773
vt 0.6527 0.6931
vt 0.6456 0.7198
vt 0.6515 0.7063
vt 0.6359 0.7308
vt 0.6187 0.7392
vt 0.8352 0.7320
vt 0.8318 0.5468
vt 0.8326 0.6435
vt 0.8352 0.7320
vt 0.8326 0.6435
vt 0.8317 0.5593
vt 0.6036 0.5609
vt 0.6030 0.5463
vt 0.6046 0.6340
vt 0.6046 0.6486
vt 0.6058 0.6946
vt 0.6072 0.7405
vt 0.6046 0.6486
vt 0.6041 0.5975
vt 0.6036 0.5609
vt 0.6046 0.6340
vt 0.5902 0.5483
vt 0.5942 0.5623
vt 0.5854 0.5661
vt 0.5779 0.5535
vt 0.5779 0.5720
vt 0.5674 0.5618
vt 0.5722 0.5796
vt 0.5595 0.5725
vt 0.5687 0.5885
vt 0.5545 0.5849
vt 0.5676 0.5980
vt 0.5530 0.5982
vt 0.5549 0.6114
vt 0.5690 0.6074
vt 0.5727 0.6162
vt 0.5602 0.6237
vt 0.5787 0.6237
vt 0.5685 0.6341
vt 0.5863 0.6294
vt 0.5792 0.6421
vt 0.5916 0.6470
vt 0.5952 0.6329
vt 0.5779 0.5720
vt 0.5854 0.5661
vt 0.5687 0.5885
vt 0.5722 0.5796
vt 0.5952 0.6329
vt 0.5863 0.6294
vt 0.5787 0.6237
vt 0.5727 0.6162
vt 0.5690 0.6074
vt 0.5676 0.5980
vt 0.5942 0.5623
vn 0.0000 -0.4056 -0.9141
vn 0.0000 -0.4056 -0.9141
vn -0.0000 -0.9944 -0.1058
vn -0.0000 -0.9944 -0.1058
vn -0.0000 -0.5888 0.8083
vn -0.0000 -0.5888 0.8083
vn -0.0000 0.4056 0.9141
vn -0.0000 0.4056 0.9141
vn -0.0000 0.9944 0.1058
vn -0.0000 0.9944 0.1058
vn 0.0000 0.5888 -0.8083
vn 0.0000 0.5888 -0.8083
vn 0.0000 -0.4056 -0.9141
vn 0.0000 -0.4056 -0.9141
vn 0.0000 -0.9331 -0.3595
vn 0.0000 -0.9331 -0.3595
vn -0.0000 -0.7779 0.6284
vn -0.0000 -0.7779 0.6284
vn -0.0000 0.1552 0.9879
vn -0.0000 0.1552 0.9879
vn -0.0000 0.9331 0.3595
vn -0.0000 0.9331 0.3595
vn -0.0000 0.7779 -0.6284
vn -0.0000 0.7779 -0.6284
vn 0.0000 -0.1552 -0.9879
vn 0.0000 -0.1552 -0.9879
vn -1.0000 0.0000 -0.0000
vn -1.0000 0.0000 -0.0000
vn -1.0000 0.0000 -0.0000
vn -1.0000 0.0000 -0.0000
vn -1.0000 0.0000 -0.0000
vn -1.0000 0.0000 -0.0000
vn 0.0000 -0.4879 -0.8729
vn 0.0000 -0.4879 -0.8729
vn -0.0000 0.4879 0.8729
vn -0.0000 0.4879 0.8729
vn -0.0000 0.4879 0.8729
vn -0.0000 0.4879 0.8729
vn 0.0000 -0.8729 0.4879
vn 0.0000 -0.8729 0.4879
vn 0.0000 -0.8729 0.4879
vn 0.0000 -0.8729 0.4879
vn -0.0000 0.8729 -0.4879
vn -0.0000 0.8729 -0.4879
vn -0.0000 0.8729 -0.4879
vn -0.0000 0.8729 -0.4879
vn 0.0000 -0.8729 0.4879
vn 0.0000 -0.8729 0.4879
vn 0.0000 -0.8729 0.4879
vn -0.0000 0.8729 -0.4879
vn -0.0000 0.8729 -0.4879
vn -0.0000 0.8729 -0.4879
vn -0.0000 0.8729 -0.4879
vn 0.0000 -0.4879 -0.8729
vn 0.0000 -0.4879 -0.8729
vn 0.0000 -0.4879 -0.8729
vn 0.0000 -0.4879 -0.8729
vn 0.0000 -0.4879 -0.8729
vn 0.0000 -0.4879 -0.8729
vn 0.0000 -0.4879 -0.8729
vn 0.0000 -0.4879 -0.8729
vn -1.0000 0.0000 -0.0000
vn -1.0000 0.0000 -0.0000
vn -1.0000 0.0000 -0.0000
vn -1.0000 0.0000 -0.0000
vn -1.0000 0.0000 -0.0000
vn -1.0000 0.0000 -0.0000
vn -1.0000 0.0000 -0.0000
vn -1.0000 0.0000 -0.0000
vn -1.0000 0.0000 -0.0000
vn -1.0000 0.0000 -0.0000
vn -1.0000 0.0000 -0.0000
vn -1.0000 0.0000 -0.0000
vn -1.0000 0.0000 -0.0000
vn -1.0000 0.0000 -0.0000
vn -1.0000 0.0000 -0.0000
vn -1.0000 0.0000 -0.0000
vn -0.0000 0.0106 0.9999
vn -0.0000 0.0106 0.9999
vn -1.0000 0.0000 -0.0000
vn -1.0000 0.0000 -0.0000
vn -1.0000 0.0000 -0.0000
vn -1.0000 0.0000 -0.0000
vn -1.0000 0.0000 -0.0000
vn -1.0000 0.0000 -0.0000
vn -1.0000 0.0000 -0.0000
vn -1.0000 0.0000 -0.0000
vn -1.0000 0.0000 -0.0000
vn -1.0000 0.0000 -0.0000
vn -1.0000 0.0000 -0.0000
vn -1.0000 0.0000 -0.0000
vn -1.0000 0.0000 -0.0000
vn -1.0000 0.0000 -0.0000
vn -1.0000 0.0000 -0.0000
vn -1.0000 0.0000 -0.0000
vn -1.0000 0.0000 -0.0000
vn -1.0000 0.0000 -0.0000
vn -1.0000 0.0000 -0.0000
vn -1.0000 0.0000 -0.0000
vn -1.0000 0.0000 -0.0000
vn -1.0000 0.0000 -0.0000
vn -1.0000 0.0000 -0.0000
vn -0.0000 0.9059 0.4236
vn -0.0000 -0.8198 0.5727
vn -0.0000 0.0861 0.9963
vn -1.0000 0.0000 -0.0000
vn -1.0000 0.0000 -0.0000
vn -1.0000 0.0000 -0.0000
vn -1.0000 0.0000 -0.0000
vn -1.0000 0.0000 -0.0000
vn -1.0000 0.0000 -0.0000
vn 0.0000 -0.9059 -0.4236
vn 0.0000 -0.9059 -0.4236
vn -0.0000 0.8198 -0.5727
vn -0.0000 0.8198 -0.5727
vn -0.0000 -0.0861 -0.9963
vn -0.0000 -0.0861 -0.9963
vn -0.0000 -0.0861 -0.9963
vn -0.0000 -0.0861 -0.9963
vn 0.0000 -0.9059 -0.4236
vn 0.0000 -0.9059 -0.4236
vn -0.0000 0.8198 -0.5727
vn -0.0000 0.8198 -0.5727
vn 0.0000 -0.9059 -0.4236
vn -0.0000 0.8198 -0.5727
vn -0.0000 -0.0861 -0.9963
vn -1.0000 0.0000 -0.0000
vn -1.0000 0.0000 -0.0000
vn -1.0000 0.0000 -0.0000
vn -1.0000 0.0000 -0.0000
vn -1.0000 0.0000 -0.0000
vn -1.0000 0.0000 -0.0000
vn -0.0000 0.9059 0.4236
vn -0.0000 0.9059 0.4236
vn -0.0000 -0.8198 0.5727
vn -0.0000 -0.8198 0.5727
vn -0.0000 0.0861 0.9963
vn -0.0000 0.0861 0.9963
vn -0.0000 0.0861 0.9963
vn -0.0000 0.0861 0.9963
vn -0.0000 0.9059 0.4236
vn -0.0000 0.9059 0.4236
vn -0.0000 -0.8198 0.5727
vn -0.0000 -0.8198 0.5727
vn 1.0000 0.0000 0.0000
vn 1.0000 0.0000 0.0000
vn 1.0000 0.0000 0.0000
vn 1.0000 0.0000 0.0000
vn 1.0000 0.0000 0.0000
vn 1.0000 0.0000 0.0000
vn 1.0000 0.0000 0.0000
vn -1.0000 0.0000 -0.0000
vn -1.0000 0.0000 -0.0000
vn -1.0000 0.0000 -0.0000
vn -1.0000 0.0000 -0.0000
vn -1.0000 0.0000 -0.0000
vn -1.0000 0.0000 -0.0000
vn -1.0000 0.0000 -0.0000
vn -0.0000 0.9999 -0.0106
vn -0.0000 0.9999 -0.0106
vn -1.0000 0.0000 -0.0000
vn -1.0000 0.0000 -0.0000
vn 1.0000 0.0000 0.0000
vn 1.0000 0.0000 0.0000
vn 0.0000 -0.4879 -0.8729
vn 0.0000 -0.4879 -0.8729
vn -0.0000 0.4908 -0.8713
vn -0.0000 0.4908 -0.8713
vn 1.0000 0.0000 0.0000
vn 1.0000 0.0000 0.0000
vn 1.0000 0.0000 0.0000
vn -1.0000 0.0000 -0.0000
vn -1.0000 0.0000 -0.0000
vn -1.0000 0.0000 -0.0000
vn -0.0000 0.9999 -0.0106
vn -0.0000 0.9999 -0.0106
vn 1.0000 0.0000 0.0000
vn 1.0000 0.0000 0.0000
vn -1.0000 0.0000 -0.0000
vn -1.0000 0.0000 -0.0000
vn 0.0000 -0.4879 -0.8729
vn 0.0000 -0.4879 -0.8729
vn -0.0000 0.4908 -0.8713
vn -0.0000 0.4908 -0.8713
vn -1.0000 0.0000 -0.0000
vn -1.0000 0.0000 -0.0000
vn -1.0000 0.0000 -0.0000
vn 1.0000 0.0000 0.0000
vn 1.0000 0.0000 0.0000
vn 1.0000 0.0000 0.0000
vn 0.0000 -0.9331 -0.3595
vn 0.0000 -0.9331 -0.3595
vn -0.0000 -0.7779 0.6284
vn -0.0000 -0.7779 0.6284
vn -0.0000 0.1552 0.9879
vn -0.0000 0.1552 0.9879
vn -0.0000 0.9331 0.3595
vn -0.0000 0.9331 0.3595
vn -0.0000 0.7779 -0.6284
vn -0.0000 0.7779 -0.6284
vn 0.0000 -0.1552 -0.9879
vn 0.0000 -0.1552 -0.9879
vn 1.0000 0.0000 0.0000
vn 1.0000 0.0000 0.0000
vn 1.0000 0.0000 0.0000
vn 1.0000 0.0000 0.0000
vn 1.0000 0.0000 0.0000
vn 1.0000 0.0000 0.0000
vn 1.0000 0.0001 -0.0013
vn 0.0000 -0.8083 -0.5888
vn 0.0000 -0.8083 -0.5888
vn -0.0000 -0.9141 0.4056
vn -0.0000 -0.9141 0.4056
vn -0.0000 -0.1058 0.9944
vn -0.0000 -0.1058 0.9944
vn -0.0000 0.8083 0.5888
vn -0.0000 0.8083 0.5888
vn -0.0000 0.9141 -0.4056
vn -0.0000 0.9141 -0.4056
vn 0.0000 0.1058 -0.9944
vn 0.0000 0.1058 -0.9944
vn -1.0000 0.0000 -0.0000
vn 0.7071 -0.3450 -0.6172
vn 0.5000 -0.4225 -0.7560
vn 0.5000 -0.4225 -0.7560
vn 0.7071 -0.3450 -0.6172
vn -0.5000 -0.4225 -0.7560
vn -0.5000 -0.4225 -0.7560
vn -0.7071 -0.3450 -0.6172
vn -0.7071 -0.3450 -0.6172
vn 0.0000 -0.8729 0.4879
vn 0.0000 -0.8729 0.4879
vn 0.0000 -0.8729 0.4879
vn -0.0000 0.8729 -0.4879
vn -0.0000 0.8729 -0.4879
vn -0.0000 0.9999 -0.0106
vn -0.0000 0.9999 -0.0106
vn -0.0000 0.9999 -0.0106
vn -0.0000 0.9999 -0.0106
vn 0.0000 -0.0106 -0.9999
vn 0.0000 -0.0106 -0.9999
vn 0.0000 -0.0106 -0.9999
vn 0.0000 -0.0106 -0.9999
vn -0.0000 -0.9999 0.0106
vn -0.0000 -0.9999 0.0106
vn -0.0000 -0.9999 0.0106
vn -0.0000 -0.9999 0.0106
vn -0.0000 0.0106 0.9999
vn -0.0000 0.0106 0.9999
vn -0.0000 0.0106 0.9999
vn -0.0000 0.0106 0.9999
vn -0.0000 0.0106 0.9999
vn -0.0000 0.0106 0.9999
vn -0.0000 0.0106 0.9999
vn -0.0000 0.0106 0.9999
vn -0.0000 0.0106 0.9999
vn -0.0000 0.0106 0.9999
vn -0.0000 0.9999 -0.0106
vn -0.0000 0.9999 -0.0106
vn -0.0000 0.9999 -0.0106
vn -0.0000 0.9999 -0.0106
vn -0.0000 0.9999 -0.0106
vn -0.0000 0.9999 -0.0106
vn 0.0000 -0.0106 -0.9999
vn 0.0000 -0.0106 -0.9999
vn 0.0000 -0.0106 -0.9999
vn 0.0000 -0.0106 -0.9999
vn 0.0000 -0.0106 -0.9999
vn 0.0000 -0.0106 -0.9999
vn -0.0000 -0.9999 0.0106
vn -0.0000 -0.9999 0.0106
vn -0.0000 -0.9999 0.0106
vn -0.0000 -0.9999 0.0106
vn -0.0000 -0.9999 0.0106
vn -0.0000 -0.9999 0.0106
vn -0.0000 0.7380 0.6748
vn -0.0000 0.7380 0.6748
vn -0.0000 0.7380 0.6748
vn -0.0000 0.7380 0.6748
vn -0.0000 0.6996 -0.7145
vn -0.0000 0.6996 -0.7145
vn -0.0000 0.6996 -0.7145
vn -0.0000 0.6996 -0.7145
vn -0.0000 -0.7145 -0.6996
vn -0.0000 -0.7145 -0.6996
vn -0.0000 -0.7145 -0.6996
vn -0.0000 -0.7145 -0.6996
vn 0.0000 -0.7236 0.6902
vn 0.0000 -0.7236 0.6902
vn 0.0000 -0.7236 0.6902
vn 0.0000 -0.7236 0.6902
vn -1.0000 0.0000 -0.0000
vn -1.0000 0.0000 -0.0000
vn -1.0000 0.0000 -0.0000
vn -1.0000 0.0000 -0.0000
vn -1.0000 0.0000 -0.0000
vn -1.0000 0.0000 -0.0000
vn -1.0000 0.0000 -0.0000
vn -1.0000 0.0000 -0.0000
vn -1.0000 0.0000 -0.0000
vn -1.0000 0.0000 -0.0000
vn -1.0000 0.0000 -0.0000
vn -1.0000 0.0000 -0.0000
vn -0.0000 0.9999 -0.0106
vn -0.0000 0.9999 -0.0106
vn -0.0000 0.9999 -0.0106
vn -0.0000 0.9999 -0.0106
vn 0.0000 -0.0106 -0.9999
vn 0.0000 -0.0106 -0.9999
vn 0.0000 -0.0106 -0.9999
vn 0.0000 -0.0106 -0.9999
vn -0.0000 -0.9999 0.0106
vn -0.0000 -0.9999 0.0106
vn -0.0000 -0.9999 0.0106
vn -0.0000 -0.9999 0.0106
vn -0.0000 0.0106 0.9999
vn -0.0000 0.0106 0.9999
vn -0.0000 0.0106 0.9999
vn -0.0000 0.0106 0.9999
vn -1.0000 0.0000 -0.0000
vn -1.0000 0.0000 -0.0000
vn -1.0000 0.0000 -0.0000
vn -1.0000 0.0000 -0.0000
vn -0.0000 0.7380 0.6748
vn -0.0000 0.7380 0.6748
vn -0.0000 0.7380 0.6748
vn -0.0000 0.7380 0.6748
vn -0.0000 0.6996 -0.7145
vn -0.0000 0.6996 -0.7145
vn -0.0000 0.6996 -0.7145
vn -0.0000 0.6996 -0.7145
vn -0.0000 -0.7145 -0.6996
vn -0.0000 -0.7145 -0.6996
vn -0.0000 -0.7145 -0.6996
vn -0.0000 -0.7145 -0.6996
vn 0.0000 -0.7236 0.6902
vn 0.0000 -0.7236 0.6902
vn 0.0000 -0.7236 0.6902
vn 0.0000 -0.7236 0.6902
vn -1.0000 0.0000 -0.0000
vn -1.0000 0.0000 -0.0000
vn -1.0000 0.0000 -0.0000
vn -1.0000 0.0000 -0.0000
vn -0.0000 0.9999 -0.0106
vn -0.0000 0.9999 -0.0106
vn -0.0000 0.9999 -0.0106
vn -0.0000 0.9999 -0.0106
vn 0.0000 -0.0106 -0.9999
vn 0.0000 -0.0106 -0.9999
vn 0.0000 -0.0106 -0.9999
vn 0.0000 -0.0106 -0.9999
vn -0.0000 -0.9999 0.0106
vn -0.0000 -0.9999 0.0106
vn -0.0000 -0.9999 0.0106
vn -0.0000 -0.9999 0.0106
vn -0.0000 0.0106 0.9999
vn -0.0000 0.0106 0.9999
vn -0.0000 0.0106 0.9999
vn -0.0000 0.0106 0.9999
vn 1.0000 0.0000 0.0000
vn 1.0000 0.0000 0.0000
vn 1.0000 0.0000 0.0000
vn 1.0000 0.0000 0.0000
vn -0.0000 0.7380 0.6748
vn -0.0000 0.7380 0.6748
vn -0.0000 0.7380 0.6748
vn -0.0000 0.7380 0.6748
vn -0.0000 0.6996 -0.7145
vn -0.0000 0.6996 -0.7145
vn -0.0000 0.6996 -0.7145
vn -0.0000 0.6996 -0.7145
vn -0.0000 -0.7145 -0.6996
vn -0.0000 -0.7145 -0.6996
vn -0.0000 -0.7145 -0.6996
vn -0.0000 -0.7145 -0.6996
vn 0.0000 -0.7236 0.6902
vn 0.0000 -0.7236 0.6902
vn 0.0000 -0.7236 0.6902
vn 0.0000 -0.7236 0.6902
vn 1.0000 0.0000 0.0000
vn 1.0000 0.0000 0.0000
vn 1.0000 0.0000 0.0000
vn 1.0000 0.0000 0.0000
vn -0.0000 0.9059 0.4236
vn -0.0000 0.9963 -0.0861
vn -0.0000 0.9963 -0.0861
vn 0.0000 -0.9963 0.0861
vn 0.0000 -0.9963 0.0861
vn -0.0000 -0.8198 0.5727
vn 0.0000 -0.4236 0.9059
vn 0.0000 -0.4236 0.9059
vn -0.0000 0.0861 0.9963
vn -0.0000 0.5727 0.8198
vn -0.0000 0.5727 0.8198
vn -1.0000 0.0000 -0.0000
vn -1.0000 0.0000 -0.0000
vn -1.0000 0.0000 -0.0000
vn -1.0000 0.0000 -0.0000
vn -1.0000 0.0000 -0.0000
vn -1.0000 0.0000 -0.0000
vn -1.0000 0.0000 -0.0000
vn -1.0000 0.0000 -0.0000
vn -1.0000 0.0000 -0.0000
vn -1.0000 0.0000 -0.0000
vn -1.0000 0.0000 -0.0000
vn -1.0000 0.0000 -0.0000
vn -1.0000 0.0000 -0.0000
vn -1.0000 0.0000 -0.0000
vn -1.0000 0.0000 -0.0000
vn -1.0000 0.0000 -0.0000
vn -1.0000 0.0000 -0.0000
vn -1.0000 0.0000 -0.0000
vn -1.0000 0.0000 -0.0000
vn -1.0000 0.0000 -0.0000
vn -1.0000 0.0000 -0.0000
vn -1.0000 0.0000 -0.0000
vn 0.0000 -0.9963 0.0861
vn 0.0000 -0.9963 0.0861
vn -0.0000 0.9963 -0.0861
vn -0.0000 0.9963 -0.0861
vn -0.0000 0.4236 -0.9059
vn -0.0000 0.4236 -0.9059
vn -0.0000 -0.5727 -0.8198
vn -0.0000 -0.5727 -0.8198
vn -0.0000 -0.5727 -0.8198
vn -0.0000 -0.5727 -0.8198
vn 0.0000 -0.9963 0.0861
vn 0.0000 -0.9963 0.0861
vn -0.0000 0.9963 -0.0861
vn -0.0000 0.9963 -0.0861
vn -0.0000 0.4236 -0.9059
vn -0.0000 0.4236 -0.9059
vn 0.0000 -0.9059 -0.4236
vn 0.0000 -0.9963 0.0861
vn 0.0000 -0.9963 0.0861
vn -0.0000 0.8198 -0.5727
vn -0.0000 0.4236 -0.9059
vn -0.0000 0.4236 -0.9059
vn -0.0000 -0.0861 -0.9963
vn -0.0000 -0.5727 -0.8198
vn -0.0000 -0.5727 -0.8198
vn -1.0000 0.0000 -0.0000
vn -1.0000 0.0000 -0.0000
vn -1.0000 0.0000 -0.0000
vn -1.0000 0.0000 -0.0000
vn -1.0000 0.0000 -0.0000
vn -1.0000 0.0000 -0.0000
vn -1.0000 0.0000 -0.0000
vn -1.0000 0.0000 -0.0000
vn -1.0000 0.0000 -0.0000
vn -1.0000 0.0000 -0.0000
vn -1.0000 0.0000 -0.0000
vn -1.0000 0.0000 -0.0000
vn -1.0000 0.0000 -0.0000
vn -1.0000 0.0000 -0.0000
vn -1.0000 0.0000 -0.0000
vn -1.0000 0.0000 -0.0000
vn -1.0000 0.0000 -0.0000
vn -0.0000 0.9963 -0.0861
vn 0.0000 -0.9963 0.0861
vn 0.0000 -0.4236 0.9059
vn 0.0000 -0.4236 0.9059
vn -0.0000 0.5727 0.8198
vn -0.0000 0.5727 0.8198
vn -0.0000 0.5727 0.8198
vn -0.0000 0.5727 0.8198
vn 0.0000 -0.4236 0.9059
vn 0.0000 -0.4236 0.9059
vn 1.0000 0.0000 0.0000
vn 1.0000 0.0000 0.0000
vn 1.0000 0.0000 0.0000
vn 1.0000 0.0000 0.0000
vn 1.0000 0.0000 0.0000
vn 1.0000 0.0000 0.0000
vn -0.9985 -0.0221 -0.0499
vn -0.9940 -0.0443 -0.0997
vn -0.9940 -0.0443 -0.0997
vn -0.9985 -0.0221 -0.0499
vn -0.9940 -0.0882 -0.0642
vn -0.9985 -0.0509 -0.0196
vn -0.9940 -0.1085 -0.0115
vn -0.9985 -0.0509 -0.0196
vn -0.9940 -0.0997 0.0443
vn -0.9985 -0.0499 0.0221
vn -0.9940 -0.0642 0.0882
vn -0.9985 -0.0196 0.0509
vn -0.9940 -0.0115 0.1085
vn -0.9985 -0.0196 0.0509
vn -0.9940 0.0443 0.0997
vn -0.9985 0.0221 0.0499
vn -0.9940 0.0882 0.0642
vn -0.9985 0.0509 0.0196
vn -0.9940 0.1085 0.0115
vn -0.9985 0.0509 0.0196
vn -0.9940 0.0997 -0.0443
vn -0.9985 0.0499 -0.0221
vn -0.9940 0.0642 -0.0882
vn -0.9985 0.0196 -0.0509
vn -1.0000 0.0000 -0.0000
vn -1.0000 0.0000 -0.0000
vn -1.0000 0.0000 -0.0000
vn -1.0000 0.0000 -0.0000
vn -1.0000 0.0000 -0.0000
vn -1.0000 0.0000 -0.0000
vn 0.9940 -0.0444 -0.1000
vn 0.9768 -0.0332 -0.2115
vn 0.9768 -0.1345 -0.1666
vn 0.9940 -0.0444 -0.1000
vn 0.9768 -0.1998 -0.0770
vn 0.9940 -0.0885 -0.0644
vn 0.9768 -0.2115 0.0332
vn 0.9940 -0.1088 -0.0116
vn 0.9768 -0.1666 0.1345
vn 0.9940 -0.1000 0.0444
vn 0.9768 -0.0770 0.1998
vn 0.9940 -0.0644 0.0885
vn 0.9768 0.0332 0.2115
vn 0.9940 -0.0116 0.1088
vn 0.9768 0.1345 0.1666
vn 0.9940 0.0444 0.1000
vn 0.9768 0.1998 0.0770
vn 0.9940 0.0885 0.0644
vn 0.9768 0.2115 -0.0332
vn 0.9940 0.1088 0.0116
vn 0.9768 0.1666 -0.1345
vn 0.9940 0.1000 -0.0444
vn 0.9768 0.0770 -0.1998
vn 0.9940 0.0644 -0.0885
vn -0.0000 0.9999 -0.0106
vn -0.0000 0.9999 -0.0106
vn -1.0000 0.0000 -0.0000
vn -1.0000 0.0000 -0.0000
vn -1.0000 0.0000 -0.0000
vn 1.0000 0.0000 0.0000
vn 1.0000 0.0000 0.0000
vn 1.0000 0.0000 0.0000
vn -0.0000 0.9999 -0.0106
vn 0.0000 -0.8424 -0.5388
vn -0.0000 -0.9620 -0.2731
vn 0.0000 -0.8424 -0.5388
vn -0.0000 -0.9620 -0.2731
vn -0.0000 -0.9999 0.0106
vn -0.0000 -0.9999 0.0106
vn -0.0000 0.9999 -0.0106
vn -0.0000 0.9999 -0.0106
vn 1.0000 0.0000 0.0000
vn 1.0000 0.0000 0.0000
vn 1.0000 0.0000 0.0000
vn -1.0000 0.0000 -0.0000
vn -1.0000 0.0000 -0.0000
vn -1.0000 0.0000 -0.0000
vn -0.0000 0.9999 -0.0106
vn 0.0000 -0.8424 -0.5388
vn -0.0000 -0.9620 -0.2731
vn -0.0000 -0.9620 -0.2731
vn 0.0000 -0.8424 -0.5388
vn -0.0000 -0.9999 0.0106
vn -0.0000 -0.9999 0.0106
vn 0.0000 0.8713 0.4908
vn 0.0000 0.8713 0.4908
vn -0.0000 0.8729 -0.4879
vn -0.0000 0.8729 -0.4879
vn 0.0000 -0.0106 -0.9999
vn 0.0000 -0.0106 -0.9999
vn -0.0000 -0.8713 -0.4908
vn -0.0000 -0.8713 -0.4908
vn 0.0000 -0.8729 0.4879
vn 0.0000 -0.8729 0.4879
vn 0.0000 -0.8729 0.4879
vn 0.0000 -0.8729 0.4879
vn -0.0000 0.0106 0.9999
vn -0.0000 0.0106 0.9999
vn 1.0000 0.0000 0.0000
vn 0.0000 -0.1552 -0.9879
vn 0.0000 -0.1552 -0.9879
vn -0.0000 -0.7779 0.6284
vn -0.0000 -0.7779 0.6284
vn -0.0000 0.9331 0.3595
vn -0.0000 0.9331 0.3595
vn 0.0000 -0.1552 -0.9879
vn 0.0000 -0.1552 -0.9879
vn 0.0000 -0.6284 -0.7779
vn 0.0000 -0.6284 -0.7779
vn 0.0000 -0.9331 -0.3595
vn 0.0000 -0.9331 -0.3595
vn -0.0000 -0.9879 0.1552
vn -0.0000 -0.9879 0.1552
vn -0.0000 -0.7779 0.6284
vn -0.0000 -0.7779 0.6284
vn -0.0000 -0.3595 0.9331
vn -0.0000 -0.3595 0.9331
vn -0.0000 0.1552 0.9879
vn -0.0000 0.1552 0.9879
vn -0.0000 0.6284 0.7779
vn -0.0000 0.6284 0.7779
vn -0.0000 0.9331 0.3595
vn -0.0000 0.9331 0.3595
vn -0.0000 0.9879 -0.1552
vn -0.0000 0.9879 -0.1552
vn -0.0000 0.7779 -0.6284
vn -0.0000 0.7779 -0.6284
vn 0.0000 0.3595 -0.9331
vn 0.0000 0.3595 -0.9331
vn 0.0000 -0.1552 -0.9879
vn 0.0000 -0.1552 -0.9879
vn 0.0000 -0.6284 -0.7779
vn 0.0000 -0.6284 -0.7779
vn -0.0000 -0.9879 0.1552
vn -0.0000 -0.9879 0.1552
vn -0.0000 -0.3595 0.9331
vn -0.0000 -0.3595 0.9331
vn -0.0000 0.6284 0.7779
vn -0.0000 0.6284 0.7779
vn -0.0000 0.9879 -0.1552
vn -0.0000 0.9879 -0.1552
vn 0.0000 0.3595 -0.9331
vn 0.0000 0.3595 -0.9331
vn -1.0000 0.0000 -0.0000
vn -1.0000 0.0000 -0.0000
vn -1.0000 0.0000 -0.0000
vn -1.0000 0.0000 -0.0000
vn -1.0000 0.0000 -0.0000
vn -1.0000 0.0000 -0.0000
vn -0.0000 0.4879 0.8729
vn -0.0000 0.4879 0.8729
vn 0.0000 -0.8729 0.4879
vn 0.0000 -0.8729 0.4879
vn -0.0000 0.8729 -0.4879
vn -0.0000 0.8729 -0.4879
vn -0.0000 0.8729 -0.4879
vn 0.0000 -0.8729 0.4879
vn -0.0000 -0.9999 0.0106
vn -0.0000 -0.9999 0.0106
vn -0.0000 -0.9999 0.0106
vn -0.0000 -0.9999 0.0106
vn -0.0000 0.0106 0.9999
vn -0.0000 0.0106 0.9999
vn -0.0000 0.0106 0.9999
vn -0.0000 0.0106 0.9999
vn 1.0000 0.0000 0.0000
vn 1.0000 0.0000 0.0000
vn 1.0000 0.0000 0.0000
vn -1.0000 0.0000 -0.0000
vn -1.0000 0.0000 -0.0000
vn -1.0000 0.0000 -0.0000
vn -0.0000 -0.9999 0.0106
vn -0.0000 -0.9999 0.0106
vn -0.0000 -0.9999 0.0106
vn -0.0000 -0.9999 0.0106
vn -0.0000 0.0106 0.9999
vn -0.0000 0.0106 0.9999
vn -0.0000 0.0106 0.9999
vn -0.0000 0.0106 0.9999
vn -1.0000 0.0000 -0.0000
vn -1.0000 0.0000 -0.0000
vn -1.0000 0.0000 -0.0000
vn 0.0000 -0.0106 -0.9999
vn 0.0000 -0.0106 -0.9999
vn 0.0000 -0.0106 -0.9999
vn 0.0000 -0.0106 -0.9999
vn -0.0000 -0.9999 0.0106
vn -0.0000 -0.9999 0.0106
vn -0.0000 -0.9999 0.0106
vn -0.0000 -0.9999 0.0106
vn -1.0000 0.0000 -0.0000
vn -1.0000 0.0000 -0.0000
vn -1.0000 0.0000 -0.0000
vn 1.0000 0.0000 0.0000
vn 1.0000 0.0000 0.0000
vn 1.0000 0.0000 0.0000
vn 0.0000 -0.0106 -0.9999
vn 0.0000 -0.0106 -0.9999
vn 0.0000 -0.0106 -0.9999
vn 0.0000 -0.0106 -0.9999
vn -0.0000 -0.9999 0.0106
vn -0.0000 -0.9999 0.0106
vn -0.0000 -0.9999 0.0106
vn -0.0000 -0.9999 0.0106
vn -1.0000 0.0000 -0.0000
vn -1.0000 0.0000 -0.0000
vn -1.0000 0.0000 -0.0000
vn -0.0000 0.9999 -0.0106
vn -0.0000 0.9999 -0.0106
vn -0.0000 0.9999 -0.0106
vn -0.0000 0.9999 -0.0106
vn -0.0000 0.0106 0.9999
vn -0.0000 0.0106 0.9999
vn -0.0000 0.0106 0.9999
vn -0.0000 0.0106 0.9999
vn 1.0000 0.0000 0.0000
vn 1.0000 0.0000 0.0000
vn 1.0000 0.0000 0.0000
vn -1.0000 0.0000 -0.0000
vn -1.0000 0.0000 -0.0000
vn -1.0000 0.0000 -0.0000
vn -0.0000 0.9999 -0.0106
vn -0.0000 0.9999 -0.0106
vn -0.0000 0.9999 -0.0106
vn -0.0000 0.9999 -0.0106
vn -0.0000 0.0106 0.9999
vn -0.0000 0.0106 0.9999
vn -0.0000 0.0106 0.9999
vn -0.0000 0.0106 0.9999
vn -1.0000 0.0000 -0.0000
vn -1.0000 0.0000 -0.0000
vn -1.0000 0.0000 -0.0000
vn 0.0000 -0.0106 -0.9999
vn 0.0000 -0.0106 -0.9999
vn 0.0000 -0.0106 -0.9999
vn 0.0000 -0.0106 -0.9999
vn -0.0000 0.9999 -0.0106
vn -0.0000 0.9999 -0.0106
vn -0.0000 0.9999 -0.0106
vn -0.0000 0.9999 -0.0106
vn -1.0000 0.0000 -0.0000
vn -1.0000 0.0000 -0.0000
vn -1.0000 0.0000 -0.0000
vn 1.0000 0.0000 0.0000
vn 1.0000 0.0000 0.0000
vn 1.0000 0.0000 0.0000
vn 0.0000 -0.0106 -0.9999
vn 0.0000 -0.0106 -0.9999
vn 0.0000 -0.0106 -0.9999
vn 0.0000 -0.0106 -0.9999
vn -0.0000 0.9999 -0.0106
vn -0.0000 0.9999 -0.0106
vn -0.0000 0.9999 -0.0106
vn -0.0000 0.9999 -0.0106
vn -1.0000 0.0000 -0.0000
vn -1.0000 0.0000 -0.0000
vn -1.0000 0.0000 -0.0000
vn 0.0000 -0.8729 0.4879
vn -0.0000 -0.4908 0.8713
vn -0.0000 -0.4908 0.8713
vn 0.0000 -0.8729 0.4879
vn -0.0000 -0.1058 0.9944
vn -0.0000 -0.1058 0.9944
vn -0.0000 0.0106 0.9999
vn -0.0000 0.0106 0.9999
vn -0.0000 0.0106 0.9999
vn -0.0000 0.0106 0.9999
vn -0.0000 0.1552 0.9879
vn -0.0000 0.1552 0.9879
vn -0.0000 0.0106 0.9999
vn -0.0000 0.0106 0.9999
vn -0.0000 0.4879 0.8729
vn -0.0000 0.4879 0.8729
vn -0.0000 0.7380 0.6748
vn 0.0000 0.8713 0.4908
vn 0.0000 0.8713 0.4908
vn -0.0000 0.9944 0.1058
vn -0.0000 0.9944 0.1058
vn -0.0000 0.9999 -0.0106
vn -0.0000 0.9999 -0.0106
vn 0.0000 0.9631 -0.2690
vn -0.0000 0.8729 -0.4879
vn -0.0000 0.8729 -0.4879
vn 0.0000 0.9631 -0.2690
vn -0.0000 0.9879 -0.1552
vn -0.0000 0.9879 -0.1552
vn -0.0000 0.4908 -0.8713
vn -0.0000 0.4908 -0.8713
vn 0.0000 0.1058 -0.9944
vn 0.0000 0.1058 -0.9944
vn 0.0000 -0.0106 -0.9999
vn 0.0000 -0.0106 -0.9999
vn 0.0000 -0.0106 -0.9999
vn 0.0000 -0.0106 -0.9999
vn 0.0000 -0.0106 -0.9999
vn 0.0000 -0.0106 -0.9999
vn 0.0000 -0.1552 -0.9879
vn 0.0000 -0.1552 -0.9879
vn 0.0000 -0.0106 -0.9999
vn 0.0000 -0.0106 -0.9999
vn 0.0000 -0.4879 -0.8729
vn 0.0000 -0.4879 -0.8729
vn -0.0000 -0.7145 -0.6996
vn -0.0000 -0.8713 -0.4908
vn -0.0000 -0.8713 -0.4908
vn -0.0000 -0.7145 -0.6996
vn -0.0000 -0.9944 -0.1058
vn -0.0000 -0.9944 -0.1058
vn -0.0000 -0.9999 0.0106
vn -0.0000 -0.9999 0.0106
vn 0.0000 -0.9631 0.2690
vn -0.0000 -0.9879 0.1552
vn -0.0000 -0.9879 0.1552
vn -1.0000 0.0000 -0.0000
vn -1.0000 0.0000 -0.0000
vn -1.0000 0.0000 -0.0000
vn -1.0000 0.0000 -0.0000
vn -1.0000 0.0000 -0.0000
vn -1.0000 0.0000 -0.0000
vn -1.0000 0.0000 -0.0000
vn -1.0000 0.0000 -0.0000
vn -1.0000 0.0000 -0.0000
vn -1.0000 0.0000 -0.0000
vn -1.0000 0.0000 -0.0000
vn -1.0000 0.0000 -0.0000
vn -1.0000 0.0000 -0.0000
vn -1.0000 0.0000 -0.0000
vn -1.0000 0.0000 -0.0000
vn -1.0000 0.0000 -0.0000
vn -1.0000 0.0000 -0.0000
vn -1.0000 0.0000 -0.0000
vn -1.0000 0.0000 -0.0000
vn -1.0000 0.0000 -0.0000
vn -1.0000 0.0000 -0.0000
vn -1.0000 0.0000 -0.0000
vn -1.0000 0.0000 -0.0000
vn -1.0000 0.0000 -0.0000
vn -1.0000 0.0000 -0.0000
vn -1.0000 0.0000 -0.0000
vn -1.0000 0.0000 -0.0000
vn -1.0000 0.0000 -0.0000
vn -1.0000 0.0000 -0.0000
vn -0.0000 0.7654 0.6436
vn -0.0000 0.7654 0.6436
vn -0.0000 0.9846 0.1747
vn -0.0000 0.9846 0.1747
vn 0.0000 -0.9401 0.3410
vn 0.0000 -0.9401 0.3410
vn -0.0000 -0.6436 0.7654
vn -0.0000 -0.6436 0.7654
vn -0.0000 -0.1747 0.9846
vn -0.0000 -0.1747 0.9846
vn -0.0000 0.3410 0.9401
vn -0.0000 0.3410 0.9401
vn -1.0000 0.0000 -0.0000
vn -1.0000 0.0000 -0.0000
vn -1.0000 0.0000 -0.0000
vn -1.0000 0.0000 -0.0000
vn -1.0000 0.0000 -0.0000
vn -1.0000 0.0000 -0.0000
vn -1.0000 0.0000 -0.0000
vn -1.0000 0.0000 -0.0000
vn -1.0000 0.0000 -0.0000
vn -1.0000 0.0000 -0.0000
vn -1.0000 0.0000 -0.0000
vn -1.0000 0.0000 -0.0000
vn -1.0000 0.0000 -0.0000
vn -1.0000 0.0000 -0.0000
vn -1.0000 0.0000 -0.0000
vn -1.0000 0.0000 -0.0000
vn -1.0000 0.0000 -0.0000
vn -1.0000 0.0000 -0.0000
vn -1.0000 0.0000 -0.0000
vn -1.0000 0.0000 -0.0000
vn -1.0000 0.0000 -0.0000
vn -1.0000 0.0000 -0.0000
vn -1.0000 0.0000 -0.0000
vn -1.0000 0.0000 -0.0000
vn 0.0000 -0.7654 -0.6436
vn 0.0000 -0.7654 -0.6436
vn 0.0000 -0.9846 -0.1747
vn 0.0000 -0.9846 -0.1747
vn 0.0000 0.9401 -0.3410
vn 0.0000 0.9401 -0.3410
vn -0.0000 0.6436 -0.7654
vn -0.0000 0.6436 -0.7654
vn 0.0000 0.1747 -0.9846
vn 0.0000 0.1747 -0.9846
vn -0.0000 -0.3410 -0.9401
vn -0.0000 -0.3410 -0.9401
vn 0.0000 0.1747 -0.9846
vn 0.0000 0.1747 -0.9846
vn -0.0000 -0.3410 -0.9401
vn -0.0000 -0.3410 -0.9401
vn 0.0000 -0.7654 -0.6436
vn 0.0000 -0.7654 -0.6436
vn 0.0000 -0.9846 -0.1747
vn 0.0000 -0.9846 -0.1747
vn 0.0000 0.9401 -0.3410
vn 0.0000 0.9401 -0.3410
vn -0.0000 0.6436 -0.7654
vn -0.0000 0.6436 -0.7654
vn 0.0000 -0.7654 -0.6436
vn 0.0000 -0.7654 -0.6436
vn 0.0000 -0.9846 -0.1747
vn 0.0000 -0.9846 -0.1747
vn 0.0000 0.9401 -0.3410
vn 0.0000 0.9401 -0.3410
vn -0.0000 0.6436 -0.7654
vn -0.0000 0.6436 -0.7654
vn 0.0000 0.1747 -0.9846
vn 0.0000 0.1747 -0.9846
vn -0.0000 -0.3410 -0.9401
vn -0.0000 -0.3410 -0.9401
vn -1.0000 0.0000 -0.0000
vn -1.0000 0.0000 -0.0000
vn -1.0000 0.0000 -0.0000
vn -1.0000 0.0000 -0.0000
vn -1.0000 0.0000 -0.0000
vn -1.0000 0.0000 -0.0000
vn -1.0000 0.0000 -0.0000
vn -1.0000 0.0000 -0.0000
vn -1.0000 0.0000 -0.0000
vn -1.0000 0.0000 -0.0000
vn -1.0000 0.0000 -0.0000
vn -1.0000 0.0000 -0.0000
vn -1.0000 0.0000 -0.0000
vn -1.0000 0.0000 -0.0000
vn -1.0000 0.0000 -0.0000
vn -1.0000 0.0000 -0.0000
vn -1.0000 0.0000 -0.0000
vn -1.0000 0.0000 -0.0000
vn -1.0000 0.0000 -0.0000
vn -1.0000 0.0000 -0.0000
vn -1.0000 0.0000 -0.0000
vn -1.0000 0.0000 -0.0000
vn -1.0000 0.0000 -0.0000
vn -1.0000 0.0000 -0.0000
vn -0.0000 0.7654 0.6436
vn -0.0000 0.7654 0.6436
vn -0.0000 0.9846 0.1747
vn -0.0000 0.9846 0.1747
vn 0.0000 -0.9401 0.3410
vn 0.0000 -0.9401 0.3410
vn -0.0000 -0.6436 0.7654
vn -0.0000 -0.6436 0.7654
vn -0.0000 -0.1747 0.9846
vn -0.0000 -0.1747 0.9846
vn -0.0000 0.3410 0.9401
vn -0.0000 0.3410 0.9401
vn -0.0000 -0.1747 0.9846
vn -0.0000 -0.1747 0.9846
vn -0.0000 0.3410 0.9401
vn -0.0000 0.3410 0.9401
vn -0.0000 0.7654 0.6436
vn -0.0000 0.7654 0.6436
vn -0.0000 0.9846 0.1747
vn -0.0000 0.9846 0.1747
vn 0.0000 -0.9401 0.3410
vn 0.0000 -0.9401 0.3410
vn -0.0000 -0.6436 0.7654
vn -0.0000 -0.6436 0.7654
vn 0.0000 -0.4056 -0.9141
vn -0.5836 -0.5103 -0.6317
vn 0.0000 -0.6284 -0.7779
vn -0.5836 -0.3294 -0.7423
vn -0.5836 -0.6564 -0.4781
vn 0.0000 -0.8083 -0.5888
vn -0.5836 -0.7577 -0.2920
vn 0.0000 -0.9331 -0.3595
vn -0.0000 -0.9944 -0.1058
vn -0.5836 -0.8075 -0.0859
vn -0.0000 -0.9879 0.1552
vn -0.5836 -0.8022 0.1260
vn -0.0000 -0.9141 0.4056
vn -0.5836 -0.7423 0.3294
vn -0.5836 -0.6317 0.5103
vn -0.0000 -0.7779 0.6284
vn -0.0000 -0.5888 0.8083
vn -0.5836 -0.4781 0.6564
vn -0.0000 -0.3595 0.9331
vn -0.5836 -0.2920 0.7578
vn -0.0000 -0.1058 0.9944
vn -0.5836 -0.0859 0.8075
vn -0.0000 0.1552 0.9879
vn -0.5836 0.1260 0.8022
vn -0.0000 0.4056 0.9141
vn -0.5836 0.3294 0.7423
vn -0.5836 0.5103 0.6317
vn -0.0000 0.6284 0.7779
vn -0.5836 0.6564 0.4781
vn -0.0000 0.8083 0.5888
vn -0.5836 0.7578 0.2920
vn -0.0000 0.9331 0.3595
vn -0.0000 0.9944 0.1058
vn -0.5836 0.8075 0.0859
vn -0.0000 0.9879 -0.1552
vn -0.5836 0.8022 -0.1260
vn -0.5836 0.7423 -0.3294
vn -0.0000 0.9141 -0.4056
vn -0.5836 0.6317 -0.5103
vn -0.0000 0.7779 -0.6284
vn 0.0000 0.5888 -0.8083
vn -0.5836 0.4781 -0.6564
vn 0.0000 0.3595 -0.9331
vn -0.5836 0.2920 -0.7577
vn 0.0000 0.1058 -0.9944
vn -0.5836 0.0859 -0.8075
vn -0.5836 -0.1260 -0.8022
vn 0.0000 -0.1552 -0.9879
vn 1.0000 0.0000 0.0000
vn 1.0000 0.0000 0.0000
vn 1.0000 0.0000 0.0000
vn 1.0000 0.0000 0.0000
vn 1.0000 0.0000 0.0000
vn 1.0000 0.0000 0.0000
vn 1.0000 0.0000 0.0000
vn 1.0000 0.0000 0.0000
vn 1.0000 0.0000 0.0000
vn 1.0000 0.0000 0.0000
vn 1.0000 0.0000 0.0000
vn 1.0000 0.0000 0.0000
vn -0.9547 -0.1870 -0.2315
vn -0.9547 -0.1207 -0.2720
vn -0.9547 -0.2406 -0.1752
vn -0.9547 -0.2777 -0.1070
vn -0.9547 -0.2959 -0.0315
vn -0.9547 -0.2940 0.0462
vn -0.9547 -0.2720 0.1207
vn -0.9547 -0.2315 0.1870
vn -0.9547 -0.1752 0.2406
vn -0.9547 -0.1070 0.2777
vn -0.9547 -0.0315 0.2959
vn -0.9547 0.0462 0.2940
vn -0.9547 0.1207 0.2720
vn -0.9547 0.1870 0.2315
vn -0.9547 0.2406 0.1752
vn -0.9547 0.2777 0.1070
vn -0.9547 0.2959 0.0315
vn -0.9547 0.2940 -0.0462
vn -0.9547 0.2720 -0.1207
vn -0.9547 0.2315 -0.1870
vn -0.9547 0.1752 -0.2406
vn -0.9547 0.1070 -0.2777
vn -0.9547 0.0315 -0.2959
vn -0.9547 -0.0462 -0.2940
vn -0.9940 -0.0443 -0.0997
vn -0.9985 -0.0221 -0.0499
vn -0.9761 -0.0882 -0.1988
vn -0.9761 -0.0338 -0.2148
vn -0.9547 -0.1207 -0.2720
vn -0.9547 -0.0462 -0.2940
vn -0.9761 -0.1366 -0.1692
vn -0.9547 -0.1870 -0.2315
vn -0.9761 -0.1758 -0.1280
vn -0.9547 -0.2406 -0.1752
vn -0.9940 -0.0882 -0.0642
vn -0.9985 -0.0221 -0.0499
vn -0.9761 -0.2029 -0.0782
vn -0.9547 -0.2777 -0.1070
vn -0.9761 -0.2162 -0.0230
vn -0.9547 -0.2959 -0.0315
vn -0.9940 -0.1085 -0.0115
vn -0.9985 -0.0509 -0.0196
vn -0.9761 -0.2148 0.0338
vn -0.9547 -0.2940 0.0462
vn -0.9761 -0.1988 0.0882
vn -0.9547 -0.2720 0.1207
vn -0.9940 -0.0997 0.0443
vn -0.9985 -0.0499 0.0221
vn -0.9761 -0.1692 0.1366
vn -0.9547 -0.2315 0.1870
vn -0.9547 -0.1752 0.2406
vn -0.9761 -0.1280 0.1758
vn -0.9940 -0.0642 0.0882
vn -0.9985 -0.0499 0.0221
vn -0.9761 -0.0782 0.2029
vn -0.9547 -0.1070 0.2777
vn -0.9761 -0.0230 0.2162
vn -0.9547 -0.0315 0.2959
vn -0.9940 -0.0115 0.1085
vn -0.9985 -0.0196 0.0509
vn -0.9547 0.0462 0.2940
vn -0.9761 0.0338 0.2148
vn -0.9547 0.1207 0.2720
vn -0.9761 0.0882 0.1988
vn -0.9940 0.0443 0.0997
vn -0.9985 0.0221 0.0499
vn -0.9761 0.1366 0.1692
vn -0.9547 0.1870 0.2315
vn -0.9547 0.2406 0.1752
vn -0.9761 0.1758 0.1280
vn -0.9940 0.0882 0.0642
vn -0.9985 0.0221 0.0499
vn -0.9761 0.2029 0.0782
vn -0.9547 0.2777 0.1070
vn -0.9547 0.2959 0.0315
vn -0.9761 0.2162 0.0230
vn -0.9940 0.1085 0.0115
vn -0.9985 0.0509 0.0196
vn -0.9547 0.2940 -0.0462
vn -0.9761 0.2148 -0.0338
vn -0.9547 0.2720 -0.1207
vn -0.9761 0.1988 -0.0882
vn -0.9940 0.0997 -0.0443
vn -0.9985 0.0499 -0.0221
vn -0.9761 0.1692 -0.1366
vn -0.9547 0.2315 -0.1870
vn -0.9547 0.1752 -0.2406
vn -0.9761 0.1280 -0.1758
vn -0.9940 0.0642 -0.0882
vn -0.9985 0.0499 -0.0221
vn -0.9761 0.0782 -0.2029
vn -0.9547 0.1070 -0.2777
vn -0.9547 0.0315 -0.2959
vn -0.9761 0.0230 -0.2162
vn -0.9940 0.0115 -0.1085
vn -0.9985 -0.0221 -0.0499
vn 0.0000 0.3595 -0.9331
vn 0.0000 0.5888 -0.8083
vn -0.0000 0.7779 -0.6284
vn -0.0000 0.9141 -0.4056
vn -0.0000 0.9879 -0.1552
vn -0.0000 0.9944 0.1058
vn -0.0000 0.9331 0.3595
vn -0.0000 0.8083 0.5888
vn -0.0000 0.6284 0.7779
vn -0.0000 0.4056 0.9141
vn -0.0000 0.1552 0.9879
vn -0.0000 -0.1058 0.9944
vn -0.0000 -0.3595 0.9331
vn -0.0000 -0.5888 0.8083
vn -0.0000 -0.7779 0.6284
vn -0.0000 -0.9141 0.4056
vn -0.0000 -0.9879 0.1552
vn -0.0000 -0.9944 -0.1058
vn 0.0000 -0.9331 -0.3595
vn 0.0000 -0.8083 -0.5888
vn 0.0000 -0.6284 -0.7779
vn 0.0000 -0.4056 -0.9141
vn 0.0000 -0.1552 -0.9879
vn 0.0000 0.1058 -0.9944
vn 0.4661 -0.5559 -0.6883
vn 0.0000 -0.4056 -0.9141
vn 0.0000 -0.6284 -0.7779
vn 0.4661 -0.3588 -0.8087
vn 0.4661 -0.7151 -0.5209
vn 0.0000 -0.8083 -0.5888
vn 0.0000 -0.9331 -0.3595
vn 0.4661 -0.8256 -0.3181
vn -0.0000 -0.9944 -0.1058
vn 0.4661 -0.8798 -0.0936
vn -0.0000 -0.9879 0.1552
vn 0.4661 -0.8740 0.1373
vn 0.4661 -0.8087 0.3588
vn -0.0000 -0.9141 0.4056
vn -0.0000 -0.7779 0.6284
vn 0.4661 -0.6883 0.5559
vn -0.0000 -0.5888 0.8083
vn 0.4661 -0.5209 0.7151
vn -0.0000 -0.3595 0.9331
vn 0.4661 -0.3181 0.8256
vn -0.0000 -0.1058 0.9944
vn 0.4661 -0.0936 0.8798
vn -0.0000 0.1552 0.9879
vn 0.4661 0.1373 0.8740
vn -0.0000 0.4056 0.9141
vn 0.4661 0.3588 0.8087
vn -0.0000 0.6284 0.7779
vn 0.4661 0.5559 0.6883
vn -0.0000 0.8083 0.5888
vn 0.4661 0.7151 0.5209
vn -0.0000 0.9331 0.3595
vn 0.4661 0.8256 0.3181
vn 0.4661 0.8798 0.0936
vn -0.0000 0.9944 0.1058
vn -0.0000 0.9879 -0.1552
vn 0.4661 0.8740 -0.1373
vn -0.0000 0.9141 -0.4056
vn 0.4661 0.8087 -0.3588
vn 0.4661 0.6883 -0.5559
vn -0.0000 0.7779 -0.6284
vn 0.0000 0.5888 -0.8083
vn 0.4661 0.5209 -0.7151
vn 0.4661 0.3181 -0.8256
vn 0.0000 0.3595 -0.9331
vn 0.0000 0.1058 -0.9944
vn 0.4661 0.0936 -0.8798
vn 0.4661 -0.1373 -0.8740
vn 0.0000 -0.1552 -0.9879
vn -1.0000 0.0000 -0.0000
vn -1.0000 0.0000 -0.0000
vn -1.0000 0.0000 -0.0000
vn -1.0000 0.0000 -0.0000
vn -1.0000 0.0000 -0.0000
vn -1.0000 0.0000 -0.0000
vn -1.0000 0.0000 -0.0000
vn -1.0000 0.0000 -0.0000
vn -1.0000 0.0000 -0.0000
vn -1.0000 0.0000 -0.0000
vn -1.0000 0.0000 -0.0000
vn -1.0000 0.0000 -0.0000
vn 0.8230 -0.2304 -0.5192
vn 0.8230 -0.3569 -0.4419
vn 0.8230 -0.4591 -0.3344
vn 0.8230 -0.5300 -0.2042
vn 0.8230 -0.5648 -0.0601
vn 0.8230 -0.5611 0.0882
vn 0.8230 -0.5192 0.2304
vn 0.8230 -0.4419 0.3569
vn 0.8230 -0.3344 0.4591
vn 0.8230 -0.2042 0.5300
vn 0.8230 -0.0601 0.5648
vn 0.8230 0.0882 0.5611
vn 0.8230 0.2304 0.5192
vn 0.8230 0.3569 0.4419
vn 0.8230 0.4591 0.3344
vn 0.8230 0.5300 0.2042
vn 0.8230 0.5648 0.0601
vn 0.8230 0.5611 -0.0882
vn 0.8230 0.5192 -0.2304
vn 0.8230 0.4419 -0.3569
vn 0.8230 0.3344 -0.4591
vn 0.8230 0.2042 -0.5300
vn 0.8230 0.0601 -0.5648
vn 0.8230 -0.0882 -0.5611
vn 0.9768 -0.0868 -0.1957
vn 0.9940 -0.0444 -0.1000
vn 0.9136 -0.1650 -0.3718
vn 0.9136 -0.0631 -0.4018
vn 0.8473 -0.2154 -0.4855
vn 0.8473 -0.0824 -0.5247
vn 0.9136 -0.2556 -0.3164
vn 0.8473 -0.3337 -0.4132
vn 0.8473 -0.4293 -0.3127
vn 0.9136 -0.3287 -0.2395
vn 0.9768 -0.1731 -0.1261
vn 0.9940 -0.0885 -0.0644
vn 0.9136 -0.3795 -0.1462
vn 0.8473 -0.4956 -0.1910
vn 0.8473 -0.5282 -0.0562
vn 0.9136 -0.4044 -0.0430
vn 0.9768 -0.2129 -0.0226
vn 0.9940 -0.1088 -0.0116
vn 0.9136 -0.4018 0.0631
vn 0.8473 -0.5247 0.0824
vn 0.9136 -0.3718 0.1650
vn 0.8473 -0.4855 0.2154
vn 0.9768 -0.1957 0.0868
vn 0.9940 -0.1000 0.0444
vn 0.9136 -0.3164 0.2556
vn 0.8473 -0.4132 0.3337
vn 0.9136 -0.2395 0.3287
vn 0.8473 -0.3127 0.4293
vn 0.9768 -0.1261 0.1731
vn 0.9940 -0.0644 0.0885
vn 0.9136 -0.1462 0.3795
vn 0.8473 -0.1910 0.4956
vn 0.8473 -0.0562 0.5282
vn 0.9136 -0.0430 0.4044
vn 0.9768 -0.0226 0.2129
vn 0.9940 -0.0116 0.1088
vn 0.8473 0.0824 0.5247
vn 0.9136 0.0631 0.4018
vn 0.8473 0.2154 0.4855
vn 0.9136 0.1650 0.3718
vn 0.9768 0.0868 0.1957
vn 0.9940 0.0444 0.1000
vn 0.9136 0.2556 0.3164
vn 0.8473 0.3337 0.4132
vn 0.8473 0.4293 0.3127
vn 0.9136 0.3287 0.2395
vn 0.9768 0.1731 0.1261
vn 0.9940 0.0885 0.0644
vn 0.8473 0.4956 0.1910
vn 0.9136 0.3795 0.1462
vn 0.8473 0.5282 0.0562
vn 0.9136 0.4044 0.0430
vn 0.9768 0.2129 0.0226
vn 0.9940 0.1088 0.0116
vn 0.8473 0.5247 -0.0824
vn 0.9136 0.4018 -0.0631
vn 0.8473 0.4855 -0.2154
vn 0.9136 0.3718 -0.1650
vn 0.9768 0.1957 -0.0868
vn 0.9940 0.1000 -0.0444
vn 0.9136 0.3164 -0.2556
vn 0.8473 0.4132 -0.3337
vn 0.9136 0.2395 -0.3287
vn 0.8473 0.3127 -0.4293
vn 0.9768 0.1261 -0.1731
vn 0.9940 0.0644 -0.0885
vn 0.9136 0.1462 -0.3795
vn 0.8473 0.1910 -0.4956
vn 0.9136 0.0430 -0.4044
vn 0.8473 0.0562 -0.5282
vn 0.9768 0.0226 -0.2129
vn 0.9940 0.0116 -0.1088
vn 0.0000 0.3595 -0.9331
vn 0.0000 0.5888 -0.8083
vn -0.0000 0.7779 -0.6284
vn -0.0000 0.9141 -0.4056
vn -0.0000 0.9879 -0.1552
vn -0.0000 0.9944 0.1058
vn -0.0000 0.9331 0.3595
vn -0.0000 0.8083 0.5888
vn -0.0000 0.6284 0.7779
vn -0.0000 0.4056 0.9141
vn -0.0000 0.1552 0.9879
vn -0.0000 -0.1058 0.9944
vn -0.0000 -0.3595 0.9331
vn -0.0000 -0.5888 0.8083
vn -0.0000 -0.7779 0.6284
vn -0.0000 -0.9141 0.4056
vn -0.0000 -0.9879 0.1552
vn -0.0000 -0.9944 -0.1058
vn 0.0000 -0.9331 -0.3595
vn 0.0000 -0.8083 -0.5888
vn 0.0000 -0.6284 -0.7779
vn 0.0000 -0.4056 -0.9141
vn 0.0000 -0.1552 -0.9879
vn 0.0000 0.1058 -0.9944
vn -0.0000 0.9999 -0.0106
vn -0.0000 0.9999 -0.0106
vn -1.0000 0.0000 -0.0000
vn 1.0000 0.0000 0.0000
vn -0.0000 -0.8713 -0.4908
vn -0.0000 -0.8713 -0.4908
vn -0.0000 -0.9620 -0.2731
vn -0.0000 -0.9620 -0.2731
vn -0.0000 0.9620 0.2731
vn -0.0000 0.9999 -0.0106
vn -0.0000 0.9999 -0.0106
vn -0.0000 0.9620 0.2731
vn -0.0000 0.8729 -0.4879
vn -0.0000 0.8729 -0.4879
vn 0.0000 -0.0106 -0.9999
vn 0.0000 -0.0106 -0.9999
vn 1.0000 0.0000 0.0000
vn 1.0000 0.0000 0.0000
vn 1.0000 0.0000 0.0000
vn -1.0000 0.0000 -0.0000
vn -1.0000 0.0000 -0.0000
vn -1.0000 0.0000 -0.0000
vn -0.0000 0.9999 -0.0106
vn -0.0000 0.9999 -0.0106
vn 1.0000 0.0000 0.0000
vn -1.0000 0.0000 -0.0000
vn -0.0000 -0.8713 -0.4908
vn -0.0000 -0.8713 -0.4908
vn -0.0000 -0.9620 -0.2731
vn -0.0000 -0.9620 -0.2731
vn -0.0000 0.9620 0.2731
vn -0.0000 0.9999 -0.0106
vn -0.0000 0.9620 0.2731
vn -0.0000 0.9999 -0.0106
vn -0.0000 0.8729 -0.4879
vn -0.0000 0.8729 -0.4879
vn 0.0000 -0.0106 -0.9999
vn 0.0000 -0.0106 -0.9999
vn -1.0000 0.0000 -0.0000
vn -1.0000 0.0000 -0.0000
vn -1.0000 0.0000 -0.0000
vn 1.0000 0.0000 0.0000
vn 1.0000 0.0000 0.0000
vn 1.0000 0.0000 0.0000
vn -0.0000 0.9999 -0.0106
vn -0.0000 0.9999 -0.0106
vn -0.0000 0.4908 -0.8713
vn -0.0000 0.4908 -0.8713
vn 0.0000 -0.4879 -0.8729
vn 0.0000 -0.4879 -0.8729
vn -0.0000 -0.9999 0.0106
vn -0.0000 -0.9999 0.0106
vn -0.0000 -0.4908 0.8713
vn -0.0000 -0.4908 0.8713
vn -0.0000 0.4879 0.8729
vn -0.0000 0.4879 0.8729
vn 0.0000 -0.6284 -0.7779
vn 0.0000 -0.6284 -0.7779
vn -0.0000 -0.9879 0.1552
vn -0.0000 -0.9879 0.1552
vn -0.0000 -0.3595 0.9331
vn -0.0000 -0.3595 0.9331
vn -0.0000 0.6284 0.7779
vn -0.0000 0.6284 0.7779
vn -0.0000 0.9879 -0.1552
vn -0.0000 0.9879 -0.1552
vn 0.0000 0.3595 -0.9331
vn 0.0000 0.3595 -0.9331
vn 1.0000 0.0000 0.0000
vn 1.0000 0.0000 0.0000
vn 1.0000 0.0000 0.0000
vn 1.0000 0.0000 0.0000
vn 1.0000 0.0000 0.0000
vn 1.0000 0.0000 0.0000
vn 0.0000 -0.6284 -0.7779
vn 0.0000 -0.6284 -0.7779
vn 0.0000 -0.9331 -0.3595
vn 0.0000 -0.9331 -0.3595
vn -0.0000 -0.9879 0.1552
vn -0.0000 -0.9879 0.1552
vn -0.0000 -0.3595 0.9331
vn -0.0000 -0.3595 0.9331
vn -0.0000 0.1552 0.9879
vn -0.0000 0.1552 0.9879
vn -0.0000 0.6284 0.7779
vn -0.0000 0.6284 0.7779
vn -0.0000 0.9879 -0.1552
vn -0.0000 0.9879 -0.1552
vn -0.0000 0.7779 -0.6284
vn -0.0000 0.7779 -0.6284
vn 0.0000 0.3595 -0.9331
vn 0.0000 0.3595 -0.9331
vn -0.6476 0.7587 0.0710
vn -0.6478 0.7614 0.0261
vn -0.6476 0.7587 0.0710
vn -0.6764 -0.7279 -0.1121
vn -0.6669 -0.7419 -0.0702
vn -0.6669 -0.7419 -0.0702
vn -1.0000 -0.0000 -0.0000
vn -1.0000 -0.0000 -0.0000
vn -1.0000 -0.0000 -0.0000
vn -1.0000 -0.0000 -0.0000
vn -1.0000 -0.0000 -0.0000
vn -1.0000 -0.0000 -0.0000
vn -1.0000 -0.0000 -0.0000
vn -1.0000 -0.0000 -0.0000
vn -1.0000 -0.0000 -0.0000
vn -1.0000 -0.0000 -0.0000
vn 1.0000 0.0001 -0.0013
vn 1.0000 0.0001 -0.0013
vn 1.0000 0.0001 -0.0013
vn 1.0000 0.0001 -0.0013
vn 1.0000 0.0001 -0.0013
vn 1.0000 0.0001 -0.0013
vn 1.0000 0.0001 -0.0013
vn 1.0000 0.0001 -0.0013
vn 1.0000 0.0001 -0.0013
vn 1.0000 0.0001 -0.0013
vn 1.0000 0.0001 -0.0013
vn 1.0000 0.0001 -0.0013
vn 0.6755 -0.7287 -0.1123
vn 0.6477 0.7615 0.0261
vn -1.0000 -0.0000 -0.0000
vn -1.0000 -0.0000 -0.0000
vn 1.0000 0.0001 -0.0013
vn 0.6547 -0.7556 -0.0195
vn 0.6547 -0.7556 -0.0195
vn 0.6457 0.7542 0.1195
vn 0.6457 0.7542 0.1195
vn -1.0000 -0.0000 -0.0000
vn -1.0000 -0.0000 -0.0000
vn -1.0000 -0.0000 -0.0000
vn 1.0000 0.0001 -0.0013
vn 1.0000 0.0001 -0.0013
vn 1.0000 0.0001 -0.0013
vn 0.6457 -0.7523 0.1308
vn 0.6457 -0.7523 0.1308
vn 0.6457 -0.6928 0.3211
vn 0.6457 -0.6928 0.3211
vn 0.6457 -0.5861 0.4895
vn 0.6457 -0.5861 0.4895
vn 0.6457 -0.4395 0.6245
vn 0.6457 -0.4395 0.6245
vn 0.6457 -0.2629 0.7169
vn 0.6457 -0.2629 0.7169
vn 0.6457 -0.0684 0.7606
vn 0.6457 -0.0684 0.7606
vn 0.6457 0.1308 0.7523
vn 0.6457 0.1308 0.7523
vn 0.6457 0.3211 0.6928
vn 0.6457 0.3211 0.6928
vn 0.6457 0.4895 0.5861
vn 0.6457 0.4895 0.5861
vn 0.6457 0.6245 0.4395
vn 0.6457 0.6245 0.4395
vn 0.6457 0.7169 0.2629
vn 0.6457 0.7169 0.2629
vn 1.0000 0.0001 -0.0013
vn 1.0000 0.0001 -0.0013
vn 1.0000 0.0001 -0.0013
vn 1.0000 0.0001 -0.0013
vn 1.0000 0.0001 -0.0013
vn 1.0000 0.0001 -0.0013
vn 1.0000 0.0001 -0.0013
vn 1.0000 0.0001 -0.0013
vn 1.0000 0.0001 -0.0013
vn 1.0000 0.0001 -0.0013
vn 1.0000 0.0001 -0.0013
f 3953/3953/3953 3954/3954/3954 3955/3955/3955
f 3953/3953/3953 3952/3952/3952 3954/3954/3954
f 3951/3951/3951 3952/3952/3952 3953/3953/3953
f 3951/3951/3951 3950/3950/3950 3952/3952/3952
f 3153/3153/3153 3950/3950/3950 3951/3951/3951
f 3153/3153/3153 3154/3154/3154 3950/3950/3950
f 3967/3967/3967 3159/3159/3159 3160/3160/3160
f 3967/3967/3967 3966/3966/3966 3159/3159/3159
f 3965/3965/3965 3966/3966/3966 3967/3967/3967
f 3965/3965/3965 3964/3964/3964 3966/3966/3966
f 3962/3962/3962 3964/3964/3964 3965/3965/3965
f 3962/3962/3962 3963/3963/3963 3964/3964/3964
f 3157/3157/3157 3963/3963/3963 3962/3962/3962
f 3157/3157/3157 3962/3962/3962 3158/3158/3158
f 3960/3960/3960 3157/3157/3157 3158/3158/3158
f 3960/3960/3960 3961/3961/3961 3157/3157/3157
f 3958/3958/3958 3961/3961/3961 3960/3960/3960
f 3958/3958/3958 3960/3960/3960 3959/3959/3959
f 3957/3957/3957 3958/3958/3958 3959/3959/3959
f 3957/3957/3957 3956/3956/3956 3958/3958/3958
f 3155/3155/3155 3956/3956/3956 3957/3957/3957
f 3155/3155/3155 3156/3156/3156 3956/3956/3956
f 3954/3954/3954 3156/3156/3156 3155/3155/3155
f 3954/3954/3954 3155/3155/3155 3955/3955/3955
f 3944/3944/3944 3152/3152/3152 2782/2782/2782
f 2782/2782/2782 3152/3152/3152 3945/3945/3945
f 3945/3945/3945 3152/3152/3152 2783/2783/2783
f 2783/2783/2783 3152/3152/3152 3946/3946/3946
f 3946/3946/3946 3152/3152/3152 2784/2784/2784
f 2784/2784/2784 3152/3152/3152 3947/3947/3947
f 3947/3947/3947 3152/3152/3152 2785/2785/2785
f 2785/2785/2785 3152/3152/3152 3948/3948/3948
f 3948/3948/3948 3152/3152/3152 2786/2786/2786
f 2786/2786/2786 3152/3152/3152 3949/3949/3949
f 3949/3949/3949 3152/3152/3152 2787/2787/2787
f 2787/2787/2787 3152/3152/3152 3944/3944/3944
f 2772/2772/2772 2773/2773/2773 3936/3936/3936
f 3934/3934/3934 2773/2773/2773 2772/2772/2772
f 3934/3934/3934 2772/2772/2772 3935/3935/3935
f 2771/2771/2771 3934/3934/3934 3935/3935/3935
f 2771/2771/2771 2770/2770/2770 3934/3934/3934
f 3932/3932/3932 2770/2770/2770 2771/2771/2771
f 3932/3932/3932 3933/3933/3933 2770/2770/2770
f 2781/2781/2781 3933/3933/3933 3932/3932/3932
f 2781/2781/2781 2780/2780/2780 3933/3933/3933
f 3942/3942/3942 2780/2780/2780 2781/2781/2781
f 3942/3942/3942 3943/3943/3943 2780/2780/2780
f 2779/2779/2779 3943/3943/3943 3942/3942/3942
f 2779/2779/2779 3942/3942/3942 2778/2778/2778
f 3941/3941/3941 2779/2779/2779 2778/2778/2778
f 3941/3941/3941 2778/2778/2778 3940/3940/3940
f 2776/2776/2776 3941/3941/3941 3940/3940/3940
f 2776/2776/2776 3940/3940/3940 2777/2777/2777
f 3939/3939/3939 2776/2776/2776 2777/2777/2777
f 3939/3939/3939 3938/3938/3938 2776/2776/2776
f 2775/2775/2775 3938/3938/3938 3939/3939/3939
f 2775/2775/2775 2774/2774/2774 3938/3938/3938
f 3937/3937/3937 2774/2774/2774 2775/2775/2775
f 3937/3937/3937 3936/3936/3936 2774/2774/2774
f 2772/2772/2772 3936/3936/3936 3937/3937/3937
f 3930/3930/3930 3151/3151/3151 3931/3931/3931
f 3930/3930/3930 3150/3150/3150 3151/3151/3151
f 3150/3150/3150 3928/3928/3928 3151/3151/3151
f 3150/3150/3150 3929/3929/3929 3928/3928/3928
f 3148/3148/3148 3928/3928/3928 3929/3929/3929
f 3148/3148/3148 3149/3149/3149 3928/3928/3928
f 3146/3146/3146 3927/3927/3927 3147/3147/3147
f 3146/3146/3146 3926/3926/3926 3927/3927/3927
f 3926/3926/3926 3145/3145/3145 3927/3927/3927
f 3926/3926/3926 3144/3144/3144 3145/3145/3145
f 3144/3144/3144 3925/3925/3925 3145/3145/3145
f 3144/3144/3144 3924/3924/3924 3925/3925/3925
f 3924/3924/3924 3143/3143/3143 3925/3925/3925
f 3924/3924/3924 3142/3142/3142 3143/3143/3143
f 3142/3142/3142 3922/3922/3922 3143/3143/3143
f 3142/3142/3142 3923/3923/3923 3922/3922/3922
f 3140/3140/3140 3922/3922/3922 3923/3923/3923
f 3140/3140/3140 3141/3141/3141 3922/3922/3922
f 3140/3140/3140 3921/3921/3921 3141/3141/3141
f 3140/3140/3140 3920/3920/3920 3921/3921/3921
f 3920/3920/3920 3138/3138/3138 3921/3921/3921
f 3920/3920/3920 3139/3139/3139 3138/3138/3138
f 3139/3139/3139 3931/3931/3931 3138/3138/3138
f 3139/3139/3139 3930/3930/3930 3931/3931/3931
f 3906/3906/3906 3908/3908/3908 3907/3907/3907
f 3906/3906/3906 3907/3907/3907 3909/3909/3909
f 3909/3909/3909 3907/3907/3907 3910/3910/3910
f 3909/3909/3909 3910/3910/3910 3911/3911/3911
f 3910/3910/3910 2762/2762/2762 3911/3911/3911
f 3910/3910/3910 2763/2763/2763 2762/2762/2762
f 2763/2763/2763 3912/3912/3912 2762/2762/2762
f 2763/2763/2763 3913/3913/3913 3912/3912/3912
f 3913/3913/3913 2761/2761/2761 3912/3912/3912
f 3913/3913/3913 2760/2760/2760 2761/2761/2761
f 2760/2760/2760 3902/3902/3902 2761/2761/2761
f 2760/2760/2760 3903/3903/3903 3902/3902/3902
f 3903/3903/3903 3904/3904/3904 3902/3902/3902
f 3903/3903/3903 3905/3905/3905 3904/3904/3904
f 3132/3132/3132 3133/3133/3133 3135/3135/3135
f 3132/3132/3132 3134/3134/3134 3133/3133/3133
f 3136/3136/3136 3133/3133/3133 3134/3134/3134
f 3136/3136/3136 3137/3137/3137 3133/3133/3133
f 3128/3128/3128 2758/2758/2758 2759/2759/2759
f 3128/3128/3128 3130/3130/3130 2758/2758/2758
f 3128/3128/3128 3129/3129/3129 3130/3130/3130
f 3128/3128/3128 3901/3901/3901 3129/3129/3129
f 3129/3129/3129 3901/3901/3901 3914/3914/3914
f 3914/3914/3914 3901/3901/3901 2764/2764/2764
f 2764/2764/2764 3901/3901/3901 3916/3916/3916
f 3916/3916/3916 3901/3901/3901 2766/2766/2766
f 2766/2766/2766 3901/3901/3901 3915/3915/3915
f 3915/3915/3915 3901/3901/3901 2765/2765/2765
f 3124/3124/3124 2754/2754/2754 2755/2755/2755
f 3124/3124/3124 3131/3131/3131 2754/2754/2754
f 3898/3898/3898 3123/3123/3123 3124/3124/3124
f 3898/3898/3898 3899/3899/3899 3123/3123/3123
f 3121/3121/3121 3118/3118/3118 3122/3122/3122
f 3121/3121/3121 3120/3120/3120 3118/3118/3118
f 3117/3117/3117 3118/3118/3118 3120/3120/3120
f 3117/3117/3117 3119/3119/3119 3118/3118/3118
f 3884/3884/3884 3885/3885/3885 3887/3887/3887
f 3884/3884/3884 3886/3886/3886 3885/3885/3885
f 3886/3886/3886 3888/3888/3888 3885/3885/3885
f 3886/3886/3886 3889/3889/3889 3888/3888/3888
f 3889/3889/3889 2746/2746/2746 3888/3888/3888
f 3889/3889/3889 2747/2747/2747 2746/2746/2746
f 2747/2747/2747 3890/3890/3890 2746/2746/2746
f 2747/2747/2747 3891/3891/3891 3890/3890/3890
f 3891/3891/3891 2745/2745/2745 3890/3890/3890
f 3891/3891/3891 2744/2744/2744 2745/2745/2745
f 2744/2744/2744 3880/3880/3880 2745/2745/2745
f 2744/2744/2744 3881/3881/3881 3880/3880/3880
f 3882/3882/3882 3880/3880/3880 3881/3881/3881
f 3882/3882/3882 3883/3883/3883 3880/3880/3880
f 2768/2768/2768 3900/3900/3900 3918/3918/3918
f 3918/3918/3918 3900/3900/3900 2769/2769/2769
f 2769/2769/2769 3900/3900/3900 3919/3919/3919
f 3919/3919/3919 3900/3900/3900 2767/2767/2767
f 2767/2767/2767 3900/3900/3900 3917/3917/3917
f 3917/3917/3917 3900/3900/3900 3126/3126/3126
f 3125/3125/3125 3126/3126/3126 3900/3900/3900
f 3125/3125/3125 3127/3127/3127 3126/3126/3126
f 3125/3125/3125 2756/2756/2756 3127/3127/3127
f 3125/3125/3125 2757/2757/2757 2756/2756/2756
f 2738/2738/2738 3116/3116/3116 3108/3108/3108
f 2738/2738/2738 2739/2739/2739 3116/3116/3116
f 3108/3108/3108 3876/3876/3876 3877/3877/3877
f 3108/3108/3108 3109/3109/3109 3876/3876/3876
f 2752/2752/2752 3896/3896/3896 3878/3878/3878
f 3896/3896/3896 2753/2753/2753 3878/3878/3878
f 2753/2753/2753 3897/3897/3897 3878/3878/3878
f 3897/3897/3897 2751/2751/2751 3878/3878/3878
f 2751/2751/2751 3895/3895/3895 3878/3878/3878
f 3895/3895/3895 3110/3110/3110 3878/3878/3878
f 3110/3110/3110 3111/3111/3111 3878/3878/3878
f 3110/3110/3110 3112/3112/3112 3111/3111/3111
f 2740/2740/2740 3111/3111/3111 3112/3112/3112
f 2740/2740/2740 2741/2741/2741 3111/3111/3111
f 3893/3893/3893 2749/2749/2749 3879/3879/3879
f 2750/2750/2750 3893/3893/3893 3879/3879/3879
f 3894/3894/3894 2750/2750/2750 3879/3879/3879
f 2748/2748/2748 3894/3894/3894 3879/3879/3879
f 3892/3892/3892 2748/2748/2748 3879/3879/3879
f 3114/3114/3114 3892/3892/3892 3879/3879/3879
f 3113/3113/3113 3114/3114/3114 3879/3879/3879
f 3113/3113/3113 3115/3115/3115 3114/3114/3114
f 3113/3113/3113 2742/2742/2742 3115/3115/3115
f 3113/3113/3113 2743/2743/2743 2742/2742/2742
f 3806/3806/3806 3094/3094/3094 3810/3810/3810
f 3806/3806/3806 3808/3808/3808 3094/3094/3094
f 3092/3092/3092 3808/3808/3808 3806/3806/3806
f 3092/3092/3092 3806/3806/3806 3804/3804/3804
f 3802/3802/3802 3092/3092/3092 3804/3804/3804
f 3802/3802/3802 3804/3804/3804 3800/3800/3800
f 3798/3798/3798 3802/3802/3802 3800/3800/3800
f 3798/3798/3798 3090/3090/3090 3802/3802/3802
f 3795/3795/3795 3090/3090/3090 3798/3798/3798
f 3795/3795/3795 3796/3796/3796 3090/3090/3090
f 3090/3090/3090 3091/3091/3091 3803/3803/3803
f 3796/3796/3796 3091/3091/3091 3090/3090/3090
f 3796/3796/3796 3797/3797/3797 3091/3091/3091
f 3089/3089/3089 3797/3797/3797 3796/3796/3796
f 3086/3086/3086 3087/3087/3087 3791/3791/3791
f 3086/3086/3086 3791/3791/3791 3790/3790/3790
f 3790/3790/3790 3791/3791/3791 3089/3089/3089
f 3790/3790/3790 3089/3089/3089 3088/3088/3088
f 3089/3089/3089 3796/3796/3796 3088/3088/3088
f 3792/3792/3792 3088/3088/3088 3796/3796/3796
f 3792/3792/3792 3796/3796/3796 3795/3795/3795
f 3792/3792/3792 3795/3795/3795 3794/3794/3794
f 3794/3794/3794 3795/3795/3795 3798/3798/3798
f 3794/3794/3794 3798/3798/3798 3799/3799/3799
f 3799/3799/3799 3798/3798/3798 3800/3800/3800
f 3799/3799/3799 3800/3800/3800 3801/3801/3801
f 3801/3801/3801 3800/3800/3800 3804/3804/3804
f 3801/3801/3801 3804/3804/3804 3805/3805/3805
f 3805/3805/3805 3804/3804/3804 3806/3806/3806
f 3805/3805/3805 3806/3806/3806 3807/3807/3807
f 3807/3807/3807 3806/3806/3806 3810/3810/3810
f 3807/3807/3807 3810/3810/3810 3811/3811/3811
f 3766/3766/3766 3765/3765/3765 3811/3811/3811
f 3765/3765/3765 3807/3807/3807 3811/3811/3811
f 3765/3765/3765 3764/3764/3764 3807/3807/3807
f 3764/3764/3764 3805/3805/3805 3807/3807/3807
f 3792/3792/3792 3794/3794/3794 3793/3793/3793
f 3759/3759/3759 3793/3793/3793 3794/3794/3794
f 3759/3759/3759 3794/3794/3794 3760/3760/3760
f 3758/3758/3758 3793/3793/3793 3759/3759/3759
f 3703/3703/3703 3758/3758/3758 3759/3759/3759
f 3705/3705/3705 3703/3703/3703 3759/3759/3759
f 3705/3705/3705 3759/3759/3759 3760/3760/3760
f 3705/3705/3705 3760/3760/3760 3761/3761/3761
f 3761/3761/3761 3760/3760/3760 3794/3794/3794
f 3761/3761/3761 3794/3794/3794 3799/3799/3799
f 3761/3761/3761 3799/3799/3799 3801/3801/3801
f 3761/3761/3761 3801/3801/3801 3762/3762/3762
f 3762/3762/3762 3801/3801/3801 3805/3805/3805
f 3762/3762/3762 3805/3805/3805 3763/3763/3763
f 3764/3764/3764 3763/3763/3763 3805/3805/3805
f 3711/3711/3711 3763/3763/3763 3764/3764/3764
f 3711/3711/3711 3764/3764/3764 3713/3713/3713
f 3713/3713/3713 3764/3764/3764 3765/3765/3765
f 3713/3713/3713 3765/3765/3765 3715/3715/3715
f 3715/3715/3715 3765/3765/3765 3766/3766/3766
f 3715/3715/3715 3766/3766/3766 3717/3717/3717
f 3711/3711/3711 3762/3762/3762 3763/3763/3763
f 3711/3711/3711 3708/3708/3708 3762/3762/3762
f 3707/3707/3707 3762/3762/3762 3708/3708/3708
f 3707/3707/3707 3761/3761/3761 3762/3762/3762
f 3705/3705/3705 3761/3761/3761 3707/3707/3707
f 3696/3696/3696 3758/3758/3758 3700/3700/3700
f 3703/3703/3703 3700/3700/3700 3758/3758/3758
f 3810/3810/3810 3812/3812/3812 3811/3811/3811
f 3766/3766/3766 3811/3811/3811 3812/3812/3812
f 3767/3767/3767 3766/3766/3766 3812/3812/3812
f 3719/3719/3719 3766/3766/3766 3767/3767/3767
f 3719/3719/3719 3717/3717/3717 3766/3766/3766
f 3717/3717/3717 3719/3719/3719 3718/3718/3718
f 3717/3717/3717 3718/3718/3718 3716/3716/3716
f 3715/3715/3715 3717/3717/3717 3716/3716/3716
f 3715/3715/3715 3716/3716/3716 3714/3714/3714
f 3713/3713/3713 3715/3715/3715 3714/3714/3714
f 3713/3713/3713 3714/3714/3714 3712/3712/3712
f 3711/3711/3711 3713/3713/3713 3712/3712/3712
f 3711/3711/3711 3712/3712/3712 3710/3710/3710
f 3708/3708/3708 3711/3711/3711 3710/3710/3710
f 3708/3708/3708 3710/3710/3710 3709/3709/3709
f 3708/3708/3708 3709/3709/3709 3706/3706/3706
f 3706/3706/3706 3709/3709/3709 3867/3867/3867
f 3706/3706/3706 3867/3867/3867 3868/3868/3868
f 3709/3709/3709 3866/3866/3866 3867/3867/3867
f 3709/3709/3709 3710/3710/3710 3866/3866/3866
f 3710/3710/3710 3865/3865/3865 3866/3866/3866
f 3710/3710/3710 3712/3712/3712 3865/3865/3865
f 3712/3712/3712 3864/3864/3864 3865/3865/3865
f 3712/3712/3712 3714/3714/3714 3864/3864/3864
f 3714/3714/3714 3863/3863/3863 3864/3864/3864
f 3714/3714/3714 3716/3716/3716 3863/3863/3863
f 3716/3716/3716 3862/3862/3862 3863/3863/3863
f 3716/3716/3716 3718/3718/3718 3862/3862/3862
f 3720/3720/3720 3862/3862/3862 3718/3718/3718
f 3719/3719/3719 3720/3720/3720 3718/3718/3718
f 3719/3719/3719 3721/3721/3721 3720/3720/3720
f 3721/3721/3721 3719/3719/3719 3767/3767/3767
f 3721/3721/3721 3767/3767/3767 3768/3768/3768
f 3767/3767/3767 3818/3818/3818 3768/3768/3768
f 3768/3768/3768 3818/3818/3818 3823/3823/3823
f 3818/3818/3818 3822/3822/3822 3823/3823/3823
f 3822/3822/3822 3824/3824/3824 3823/3823/3823
f 3822/3822/3822 3825/3825/3825 3824/3824/3824
f 3825/3825/3825 3828/3828/3828 3824/3824/3824
f 3825/3825/3825 3829/3829/3829 3828/3828/3828
f 3829/3829/3829 3830/3830/3830 3828/3828/3828
f 3829/3829/3829 3831/3831/3831 3830/3830/3830
f 3818/3818/3818 3819/3819/3819 3822/3822/3822
f 3819/3819/3819 3098/3098/3098 3822/3822/3822
f 3098/3098/3098 3825/3825/3825 3822/3822/3822
f 3098/3098/3098 3826/3826/3826 3825/3825/3825
f 3825/3825/3825 3826/3826/3826 3100/3100/3100
f 3825/3825/3825 3100/3100/3100 3829/3829/3829
f 3771/3771/3771 3828/3828/3828 3830/3830/3830
f 3770/3770/3770 3828/3828/3828 3771/3771/3771
f 3770/3770/3770 3824/3824/3824 3828/3828/3828
f 3770/3770/3770 3823/3823/3823 3824/3824/3824
f 3770/3770/3770 3769/3769/3769 3823/3823/3823
f 3768/3768/3768 3823/3823/3823 3769/3769/3769
f 3723/3723/3723 3768/3768/3768 3769/3769/3769
f 3723/3723/3723 3721/3721/3721 3768/3768/3768
f 3725/3725/3725 3723/3723/3723 3769/3769/3769
f 3725/3725/3725 3769/3769/3769 3770/3770/3770
f 3725/3725/3725 3770/3770/3770 3771/3771/3771
f 3725/3725/3725 3771/3771/3771 3727/3727/3727
f 3844/3844/3844 3845/3845/3845 3107/3107/3107
f 3104/3104/3104 3845/3845/3845 3844/3844/3844
f 3104/3104/3104 3105/3105/3105 3845/3845/3845
f 3838/3838/3838 3105/3105/3105 3104/3104/3104
f 3837/3837/3837 3838/3838/3838 3104/3104/3104
f 3102/3102/3102 3838/3838/3838 3837/3837/3837
f 3102/3102/3102 3837/3837/3837 3835/3835/3835
f 3832/3832/3832 3102/3102/3102 3835/3835/3835
f 3832/3832/3832 3835/3835/3835 3831/3831/3831
f 3829/3829/3829 3832/3832/3832 3831/3831/3831
f 3829/3829/3829 3100/3100/3100 3832/3832/3832
f 3101/3101/3101 3832/3832/3832 3100/3100/3100
f 3826/3826/3826 3101/3101/3101 3100/3100/3100
f 3826/3826/3826 3827/3827/3827 3101/3101/3101
f 3099/3099/3099 3827/3827/3827 3826/3826/3826
f 3099/3099/3099 3826/3826/3826 3098/3098/3098
f 3820/3820/3820 3099/3099/3099 3098/3098/3098
f 3819/3819/3819 3820/3820/3820 3098/3098/3098
f 3101/3101/3101 3833/3833/3833 3832/3832/3832
f 3832/3832/3832 3833/3833/3833 3103/3103/3103
f 3832/3832/3832 3103/3103/3103 3102/3102/3102
f 3102/3102/3102 3103/3103/3103 3839/3839/3839
f 3102/3102/3102 3839/3839/3839 3838/3838/3838
f 3838/3838/3838 3839/3839/3839 3105/3105/3105
f 3817/3817/3817 3096/3096/3096 3820/3820/3820
f 3813/3813/3813 3817/3817/3817 3816/3816/3816
f 3814/3814/3814 3817/3817/3817 3813/3813/3813
f 3814/3814/3814 3096/3096/3096 3817/3817/3817
f 3815/3815/3815 3096/3096/3096 3814/3814/3814
f 3815/3815/3815 3097/3097/3097 3096/3096/3096
f 3096/3096/3096 3097/3097/3097 3821/3821/3821
f 3096/3096/3096 3821/3821/3821 3820/3820/3820
f 3820/3820/3820 3821/3821/3821 3099/3099/3099
f 3817/3817/3817 3820/3820/3820 3819/3819/3819
f 3817/3817/3817 3819/3819/3819 3818/3818/3818
f 3817/3817/3817 3818/3818/3818 3816/3816/3816
f 3767/3767/3767 3816/3816/3816 3818/3818/3818
f 3767/3767/3767 3812/3812/3812 3816/3816/3816
f 3813/3813/3813 3816/3816/3816 3812/3812/3812
f 3810/3810/3810 3813/3813/3813 3812/3812/3812
f 3810/3810/3810 3814/3814/3814 3813/3813/3813
f 3810/3810/3810 3094/3094/3094 3814/3814/3814
f 3094/3094/3094 3815/3815/3815 3814/3814/3814
f 3094/3094/3094 3095/3095/3095 3815/3815/3815
f 3808/3808/3808 3095/3095/3095 3094/3094/3094
f 3808/3808/3808 3809/3809/3809 3095/3095/3095
f 3092/3092/3092 3809/3809/3809 3808/3808/3808
f 3092/3092/3092 3093/3093/3093 3809/3809/3809
f 3802/3802/3802 3093/3093/3093 3092/3092/3092
f 3802/3802/3802 3803/3803/3803 3093/3093/3093
f 3090/3090/3090 3803/3803/3803 3802/3802/3802
f 3753/3753/3753 3082/3082/3082 2731/2731/2731
f 3082/3082/3082 3754/3754/3754 2731/2731/2731
f 3754/3754/3754 2737/2737/2737 2731/2731/2731
f 2737/2737/2737 3755/3755/3755 2731/2731/2731
f 3755/3755/3755 3083/3083/3083 2731/2731/2731
f 3083/3083/3083 3744/3744/3744 2731/2731/2731
f 3744/3744/3744 2732/2732/2732 2731/2731/2731
f 2732/2732/2732 3745/3745/3745 2731/2731/2731
f 3745/3745/3745 3078/3078/3078 2731/2731/2731
f 3078/3078/3078 3746/3746/3746 2731/2731/2731
f 3746/3746/3746 2733/2733/2733 2731/2731/2731
f 2733/2733/2733 3747/3747/3747 2731/2731/2731
f 3747/3747/3747 3079/3079/3079 2731/2731/2731
f 3079/3079/3079 3748/3748/3748 2731/2731/2731
f 3748/3748/3748 2734/2734/2734 2731/2731/2731
f 2734/2734/2734 3749/3749/3749 2731/2731/2731
f 3749/3749/3749 3080/3080/3080 2731/2731/2731
f 3080/3080/3080 3750/3750/3750 2731/2731/2731
f 3750/3750/3750 2735/2735/2735 2731/2731/2731
f 2735/2735/2735 3751/3751/3751 2731/2731/2731
f 3751/3751/3751 3081/3081/3081 2731/2731/2731
f 3081/3081/3081 3752/3752/3752 2731/2731/2731
f 3752/3752/3752 2736/2736/2736 2731/2731/2731
f 2736/2736/2736 3753/3753/3753 2731/2731/2731
f 3526/3526/3526 3687/3687/3687 3528/3528/3528
f 3526/3526/3526 3688/3688/3688 3687/3687/3687
f 3689/3689/3689 3688/3688/3688 3526/3526/3526
f 3528/3528/3528 3686/3686/3686 3531/3531/3531
f 3528/3528/3528 3687/3687/3687 3686/3686/3686
f 3690/3690/3690 3689/3689/3689 3524/3524/3524
f 3689/3689/3689 3526/3526/3526 3524/3524/3524
f 3525/3525/3525 3524/3524/3524 3526/3526/3526
f 3525/3525/3525 3526/3526/3526 3527/3527/3527
f 3527/3527/3527 3526/3526/3526 3528/3528/3528
f 3527/3527/3527 3528/3528/3528 3529/3529/3529
f 3528/3528/3528 3530/3530/3530 3529/3529/3529
f 3528/3528/3528 3531/3531/3531 3530/3530/3530
f 3530/3530/3530 3531/3531/3531 3532/3532/3532
f 3686/3686/3686 3532/3532/3532 3531/3531/3531
f 3686/3686/3686 3685/3685/3685 3532/3532/3532
f 3581/3581/3581 3525/3525/3525 3527/3527/3527
f 3582/3582/3582 3581/3581/3581 3527/3527/3527
f 3582/3582/3582 3527/3527/3527 3529/3529/3529
f 3583/3583/3583 3582/3582/3582 3529/3529/3529
f 3583/3583/3583 3529/3529/3529 3530/3530/3530
f 3533/3533/3533 3583/3583/3583 3530/3530/3530
f 3530/3530/3530 3532/3532/3532 3533/3533/3533
f 3533/3533/3533 3532/3532/3532 3534/3534/3534
f 3685/3685/3685 3534/3534/3534 3532/3532/3532
f 3685/3685/3685 3684/3684/3684 3534/3534/3534
f 3534/3534/3534 3684/3684/3684 3683/3683/3683
f 3534/3534/3534 3683/3683/3683 3536/3536/3536
f 3536/3536/3536 3683/3683/3683 3682/3682/3682
f 3536/3536/3536 3682/3682/3682 3538/3538/3538
f 3682/3682/3682 3540/3540/3540 3538/3538/3538
f 3539/3539/3539 3538/3538/3538 3540/3540/3540
f 3539/3539/3539 3540/3540/3540 3541/3541/3541
f 3541/3541/3541 3587/3587/3587 3539/3539/3539
f 3682/3682/3682 3681/3681/3681 3540/3540/3540
f 3540/3540/3540 3681/3681/3681 3680/3680/3680
f 3626/3626/3626 3625/3625/3625 3583/3583/3583
f 3625/3625/3625 3582/3582/3582 3583/3583/3583
f 3542/3542/3542 3588/3588/3588 3541/3541/3541
f 3540/3540/3540 3542/3542/3542 3541/3541/3541
f 3540/3540/3540 3543/3543/3543 3542/3542/3542
f 3540/3540/3540 3680/3680/3680 3543/3543/3543
f 3543/3543/3543 3680/3680/3680 3679/3679/3679
f 3541/3541/3541 3588/3588/3588 3587/3587/3587
f 3638/3638/3638 3587/3587/3587 3588/3588/3588
f 3638/3638/3638 3636/3636/3636 3587/3587/3587
f 3638/3638/3638 3637/3637/3637 3636/3636/3636
f 3636/3636/3636 3637/3637/3637 3632/3632/3632
f 3636/3636/3636 3632/3632/3632 3633/3633/3633
f 3631/3631/3631 3633/3633/3633 3632/3632/3632
f 3633/3633/3633 3631/3631/3631 3585/3585/3585
f 3631/3631/3631 3584/3584/3584 3585/3585/3585
f 3535/3535/3535 3585/3585/3585 3584/3584/3584
f 3535/3535/3535 3584/3584/3584 3533/3533/3533
f 3533/3533/3533 3534/3534/3534 3535/3535/3535
f 3535/3535/3535 3534/3534/3534 3536/3536/3536
f 3535/3535/3535 3536/3536/3536 3537/3537/3537
f 3537/3537/3537 3536/3536/3536 3538/3538/3538
f 3537/3537/3537 3538/3538/3538 3539/3539/3539
f 3539/3539/3539 3586/3586/3586 3537/3537/3537
f 3539/3539/3539 3587/3587/3587 3586/3586/3586
f 3587/3587/3587 3633/3633/3633 3586/3586/3586
f 3587/3587/3587 3636/3636/3636 3633/3633/3633
f 3633/3633/3633 3585/3585/3585 3586/3586/3586
f 3537/3537/3537 3586/3586/3586 3585/3585/3585
f 3537/3537/3537 3585/3585/3585 3535/3535/3535
f 3638/3638/3638 3639/3639/3639 3637/3637/3637
f 3533/3533/3533 3584/3584/3584 3583/3583/3583
f 3626/3626/3626 3583/3583/3583 3584/3584/3584
f 3631/3631/3631 3626/3626/3626 3584/3584/3584
f 3626/3626/3626 3631/3631/3631 3630/3630/3630
f 3631/3631/3631 3632/3632/3632 3630/3630/3630
f 3626/3626/3626 3630/3630/3630 3627/3627/3627
f 3627/3627/3627 3630/3630/3630 3064/3064/3064
f 3632/3632/3632 3064/3064/3064 3630/3630/3630
f 3632/3632/3632 3634/3634/3634 3064/3064/3064
f 3637/3637/3637 3634/3634/3634 3632/3632/3632
f 3637/3637/3637 3066/3066/3066 3634/3634/3634
f 3639/3639/3639 3066/3066/3066 3637/3637/3637
f 3639/3639/3639 3640/3640/3640 3066/3066/3066
f 3639/3639/3639 3068/3068/3068 3640/3640/3640
f 3640/3640/3640 3068/3068/3068 3069/3069/3069
f 3646/3646/3646 3069/3069/3069 3068/3068/3068
f 3646/3646/3646 3647/3647/3647 3069/3069/3069
f 3646/3646/3646 3071/3071/3071 3647/3647/3647
f 3646/3646/3646 3070/3070/3070 3071/3071/3071
f 3652/3652/3652 3071/3071/3071 3070/3070/3070
f 3651/3651/3651 3652/3652/3652 3070/3070/3070
f 3651/3651/3651 3072/3072/3072 3652/3652/3652
f 3651/3651/3651 3655/3655/3655 3072/3072/3072
f 3654/3654/3654 3655/3655/3655 3651/3651/3651
f 3656/3656/3656 3655/3655/3655 3654/3654/3654
f 3656/3656/3656 3657/3657/3657 3655/3655/3655
f 3656/3656/3656 3660/3660/3660 3657/3657/3657
f 3643/3643/3643 3588/3588/3588 3589/3589/3589
f 3643/3643/3643 3638/3638/3638 3588/3588/3588
f 3638/3638/3638 3643/3643/3643 3642/3642/3642
f 3638/3638/3638 3642/3642/3642 3639/3639/3639
f 3639/3639/3639 3642/3642/3642 3068/3068/3068
f 3645/3645/3645 3068/3068/3068 3642/3642/3642
f 3645/3645/3645 3646/3646/3646 3068/3068/3068
f 3645/3645/3645 3070/3070/3070 3646/3646/3646
f 3645/3645/3645 3648/3648/3648 3070/3070/3070
f 3651/3651/3651 3070/3070/3070 3648/3648/3648
f 3650/3650/3650 3651/3651/3651 3648/3648/3648
f 3654/3654/3654 3651/3651/3651 3650/3650/3650
f 3654/3654/3654 3650/3650/3650 3592/3592/3592
f 3650/3650/3650 3591/3591/3591 3592/3592/3592
f 3549/3549/3549 3592/3592/3592 3591/3591/3591
f 3549/3549/3549 3591/3591/3591 3546/3546/3546
f 3546/3546/3546 3548/3548/3548 3549/3549/3549
f 3546/3546/3546 3547/3547/3547 3548/3548/3548
f 3545/3545/3545 3547/3547/3547 3546/3546/3546
f 3545/3545/3545 3546/3546/3546 3544/3544/3544
f 3546/3546/3546 3590/3590/3590 3544/3544/3544
f 3544/3544/3544 3590/3590/3590 3589/3589/3589
f 3590/3590/3590 3643/3643/3643 3589/3589/3589
f 3590/3590/3590 3644/3644/3644 3643/3643/3643
f 3644/3644/3644 3642/3642/3642 3643/3643/3643
f 3644/3644/3644 3645/3645/3645 3642/3642/3642
f 3644/3644/3644 3648/3648/3648 3645/3645/3645
f 3644/3644/3644 3649/3649/3649 3648/3648/3648
f 3650/3650/3650 3648/3648/3648 3649/3649/3649
f 3650/3650/3650 3649/3649/3649 3591/3591/3591
f 3649/3649/3649 3590/3590/3590 3591/3591/3591
f 3546/3546/3546 3591/3591/3591 3590/3590/3590
f 3649/3649/3649 3644/3644/3644 3590/3590/3590
f 3594/3594/3594 3656/3656/3656 3654/3654/3654
f 3594/3594/3594 3654/3654/3654 3593/3593/3593
f 3654/3654/3654 3592/3592/3592 3593/3593/3593
f 3551/3551/3551 3593/3593/3593 3592/3592/3592
f 3551/3551/3551 3592/3592/3592 3549/3549/3549
f 3549/3549/3549 3550/3550/3550 3551/3551/3551
f 3549/3549/3549 3548/3548/3548 3550/3550/3550
f 3548/3548/3548 3676/3676/3676 3550/3550/3550
f 3548/3548/3548 3677/3677/3677 3676/3676/3676
f 3678/3678/3678 3677/3677/3677 3548/3548/3548
f 3678/3678/3678 3548/3548/3548 3547/3547/3547
f 3679/3679/3679 3678/3678/3678 3547/3547/3547
f 3679/3679/3679 3547/3547/3547 3545/3545/3545
f 3543/3543/3543 3679/3679/3679 3545/3545/3545
f 3543/3543/3543 3545/3545/3545 3544/3544/3544
f 3543/3543/3543 3544/3544/3544 3542/3542/3542
f 3544/3544/3544 3589/3589/3589 3542/3542/3542
f 3542/3542/3542 3589/3589/3589 3588/3588/3588
f 3550/3550/3550 3676/3676/3676 3675/3675/3675
f 3558/3558/3558 3672/3672/3672 3695/3695/3695
f 3556/3556/3556 3672/3672/3672 3558/3558/3558
f 3556/3556/3556 3673/3673/3673 3672/3672/3672
f 3555/3555/3555 3673/3673/3673 3556/3556/3556
f 3555/3555/3555 3674/3674/3674 3673/3673/3673
f 3553/3553/3553 3674/3674/3674 3555/3555/3555
f 3553/3553/3553 3675/3675/3675 3674/3674/3674
f 3550/3550/3550 3675/3675/3675 3553/3553/3553
f 3550/3550/3550 3553/3553/3553 3552/3552/3552
f 3550/3550/3550 3552/3552/3552 3551/3551/3551
f 3594/3594/3594 3551/3551/3551 3552/3552/3552
f 3594/3594/3594 3593/3593/3593 3551/3551/3551
f 3554/3554/3554 3594/3594/3594 3552/3552/3552
f 3553/3553/3553 3554/3554/3554 3552/3552/3552
f 3553/3553/3553 3555/3555/3555 3554/3554/3554
f 3554/3554/3554 3555/3555/3555 3556/3556/3556
f 3661/3661/3661 3594/3594/3594 3595/3595/3595
f 3554/3554/3554 3595/3595/3595 3594/3594/3594
f 3557/3557/3557 3595/3595/3595 3554/3554/3554
f 3554/3554/3554 3556/3556/3556 3557/3557/3557
f 3557/3557/3557 3556/3556/3556 3558/3558/3558
f 3557/3557/3557 3596/3596/3596 3595/3595/3595
f 3662/3662/3662 3595/3595/3595 3596/3596/3596
f 3662/3662/3662 3661/3661/3661 3595/3595/3595
f 3563/3563/3563 3516/3516/3516 3519/3519/3519
f 3563/3563/3563 3693/3693/3693 3516/3516/3516
f 3563/3563/3563 3694/3694/3694 3693/3693/3693
f 3695/3695/3695 3694/3694/3694 3563/3563/3563
f 3695/3695/3695 3563/3563/3563 3560/3560/3560
f 3558/3558/3558 3695/3695/3695 3560/3560/3560
f 3559/3559/3559 3558/3558/3558 3560/3560/3560
f 3557/3557/3557 3558/3558/3558 3559/3559/3559
f 3597/3597/3597 3557/3557/3557 3559/3559/3559
f 3597/3597/3597 3596/3596/3596 3557/3557/3557
f 3667/3667/3667 3596/3596/3596 3597/3597/3597
f 3667/3667/3667 3662/3662/3662 3596/3596/3596
f 3662/3662/3662 3667/3667/3667 3666/3666/3666
f 3662/3662/3662 3666/3666/3666 3663/3663/3663
f 3662/3662/3662 3663/3663/3663 3660/3660/3660
f 3662/3662/3662 3660/3660/3660 3661/3661/3661
f 3656/3656/3656 3661/3661/3661 3660/3660/3660
f 3661/3661/3661 3656/3656/3656 3594/3594/3594
f 3668/3668/3668 3666/3666/3666 3667/3667/3667
f 3516/3516/3516 3693/3693/3693 3692/3692/3692
f 3563/3563/3563 3519/3519/3519 3562/3562/3562
f 3519/3519/3519 3599/3599/3599 3562/3562/3562
f 3519/3519/3519 3577/3577/3577 3599/3599/3599
f 3577/3577/3577 3605/3605/3605 3599/3599/3599
f 3599/3599/3599 3605/3605/3605 3668/3668/3668
f 3599/3599/3599 3668/3668/3668 3598/3598/3598
f 3598/3598/3598 3668/3668/3668 3667/3667/3667
f 3598/3598/3598 3667/3667/3667 3597/3597/3597
f 3598/3598/3598 3597/3597/3597 3559/3559/3559
f 3598/3598/3598 3559/3559/3559 3561/3561/3561
f 3559/3559/3559 3560/3560/3560 3561/3561/3561
f 3560/3560/3560 3562/3562/3562 3561/3561/3561
f 3560/3560/3560 3563/3563/3563 3562/3562/3562
f 3599/3599/3599 3561/3561/3561 3562/3562/3562
f 3599/3599/3599 3598/3598/3598 3561/3561/3561
f 3655/3655/3655 3658/3658/3658 3072/3072/3072
f 3655/3655/3655 3657/3657/3657 3658/3658/3658
f 3657/3657/3657 3074/3074/3074 3658/3658/3658
f 3657/3657/3657 3660/3660/3660 3074/3074/3074
f 3660/3660/3660 3664/3664/3664 3074/3074/3074
f 3660/3660/3660 3663/3663/3663 3664/3664/3664
f 3663/3663/3663 3076/3076/3076 3664/3664/3664
f 3663/3663/3663 3666/3666/3666 3076/3076/3076
f 3669/3669/3669 3076/3076/3076 3666/3666/3666
f 3668/3668/3668 3669/3669/3669 3666/3666/3666
f 3668/3668/3668 3603/3603/3603 3669/3669/3669
f 3668/3668/3668 3605/3605/3605 3603/3603/3603
f 3603/3603/3603 3605/3605/3605 3604/3604/3604
f 3577/3577/3577 3604/3604/3604 3605/3605/3605
f 3576/3576/3576 3604/3604/3604 3577/3577/3577
f 3576/3576/3576 3577/3577/3577 3519/3519/3519
f 3576/3576/3576 3519/3519/3519 3517/3517/3517
f 3516/3516/3516 3517/3517/3517 3519/3519/3519
f 3669/3669/3669 3670/3670/3670 3076/3076/3076
f 3603/3603/3603 3670/3670/3670 3669/3669/3669
f 3603/3603/3603 3055/3055/3055 3670/3670/3670
f 3055/3055/3055 3603/3603/3603 3602/3602/3602
f 3603/3603/3603 3604/3604/3604 3602/3602/3602
f 3604/3604/3604 3606/3606/3606 3602/3602/3602
f 3604/3604/3604 3607/3607/3607 3606/3606/3606
f 3576/3576/3576 3607/3607/3607 3604/3604/3604
f 3602/3602/3602 3606/3606/3606 3056/3056/3056
f 3608/3608/3608 3056/3056/3056 3606/3606/3606
f 3607/3607/3607 3608/3608/3608 3606/3606/3606
f 3607/3607/3607 3609/3609/3609 3608/3608/3608
f 3609/3609/3609 3607/3607/3607 3576/3576/3576
f 3609/3609/3609 3576/3576/3576 3578/3578/3578
f 3578/3578/3578 3576/3576/3576 3517/3517/3517
f 3578/3578/3578 3517/3517/3517 3520/3520/3520
f 3518/3518/3518 3520/3520/3520 3517/3517/3517
f 3518/3518/3518 3521/3521/3521 3520/3520/3520
f 3521/3521/3521 3522/3522/3522 3520/3520/3520
f 3521/3521/3521 3523/3523/3523 3522/3522/3522
f 3613/3613/3613 3578/3578/3578 3579/3579/3579
f 3613/3613/3613 3609/3609/3609 3578/3578/3578
f 3609/3609/3609 3613/3613/3613 3612/3612/3612
f 3609/3609/3609 3612/3612/3612 3608/3608/3608
f 3612/3612/3612 3610/3610/3610 3608/3608/3608
f 3608/3608/3608 3610/3610/3610 3056/3056/3056
f 3056/3056/3056 3610/3610/3610 3611/3611/3611
f 3056/3056/3056 3611/3611/3611 3057/3057/3057
f 3600/3600/3600 3056/3056/3056 3057/3057/3057
f 3600/3600/3600 3057/3057/3057 3601/3601/3601
f 3054/3054/3054 3600/3600/3600 3601/3601/3601
f 3580/3580/3580 3615/3615/3615 3613/3613/3613
f 3580/3580/3580 3613/3613/3613 3579/3579/3579
f 3580/3580/3580 3579/3579/3579 3522/3522/3522
f 3579/3579/3579 3520/3520/3520 3522/3522/3522
f 3579/3579/3579 3578/3578/3578 3520/3520/3520
f 3516/3516/3516 3518/3518/3518 3517/3517/3517
f 3516/3516/3516 3692/3692/3692 3518/3518/3518
f 3518/3518/3518 3692/3692/3692 3691/3691/3691
f 3518/3518/3518 3691/3691/3691 3521/3521/3521
f 3521/3521/3521 3691/3691/3691 3690/3690/3690
f 3521/3521/3521 3690/3690/3690 3523/3523/3523
f 3690/3690/3690 3524/3524/3524 3523/3523/3523
f 3522/3522/3522 3523/3523/3523 3524/3524/3524
f 3522/3522/3522 3524/3524/3524 3525/3525/3525
f 3580/3580/3580 3522/3522/3522 3525/3525/3525
f 3581/3581/3581 3580/3580/3580 3525/3525/3525
f 3619/3619/3619 3580/3580/3580 3581/3581/3581
f 3582/3582/3582 3619/3619/3619 3581/3581/3581
f 3582/3582/3582 3621/3621/3621 3619/3619/3619
f 3625/3625/3625 3621/3621/3621 3582/3582/3582
f 3621/3621/3621 3625/3625/3625 3624/3624/3624
f 3626/3626/3626 3624/3624/3624 3625/3625/3625
f 3626/3626/3626 3627/3627/3627 3624/3624/3624
f 3619/3619/3619 3621/3621/3621 3620/3620/3620
f 3621/3621/3621 3624/3624/3624 3620/3620/3620
f 3619/3619/3619 3615/3615/3615 3580/3580/3580
f 3615/3615/3615 3619/3619/3619 3618/3618/3618
f 3619/3619/3619 3620/3620/3620 3618/3618/3618
f 3618/3618/3618 3620/3620/3620 3622/3622/3622
f 3620/3620/3620 3062/3062/3062 3622/3622/3622
f 3620/3620/3620 3624/3624/3624 3062/3062/3062
f 3627/3627/3627 3062/3062/3062 3624/3624/3624
f 3627/3627/3627 3628/3628/3628 3062/3062/3062
f 3627/3627/3627 3064/3064/3064 3628/3628/3628
f 3640/3640/3640 3069/3069/3069 3641/3641/3641
f 3066/3066/3066 3640/3640/3640 3641/3641/3641
f 3066/3066/3066 3641/3641/3641 3067/3067/3067
f 3066/3066/3066 3067/3067/3067 3635/3635/3635
f 3066/3066/3066 3635/3635/3635 3634/3634/3634
f 3064/3064/3064 3634/3634/3634 3635/3635/3635
f 3064/3064/3064 3635/3635/3635 3065/3065/3065
f 3628/3628/3628 3064/3064/3064 3065/3065/3065
f 3628/3628/3628 3065/3065/3065 3629/3629/3629
f 3062/3062/3062 3628/3628/3628 3629/3629/3629
f 3062/3062/3062 3629/3629/3629 3063/3063/3063
f 3622/3622/3622 3062/3062/3062 3063/3063/3063
f 3622/3622/3622 3063/3063/3063 3623/3623/3623
f 3060/3060/3060 3622/3622/3622 3623/3623/3623
f 3618/3618/3618 3622/3622/3622 3060/3060/3060
f 3614/3614/3614 3618/3618/3618 3060/3060/3060
f 3615/3615/3615 3618/3618/3618 3614/3614/3614
f 3613/3613/3613 3615/3615/3615 3614/3614/3614
f 3614/3614/3614 3616/3616/3616 3058/3058/3058
f 3614/3614/3614 3060/3060/3060 3616/3616/3616
f 3613/3613/3613 3614/3614/3614 3612/3612/3612
f 3614/3614/3614 3058/3058/3058 3612/3612/3612
f 3612/3612/3612 3058/3058/3058 3610/3610/3610
f 3058/3058/3058 3611/3611/3611 3610/3610/3610
f 3058/3058/3058 3059/3059/3059 3611/3611/3611
f 3616/3616/3616 3059/3059/3059 3058/3058/3058
f 3616/3616/3616 3617/3617/3617 3059/3059/3059
f 3616/3616/3616 3061/3061/3061 3617/3617/3617
f 3616/3616/3616 3060/3060/3060 3061/3061/3061
f 3060/3060/3060 3623/3623/3623 3061/3061/3061
f 3784/3784/3784 3786/3786/3786 3787/3787/3787
f 3784/3784/3784 3782/3782/3782 3786/3786/3786
f 3784/3784/3784 3783/3783/3783 3782/3782/3782
f 3848/3848/3848 3785/3785/3785 3849/3849/3849
f 3848/3848/3848 3783/3783/3783 3785/3785/3785
f 3784/3784/3784 3785/3785/3785 3783/3783/3783
f 3756/3756/3756 3785/3785/3785 3784/3784/3784
f 3756/3756/3756 3784/3784/3784 3787/3787/3787
f 3756/3756/3756 3787/3787/3787 3757/3757/3757
f 3786/3786/3786 3789/3789/3789 3788/3788/3788
f 3786/3786/3786 3788/3788/3788 3787/3787/3787
f 3758/3758/3758 3787/3787/3787 3788/3788/3788
f 3758/3758/3758 3757/3757/3757 3787/3787/3787
f 3696/3696/3696 3757/3757/3757 3758/3758/3758
f 3696/3696/3696 3756/3756/3756 3757/3757/3757
f 3696/3696/3696 3699/3699/3699 3756/3756/3756
f 3699/3699/3699 3779/3779/3779 3756/3756/3756
f 3756/3756/3756 3779/3779/3779 3785/3785/3785
f 3778/3778/3778 3785/3785/3785 3779/3779/3779
f 3778/3778/3778 3849/3849/3849 3785/3785/3785
f 3778/3778/3778 3847/3847/3847 3849/3849/3849
f 3847/3847/3847 3848/3848/3848 3849/3849/3849
f 3847/3847/3847 3846/3846/3846 3848/3848/3848
f 3843/3843/3843 3846/3846/3846 3847/3847/3847
f 3843/3843/3843 3842/3842/3842 3846/3846/3846
f 3842/3842/3842 3106/3106/3106 3846/3846/3846
f 3106/3106/3106 3848/3848/3848 3846/3846/3846
f 3106/3106/3106 3850/3850/3850 3848/3848/3848
f 3850/3850/3850 3783/3783/3783 3848/3848/3848
f 3850/3850/3850 3085/3085/3085 3783/3783/3783
f 3782/3782/3782 3783/3783/3783 3085/3085/3085
f 3782/3782/3782 3085/3085/3085 3780/3780/3780
f 3782/3782/3782 3780/3780/3780 3086/3086/3086
f 3782/3782/3782 3086/3086/3086 3786/3786/3786
f 3786/3786/3786 3086/3086/3086 3790/3790/3790
f 3786/3786/3786 3790/3790/3790 3789/3789/3789
f 3789/3789/3789 3790/3790/3790 3088/3088/3088
f 3789/3789/3789 3088/3088/3088 3792/3792/3792
f 3788/3788/3788 3789/3789/3789 3792/3792/3792
f 3788/3788/3788 3792/3792/3792 3793/3793/3793
f 3758/3758/3758 3788/3788/3788 3793/3793/3793
f 3777/3777/3777 3776/3776/3776 3843/3843/3843
f 3831/3831/3831 3834/3834/3834 3830/3830/3830
f 3831/3831/3831 3835/3835/3835 3834/3834/3834
f 3835/3835/3835 3836/3836/3836 3834/3834/3834
f 3835/3835/3835 3837/3837/3837 3836/3836/3836
f 3836/3836/3836 3837/3837/3837 3840/3840/3840
f 3837/3837/3837 3104/3104/3104 3840/3840/3840
f 3104/3104/3104 3842/3842/3842 3840/3840/3840
f 3104/3104/3104 3844/3844/3844 3842/3842/3842
f 3842/3842/3842 3844/3844/3844 3106/3106/3106
f 3844/3844/3844 3107/3107/3107 3106/3106/3106
f 3107/3107/3107 3850/3850/3850 3106/3106/3106
f 3107/3107/3107 3851/3851/3851 3850/3850/3850
f 3851/3851/3851 3085/3085/3085 3850/3850/3850
f 3851/3851/3851 3084/3084/3084 3085/3085/3085
f 3780/3780/3780 3085/3085/3085 3084/3084/3084
f 3780/3780/3780 3084/3084/3084 3781/3781/3781
f 3780/3780/3780 3781/3781/3781 3087/3087/3087
f 3780/3780/3780 3087/3087/3087 3086/3086/3086
f 3742/3742/3742 3697/3697/3697 3743/3743/3743
f 3742/3742/3742 3743/3743/3743 3740/3740/3740
f 3742/3742/3742 3740/3740/3740 3741/3741/3741
f 3738/3738/3738 3741/3741/3741 3740/3740/3740
f 3741/3741/3741 3738/3738/3738 3777/3777/3777
f 3738/3738/3738 3776/3776/3776 3777/3777/3777
f 3738/3738/3738 3737/3737/3737 3776/3776/3776
f 3737/3737/3737 3775/3775/3775 3776/3776/3776
f 3775/3775/3775 3843/3843/3843 3776/3776/3776
f 3775/3775/3775 3841/3841/3841 3843/3843/3843
f 3841/3841/3841 3842/3842/3842 3843/3843/3843
f 3841/3841/3841 3840/3840/3840 3842/3842/3842
f 3836/3836/3836 3840/3840/3840 3841/3841/3841
f 3775/3775/3775 3836/3836/3836 3841/3841/3841
f 3775/3775/3775 3774/3774/3774 3836/3836/3836
f 3774/3774/3774 3834/3834/3834 3836/3836/3836
f 3704/3704/3704 3706/3706/3706 3868/3868/3868
f 3704/3704/3704 3868/3868/3868 3869/3869/3869
f 3704/3704/3704 3869/3869/3869 3870/3870/3870
f 3704/3704/3704 3870/3870/3870 3702/3702/3702
f 3702/3702/3702 3870/3870/3870 3871/3871/3871
f 3702/3702/3702 3871/3871/3871 3701/3701/3701
f 3701/3701/3701 3871/3871/3871 3872/3872/3872
f 3701/3701/3701 3872/3872/3872 3698/3698/3698
f 3698/3698/3698 3872/3872/3872 3873/3873/3873
f 3698/3698/3698 3873/3873/3873 3697/3697/3697
f 3697/3697/3697 3873/3873/3873 3874/3874/3874
f 3697/3697/3697 3874/3874/3874 3743/3743/3743
f 3875/3875/3875 3743/3743/3743 3874/3874/3874
f 3875/3875/3875 3740/3740/3740 3743/3743/3743
f 3739/3739/3739 3740/3740/3740 3875/3875/3875
f 3738/3738/3738 3740/3740/3740 3739/3739/3739
f 3738/3738/3738 3739/3739/3739 3736/3736/3736
f 3738/3738/3738 3736/3736/3736 3737/3737/3737
f 3708/3708/3708 3706/3706/3706 3707/3707/3707
f 3705/3705/3705 3707/3707/3707 3706/3706/3706
f 3705/3705/3705 3706/3706/3706 3704/3704/3704
f 3703/3703/3703 3705/3705/3705 3704/3704/3704
f 3703/3703/3703 3704/3704/3704 3702/3702/3702
f 3700/3700/3700 3703/3703/3703 3702/3702/3702
f 3700/3700/3700 3702/3702/3702 3701/3701/3701
f 3700/3700/3700 3701/3701/3701 3698/3698/3698
f 3700/3700/3700 3698/3698/3698 3696/3696/3696
f 3696/3696/3696 3698/3698/3698 3697/3697/3697
f 3696/3696/3696 3697/3697/3697 3699/3699/3699
f 3742/3742/3742 3699/3699/3699 3697/3697/3697
f 3699/3699/3699 3742/3742/3742 3779/3779/3779
f 3741/3741/3741 3779/3779/3779 3742/3742/3742
f 3741/3741/3741 3778/3778/3778 3779/3779/3779
f 3741/3741/3741 3777/3777/3777 3778/3778/3778
f 3778/3778/3778 3777/3777/3777 3847/3847/3847
f 3777/3777/3777 3843/3843/3843 3847/3847/3847
f 3462/3462/3462 2704/2704/2704 3463/3463/3463
f 3462/3462/3462 3015/3015/3015 2704/2704/2704
f 3015/3015/3015 3461/3461/3461 2704/2704/2704
f 3015/3015/3015 3460/3460/3460 3461/3461/3461
f 3460/3460/3460 2964/2964/2964 3461/3461/3461
f 3460/3460/3460 2965/2965/2965 2964/2964/2964
f 3398/3398/3398 2964/2964/2964 2965/2965/2965
f 3398/3398/3398 3399/3399/3399 2964/2964/2964
f 3398/3398/3398 2682/2682/2682 3399/3399/3399
f 3398/3398/3398 2963/2963/2963 2682/2682/2682
f 3396/3396/3396 2682/2682/2682 2963/2963/2963
f 3396/3396/3396 3397/3397/3397 2682/2682/2682
f 2972/2972/2972 3397/3397/3397 3396/3396/3396
f 2972/2972/2972 2973/2973/2973 3397/3397/3397
f 2972/2972/2972 3407/3407/3407 2973/2973/2973
f 2972/2972/2972 3406/3406/3406 3407/3407/3407
f 3406/3406/3406 2684/2684/2684 3407/3407/3407
f 3406/3406/3406 2971/2971/2971 2684/2684/2684
f 3404/3404/3404 2684/2684/2684 2971/2971/2971
f 3404/3404/3404 3405/3405/3405 2684/2684/2684
f 3404/3404/3404 2970/2970/2970 3405/3405/3405
f 3404/3404/3404 2969/2969/2969 2970/2970/2970
f 2969/2969/2969 3403/3403/3403 2970/2970/2970
f 2969/2969/2969 3402/3402/3402 3403/3403/3403
f 3402/3402/3402 2683/2683/2683 3403/3403/3403
f 3402/3402/3402 2968/2968/2968 2683/2683/2683
f 3401/3401/3401 2683/2683/2683 2968/2968/2968
f 3401/3401/3401 3400/3400/3400 2683/2683/2683
f 2966/2966/2966 3400/3400/3400 3401/3401/3401
f 2966/2966/2966 2967/2967/2967 3400/3400/3400
f 3013/3013/3013 3459/3459/3459 3014/3014/3014
f 3013/3013/3013 3458/3458/3458 3459/3459/3459
f 3458/3458/3458 2703/2703/2703 3459/3459/3459
f 3458/3458/3458 3012/3012/3012 2703/2703/2703
f 3012/3012/3012 3456/3456/3456 2703/2703/2703
f 3012/3012/3012 3457/3457/3457 3456/3456/3456
f 3019/3019/3019 3456/3456/3456 3457/3457/3457
f 3019/3019/3019 3020/3020/3020 3456/3456/3456
f 3019/3019/3019 3467/3467/3467 3020/3020/3020
f 3019/3019/3019 3466/3466/3466 3467/3467/3467
f 3466/3466/3466 2705/2705/2705 3467/3467/3467
f 3466/3466/3466 3018/3018/3018 2705/2705/2705
f 3018/3018/3018 3465/3465/3465 2705/2705/2705
f 3018/3018/3018 3464/3464/3464 3465/3465/3465
f 3464/3464/3464 3017/3017/3017 3465/3465/3465
f 3464/3464/3464 3016/3016/3016 3017/3017/3017
f 3016/3016/3016 3463/3463/3463 3017/3017/3017
f 3016/3016/3016 3462/3462/3462 3463/3463/3463
f 2674/2674/2674 2680/2680/2680 3386/3386/3386
f 3395/3395/3395 2680/2680/2680 2674/2674/2674
f 3395/3395/3395 2674/2674/2674 3393/3393/3393
f 3393/3393/3393 2681/2681/2681 3395/3395/3395
f 3394/3394/3394 2681/2681/2681 3393/3393/3393
f 3393/3393/3393 2675/2675/2675 3394/3394/3394
f 3393/3393/3393 2676/2676/2676 2675/2675/2675
f 2675/2675/2675 2676/2676/2676 3388/3388/3388
f 3388/3388/3388 2676/2676/2676 3392/3392/3392
f 3392/3392/3392 3368/3368/3368 3388/3388/3388
f 3392/3392/3392 3369/3369/3369 3368/3368/3368
f 2659/2659/2659 3368/3368/3368 3369/3369/3369
f 2659/2659/2659 3369/3369/3369 3370/3370/3370
f 2659/2659/2659 2660/2660/2660 3368/3368/3368
f 3379/3379/3379 2665/2665/2665 2664/2664/2664
f 2664/2664/2664 2666/2666/2666 3379/3379/3379
f 2664/2664/2664 3380/3380/3380 2666/2666/2666
f 2666/2666/2666 3380/3380/3380 3381/3381/3381
f 3381/3381/3381 2667/2667/2667 2666/2666/2666
f 2666/2666/2666 2667/2667/2667 2669/2669/2669
f 2669/2669/2669 2667/2667/2667 3382/3382/3382
f 3382/3382/3382 2668/2668/2668 2669/2669/2669
f 3382/3382/3382 3383/3383/3383 2668/2668/2668
f 3384/3384/3384 2668/2668/2668 3383/3383/3383
f 3384/3384/3384 2670/2670/2670 2668/2668/2668
f 2671/2671/2671 2670/2670/2670 3384/3384/3384
f 2671/2671/2671 2672/2672/2672 2670/2670/2670
f 2673/2673/2673 2672/2672/2672 2671/2671/2671
f 3385/3385/3385 2672/2672/2672 2673/2673/2673
f 3385/3385/3385 3386/3386/3386 2672/2672/2672
f 3387/3387/3387 3386/3386/3386 3385/3385/3385
f 3386/3386/3386 3387/3387/3387 2674/2674/2674
f 2659/2659/2659 3367/3367/3367 2660/2660/2660
f 3367/3367/3367 3371/3371/3371 2660/2660/2660
f 3367/3367/3367 3372/3372/3372 3371/3371/3371
f 3373/3373/3373 3371/3371/3371 3372/3372/3372
f 3373/3373/3373 2661/2661/2661 3371/3371/3371
f 3374/3374/3374 2661/2661/2661 3373/3373/3373
f 3374/3374/3374 3375/3375/3375 2661/2661/2661
f 3376/3376/3376 3375/3375/3375 3374/3374/3374
f 3376/3376/3376 2662/2662/2662 3375/3375/3375
f 3376/3376/3376 3377/3377/3377 2662/2662/2662
f 2678/2678/2678 2662/2662/2662 3377/3377/3377
f 2678/2678/2678 2679/2679/2679 2662/2662/2662
f 3391/3391/3391 2679/2679/2679 2678/2678/2678
f 3391/3391/3391 2678/2678/2678 3389/3389/3389
f 3389/3389/3389 2677/2677/2677 3391/3391/3391
f 3389/3389/3389 3390/3390/3390 2677/2677/2677
f 2665/2665/2665 3390/3390/3390 3389/3389/3389
f 2665/2665/2665 3389/3389/3389 2664/2664/2664
f 3376/3376/3376 3374/3374/3374 2663/2663/2663
f 3376/3376/3376 3378/3378/3378 3377/3377/3377
f 3317/3317/3317 3323/3323/3323 3324/3324/3324
f 3317/3317/3317 3322/3322/3322 3323/3323/3323
f 3317/3317/3317 2657/2657/2657 3315/3315/3315
f 3328/3328/3328 3331/3331/3331 3330/3330/3330
f 3328/3328/3328 3330/3330/3330 3329/3329/3329
f 3327/3327/3327 3328/3328/3328 3329/3329/3329
f 3327/3327/3327 3325/3325/3325 3328/3328/3328
f 3327/3327/3327 3326/3326/3326 3325/3325/3325
f 3322/3322/3322 3325/3325/3325 3326/3326/3326
f 3322/3322/3322 3321/3321/3321 3325/3325/3325
f 3317/3317/3317 3321/3321/3321 3322/3322/3322
f 3317/3317/3317 3320/3320/3320 3321/3321/3321
f 3317/3317/3317 3319/3319/3319 3320/3320/3320
f 3317/3317/3317 3318/3318/3318 3319/3319/3319
f 3317/3317/3317 2658/2658/2658 3318/3318/3318
f 3317/3317/3317 3316/3316/3316 2658/2658/2658
f 3317/3317/3317 3315/3315/3315 3316/3316/3316
f 3313/3313/3313 3316/3316/3316 3315/3315/3315
f 3313/3313/3313 3315/3315/3315 3312/3312/3312
f 3311/3311/3311 3313/3313/3313 3312/3312/3312
f 3311/3311/3311 3312/3312/3312 3314/3314/3314
f 3364/3364/3364 3311/3311/3311 3314/3314/3314
f 3364/3364/3364 3365/3365/3365 3311/3311/3311
f 3364/3364/3364 3366/3366/3366 3365/3365/3365
f 3363/3363/3363 3365/3365/3365 3366/3366/3366
f 3363/3363/3363 3362/3362/3362 3365/3365/3365
f 3361/3361/3361 3362/3362/3362 3363/3363/3363
f 3361/3361/3361 3360/3360/3360 3362/3362/3362
f 3357/3357/3357 3360/3360/3360 3361/3361/3361
f 3357/3357/3357 3358/3358/3358 3360/3360/3360
f 3356/3356/3356 3358/3358/3358 3357/3357/3357
f 3356/3356/3356 3357/3357/3357 3359/3359/3359
f 3356/3356/3356 3359/3359/3359 3355/3355/3355
f 3356/3356/3356 3355/3355/3355 3354/3354/3354
f 3351/3351/3351 3354/3354/3354 3355/3355/3355
f 3351/3351/3351 3350/3350/3350 3354/3354/3354
f 3344/3344/3344 3350/3350/3350 3351/3351/3351
f 3344/3344/3344 3352/3352/3352 3353/3353/3353
f 3344/3344/3344 3351/3351/3351 3352/3352/3352
f 3344/3344/3344 3345/3345/3345 3343/3343/3343
f 3344/3344/3344 3349/3349/3349 3350/3350/3350
f 3344/3344/3344 3348/3348/3348 3349/3349/3349
f 3344/3344/3344 3347/3347/3347 3348/3348/3348
f 3344/3344/3344 3346/3346/3346 3347/3347/3347
f 3344/3344/3344 3342/3342/3342 3346/3346/3346
f 3344/3344/3344 3343/3343/3343 3342/3342/3342
f 3340/3340/3340 3342/3342/3342 3343/3343/3343
f 3340/3340/3340 3341/3341/3341 3342/3342/3342
f 3336/3336/3336 3341/3341/3341 3340/3340/3340
f 3336/3336/3336 3340/3340/3340 3335/3335/3335
f 3334/3334/3334 3336/3336/3336 3335/3335/3335
f 3334/3334/3334 3335/3335/3335 3337/3337/3337
f 3334/3334/3334 3337/3337/3337 3338/3338/3338
f 3334/3334/3334 3338/3338/3338 3339/3339/3339
f 3333/3333/3333 3339/3339/3339 3338/3338/3338
f 3333/3333/3333 3332/3332/3332 3339/3339/3339
f 3330/3330/3330 3332/3332/3332 3333/3333/3333
f 3330/3330/3330 3331/3331/3331 3332/3332/3332
f 3573/3573/3573 2724/2724/2724 2729/2729/2729
f 2729/2729/2729 2724/2724/2724 3574/3574/3574
f 3574/3574/3574 2724/2724/2724 3053/3053/3053
f 3053/3053/3053 2724/2724/2724 3575/3575/3575
f 3575/3575/3575 2724/2724/2724 2730/2730/2730
f 2730/2730/2730 2724/2724/2724 3564/3564/3564
f 3564/3564/3564 2724/2724/2724 3048/3048/3048
f 3048/3048/3048 2724/2724/2724 3565/3565/3565
f 3565/3565/3565 2724/2724/2724 2725/2725/2725
f 2725/2725/2725 2724/2724/2724 3566/3566/3566
f 3566/3566/3566 2724/2724/2724 3049/3049/3049
f 3049/3049/3049 2724/2724/2724 3567/3567/3567
f 3567/3567/3567 2724/2724/2724 2726/2726/2726
f 2726/2726/2726 2724/2724/2724 3568/3568/3568
f 3568/3568/3568 2724/2724/2724 3050/3050/3050
f 3050/3050/3050 2724/2724/2724 3569/3569/3569
f 3569/3569/3569 2724/2724/2724 2727/2727/2727
f 2727/2727/2727 2724/2724/2724 3570/3570/3570
f 3570/3570/3570 2724/2724/2724 3051/3051/3051
f 3051/3051/3051 2724/2724/2724 3571/3571/3571
f 3571/3571/3571 2724/2724/2724 2728/2728/2728
f 2728/2728/2728 2724/2724/2724 3572/3572/3572
f 3572/3572/3572 2724/2724/2724 3052/3052/3052
f 3052/3052/3052 2724/2724/2724 3573/3573/3573
f 3652/3652/3652 3653/3653/3653 3071/3071/3071
f 3652/3652/3652 3073/3073/3073 3653/3653/3653
f 3652/3652/3652 3072/3072/3072 3073/3073/3073
f 3658/3658/3658 3073/3073/3073 3072/3072/3072
f 3658/3658/3658 3659/3659/3659 3073/3073/3073
f 3658/3658/3658 3075/3075/3075 3659/3659/3659
f 3658/3658/3658 3074/3074/3074 3075/3075/3075
f 3664/3664/3664 3075/3075/3075 3074/3074/3074
f 3664/3664/3664 3665/3665/3665 3075/3075/3075
f 3664/3664/3664 3077/3077/3077 3665/3665/3665
f 3664/3664/3664 3076/3076/3076 3077/3077/3077
f 3670/3670/3670 3077/3077/3077 3076/3076/3076
f 3670/3670/3670 3671/3671/3671 3077/3077/3077
f 3055/3055/3055 3671/3671/3671 3670/3670/3670
f 3055/3055/3055 3054/3054/3054 3671/3671/3671
f 3054/3054/3054 3055/3055/3055 3600/3600/3600
f 3055/3055/3055 3602/3602/3602 3600/3600/3600
f 3602/3602/3602 3056/3056/3056 3600/3600/3600
f 3021/3021/3021 3475/3475/3475 3474/3474/3474
f 2708/2708/2708 3474/3474/3474 3475/3475/3475
f 2708/2708/2708 2709/2709/2709 3474/3474/3474
f 2708/2708/2708 3473/3473/3473 2709/2709/2709
f 2708/2708/2708 3472/3472/3472 3473/3473/3473
f 3472/3472/3472 2975/2975/2975 3473/3473/3473
f 3472/3472/3472 2974/2974/2974 2975/2975/2975
f 2974/2974/2974 3410/3410/3410 2975/2975/2975
f 2974/2974/2974 3411/3411/3411 3410/3410/3410
f 2685/2685/2685 3410/3410/3410 3411/3411/3411
f 2685/2685/2685 2686/2686/2686 3410/3410/3410
f 2685/2685/2685 3408/3408/3408 2686/2686/2686
f 2685/2685/2685 3409/3409/3409 3408/3408/3408
f 2980/2980/2980 3408/3408/3408 3409/3409/3409
f 2980/2980/2980 2981/2981/2981 3408/3408/3408
f 2980/2980/2980 3419/3419/3419 2981/2981/2981
f 2980/2980/2980 3418/3418/3418 3419/3419/3419
f 3418/3418/3418 2689/2689/2689 3419/3419/3419
f 3418/3418/3418 2690/2690/2690 2689/2689/2689
f 3416/3416/3416 2689/2689/2689 2690/2690/2690
f 3416/3416/3416 3417/3417/3417 2689/2689/2689
f 3416/3416/3416 2978/2978/2978 3417/3417/3417
f 3416/3416/3416 2979/2979/2979 2978/2978/2978
f 3414/3414/3414 2978/2978/2978 2979/2979/2979
f 3414/3414/3414 3415/3415/3415 2978/2978/2978
f 3414/3414/3414 2688/2688/2688 3415/3415/3415
f 3414/3414/3414 2687/2687/2687 2688/2688/2688
f 2687/2687/2687 3413/3413/3413 2688/2688/2688
f 2687/2687/2687 3412/3412/3412 3413/3413/3413
f 3412/3412/3412 2976/2976/2976 3413/3413/3413
f 3412/3412/3412 2977/2977/2977 2976/2976/2976
f 2977/2977/2977 3470/3470/3470 2976/2976/2976
f 2977/2977/2977 3471/3471/3471 3470/3470/3470
f 2706/2706/2706 3470/3470/3470 3471/3471/3471
f 2706/2706/2706 2707/2707/2707 3470/3470/3470
f 2706/2706/2706 3468/3468/3468 2707/2707/2707
f 2706/2706/2706 3469/3469/3469 3468/3468/3468
f 3023/3023/3023 3468/3468/3468 3469/3469/3469
f 3023/3023/3023 3024/3024/3024 3468/3468/3468
f 3023/3023/3023 3479/3479/3479 3024/3024/3024
f 3023/3023/3023 3478/3478/3478 3479/3479/3479
f 3478/3478/3478 2710/2710/2710 3479/3479/3479
f 3478/3478/3478 2711/2711/2711 2710/2710/2710
f 3476/3476/3476 2710/2710/2710 2711/2711/2711
f 3476/3476/3476 3477/3477/3477 2710/2710/2710
f 3476/3476/3476 3022/3022/3022 3477/3477/3477
f 3476/3476/3476 3021/3021/3021 3022/3022/3022
f 3021/3021/3021 3474/3474/3474 3022/3022/3022
f 2955/2955/2955 2956/2956/2956 2958/2958/2958
f 2955/2955/2955 2957/2957/2957 2956/2956/2956
f 2951/2951/2951 2952/2952/2952 2954/2954/2954
f 2951/2951/2951 2953/2953/2953 2952/2952/2952
f 2947/2947/2947 2948/2948/2948 2950/2950/2950
f 2947/2947/2947 2949/2949/2949 2948/2948/2948
f 2943/2943/2943 2944/2944/2944 2946/2946/2946
f 2943/2943/2943 2945/2945/2945 2944/2944/2944
f 2935/2935/2935 2936/2936/2936 2938/2938/2938
f 2935/2935/2935 2937/2937/2937 2936/2936/2936
f 2931/2931/2931 2932/2932/2932 2934/2934/2934
f 2931/2931/2931 2933/2933/2933 2932/2932/2932
f 2927/2927/2927 2928/2928/2928 2930/2930/2930
f 2927/2927/2927 2929/2929/2929 2928/2928/2928
f 2923/2923/2923 2924/2924/2924 2926/2926/2926
f 2923/2923/2923 2925/2925/2925 2924/2924/2924
f 2915/2915/2915 2916/2916/2916 2918/2918/2918
f 2915/2915/2915 2917/2917/2917 2916/2916/2916
f 2911/2911/2911 2912/2912/2912 2914/2914/2914
f 2911/2911/2911 2913/2913/2913 2912/2912/2912
f 2907/2907/2907 2908/2908/2908 2910/2910/2910
f 2907/2907/2907 2909/2909/2909 2908/2908/2908
f 2903/2903/2903 2904/2904/2904 2906/2906/2906
f 2903/2903/2903 2905/2905/2905 2904/2904/2904
f 2895/2895/2895 2896/2896/2896 2898/2898/2898
f 2895/2895/2895 2897/2897/2897 2896/2896/2896
f 2891/2891/2891 2892/2892/2892 2894/2894/2894
f 2891/2891/2891 2893/2893/2893 2892/2892/2892
f 2887/2887/2887 2888/2888/2888 2890/2890/2890
f 2887/2887/2887 2889/2889/2889 2888/2888/2888
f 2883/2883/2883 2884/2884/2884 2886/2886/2886
f 2883/2883/2883 2885/2885/2885 2884/2884/2884
f 3304/3304/3304 3305/3305/3305 3307/3307/3307
f 3304/3304/3304 3306/3306/3306 3305/3305/3305
f 3300/3300/3300 3301/3301/3301 3303/3303/3303
f 3300/3300/3300 3302/3302/3302 3301/3301/3301
f 3290/3290/3290 3291/3291/3291 3293/3293/3293
f 3290/3290/3290 3292/3292/3292 3291/3291/3291
f 3286/3286/3286 3287/3287/3287 3289/3289/3289
f 3286/3286/3286 3288/3288/3288 3287/3287/3287
f 3279/3279/3279 3280/3280/3280 3282/3282/3282
f 3279/3279/3279 3281/3281/3281 3280/3280/3280
f 3275/3275/3275 3276/3276/3276 3278/3278/3278
f 3275/3275/3275 3277/3277/3277 3276/3276/3276
f 3265/3265/3265 3266/3266/3266 3268/3268/3268
f 3265/3265/3265 3267/3267/3267 3266/3266/3266
f 3261/3261/3261 3262/3262/3262 3264/3264/3264
f 3261/3261/3261 3263/3263/3263 3262/3262/3262
f 2867/2867/2867 2868/2868/2868 2870/2870/2870
f 2867/2867/2867 2869/2869/2869 2868/2868/2868
f 2863/2863/2863 2864/2864/2864 2866/2866/2866
f 2863/2863/2863 2865/2865/2865 2864/2864/2864
f 2859/2859/2859 2860/2860/2860 2862/2862/2862
f 2859/2859/2859 2861/2861/2861 2860/2860/2860
f 2855/2855/2855 2856/2856/2856 2858/2858/2858
f 2855/2855/2855 2857/2857/2857 2856/2856/2856
f 2827/2827/2827 2828/2828/2828 2830/2830/2830
f 2827/2827/2827 2829/2829/2829 2828/2828/2828
f 2823/2823/2823 2824/2824/2824 2826/2826/2826
f 2823/2823/2823 2825/2825/2825 2824/2824/2824
f 2819/2819/2819 2820/2820/2820 2822/2822/2822
f 2819/2819/2819 2821/2821/2821 2820/2820/2820
f 2815/2815/2815 2816/2816/2816 2818/2818/2818
f 2815/2815/2815 2817/2817/2817 2816/2816/2816
f 3254/3254/3254 3255/3255/3255 3257/3257/3257
f 3254/3254/3254 3256/3256/3256 3255/3255/3255
f 3250/3250/3250 3251/3251/3251 3253/3253/3253
f 3250/3250/3250 3252/3252/3252 3251/3251/3251
f 3240/3240/3240 3241/3241/3241 3243/3243/3243
f 3240/3240/3240 3242/3242/3242 3241/3241/3241
f 3236/3236/3236 3237/3237/3237 3239/3239/3239
f 3236/3236/3236 3238/3238/3238 3237/3237/3237
f 3229/3229/3229 3230/3230/3230 3232/3232/3232
f 3229/3229/3229 3231/3231/3231 3230/3230/3230
f 3225/3225/3225 3226/3226/3226 3228/3228/3228
f 3225/3225/3225 3227/3227/3227 3226/3226/3226
f 3215/3215/3215 3216/3216/3216 3218/3218/3218
f 3215/3215/3215 3217/3217/3217 3216/3216/3216
f 3211/3211/3211 3212/3212/3212 3214/3214/3214
f 3211/3211/3211 3213/3213/3213 3212/3212/3212
f 2637/2637/2637 2638/2638/2638 2640/2640/2640
f 2637/2637/2637 2639/2639/2639 2638/2638/2638
f 2633/2633/2633 2634/2634/2634 2636/2636/2636
f 2633/2633/2633 2635/2635/2635 2634/2634/2634
f 2813/2813/2813 2623/2623/2623 3207/3207/3207
f 2623/2623/2623 2814/2814/2814 3207/3207/3207
f 2814/2814/2814 2624/2624/2624 3207/3207/3207
f 2625/2625/2625 2629/2629/2629 2630/2630/2630
f 2625/2625/2625 2624/2624/2624 2629/2629/2629
f 3207/3207/3207 2624/2624/2624 2625/2625/2625
f 2625/2625/2625 3208/3208/3208 3207/3207/3207
f 3208/3208/3208 3209/3209/3209 3207/3207/3207
f 3207/3207/3207 3209/3209/3209 2622/2622/2622
f 2622/2622/2622 2813/2813/2813 3207/3207/3207
f 3209/3209/3209 2631/2631/2631 2622/2622/2622
f 3209/3209/3209 2632/2632/2632 2631/2631/2631
f 2620/2620/2620 3210/3210/3210 2626/2626/2626
f 2620/2620/2620 2626/2626/2626 2619/2619/2619
f 2620/2620/2620 2619/2619/2619 3205/3205/3205
f 2619/2619/2619 2812/2812/2812 3205/3205/3205
f 2812/2812/2812 2811/2811/2811 3205/3205/3205
f 2811/2811/2811 2810/2810/2810 3205/3205/3205
f 2810/2810/2810 2618/2618/2618 3205/3205/3205
f 2621/2621/2621 2627/2627/2627 2628/2628/2628
f 2621/2621/2621 2618/2618/2618 2627/2627/2627
f 2618/2618/2618 2621/2621/2621 3205/3205/3205
f 2621/2621/2621 3206/3206/3206 3205/3205/3205
f 3206/3206/3206 2620/2620/2620 3205/3205/3205
f 2802/2802/2802 2803/2803/2803 2805/2805/2805
f 2802/2802/2802 2804/2804/2804 2803/2803/2803
f 2612/2612/2612 2803/2803/2803 2804/2804/2804
f 2612/2612/2612 2613/2613/2613 2803/2803/2803
f 2612/2612/2612 2806/2806/2806 2613/2613/2613
f 2612/2612/2612 2807/2807/2807 2806/2806/2806
f 2807/2807/2807 2808/2808/2808 2806/2806/2806
f 2807/2807/2807 2809/2809/2809 2808/2808/2808
f 3195/3195/3195 3196/3196/3196 2603/2603/2603
f 3195/3195/3195 2604/2604/2604 3196/3196/3196
f 3195/3195/3195 2605/2605/2605 2604/2604/2604
f 2605/2605/2605 3185/3185/3185 2604/2604/2604
f 2605/2605/2605 3186/3186/3186 3185/3185/3185
f 2594/2594/2594 3185/3185/3185 3186/3186/3186
f 2594/2594/2594 2595/2595/2595 3185/3185/3185
f 3187/3187/3187 2595/2595/2595 2594/2594/2594
f 3187/3187/3187 3188/3188/3188 2595/2595/2595
f 2596/2596/2596 3188/3188/3188 3187/3187/3187
f 2596/2596/2596 2597/2597/2597 3188/3188/3188
f 3189/3189/3189 2597/2597/2597 2596/2596/2596
f 3189/3189/3189 3190/3190/3190 2597/2597/2597
f 3189/3189/3189 2598/2598/2598 3190/3190/3190
f 3189/3189/3189 2599/2599/2599 2598/2598/2598
f 2599/2599/2599 3191/3191/3191 2598/2598/2598
f 2599/2599/2599 3192/3192/3192 3191/3191/3191
f 3192/3192/3192 2600/2600/2600 3191/3191/3191
f 3192/3192/3192 2601/2601/2601 2600/2600/2600
f 3193/3193/3193 2600/2600/2600 2601/2601/2601
f 3193/3193/3193 3194/3194/3194 2600/2600/2600
f 2602/2602/2602 3194/3194/3194 3193/3193/3193
f 2602/2602/2602 2603/2603/2603 3194/3194/3194
f 3195/3195/3195 2603/2603/2603 2602/2602/2602
f 2654/2654/2654 2655/2655/2655 2656/2656/2656
f 2654/2654/2654 2653/2653/2653 2655/2655/2655
f 2649/2649/2649 2653/2653/2653 2654/2654/2654
f 2649/2649/2649 2652/2652/2652 2653/2653/2653
f 2649/2649/2649 2650/2650/2650 2652/2652/2652
f 2649/2649/2649 2651/2651/2651 2650/2650/2650
f 2798/2798/2798 3179/3179/3179 2797/2797/2797
f 2798/2798/2798 3180/3180/3180 3179/3179/3179
f 3180/3180/3180 2590/2590/2590 3179/3179/3179
f 3180/3180/3180 2591/2591/2591 2590/2590/2590
f 3181/3181/3181 2590/2590/2590 2591/2591/2591
f 3181/3181/3181 3182/3182/3182 2590/2590/2590
f 3181/3181/3181 2799/2799/2799 3182/3182/3182
f 3181/3181/3181 2800/2800/2800 2799/2799/2799
f 2800/2800/2800 3183/3183/3183 2799/2799/2799
f 2800/2800/2800 3184/3184/3184 3183/3183/3183
f 3184/3184/3184 2592/2592/2592 3183/3183/3183
f 3184/3184/3184 2593/2593/2593 2592/2592/2592
f 3169/3169/3169 2793/2793/2793 3170/3170/3170
f 3169/3169/3169 2794/2794/2794 2793/2793/2793
f 3171/3171/3171 2793/2793/2793 2794/2794/2794
f 3171/3171/3171 3172/3172/3172 2793/2793/2793
f 3171/3171/3171 2586/2586/2586 3172/3172/3172
f 3171/3171/3171 2587/2587/2587 2586/2586/2586
f 2587/2587/2587 3173/3173/3173 2586/2586/2586
f 2587/2587/2587 3174/3174/3174 3173/3173/3173
f 3174/3174/3174 2795/2795/2795 3173/3173/3173
f 3174/3174/3174 2796/2796/2796 2795/2795/2795
f 2796/2796/2796 3175/3175/3175 2795/2795/2795
f 2796/2796/2796 3176/3176/3176 3175/3175/3175
f 3176/3176/3176 2588/2588/2588 3175/3175/3175
f 3176/3176/3176 2589/2589/2589 2588/2588/2588
f 2589/2589/2589 3177/3177/3177 2588/2588/2588
f 2589/2589/2589 3178/3178/3178 3177/3177/3177
f 3178/3178/3178 2797/2797/2797 3177/3177/3177
f 3178/3178/3178 2798/2798/2798 2797/2797/2797
f 2580/2580/2580 3161/3161/3161 2581/2581/2581
f 2580/2580/2580 3162/3162/3162 3161/3161/3161
f 3162/3162/3162 2789/2789/2789 3161/3161/3161
f 3162/3162/3162 2790/2790/2790 2789/2789/2789
f 2790/2790/2790 3163/3163/3163 2789/2789/2789
f 2790/2790/2790 3164/3164/3164 3163/3163/3163
f 3164/3164/3164 2582/2582/2582 3163/3163/3163
f 3164/3164/3164 2583/2583/2583 2582/2582/2582
f 2583/2583/2583 3165/3165/3165 2582/2582/2582
f 2583/2583/2583 3166/3166/3166 3165/3165/3165
f 3166/3166/3166 2791/2791/2791 3165/3165/3165
f 3166/3166/3166 2792/2792/2792 2791/2791/2791
f 2792/2792/2792 3167/3167/3167 2791/2791/2791
f 2792/2792/2792 3168/3168/3168 3167/3167/3167
f 2584/2584/2584 3167/3167/3167 3168/3168/3168
f 2584/2584/2584 2585/2585/2585 3167/3167/3167
f 3169/3169/3169 2585/2585/2585 2584/2584/2584
f 3169/3169/3169 3170/3170/3170 2585/2585/2585
f 2961/2961/2961 2962/2962/2962 2960/2960/2960
f 2961/2961/2961 2960/2960/2960 2959/2959/2959
f 2959/2959/2959 2960/2960/2960 2939/2939/2939
f 2959/2959/2959 2939/2939/2939 2942/2942/2942
f 2939/2939/2939 2940/2940/2940 2942/2942/2942
f 2939/2939/2939 2941/2941/2941 2940/2940/2940
f 2899/2899/2899 2900/2900/2900 2902/2902/2902
f 2899/2899/2899 2901/2901/2901 2900/2900/2900
f 2919/2919/2919 2901/2901/2901 2899/2899/2899
f 2919/2919/2919 2920/2920/2920 2901/2901/2901
f 2919/2919/2919 2921/2921/2921 2920/2920/2920
f 2919/2919/2919 2922/2922/2922 2921/2921/2921
f 3308/3308/3308 3310/3310/3310 3309/3309/3309
f 3297/3297/3297 3299/3299/3299 3298/3298/3298
f 3294/3294/3294 3296/3296/3296 3295/3295/3295
f 3283/3283/3283 3285/3285/3285 3284/3284/3284
f 3272/3272/3272 3274/3274/3274 3273/3273/3273
f 3269/3269/3269 3271/3271/3271 3270/3270/3270
f 2880/2880/2880 2882/2882/2882 2881/2881/2881
f 2877/2877/2877 2879/2879/2879 2878/2878/2878
f 2874/2874/2874 2876/2876/2876 2875/2875/2875
f 2871/2871/2871 2873/2873/2873 2872/2872/2872
f 2849/2849/2849 2853/2853/2853 2854/2854/2854
f 2849/2849/2849 2852/2852/2852 2853/2853/2853
f 2849/2849/2849 2850/2850/2850 2852/2852/2852
f 2849/2849/2849 2851/2851/2851 2850/2850/2850
f 2843/2843/2843 2847/2847/2847 2848/2848/2848
f 2843/2843/2843 2846/2846/2846 2847/2847/2847
f 2843/2843/2843 2844/2844/2844 2846/2846/2846
f 2843/2843/2843 2845/2845/2845 2844/2844/2844
f 2837/2837/2837 2841/2841/2841 2842/2842/2842
f 2837/2837/2837 2840/2840/2840 2841/2841/2841
f 2837/2837/2837 2838/2838/2838 2840/2840/2840
f 2837/2837/2837 2839/2839/2839 2838/2838/2838
f 2831/2831/2831 2835/2835/2835 2836/2836/2836
f 2831/2831/2831 2834/2834/2834 2835/2835/2835
f 2831/2831/2831 2832/2832/2832 2834/2834/2834
f 2831/2831/2831 2833/2833/2833 2832/2832/2832
f 3258/3258/3258 3260/3260/3260 3259/3259/3259
f 3247/3247/3247 3249/3249/3249 3248/3248/3248
f 3244/3244/3244 3246/3246/3246 3245/3245/3245
f 3233/3233/3233 3235/3235/3235 3234/3234/3234
f 3222/3222/3222 3224/3224/3224 3223/3223/3223
f 3219/3219/3219 3221/3221/3221 3220/3220/3220
f 2645/2645/2645 2641/2641/2641 2646/2646/2646
f 2641/2641/2641 2642/2642/2642 2644/2644/2644
f 2641/2641/2641 2643/2643/2643 2642/2642/2642
f 2645/2645/2645 2643/2643/2643 2641/2641/2641
f 2645/2645/2645 2647/2647/2647 2643/2643/2643
f 2645/2645/2645 2648/2648/2648 2647/2647/2647
f 3203/3203/3203 2614/2614/2614 2615/2615/2615
f 3203/3203/3203 3204/3204/3204 2614/2614/2614
f 3203/3203/3203 2616/2616/2616 3204/3204/3204
f 3203/3203/3203 2617/2617/2617 2616/2616/2616
f 3197/3197/3197 2606/2606/2606 2801/2801/2801
f 2606/2606/2606 3198/3198/3198 2801/2801/2801
f 3198/3198/3198 2607/2607/2607 2801/2801/2801
f 2607/2607/2607 3199/3199/3199 2801/2801/2801
f 3199/3199/3199 2608/2608/2608 2801/2801/2801
f 2608/2608/2608 3200/3200/3200 2801/2801/2801
f 3200/3200/3200 2609/2609/2609 2801/2801/2801
f 2609/2609/2609 3201/3201/3201 2801/2801/2801
f 3201/3201/3201 2610/2610/2610 2801/2801/2801
f 2610/2610/2610 3202/3202/3202 2801/2801/2801
f 3202/3202/3202 2611/2611/2611 2801/2801/2801
f 2611/2611/2611 3197/3197/3197 2801/2801/2801
f 3999/3999/3999 4005/4005/4005 4007/4007/4007
f 3998/3998/3998 4006/4006/4006 4005/4005/4005
f 4021/4021/4021 4023/4023/4023 4022/4022/4022
f 4020/4020/4020 4021/4021/4021 4022/4022/4022
f 4020/4020/4020 4019/4019/4019 4021/4021/4021
f 4018/4018/4018 4019/4019/4019 4020/4020/4020
f 4018/4018/4018 4017/4017/4017 4019/4019/4019
f 4016/4016/4016 4017/4017/4017 4018/4018/4018
f 4016/4016/4016 4015/4015/4015 4017/4017/4017
f 4014/4014/4014 4015/4015/4015 4016/4016/4016
f 4014/4014/4014 4013/4013/4013 4015/4015/4015
f 4011/4011/4011 4013/4013/4013 4014/4014/4014
f 4011/4011/4011 4012/4012/4012 4013/4013/4013
f 4001/4001/4001 4012/4012/4012 4011/4011/4011
f 4001/4001/4001 4011/4011/4011 4002/4002/4002
f 3996/3996/3996 4001/4001/4001 4002/4002/4002
f 3997/3997/3997 4004/4004/4004 4003/4003/4003
f 4032/4032/4032 4003/4003/4003 4004/4004/4004
f 4032/4032/4032 4004/4004/4004 4031/4031/4031
f 4029/4029/4029 4032/4032/4032 4031/4031/4031
f 4029/4029/4029 4031/4031/4031 4030/4030/4030
f 4028/4028/4028 4029/4029/4029 4030/4030/4030
f 4028/4028/4028 4027/4027/4027 4029/4029/4029
f 4026/4026/4026 4027/4027/4027 4028/4028/4028
f 4026/4026/4026 4025/4025/4025 4027/4027/4027
f 4023/4023/4023 4025/4025/4025 4026/4026/4026
f 4023/4023/4023 4024/4024/4024 4025/4025/4025
f 4021/4021/4021 4024/4024/4024 4023/4023/4023
f 3984/3984/3984 3985/3985/3985 3986/3986/3986
f 3984/3984/3984 3986/3986/3986 3987/3987/3987
f 3984/3984/3984 3987/3987/3987 3988/3988/3988
f 3984/3984/3984 3988/3988/3988 3989/3989/3989
f 3990/3990/3990 3992/3992/3992 3991/3991/3991
f 3990/3990/3990 3991/3991/3991 3993/3993/3993
f 3990/3990/3990 3993/3993/3993 3994/3994/3994
f 3990/3990/3990 3994/3994/3994 3995/3995/3995
f 3974/3974/3974 3976/3976/3976 3975/3975/3975
f 3974/3974/3974 3975/3975/3975 3977/3977/3977
f 3974/3974/3974 3977/3977/3977 3978/3978/3978
f 3979/3979/3979 3980/3980/3980 3981/3981/3981
f 3979/3979/3979 3981/3981/3981 3982/3982/3982
f 3979/3979/3979 3982/3982/3982 3983/3983/3983
f 3968/3968/3968 3970/3970/3970 3969/3969/3969
f 3971/3971/3971 3973/3973/3973 3972/3972/3972
f 3735/3735/3735 3854/3854/3854 3855/3855/3855
f 3735/3735/3735 3853/3853/3853 3854/3854/3854
f 3724/3724/3724 3860/3860/3860 3722/3722/3722
f 3724/3724/3724 3859/3859/3859 3860/3860/3860
f 3726/3726/3726 3859/3859/3859 3724/3724/3724
f 3726/3726/3726 3858/3858/3858 3859/3859/3859
f 3729/3729/3729 3858/3858/3858 3726/3726/3726
f 3729/3729/3729 3857/3857/3857 3858/3858/3858
f 3729/3729/3729 3856/3856/3856 3857/3857/3857
f 3729/3729/3729 3730/3730/3730 3856/3856/3856
f 3730/3730/3730 3855/3855/3855 3856/3856/3856
f 3730/3730/3730 3732/3732/3732 3855/3855/3855
f 3735/3735/3735 3855/3855/3855 3732/3732/3732
f 3734/3734/3734 3735/3735/3735 3732/3732/3732
f 3734/3734/3734 3736/3736/3736 3735/3735/3735
f 3735/3735/3735 3736/3736/3736 3853/3853/3853
f 3736/3736/3736 3852/3852/3852 3853/3853/3853
f 3736/3736/3736 3739/3739/3739 3852/3852/3852
f 3739/3739/3739 3875/3875/3875 3852/3852/3852
f 3728/3728/3728 3729/3729/3729 3726/3726/3726
f 3728/3728/3728 3730/3730/3730 3729/3729/3729
f 3728/3728/3728 3731/3731/3731 3730/3730/3730
f 3731/3731/3731 3732/3732/3732 3730/3730/3730
f 3731/3731/3731 3733/3733/3733 3732/3732/3732
f 3734/3734/3734 3732/3732/3732 3733/3733/3733
f 3733/3733/3733 3731/3731/3731 3773/3773/3773
f 3731/3731/3731 3772/3772/3772 3773/3773/3773
f 3731/3731/3731 3728/3728/3728 3772/3772/3772
f 3734/3734/3734 3737/3737/3737 3736/3736/3736
f 3737/3737/3737 3734/3734/3734 3775/3775/3775
f 3733/3733/3733 3775/3775/3775 3734/3734/3734
f 3733/3733/3733 3774/3774/3774 3775/3775/3775
f 3733/3733/3733 3773/3773/3773 3774/3774/3774
f 3774/3774/3774 3773/3773/3773 3834/3834/3834
f 3773/3773/3773 3830/3830/3830 3834/3834/3834
f 3773/3773/3773 3772/3772/3772 3830/3830/3830
f 3771/3771/3771 3830/3830/3830 3772/3772/3772
f 3728/3728/3728 3771/3771/3771 3772/3772/3772
f 3728/3728/3728 3727/3727/3727 3771/3771/3771
f 3728/3728/3728 3726/3726/3726 3727/3727/3727
f 3725/3725/3725 3727/3727/3727 3726/3726/3726
f 3725/3725/3725 3726/3726/3726 3724/3724/3724
f 3723/3723/3723 3725/3725/3725 3724/3724/3724
f 3723/3723/3723 3724/3724/3724 3722/3722/3722
f 3721/3721/3721 3723/3723/3723 3722/3722/3722
f 3721/3721/3721 3722/3722/3722 3720/3720/3720
f 3720/3720/3720 3722/3722/3722 3860/3860/3860
f 3720/3720/3720 3860/3860/3860 3861/3861/3861
f 3720/3720/3720 3861/3861/3861 3862/3862/3862
f 3492/3492/3492 2712/2712/2712 3493/3493/3493
f 3492/3492/3492 2713/2713/2713 2712/2712/2712
f 2713/2713/2713 3494/3494/3494 2712/2712/2712
f 2713/2713/2713 3495/3495/3495 3494/3494/3494
f 3495/3495/3495 2999/2999/2999 3494/3494/3494
f 3495/3495/3495 3038/3038/3038 2999/2999/2999
f 3496/3496/3496 2996/2996/2996 3039/3039/3039
f 3496/3496/3496 3497/3497/3497 2996/2996/2996
f 3496/3496/3496 2714/2714/2714 3497/3497/3497
f 3496/3496/3496 2715/2715/2715 2714/2714/2714
f 2715/2715/2715 3498/3498/3498 2714/2714/2714
f 2715/2715/2715 3499/3499/3499 3498/3498/3498
f 3499/3499/3499 3040/3040/3040 3498/3498/3498
f 3499/3499/3499 3041/3041/3041 3040/3040/3040
f 3500/3500/3500 3040/3040/3040 3041/3041/3041
f 3500/3500/3500 3501/3501/3501 3040/3040/3040
f 2716/2716/2716 3501/3501/3501 3500/3500/3500
f 2716/2716/2716 2717/2717/2717 3501/3501/3501
f 2716/2716/2716 3502/3502/3502 2717/2717/2717
f 2716/2716/2716 3503/3503/3503 3502/3502/3502
f 3503/3503/3503 3042/3042/3042 3502/3502/3502
f 3503/3503/3503 3043/3043/3043 3042/3042/3042
f 3043/3043/3043 3493/3493/3493 3042/3042/3042
f 3043/3043/3043 3492/3492/3492 3493/3493/3493
f 3432/3432/3432 2691/2691/2691 3433/3433/3433
f 3432/3432/3432 2692/2692/2692 2691/2691/2691
f 2692/2692/2692 3434/3434/3434 2691/2691/2691
f 2692/2692/2692 3435/3435/3435 3434/3434/3434
f 3435/3435/3435 2996/2996/2996 3434/3434/3434
f 3435/3435/3435 2997/2997/2997 2996/2996/2996
f 2998/2998/2998 3436/3436/3436 2999/2999/2999
f 2998/2998/2998 3437/3437/3437 3436/3436/3436
f 3437/3437/3437 2693/2693/2693 3436/3436/3436
f 3437/3437/3437 2694/2694/2694 2693/2693/2693
f 3438/3438/3438 2693/2693/2693 2694/2694/2694
f 3438/3438/3438 3439/3439/3439 2693/2693/2693
f 3438/3438/3438 3000/3000/3000 3439/3439/3439
f 3438/3438/3438 3001/3001/3001 3000/3000/3000
f 3440/3440/3440 3000/3000/3000 3001/3001/3001
f 3440/3440/3440 3441/3441/3441 3000/3000/3000
f 3440/3440/3440 2695/2695/2695 3441/3441/3441
f 3440/3440/3440 2696/2696/2696 2695/2695/2695
f 3442/3442/3442 2695/2695/2695 2696/2696/2696
f 3442/3442/3442 3443/3443/3443 2695/2695/2695
f 3442/3442/3442 3002/3002/3002 3443/3443/3443
f 3442/3442/3442 3003/3003/3003 3002/3002/3002
f 3432/3432/3432 3002/3002/3002 3003/3003/3003
f 3432/3432/3432 3433/3433/3433 3002/3002/3002
f 3480/3480/3480 3025/3025/3025 3481/3481/3481
f 3480/3480/3480 3026/3026/3026 3025/3025/3025
f 3026/3026/3026 3482/3482/3482 3025/3025/3025
f 3026/3026/3026 3483/3483/3483 3482/3482/3482
f 3483/3483/3483 3027/3027/3027 3482/3482/3482
f 3483/3483/3483 3028/3028/3028 3027/3027/3027
f 2985/2985/2985 3484/3484/3484 3029/3029/3029
f 2985/2985/2985 3485/3485/3485 3484/3484/3484
f 3485/3485/3485 3030/3030/3030 3484/3484/3484
f 3485/3485/3485 3031/3031/3031 3030/3030/3030
f 3031/3031/3031 3486/3486/3486 3030/3030/3030
f 3031/3031/3031 3487/3487/3487 3486/3486/3486
f 3032/3032/3032 3486/3486/3486 3487/3487/3487
f 3032/3032/3032 3033/3033/3033 3486/3486/3486
f 3032/3032/3032 3488/3488/3488 3033/3033/3033
f 3032/3032/3032 3489/3489/3489 3488/3488/3488
f 3034/3034/3034 3488/3488/3488 3489/3489/3489
f 3034/3034/3034 3035/3035/3035 3488/3488/3488
f 3034/3034/3034 3490/3490/3490 3035/3035/3035
f 3034/3034/3034 3491/3491/3491 3490/3490/3490
f 3036/3036/3036 3490/3490/3490 3491/3491/3491
f 3036/3036/3036 3037/3037/3037 3490/3490/3490
f 3480/3480/3480 3037/3037/3037 3036/3036/3036
f 3480/3480/3480 3481/3481/3481 3037/3037/3037
f 3420/3420/3420 2982/2982/2982 3421/3421/3421
f 3420/3420/3420 2983/2983/2983 2982/2982/2982
f 2983/2983/2983 3422/3422/3422 2982/2982/2982
f 2983/2983/2983 3423/3423/3423 3422/3422/3422
f 3423/3423/3423 2984/2984/2984 3422/3422/3422
f 3423/3423/3423 2985/2985/2985 2984/2984/2984
f 2986/2986/2986 3424/3424/3424 2987/2987/2987
f 2986/2986/2986 3425/3425/3425 3424/3424/3424
f 3425/3425/3425 2988/2988/2988 3424/3424/3424
f 3425/3425/3425 2989/2989/2989 2988/2988/2988
f 2989/2989/2989 3426/3426/3426 2988/2988/2988
f 2989/2989/2989 3427/3427/3427 3426/3426/3426
f 3427/3427/3427 2990/2990/2990 3426/3426/3426
f 3427/3427/3427 2991/2991/2991 2990/2990/2990
f 2991/2991/2991 3428/3428/3428 2990/2990/2990
f 2991/2991/2991 3429/3429/3429 3428/3428/3428
f 2992/2992/2992 3428/3428/3428 3429/3429/3429
f 2992/2992/2992 2993/2993/2993 3428/3428/3428
f 2992/2992/2992 3430/3430/3430 2993/2993/2993
f 2992/2992/2992 3431/3431/3431 3430/3430/3430
f 2994/2994/2994 3430/3430/3430 3431/3431/3431
f 2994/2994/2994 2995/2995/2995 3430/3430/3430
f 3420/3420/3420 2995/2995/2995 2994/2994/2994
f 3420/3420/3420 3421/3421/3421 2995/2995/2995
f 2697/2697/2697 3445/3445/3445 3444/3444/3444
f 3444/3444/3444 3445/3445/3445 3011/3011/3011
f 3444/3444/3444 3011/3011/3011 3010/3010/3010
f 3010/3010/3010 3011/3011/3011 3455/3455/3455
f 3010/3010/3010 3455/3455/3455 3454/3454/3454
f 3454/3454/3454 3455/3455/3455 2702/2702/2702
f 3454/3454/3454 2702/2702/2702 2701/2701/2701
f 2701/2701/2701 2702/2702/2702 3453/3453/3453
f 2701/2701/2701 3453/3453/3453 3452/3452/3452
f 3452/3452/3452 3453/3453/3453 3008/3008/3008
f 3452/3452/3452 3008/3008/3008 3009/3009/3009
f 3009/3009/3009 3008/3008/3008 3511/3511/3511
f 3009/3009/3009 3511/3511/3511 3510/3510/3510
f 3510/3510/3510 3511/3511/3511 2720/2720/2720
f 3510/3510/3510 2720/2720/2720 2721/2721/2721
f 2720/2720/2720 3509/3509/3509 2721/2721/2721
f 2720/2720/2720 3508/3508/3508 3509/3509/3509
f 3045/3045/3045 3509/3509/3509 3508/3508/3508
f 3045/3045/3045 3508/3508/3508 3044/3044/3044
f 3044/3044/3044 3506/3506/3506 3045/3045/3045
f 3044/3044/3044 3507/3507/3507 3506/3506/3506
f 3506/3506/3506 3507/3507/3507 2718/2718/2718
f 3506/3506/3506 2718/2718/2718 2719/2719/2719
f 2718/2718/2718 3504/3504/3504 2719/2719/2719
f 2718/2718/2718 3505/3505/3505 3504/3504/3504
f 3505/3505/3505 3046/3046/3046 3504/3504/3504
f 3505/3505/3505 3047/3047/3047 3046/3046/3046
f 3046/3046/3046 3047/3047/3047 3515/3515/3515
f 3046/3046/3046 3515/3515/3515 3514/3514/3514
f 3514/3514/3514 3515/3515/3515 2723/2723/2723
f 3514/3514/3514 2723/2723/2723 2722/2722/2722
f 2722/2722/2722 2723/2723/2723 3513/3513/3513
f 2722/2722/2722 3513/3513/3513 3512/3512/3512
f 3512/3512/3512 3513/3513/3513 3006/3006/3006
f 3512/3512/3512 3006/3006/3006 3007/3007/3007
f 3006/3006/3006 3451/3451/3451 3007/3007/3007
f 3006/3006/3006 3450/3450/3450 3451/3451/3451
f 3450/3450/3450 2700/2700/2700 3451/3451/3451
f 3450/3450/3450 2699/2699/2699 2700/2700/2700
f 2699/2699/2699 3449/3449/3449 2700/2700/2700
f 2699/2699/2699 3448/3448/3448 3449/3449/3449
f 3005/3005/3005 3449/3449/3449 3448/3448/3448
f 3005/3005/3005 3448/3448/3448 3004/3004/3004
f 3004/3004/3004 3447/3447/3447 3005/3005/3005
f 3004/3004/3004 3446/3446/3446 3447/3447/3447
f 3446/3446/3446 2698/2698/2698 3447/3447/3447
f 3446/3446/3446 2697/2697/2697 2698/2698/2698
f 2697/2697/2697 3444/3444/3444 2698/2698/2698
f 2788/2788/2788 4010/4010/4010 4008/4008/4008
f 4010/4010/4010 4037/4037/4037 4008/4008/4008
f 4037/4037/4037 4038/4038/4038 4008/4008/4008
f 4038/4038/4038 4039/4039/4039 4008/4008/4008
f 4039/4039/4039 4040/4040/4040 4008/4008/4008
f 4040/4040/4040 4041/4041/4041 4008/4008/4008
f 4041/4041/4041 4042/4042/4042 4008/4008/4008
f 4042/4042/4042 4035/4035/4035 4008/4008/4008
f 4035/4035/4035 4036/4036/4036 4008/4008/4008
f 4036/4036/4036 4033/4033/4033 4008/4008/4008
f 4033/4033/4033 4034/4034/4034 4008/4008/4008
f 4034/4034/4034 4043/4043/4043 4008/4008/4008
f 4043/4043/4043 4009/4009/4009 4008/4008/4008
f 4000/4000/4000 4008/4008/4008 4009/4009/4009
o lock
v -3.8865 -10.2279 42.4267
v -3.8865 -1.0921 38.4569
v -3.8865 -2.2187 35.8640
v -3.8864 -11.3546 39.8338
v -1.4382 -11.9179 38.5373
v -1.4382 -2.7821 34.5676
v -1.4382 -11.9179 38.5373
v -1.4382 -2.7821 34.5676
v 1.0101 -11.3546 39.8338
v 1.0101 -2.2187 35.8640
v 1.0101 -10.2279 42.4267
v 1.0101 -1.0921 38.4569
v -1.4382 -0.5287 39.7534
v -1.4382 -9.6646 43.7231
v -3.8865 -1.0921 38.4569
v -3.8865 -2.2187 35.8640
v -1.4382 -2.7821 34.5676
v 1.0101 -2.2187 35.8640
v 1.0101 -1.0921 38.4569
v -1.4382 -0.5287 39.7534
v -3.8865 -10.2279 42.4267
v -1.4382 -10.7913 41.1302
v -3.8864 -11.3546 39.8338
v -1.4382 -10.7913 41.1302
v -1.4382 -11.9179 38.5373
v -1.4382 -10.7913 41.1302
v -1.4382 -11.9179 38.5373
v 1.0101 -11.3546 39.8338
v -1.4382 -10.7913 41.1302
v 1.0101 -10.2279 42.4267
v -1.4382 -10.7913 41.1302
v -1.4382 -9.6646 43.7231
v -1.4382 -10.7913 41.1302
v -7.1377 0.5418 36.8284
v -6.9440 -0.8864 36.6980
v -6.7692 -4.4061 43.2002
v -6.4943 -5.2894 42.0626
v -1.3355 -6.9375 44.6556
v -1.3355 -6.0542 45.7931
v -6.9440 -0.9116 28.7422
v -6.9440 -4.8485 28.7422
v -6.4943 -5.2894 42.0626
v -5.4286 -8.7980 43.2570
v -5.4286 -6.4959 43.2570
v -1.3355 -8.7980 44.6556
v -1.3355 -6.9375 44.6556
v -5.7035 -5.6126 44.3945
v -5.4286 -6.4959 43.2570
v -12.5564 -9.5551 28.7422
v -12.5564 -2.8044 34.0390
v -12.5564 -2.8044 28.7422
v -12.5564 -9.1225 41.4716
v -12.5564 -12.2638 36.8001
v -12.5564 -25.6670 45.2393
v -12.5564 -25.3852 39.7882
v -1.3355 -26.3305 50.5131
v -1.3355 -6.2408 45.9381
v -1.3355 -25.3852 39.7882
v -12.5564 -25.3852 39.7882
v -1.3355 -12.2638 36.8001
v -12.5564 -12.2638 36.8001
v -12.5564 -9.5551 28.7422
v -6.9440 -9.5551 28.7422
v -6.9440 -4.8485 28.7422
v -1.3355 -9.5551 28.7422
v -7.1377 0.5418 28.7422
v -6.9440 -0.9116 28.7422
v -6.9440 -0.8864 36.6980
v -1.3355 -8.7980 44.6556
v -1.3355 -8.7980 29.2352
v -6.9440 -4.8485 29.2352
v -1.3355 -8.7980 29.2352
v -1.3355 -4.8485 29.2352
v -1.3355 -4.8485 28.7422
v -1.3355 -9.5551 28.7422
v -6.9440 -4.8485 29.2352
v -1.3355 -4.8485 28.7422
v -1.3355 -4.8485 29.2352
v -6.9440 -4.8485 28.7422
v -12.5564 -41.5750 6.2141
v -12.5564 -42.9264 6.5776
v -12.5564 -38.3784 8.2507
v -12.5564 -40.7627 37.4909
v -12.5564 -37.3576 33.6430
v -12.5564 -47.3461 21.8519
v -12.5564 -42.5789 21.2397
v -1.3355 -51.8946 14.2637
v -1.3355 -52.6550 22.1143
v -1.3355 -44.6610 41.1043
v -12.5564 -38.1382 7.7267
v -9.7688 -41.5750 6.2141
v -9.7688 -38.3784 8.2507
v -12.5564 -38.3784 8.2507
v -12.5564 -42.5789 21.2397
v -1.3355 -42.5789 21.2397
v -1.3355 -37.3576 33.6430
v -12.5564 -37.3576 33.6430
v -1.3355 -51.4538 13.6744
v -1.3355 -42.5789 21.2397
v -6.6492 -42.4664 18.2361
v -1.3355 -51.8946 14.2637
v -1.3355 -51.4538 13.6744
v -7.1377 0.5418 28.7422
v -9.7688 -41.5750 6.2141
v -12.5564 -42.9264 6.5776
v -10.1535 -2.3142 28.7422
v -6.9440 -0.9116 28.7422
v -12.5564 -2.8044 28.7422
v -5.7035 -5.6126 44.3945
v -1.3355 -6.0542 45.7931
v 4.4666 0.5418 36.8284
v 4.2729 -0.8864 36.6980
v 4.0981 -4.4061 43.2002
v 3.8232 -5.2894 42.0626
v -1.3355 -6.9375 44.6556
v -1.3355 -6.0542 45.7931
v 4.2729 -0.9116 28.7422
v 4.2729 -4.8485 28.7422
v 3.8232 -5.2894 42.0626
v 2.7575 -8.7980 43.2570
v 2.7575 -6.4959 43.2570
v 3.0324 -5.6126 44.3945
v 2.7575 -6.4959 43.2570
v 9.8853 -2.8044 34.0390
v 9.8853 -9.5551 28.7422
v 9.8853 -2.8044 28.7422
v 9.8853 -9.1225 41.4716
v 9.8853 -12.2638 36.8001
v 9.8853 -25.6670 45.2393
v 9.8853 -25.3852 39.7882
v -1.3355 -26.3305 50.5131
v -1.3355 -6.2408 45.9381
v 9.8853 -25.3852 39.7882
v 9.8853 -12.2638 36.8001
v 9.8853 -9.5551 28.7422
v 4.2729 -4.8485 28.7422
v 4.2729 -9.5551 28.7422
v 4.4666 0.5418 28.7422
v 4.2729 -0.9116 28.7422
v 4.2729 -0.8864 36.6980
v 4.2729 -4.8485 29.2352
v 4.2729 -4.8485 29.2352
v 4.2729 -4.8485 28.7422
v 9.8853 -41.5750 6.2141
v 9.8853 -38.3784 8.2507
v 9.8853 -42.9264 6.5776
v 9.8853 -40.7627 37.4909
v 9.8853 -37.3576 33.6430
v 9.8853 -47.3461 21.8519
v 9.8853 -42.5789 21.2397
v -1.3355 -51.8946 14.2637
v -1.3355 -52.6550 22.1143
v 9.8853 -38.1382 7.7267
v 7.0977 -41.5750 6.2141
v 7.0977 -38.3784 8.2507
v 9.8853 -38.3784 8.2507
v 9.8853 -42.5789 21.2397
v 9.8853 -37.3576 33.6430
v 3.9781 -42.4664 18.2361
v -1.3355 -51.8946 14.2637
v -1.3355 -51.4538 13.6744
v 4.4666 0.5418 28.7422
v 7.0977 -41.5750 6.2141
v 9.8853 -42.9264 6.5776
v 7.4824 -2.3142 28.7422
v 4.2729 -0.9116 28.7422
v 9.8853 -2.8044 28.7422
v 3.0324 -5.6126 44.3945
v -1.3355 -6.0542 45.7931
v -6.0967 -4.2721 37.6735
v -6.8769 -4.2721 37.6735
v -6.8769 3.1532 36.1416
v -6.0967 3.1532 36.1416
v -6.8769 0.7401 38.4866
v -6.0967 0.7401 38.4866
v -6.0967 -4.2721 37.6735
v -6.8769 -4.2721 37.6735
v -6.0967 2.0028 28.8951
v -6.8769 2.0028 28.8951
v -6.8769 2.0028 28.8951
v -6.0967 2.0028 28.8951
v -6.8769 -3.4130 30.4609
v -6.0967 -2.6721 28.6426
v -6.8769 -2.6721 28.6426
v -6.0967 -3.4130 30.4609
v -6.8769 -5.4116 33.6381
v -6.0967 -5.4116 33.6381
v -6.8769 -10.8963 38.7222
v -6.0967 -10.8963 38.7222
v -6.0967 -2.6721 28.6426
v -6.0967 -3.4130 30.4609
v -6.0967 -5.4116 33.6381
v -6.0967 -10.8963 38.7222
v -6.0967 -8.9551 41.7310
v -6.0967 -4.2721 37.6735
v -6.8769 -4.2721 37.6735
v -6.0967 -8.9551 41.7310
v -6.8769 -8.9551 41.7310
v -6.8769 -2.6721 28.6426
v -6.8769 -3.4130 30.4609
v -6.8769 -5.4116 33.6381
v -6.8769 -10.8963 38.7222
v -6.8769 -8.9551 41.7310
v -6.0967 -1.2411 27.4632
v -6.8769 -1.2411 27.4632
v -6.8769 -1.2411 27.4632
v -6.0967 -1.2411 27.4632
v 4.2110 -4.2721 37.6735
v 3.4308 -4.2721 37.6735
v 3.4308 3.1532 36.1416
v 4.2110 3.1532 36.1416
v 3.4308 0.7401 38.4866
v 4.2110 0.7401 38.4866
v 4.2110 -4.2721 37.6735
v 3.4308 -4.2721 37.6735
v 4.2110 2.0028 28.8951
v 3.4308 2.0028 28.8951
v 3.4308 2.0028 28.8951
v 4.2110 2.0028 28.8951
v 3.4308 -3.4130 30.4609
v 4.2110 -2.6721 28.6426
v 3.4308 -2.6721 28.6426
v 4.2110 -3.4130 30.4609
v 3.4308 -5.4116 33.6381
v 4.2110 -5.4116 33.6381
v 3.4308 -10.8963 38.7222
v 4.2110 -10.8963 38.7222
v 4.2110 -2.6721 28.6426
v 4.2110 -3.4130 30.4609
v 4.2110 -5.4116 33.6381
v 4.2110 -10.8963 38.7222
v 4.2110 -8.9551 41.7310
v 4.2110 -4.2721 37.6735
v 3.4308 -4.2721 37.6735
v 4.2110 -8.9551 41.7310
v 3.4308 -8.9551 41.7310
v 3.4308 -2.6721 28.6426
v 3.4308 -3.4130 30.4609
v 3.4308 -5.4116 33.6381
v 3.4308 -10.8963 38.7222
v 3.4308 -8.9551 41.7310
v 4.2110 -1.2411 27.4632
v 3.4308 -1.2411 27.4632
v 3.4308 -1.2411 27.4632
v 4.2110 -1.2411 27.4632
v -7.4870 0.4341 36.7502
v 4.6106 0.4341 36.7502
v -7.4870 0.5630 35.6219
v 4.6106 0.5630 35.6219
v 4.6106 0.5630 35.6219
v -7.4870 0.5630 35.6219
v -7.4870 1.4757 36.2976
v 4.6106 1.4757 36.2976
v -7.4870 0.4341 36.7502
v -7.4870 0.5630 35.6219
v -7.4870 0.8243 36.2233
v -7.4870 0.5630 35.6219
v -7.4870 1.4757 36.2976
v -7.4870 0.8243 36.2233
v -7.4870 0.8243 36.2233
v 4.6106 0.8243 36.2233
v 4.6106 0.4341 36.7502
v 4.6106 0.5630 35.6219
v 4.6106 0.8243 36.2233
v 4.6106 0.5630 35.6219
v 4.6106 1.4757 36.2976
v 4.6106 0.8243 36.2233
v -3.2400 0.7156 38.0707
v -3.7939 0.2206 38.2598
v -3.7939 1.1470 34.6143
v -3.2400 -0.3819 35.1984
v -3.2400 1.1470 34.6143
v -3.7939 -0.8769 35.3876
v -3.7939 2.1159 37.5356
v -3.7939 1.1470 34.6143
v -3.7939 -0.8769 35.3876
v -3.7939 0.2206 38.2598
v -3.2400 2.9198 36.3024
v -3.7939 2.9198 36.3024
v -3.2400 1.1470 34.6143
v -3.7939 1.9915 34.9012
v -3.2400 1.9915 34.9012
v -3.7939 2.9198 36.3024
v -3.2400 2.1159 37.5356
v -3.2400 2.9198 36.3024
v -3.7939 1.9915 34.9012
v -3.2400 1.9915 34.9012
v -3.2400 1.1470 34.6143
v -3.7939 -0.8769 35.3876
v -1.4379 0.2206 38.2598
v -1.4379 -0.8769 35.3876
v -3.7939 0.2206 38.2598
v -3.2400 0.7156 38.0707
v -1.4379 0.2206 38.2598
v -1.4379 0.7156 38.0707
v -3.2400 -0.3819 35.1984
v -1.4379 -0.8769 35.3876
v -1.4379 -0.3819 35.1984
v -3.2400 -0.3819 35.1984
v -3.2400 0.7156 38.0707
v -3.2400 0.7156 38.0707
v -1.4379 -0.3819 35.1984
v -1.4379 0.7156 38.0707
v -3.2400 -0.3819 35.1984
v 0.3641 0.7156 38.0707
v 0.9180 0.2206 38.2598
v 0.3641 -0.3819 35.1984
v 0.9180 1.1470 34.6143
v 0.3641 1.1470 34.6143
v 0.9180 -0.8769 35.3876
v 0.9180 2.1159 37.5356
v 0.9180 -0.8769 35.3876
v 0.9180 0.2206 38.2598
v 0.9180 1.1470 34.6143
v 0.3641 2.9198 36.3024
v 0.9180 2.9198 36.3024
v 0.3641 1.1470 34.6143
v 0.3641 1.9915 34.9012
v 0.9180 1.9915 34.9012
v 0.9180 2.9198 36.3024
v 0.3641 2.9198 36.3024
v 0.3641 2.1159 37.5356
v 0.9180 1.9915 34.9012
v 0.3641 1.9915 34.9012
v 0.3641 1.1470 34.6143
v 0.9180 0.2206 38.2598
v 0.9180 -0.8769 35.3876
v 0.3641 0.7156 38.0707
v 0.3641 -0.3819 35.1984
v 0.3641 -0.3819 35.1984
v 0.3641 0.7156 38.0707
v 0.3641 0.7156 38.0707
v 0.3641 -0.3819 35.1984
v -2.4971 -1.4812 37.5613
v -2.4971 0.5932 36.6599
v -2.4971 0.1059 35.5385
v -2.4971 -1.9685 36.4399
v -1.4382 -2.2122 35.8791
v -1.4382 -0.1377 34.9777
v -1.4382 -0.1377 34.9777
v -1.4382 -2.2122 35.8791
v -0.3793 0.1059 35.5385
v -0.3793 -1.9685 36.4399
v -0.3793 -1.4812 37.5613
v -0.3793 0.5932 36.6599
v -1.4382 0.8369 37.2206
v -1.4382 -1.2376 38.1220
v -2.4971 0.5932 36.6599
v -1.4382 0.3496 36.0992
v -2.4971 0.1059 35.5385
v -1.4382 0.3496 36.0992
v -1.4382 -0.1377 34.9777
v -1.4382 0.3496 36.0992
v -1.4382 -0.1377 34.9777
v -0.3793 0.1059 35.5385
v -1.4382 0.3496 36.0992
v -0.3793 0.5932 36.6599
v -1.4382 0.3496 36.0992
v -1.4382 0.8369 37.2206
v -1.4382 0.3496 36.0992
v -1.4382 -1.6554 37.1605
v -1.4382 -1.6554 37.1605
v -1.4382 -1.6554 37.1605
v -1.4382 -2.7821 34.5676
v -1.4382 -1.6554 37.1605
v -1.4382 -1.6554 37.1605
v -1.4382 -1.6554 37.1605
v -7.1378 -0.3461 39.1342
v -6.9440 -1.4850 38.2790
v -6.8689 -8.7980 40.8499
v -6.9440 -1.4850 38.2790
v -12.5564 -9.5551 34.6968
v -12.5564 -3.7036 36.6076
v -8.4837 -0.1437 28.7422
v -12.5564 -17.0626 44.8140
v -12.5564 -18.5611 39.4510
v -1.3355 -15.8823 49.9968
v -1.3355 -18.5611 39.4510
v -12.5564 -18.5611 39.4510
v -1.3355 -9.5551 34.6968
v -12.5564 -9.5551 34.6968
v -12.5564 -9.5551 34.6968
v -6.9440 -9.5551 28.7422
v -12.5564 -9.5551 28.7422
v -1.3355 -9.5551 34.6968
v -9.3891 -43.8038 6.8136
v -9.3625 -46.0967 8.0525
v -8.6007 -46.0967 8.0525
v -8.6007 -46.0967 8.0525
v -12.5564 -44.6390 9.3001
v -12.5564 -40.3182 11.2192
v -9.3625 -46.0967 8.0525
v -12.5564 -33.8980 42.6959
v -12.5564 -31.9132 37.7711
v -12.5564 -45.4332 30.2518
v -12.5564 -41.0618 27.9017
v -12.5564 -46.2707 13.3044
v -12.5564 -41.7260 14.4607
v -1.3355 -50.3322 32.3141
v -1.3355 -36.3253 47.4248
v -12.5564 -39.5622 6.2948
v -12.5564 -41.5750 6.2141
v -9.7688 -39.5622 6.2948
v -12.5564 -39.5622 6.2948
v -1.3355 -41.0618 27.9017
v -12.5564 -41.0618 27.9017
v -1.3355 -31.9132 37.7711
v -12.5564 -31.9132 37.7711
v -9.7688 -38.3784 8.2507
v -9.7688 -38.1382 7.7267
v -9.7688 -39.5622 6.2948
v -9.7688 -41.5750 6.2141
v -9.7688 -40.3182 11.2192
v -12.5564 -40.3182 11.2192
v -12.5564 -41.7260 14.4607
v -8.6191 -41.7278 14.5797
v -8.6007 -46.0967 8.0525
v -9.7688 -40.3182 11.2192
v -9.3891 -43.8038 6.8136
v -8.6191 -41.7278 14.5797
v -7.2004 -50.4467 12.3282
v -6.5532 -50.1369 11.9680
v -7.8881 0.3510 28.7422
v -8.4837 -0.1437 28.7422
v -10.2921 -43.4776 6.7258
v -9.3891 -43.8038 6.8136
v 4.4667 -0.3461 39.1342
v 4.2729 -1.4850 38.2790
v 4.1978 -8.7980 40.8499
v 4.2729 -1.4850 38.2790
v 9.8853 -9.5551 34.6968
v 9.8853 -3.7036 36.6076
v 5.8126 -0.1437 28.7422
v 9.8853 -17.0626 44.8140
v 9.8853 -18.5611 39.4510
v -1.3355 -15.8823 49.9968
v 9.8853 -18.5611 39.4510
v 9.8853 -9.5551 34.6968
v 4.2729 -9.5551 28.7422
v 9.8853 -9.5551 34.6968
v 9.8853 -9.5551 28.7422
v 6.6915 -46.0967 8.0525
v 6.7180 -43.8038 6.8136
v 5.9296 -46.0967 8.0525
v 5.9296 -46.0967 8.0525
v 9.8853 -40.3182 11.2192
v 9.8853 -44.6390 9.3001
v 6.6915 -46.0967 8.0525
v 9.8853 -33.8980 42.6959
v 9.8853 -31.9132 37.7711
v 9.8853 -45.4332 30.2518
v 9.8853 -41.0618 27.9017
v 9.8853 -46.2707 13.3044
v 9.8853 -41.7260 14.4607
v -1.3355 -50.3322 32.3141
v 9.8853 -39.5622 6.2948
v 9.8853 -41.5750 6.2141
v 7.0977 -39.5622 6.2948
v 9.8853 -39.5622 6.2948
v 9.8853 -41.0618 27.9017
v 9.8853 -31.9132 37.7711
v 7.0977 -38.1382 7.7267
v 7.0977 -38.3784 8.2507
v 7.0977 -39.5622 6.2948
v 7.0977 -41.5750 6.2141
v 7.0977 -40.3182 11.2192
v 9.8853 -40.3182 11.2192
v 9.8853 -41.7260 14.4607
v 5.9480 -41.7278 14.5797
v 5.9296 -46.0967 8.0525
v 7.0977 -40.3182 11.2192
v 5.9480 -41.7278 14.5797
v 6.7180 -43.8038 6.8136
v 4.5294 -50.4467 12.3282
v 3.8822 -50.1369 11.9680
v 5.2170 0.3510 28.7422
v 5.8126 -0.1437 28.7422
v 7.6210 -43.4776 6.7258
v 6.7180 -43.8038 6.8136
v -6.8769 0.4649 28.0010
v -6.0967 0.4649 28.0010
v -6.8769 0.7401 38.4866
v -6.0967 0.7401 38.4866
v -6.8769 2.5567 37.8008
v -6.0967 2.5567 37.8008
v -6.0967 3.1532 36.1416
v -6.8769 3.1532 36.1416
v -6.8769 2.5567 37.8008
v -6.0967 2.5567 37.8008
v -6.0967 0.4649 28.0010
v -6.8769 0.4649 28.0010
v -6.8769 -7.9316 36.4201
v -6.0967 -7.9316 36.4201
v -6.0967 -7.9316 36.4201
v -6.0967 -5.4974 39.0461
v -6.8769 -5.4974 39.0461
v -6.0967 -5.4974 39.0461
v -6.8769 -7.9316 36.4201
v -6.8769 -5.4974 39.0461
v 3.4308 0.4649 28.0010
v 4.2110 0.4649 28.0010
v 3.4308 0.7401 38.4866
v 4.2110 0.7401 38.4866
v 3.4308 2.5567 37.8008
v 4.2110 2.5567 37.8008
v 4.2110 3.1532 36.1416
v 3.4308 3.1532 36.1416
v 3.4308 2.5567 37.8008
v 4.2110 2.5567 37.8008
v 4.2110 0.4649 28.0010
v 3.4308 0.4649 28.0010
v 3.4308 -7.9316 36.4201
v 4.2110 -7.9316 36.4201
v 4.2110 -7.9316 36.4201
v 4.2110 -5.4974 39.0461
v 3.4308 -5.4974 39.0461
v 4.2110 -5.4974 39.0461
v 3.4308 -7.9316 36.4201
v 3.4308 -5.4974 39.0461
v 4.6106 0.1728 36.1489
v -7.4870 0.1728 36.1489
v -7.4870 1.2144 35.6963
v 4.6106 1.2144 35.6963
v -7.4870 1.0856 36.8246
v 4.6106 1.0856 36.8246
v -7.4870 0.1728 36.1489
v -7.4870 0.8243 36.2233
v -7.4870 1.2144 35.6963
v -7.4870 0.8243 36.2233
v -7.4870 1.0856 36.8246
v -7.4870 0.8243 36.2233
v 4.6106 0.1728 36.1489
v 4.6106 0.8243 36.2233
v 4.6106 1.2144 35.6963
v 4.6106 0.8243 36.2233
v 4.6106 1.0856 36.8246
v 4.6106 0.8243 36.2233
v -3.7939 2.1159 37.5356
v -3.2400 2.1159 37.5356
v -3.7939 2.8389 35.9190
v -3.7939 2.8389 35.9190
v -3.2400 2.8389 35.9190
v -3.2400 2.8782 36.6919
v -3.7939 2.8782 36.6919
v -3.7939 2.7182 37.0495
v -3.2400 2.7182 37.0495
v -3.7939 2.4556 37.3402
v -3.2400 2.4556 37.3402
v -3.2400 1.5851 34.7112
v -3.7939 1.5851 34.7112
v -3.7939 2.3468 35.1752
v -3.2400 2.3468 35.1752
v -3.2400 2.6338 35.5199
v -3.7939 2.6338 35.5199
v -3.7939 2.7182 37.0495
v -3.7939 2.8782 36.6919
v -3.7939 2.4556 37.3402
v -3.2400 2.7182 37.0495
v -3.2400 2.4556 37.3402
v -3.2400 2.8389 35.9190
v -3.2400 2.8782 36.6919
v -3.7939 1.5851 34.7112
v -3.7939 2.6338 35.5199
v -3.7939 2.3468 35.1752
v -3.2400 2.6338 35.5199
v -3.2400 2.3468 35.1752
v -3.2400 1.5851 34.7112
v 0.9180 2.1159 37.5356
v 0.3641 2.1159 37.5356
v 0.9180 2.8389 35.9190
v 0.9180 2.8389 35.9190
v 0.3641 2.8389 35.9190
v 0.9180 2.8782 36.6919
v 0.3641 2.8782 36.6919
v 0.3641 2.7182 37.0495
v 0.9180 2.7182 37.0495
v 0.3641 2.4556 37.3402
v 0.9180 2.4556 37.3402
v 0.3641 1.5851 34.7112
v 0.9180 1.5851 34.7112
v 0.3641 2.3468 35.1752
v 0.9180 2.3468 35.1752
v 0.3641 2.6338 35.5199
v 0.9180 2.6338 35.5199
v 0.9180 2.7182 37.0495
v 0.9180 2.4556 37.3402
v 0.9180 2.8782 36.6919
v 0.3641 2.7182 37.0495
v 0.3641 2.8782 36.6919
v 0.3641 2.8389 35.9190
v 0.3641 2.4556 37.3402
v 0.9180 2.6338 35.5199
v 0.9180 2.3468 35.1752
v 0.9180 1.5851 34.7112
v 0.3641 1.5851 34.7112
v 0.3641 2.6338 35.5199
v 0.3641 2.3468 35.1752
v -2.0496 0.7716 37.0704
v -2.0496 -1.3029 37.9718
v -2.6610 0.3496 36.0992
v -2.6610 -1.7249 37.0006
v -2.0496 -0.0724 35.1280
v -2.0496 -2.1469 36.0294
v -0.8268 -2.1469 36.0294
v -0.8268 -0.0724 35.1280
v -0.2155 -1.7249 37.0006
v -0.2155 0.3496 36.0992
v -0.8268 0.7716 37.0704
v -0.8268 -1.3029 37.9718
v -2.0496 0.7716 37.0704
v -2.6610 0.3496 36.0992
v -1.4382 0.3496 36.0992
v -2.0496 -0.0724 35.1280
v -1.4382 0.3496 36.0992
v -0.8268 -0.0724 35.1280
v -1.4382 0.3496 36.0992
v -0.2155 0.3496 36.0992
v -1.4382 0.3496 36.0992
v -0.8268 0.7716 37.0704
v -1.4382 0.3496 36.0992
v -1.4382 0.3496 36.0992
v -2.8517 -0.6797 39.4060
v -2.8517 -9.8155 43.3757
v -4.2652 -10.7913 41.1302
v -4.2652 -1.6554 37.1605
v -2.8517 -2.6311 34.9150
v -2.8517 -11.7670 38.8847
v -0.0247 -2.6311 34.9150
v -0.0247 -11.7670 38.8847
v 1.3888 -1.6554 37.1605
v 1.3888 -10.7913 41.1302
v -0.0247 -0.6797 39.4060
v -0.0247 -9.8155 43.3757
v -2.8517 -0.6797 39.4060
v -4.2652 -1.6554 37.1605
v -1.4382 -1.6554 37.1605
v -2.8517 -2.6311 34.9150
v -1.4382 -1.6554 37.1605
v -0.0247 -2.6311 34.9150
v -1.4382 -1.6554 37.1605
v 1.3888 -1.6554 37.1605
v -1.4382 -1.6554 37.1605
v -0.0247 -0.6797 39.4060
v -1.4382 -1.6554 37.1605
v -1.4382 -1.6554 37.1605
v -1.4382 -10.7913 41.1302
v -2.8517 -9.8155 43.3757
v -4.2652 -10.7913 41.1302
v -1.4382 -10.7913 41.1302
v -2.8517 -11.7670 38.8847
v -1.4382 -10.7913 41.1302
v -0.0247 -11.7670 38.8847
v -1.4382 -10.7913 41.1302
v 1.3888 -10.7913 41.1302
v -1.4382 -10.7913 41.1302
v -0.0247 -9.8155 43.3757
v -1.4382 -10.7913 41.1302
v -6.7692 -4.4061 43.2002
v -7.8678 -2.9947 41.7460
v -7.1378 -2.8496 41.9025
v -7.8724 -7.0510 44.9084
v -6.9440 -0.9932 37.5620
v -7.1380 0.3122 38.0638
v -7.1378 -2.8496 41.9025
v -6.8689 -3.8262 40.8499
v -4.2477 -6.0542 45.0893
v -3.9728 -6.9375 43.9517
v -12.5564 -3.0149 35.4070
v -11.1491 -2.8044 34.1414
v -11.1491 -3.0220 35.4541
v -12.5564 -2.8044 34.0390
v -12.5564 -3.7036 36.6076
v -11.1491 -3.6973 36.6007
v -8.4783 -0.1367 36.1520
v -10.1966 -2.5900 35.7995
v -10.1590 -2.3214 34.5423
v -8.4263 -0.2845 37.5200
v -10.2073 -3.2743 36.9164
v -8.4110 -0.9399 38.6874
v -6.9440 -4.8485 29.2352
v -6.8689 -3.8262 40.8499
v -6.9440 -8.7980 38.2790
v -3.9728 -6.9375 43.9517
v -3.9728 -8.7980 43.9517
v -12.5564 -3.0149 35.4070
v -11.1491 -2.8044 28.7422
v -12.5564 -2.8044 28.7422
v -10.1535 -2.3142 28.7422
v -12.5564 -5.7073 38.8197
v -12.5564 -12.9463 43.4901
v -12.5564 -15.2964 38.4010
v -12.5564 -21.3462 45.4030
v -12.5564 -21.9584 39.9181
v -12.5564 -29.8938 44.3277
v -12.5564 -28.7375 39.0652
v -11.1491 -5.7073 38.8197
v -12.5564 -5.7073 38.8197
v -11.1491 -9.1225 41.4716
v -12.5564 -9.1225 41.4716
v -11.1491 -12.9463 43.4901
v -12.5564 -12.9463 43.4901
v -11.1491 -17.0626 44.8140
v -12.5564 -17.0626 44.8140
v -11.1491 -21.3462 45.4030
v -12.5564 -21.3462 45.4030
v -11.1491 -25.6670 45.2393
v -12.5564 -25.6670 45.2393
v -11.1491 -29.8938 44.3277
v -12.5564 -29.8938 44.3277
v -10.2073 -5.3487 39.2064
v -8.4109 -3.3565 41.3557
v -10.2073 -8.8366 41.9147
v -8.4108 -7.2478 44.3773
v -8.4108 -11.6047 46.6773
v -10.2073 -12.7417 43.9762
v -8.4108 -16.2948 48.1857
v -10.2073 -16.9455 45.3282
v -8.4108 -21.1755 48.8568
v -10.2073 -21.3202 45.9297
v -10.2073 -25.7329 45.7625
v -8.4108 -26.0987 48.6702
v -10.2073 -30.0495 44.8315
v -8.4108 -30.9146 47.6315
v -1.3355 -31.4630 49.4062
v -7.1495 -26.2054 49.5186
v -7.1495 -31.1671 48.4485
v -7.1495 -21.1333 49.7109
v -1.3355 -21.0838 50.7120
v -7.1495 -16.1049 49.0195
v -7.1495 -11.2729 47.4654
v -1.3355 -10.8840 48.3892
v -7.1495 -6.7842 45.0958
v -12.5564 -28.7375 39.0652
v -1.3355 -28.7375 39.0652
v -1.3355 -21.9584 39.9181
v -12.5564 -21.9584 39.9181
v -1.3355 -15.2964 38.4010
v -12.5564 -15.2964 38.4010
v -6.9440 -8.7980 37.5620
v -6.9440 -0.9932 37.5620
v -6.9440 -8.7980 37.5620
v -6.8689 -8.7980 40.8499
v -6.9440 -8.7980 38.2790
v -5.4286 -8.7980 43.2570
v -3.9728 -8.7980 43.9517
v -6.9440 -8.7980 29.2352
v -6.9440 -8.7980 29.2352
v -6.9440 -8.7980 29.2352
v -10.1509 -43.8038 6.8136
v -8.5727 -48.2974 9.8464
v -7.8109 -48.2974 9.8464
v -7.4678 -49.4192 11.1218
v -7.8109 -48.2974 9.8464
v -8.1393 -49.7144 11.4574
v -12.5564 -42.9264 6.5776
v -11.1491 -44.6390 9.3001
v -11.1491 -42.9264 6.5776
v -12.5564 -44.6390 9.3001
v -10.1509 -43.8038 6.8136
v -10.2017 -45.0494 8.9489
v -10.2921 -43.4776 6.7258
v -12.5564 -37.5581 40.3937
v -12.5564 -34.8160 35.9452
v -12.5564 -43.4146 34.0756
v -12.5564 -39.4609 30.9344
v -12.5564 -46.7571 26.1355
v -12.5564 -42.1118 24.6371
v -12.5564 -47.1823 17.5311
v -12.5564 -42.4490 17.8129
v -11.1491 -33.8980 42.6959
v -12.5564 -33.8980 42.6959
v -11.1491 -37.5581 40.3937
v -12.5564 -37.5581 40.3937
v -11.1491 -40.7627 37.4909
v -12.5564 -40.7627 37.4909
v -11.1491 -43.4146 34.0756
v -12.5564 -43.4146 34.0756
v -11.1491 -45.4332 30.2518
v -12.5564 -45.4332 30.2518
v -11.1491 -46.7571 26.1355
v -12.5564 -46.7571 26.1355
v -11.1491 -47.3461 21.8519
v -12.5564 -47.3461 21.8519
v -11.1491 -47.1823 17.5311
v -12.5564 -47.1823 17.5311
v -11.1491 -46.2707 13.3044
v -12.5564 -46.2707 13.3044
v -8.4108 -35.4771 45.7723
v -10.2073 -34.1388 43.1651
v -8.4108 -39.6474 43.1492
v -10.2073 -37.8767 40.8139
v -8.4108 -43.2988 39.8416
v -10.2073 -41.1495 37.8493
v -10.2073 -43.8577 34.3615
v -8.4108 -46.3204 35.9503
v -8.4108 -48.6203 31.5935
v -10.2073 -45.9192 30.4564
v -8.4108 -50.1288 26.9034
v -10.2073 -47.2713 26.2526
v -8.4108 -50.7999 22.0226
v -10.2073 -47.8728 21.8779
v -8.4108 -50.6133 17.0994
v -10.2073 -47.7055 17.4653
v -10.2073 -46.7745 13.1487
v -8.4108 -49.5746 12.2835
v -8.5727 -48.2974 9.8464
v -8.1393 -49.7144 11.4574
v -7.1495 -51.4617 16.9927
v -7.2004 -50.4467 12.3282
v -1.3355 -52.4561 16.8676
v -7.1495 -51.6540 22.0648
v -1.3355 -51.9398 27.3158
v -7.1495 -50.9625 27.0932
v -7.1495 -49.4084 31.9252
v -7.1495 -47.0389 36.4139
v -1.3355 -47.8811 36.9573
v -7.1495 -43.9259 40.4230
v -7.1495 -40.1640 43.8305
v -1.3355 -40.7696 44.6292
v -7.1495 -35.8676 46.5331
v -12.5564 -38.6541 6.7561
v -12.5564 -38.2427 7.1599
v -9.7688 -38.6541 6.7561
v -12.5564 -38.6541 6.7561
v -9.7688 -38.2427 7.1599
v -12.5564 -38.2427 7.1599
v -9.7688 -38.1382 7.7267
v -12.5564 -38.1382 7.7267
v -12.5564 -38.1382 7.7267
v -9.7688 -38.1382 7.7267
v -1.3355 -42.1118 24.6371
v -12.5564 -42.1118 24.6371
v -1.3355 -39.4609 30.9344
v -12.5564 -39.4609 30.9344
v -1.3355 -34.8160 35.9452
v -12.5564 -34.8160 35.9452
v -9.7688 -38.2427 7.1599
v -9.7688 -38.6541 6.7561
v -9.7688 -42.9264 6.5776
v -6.6492 -42.4664 18.2361
v -6.5532 -50.1369 11.9680
v -7.8109 -48.2974 9.8464
v -8.1071 -41.9982 15.8169
v -7.4678 -49.4192 11.1218
v -7.6168 -42.2571 17.0017
v -7.2906 -42.4294 17.7898
v -6.9755 -49.9722 11.7646
v -7.2915 -49.7242 11.4722
v -8.1071 -41.9982 15.8169
v -12.5564 -42.4490 17.8129
v -7.2906 -42.4294 17.7898
v -7.6168 -42.2571 17.0017
v -7.2915 -49.7242 11.4722
v -6.9755 -49.9722 11.7646
v -7.8724 -11.3860 47.1968
v -7.8679 -0.5159 39.0081
v -7.1378 -0.3461 39.1342
v -7.9086 0.3429 36.5486
v -7.8774 0.1488 37.8690
v -7.1377 0.5418 36.8284
v -7.1380 0.3122 38.0638
v -7.8881 0.3510 28.7422
v -7.1377 0.5418 28.7422
v -7.8724 -16.1696 48.7353
v -7.8724 -21.1477 49.4198
v -7.8724 -26.1691 49.2295
v -7.8724 -31.0811 48.1701
v -7.8724 -35.7345 46.2738
v -7.8724 -39.9879 43.5983
v -7.8724 -43.7121 40.2248
v -7.8724 -46.7940 36.2559
v -7.8724 -49.1398 31.8121
v -7.8724 -49.1398 31.8121
v -7.8724 -50.6783 27.0285
v -7.8724 -51.3628 22.0504
v -7.8724 -51.1725 17.0291
v -7.8849 -50.1262 12.1960
v -10.6343 -43.0768 6.6180
v -9.7688 -42.9264 6.5776
v -11.1491 -42.9264 6.5776
v -10.5942 -2.6752 28.7422
v -10.5765 -2.6674 34.2763
v -10.6021 -2.9064 35.5573
v -10.6094 -3.5830 36.6836
v -10.6094 -5.6115 38.9230
v -10.6094 -9.0462 41.5899
v -10.6094 -12.8917 43.6199
v -10.6094 -17.0313 44.9513
v -10.6094 -21.3393 45.5437
v -10.6094 -25.6846 45.3790
v -10.6094 -29.9353 44.4622
v -10.6094 -33.9623 42.8212
v -10.6343 -43.0768 6.6180
v -10.6047 -44.7500 9.2051
v -10.6094 -46.4052 13.2628
v -10.6094 -37.6431 40.5059
v -10.6094 -40.8660 37.5866
v -10.6094 -43.5329 34.1520
v -10.6094 -45.5630 30.3064
v -10.6094 -46.8944 26.1668
v -10.6094 -47.4867 21.8589
v -10.6094 -47.3220 17.5135
v -11.1491 -2.8044 28.7422
v -10.5942 -2.6752 28.7422
v -4.2477 -6.0542 45.0893
v 4.0981 -4.4061 43.2002
v 5.1968 -2.9947 41.7460
v 5.2014 -7.0510 44.9084
v 4.4667 -2.8496 41.9025
v 4.2729 -0.9932 37.5620
v 4.4669 0.3122 38.0638
v 4.4667 -2.8496 41.9025
v 4.1978 -3.8262 40.8499
v 1.5766 -6.0542 45.0893
v 1.3017 -6.9375 43.9517
v 8.4780 -2.8044 34.1414
v 9.8853 -3.0149 35.4070
v 8.4780 -3.0220 35.4541
v 9.8853 -2.8044 34.0390
v 9.8853 -3.7036 36.6076
v 8.4781 -3.6973 36.6007
v 7.5255 -2.5900 35.7995
v 5.8072 -0.1367 36.1520
v 7.4879 -2.3214 34.5423
v 5.7552 -0.2845 37.5200
v 7.5362 -3.2743 36.9164
v 5.7399 -0.9399 38.6874
v 4.2729 -4.8485 29.2352
v 4.2729 -8.7980 38.2790
v 4.1978 -3.8262 40.8499
v 1.3017 -6.9375 43.9517
v 1.3017 -8.7980 43.9517
v 9.8853 -3.0149 35.4070
v 8.4781 -2.8044 28.7422
v 9.8853 -2.8044 28.7422
v 7.4824 -2.3142 28.7422
v 9.8853 -5.7073 38.8197
v 9.8853 -12.9463 43.4901
v 9.8853 -15.2964 38.4010
v 9.8853 -21.3462 45.4030
v 9.8853 -21.9584 39.9181
v 9.8853 -29.8938 44.3277
v 9.8853 -28.7375 39.0652
v 8.4781 -5.7073 38.8197
v 9.8853 -5.7073 38.8197
v 8.4781 -9.1225 41.4716
v 9.8853 -9.1225 41.4716
v 8.4781 -12.9463 43.4901
v 9.8853 -12.9463 43.4901
v 8.4781 -17.0626 44.8140
v 9.8853 -17.0626 44.8140
v 8.4781 -21.3462 45.4030
v 9.8853 -21.3462 45.4030
v 8.4781 -25.6670 45.2393
v 9.8853 -25.6670 45.2393
v 8.4781 -29.8938 44.3277
v 9.8853 -29.8938 44.3277
v 7.5362 -5.3487 39.2064
v 5.7398 -3.3565 41.3557
v 7.5363 -8.8366 41.9147
v 5.7397 -7.2478 44.3773
v 5.7397 -11.6047 46.6773
v 7.5363 -12.7417 43.9762
v 5.7397 -16.2948 48.1857
v 7.5363 -16.9455 45.3282
v 5.7397 -21.1755 48.8568
v 7.5363 -21.3202 45.9297
v 7.5363 -25.7329 45.7625
v 5.7397 -26.0987 48.6702
v 7.5363 -30.0495 44.8315
v 5.7397 -30.9146 47.6315
v 4.4785 -26.2054 49.5186
v 4.4785 -31.1671 48.4485
v 4.4785 -21.1333 49.7109
v -1.3355 -21.0838 50.7120
v 4.4785 -16.1049 49.0195
v 4.4785 -11.2729 47.4654
v -1.3355 -10.8840 48.3892
v 4.4785 -6.7842 45.0958
v 9.8853 -28.7375 39.0652
v 9.8853 -21.9584 39.9181
v 9.8853 -15.2964 38.4010
v 4.2729 -8.7980 37.5620
v 4.2729 -0.9932 37.5620
v 4.2729 -8.7980 37.5620
v 4.2729 -8.7980 29.2352
v 1.3017 -8.7980 43.9517
v 2.7575 -8.7980 43.2570
v 4.1978 -8.7980 40.8499
v 4.2729 -8.7980 38.2790
v 4.2729 -8.7980 29.2352
v 4.2729 -8.7980 29.2352
v 7.4798 -43.8038 6.8136
v 5.9016 -48.2974 9.8464
v 5.1398 -48.2974 9.8464
v 4.7967 -49.4192 11.1218
v 5.4682 -49.7144 11.4574
v 5.1398 -48.2974 9.8464
v 9.8853 -42.9264 6.5776
v 8.4781 -44.6390 9.3001
v 9.8853 -44.6390 9.3001
v 8.4781 -42.9264 6.5776
v 7.4798 -43.8038 6.8136
v 7.5307 -45.0494 8.9489
v 7.6210 -43.4776 6.7258
v 9.8853 -37.5581 40.3937
v 9.8853 -34.8160 35.9452
v 9.8853 -43.4146 34.0756
v 9.8853 -39.4609 30.9344
v 9.8853 -46.7571 26.1355
v 9.8853 -42.1118 24.6371
v 9.8853 -47.1823 17.5311
v 9.8853 -42.4490 17.8129
v 8.4781 -33.8980 42.6959
v 9.8853 -33.8980 42.6959
v 8.4781 -37.5581 40.3937
v 9.8853 -37.5581 40.3937
v 8.4781 -40.7627 37.4909
v 9.8853 -40.7627 37.4909
v 8.4781 -43.4146 34.0756
v 9.8853 -43.4146 34.0756
v 8.4781 -45.4332 30.2518
v 9.8853 -45.4332 30.2518
v 8.4781 -46.7571 26.1355
v 9.8853 -46.7571 26.1355
v 8.4781 -47.3461 21.8519
v 9.8853 -47.3461 21.8519
v 8.4781 -47.1823 17.5311
v 9.8853 -47.1823 17.5311
v 8.4781 -46.2707 13.3044
v 9.8853 -46.2707 13.3044
v 5.7397 -35.4771 45.7723
v 7.5363 -34.1388 43.1651
v 5.7397 -39.6474 43.1492
v 7.5363 -37.8767 40.8139
v 5.7397 -43.2988 39.8416
v 7.5363 -41.1495 37.8493
v 7.5363 -43.8577 34.3615
v 5.7397 -46.3204 35.9503
v 5.7397 -48.6203 31.5935
v 7.5363 -45.9192 30.4564
v 5.7397 -50.1288 26.9034
v 7.5363 -47.2713 26.2526
v 5.7397 -50.7999 22.0226
v 7.5363 -47.8728 21.8779
v 5.7397 -50.6133 17.0994
v 7.5363 -47.7055 17.4653
v 7.5362 -46.7745 13.1487
v 5.7397 -49.5746 12.2835
v 5.9016 -48.2974 9.8464
v 5.4682 -49.7144 11.4574
v 4.4785 -51.4617 16.9927
v -1.3355 -52.4561 16.8676
v 4.5294 -50.4467 12.3282
v 4.4785 -51.6540 22.0648
v -1.3355 -51.9398 27.3158
v 4.4785 -50.9625 27.0932
v 4.4785 -49.4084 31.9252
v 4.4785 -47.0389 36.4139
v 4.4785 -43.9259 40.4230
v 4.4785 -40.1640 43.8305
v 4.4785 -35.8676 46.5331
v 9.8853 -38.6541 6.7561
v 9.8853 -38.2427 7.1599
v 7.0977 -38.6541 6.7561
v 9.8853 -38.6541 6.7561
v 7.0977 -38.2427 7.1599
v 9.8853 -38.2427 7.1599
v 7.0977 -38.1382 7.7267
v 9.8853 -38.1382 7.7267
v 9.8853 -38.1382 7.7267
v 7.0977 -38.1382 7.7267
v 9.8853 -42.1118 24.6371
v 9.8853 -39.4609 30.9344
v 9.8853 -34.8160 35.9452
v 7.0977 -38.2427 7.1599
v 7.0977 -38.6541 6.7561
v 7.0977 -42.9264 6.5776
v 3.9781 -42.4664 18.2361
v 3.8822 -50.1369 11.9680
v 5.1398 -48.2974 9.8464
v 5.4360 -41.9982 15.8169
v 4.7967 -49.4192 11.1218
v 4.9457 -42.2571 17.0017
v 4.6195 -42.4294 17.7898
v 4.3044 -49.9722 11.7646
v 4.6204 -49.7242 11.4722
v 5.4360 -41.9982 15.8169
v 9.8853 -42.4490 17.8129
v 4.6195 -42.4294 17.7898
v 4.9457 -42.2571 17.0017
v 4.6204 -49.7242 11.4722
v 4.3044 -49.9722 11.7646
v 5.2014 -11.3860 47.1968
v 5.1968 -0.5159 39.0081
v 4.4667 -0.3461 39.1342
v 5.2375 0.3429 36.5486
v 5.2064 0.1488 37.8690
v 4.4666 0.5418 36.8284
v 4.4669 0.3122 38.0638
v 5.2170 0.3510 28.7422
v 4.4666 0.5418 28.7422
v 5.2014 -16.1696 48.7353
v 5.2014 -21.1477 49.4198
v 5.2014 -26.1691 49.2295
v 5.2014 -31.0811 48.1701
v 5.2014 -35.7345 46.2738
v 5.2014 -39.9879 43.5983
v 5.2014 -43.7121 40.2248
v 5.2014 -46.7940 36.2559
v 5.2014 -49.1398 31.8121
v 5.2014 -49.1398 31.8121
v 5.2014 -50.6783 27.0285
v 5.2014 -51.3628 22.0504
v 5.2014 -51.1725 17.0291
v 5.2138 -50.1262 12.1960
v 7.9632 -43.0768 6.6180
v 7.0977 -42.9264 6.5776
v 8.4781 -42.9264 6.5776
v 7.9231 -2.6752 28.7422
v 7.9054 -2.6674 34.2763
v 7.9310 -2.9064 35.5573
v 7.9383 -3.5830 36.6836
v 7.9383 -5.6115 38.9230
v 7.9384 -9.0462 41.5899
v 7.9384 -12.8917 43.6199
v 7.9384 -17.0313 44.9513
v 7.9384 -21.3393 45.5437
v 7.9384 -25.6846 45.3790
v 7.9384 -29.9353 44.4622
v 7.9384 -33.9623 42.8212
v 7.9632 -43.0768 6.6180
v 7.9337 -44.7500 9.2051
v 7.9384 -46.4052 13.2628
v 7.9384 -37.6431 40.5059
v 7.9384 -40.8660 37.5866
v 7.9384 -43.5329 34.1520
v 7.9384 -45.5630 30.3064
v 7.9384 -46.8944 26.1668
v 7.9384 -47.4867 21.8589
v 7.9384 -47.3220 17.5135
v 8.4781 -2.8044 28.7422
v 7.9231 -2.6752 28.7422
v 1.5766 -6.0542 45.0893
v -6.0967 1.5139 28.5364
v -6.8769 1.5139 28.5364
v -6.0967 3.0318 37.0022
v -6.8769 3.0318 37.0022
v -6.0967 2.5096 29.9786
v -6.8769 2.5096 29.9786
v -6.0967 1.7249 38.3464
v -6.8769 1.7249 38.3464
v -6.8769 2.5096 29.9786
v -6.8769 3.0318 37.0022
v -6.0967 2.5096 29.9786
v -6.0967 3.0318 37.0022
v -6.8769 1.7249 38.3464
v -6.0967 1.7249 38.3464
v -6.0967 1.5139 28.5364
v -6.8769 1.5139 28.5364
v -6.0967 2.3473 29.3942
v -6.8769 2.3473 29.3942
v -6.8769 2.3473 29.3942
v -6.0967 2.3473 29.3942
v -6.0967 -0.2860 27.5133
v -6.8769 -0.2860 27.5133
v -6.0967 -2.1055 27.8723
v -6.8769 -2.1055 27.8723
v -6.0967 -0.2860 27.5133
v -6.8769 -0.2860 27.5133
v -6.8769 -2.1055 27.8723
v -6.0967 -2.1055 27.8723
v 4.2110 1.5139 28.5364
v 3.4308 1.5139 28.5364
v 4.2110 3.0318 37.0022
v 3.4308 3.0318 37.0022
v 4.2110 2.5096 29.9786
v 3.4308 2.5096 29.9786
v 4.2110 1.7249 38.3464
v 3.4308 1.7249 38.3464
v 3.4308 2.5096 29.9786
v 3.4308 3.0318 37.0022
v 4.2110 2.5096 29.9786
v 4.2110 3.0318 37.0022
v 3.4308 1.7249 38.3464
v 4.2110 1.7249 38.3464
v 4.2110 1.5139 28.5364
v 3.4308 1.5139 28.5364
v 4.2110 2.3473 29.3942
v 3.4308 2.3473 29.3942
v 3.4308 2.3473 29.3942
v 4.2110 2.3473 29.3942
v 4.2110 -0.2860 27.5133
v 3.4308 -0.2860 27.5133
v 4.2110 -2.1055 27.8723
v 3.4308 -2.1055 27.8723
v 4.2110 -0.2860 27.5133
v 3.4308 -0.2860 27.5133
v 3.4308 -2.1055 27.8723
v 4.2110 -2.1055 27.8723
vt 0.5139 0.7884
vt 0.5140 0.7501
vt 0.5253 0.7502
vt 0.5252 0.7884
vt 0.5365 0.7884
vt 0.5366 0.7502
vt 0.4686 0.7882
vt 0.4687 0.7500
vt 0.4799 0.7882
vt 0.4800 0.7500
vt 0.4912 0.7883
vt 0.4913 0.7501
vt 0.5027 0.7501
vt 0.5025 0.7883
vt 0.5140 0.7501
vt 0.5253 0.7502
vt 0.5366 0.7502
vt 0.4800 0.7500
vt 0.4913 0.7501
vt 0.5027 0.7501
vt 0.5139 0.7884
vt 0.5164 0.7991
vt 0.5252 0.7884
vt 0.5277 0.7991
vt 0.5365 0.7884
vt 0.4711 0.7990
vt 0.4686 0.7882
vt 0.4799 0.7882
vt 0.4824 0.7990
vt 0.4912 0.7883
vt 0.4937 0.7990
vt 0.5025 0.7883
vt 0.5051 0.7991
vt 0.9155 0.9235
vt 0.9208 0.9212
vt 0.8806 0.8956
vt 0.8846 0.8913
vt 0.8776 0.8702
vt 0.8719 0.8688
vt 0.8068 0.9512
vt 0.8068 0.9642
vt 0.8585 0.9690
vt 0.8548 0.9822
vt 0.8654 0.9775
vt 0.8594 0.9958
vt 0.8654 0.9942
vt 0.8746 0.8883
vt 0.8803 0.8855
vt 0.8722 0.9729
vt 0.8925 0.9442
vt 0.8987 0.9650
vt 0.8585 0.9221
vt 0.8516 0.9444
vt 0.7808 0.9106
vt 0.7772 0.9326
vt 0.7858 0.8558
vt 0.8709 0.8686
vt 0.7018 0.9958
vt 0.7018 0.9587
vt 0.7471 0.9958
vt 0.7471 0.9587
vt 0.7782 0.9587
vt 0.7782 0.9773
vt 0.7937 0.9773
vt 0.7782 0.9958
vt 0.9258 0.9565
vt 0.9315 0.9547
vt 0.8331 0.9511
vt 0.8594 0.9958
vt 0.8084 0.9958
vt 0.7954 0.9773
vt 0.8084 0.9958
vt 0.7954 0.9958
vt 0.7937 0.9958
vt 0.7782 0.9958
vt 0.7954 0.9773
vt 0.7937 0.9958
vt 0.7954 0.9958
vt 0.7937 0.9773
vt 0.5532 0.9370
vt 0.5563 0.9326
vt 0.5609 0.9520
vt 0.7013 0.9081
vt 0.6998 0.9291
vt 0.6220 0.9151
vt 0.6233 0.9347
vt 0.5820 0.8662
vt 0.6140 0.8606
vt 0.6997 0.8533
vt 0.5586 0.9527
vt 0.5428 0.9370
vt 0.5645 0.9682
vt 0.5644 0.9586
vt 0.6111 0.9587
vt 0.6111 0.9959
vt 0.6564 0.9958
vt 0.6564 0.9587
vt 0.9378 0.9970
vt 0.9384 0.9584
vt 0.6011 0.9783
vt 0.5820 0.8662
vt 0.5790 0.8669
vt 0.8079 0.9760
vt 0.5465 0.9273
vt 0.5563 0.9326
vt 0.8021 0.9667
vt 0.8068 0.9773
vt 0.8005 0.9587
vt 0.8746 0.8883
vt 0.8719 0.8688
vt 0.9157 0.7836
vt 0.9210 0.7859
vt 0.8807 0.8114
vt 0.8847 0.8158
vt 0.8777 0.8369
vt 0.8719 0.8382
vt 0.8068 0.9512
vt 0.8068 0.9642
vt 0.8585 0.9690
vt 0.8548 0.9822
vt 0.8654 0.9775
vt 0.8747 0.8187
vt 0.8803 0.8215
vt 0.8927 0.7629
vt 0.8725 0.7341
vt 0.8990 0.7421
vt 0.8587 0.7849
vt 0.8519 0.7626
vt 0.7810 0.7962
vt 0.7774 0.7742
vt 0.7858 0.8510
vt 0.8710 0.8384
vt 0.7018 0.9587
vt 0.7471 0.9587
vt 0.7782 0.9587
vt 0.7937 0.9773
vt 0.7782 0.9773
vt 0.9261 0.7506
vt 0.9318 0.7524
vt 0.8331 0.9511
vt 0.7954 0.9773
vt 0.7954 0.9773
vt 0.7937 0.9773
vt 0.5534 0.7692
vt 0.5611 0.7542
vt 0.5565 0.7736
vt 0.7014 0.7984
vt 0.7000 0.7775
vt 0.6222 0.7913
vt 0.6236 0.7717
vt 0.5820 0.8401
vt 0.6140 0.8457
vt 0.5589 0.7535
vt 0.5430 0.7692
vt 0.5645 0.9682
vt 0.5644 0.9586
vt 0.6111 0.9587
vt 0.6564 0.9587
vt 0.6011 0.9783
vt 0.5820 0.8401
vt 0.5791 0.8394
vt 0.8079 0.9760
vt 0.5467 0.7789
vt 0.5565 0.7736
vt 0.8021 0.9667
vt 0.8068 0.9773
vt 0.8005 0.9587
vt 0.8747 0.8187
vt 0.8719 0.8382
vt 0.0567 0.4954
vt 0.0620 0.4931
vt 0.0525 0.4574
vt 0.0521 0.4621
vt 0.0607 0.4453
vt 0.0618 0.4735
vt 0.0567 0.4954
vt 0.0539 0.4238
vt 0.0197 0.4652
vt 0.0166 0.4616
vt 0.0193 0.4569
vt 0.0197 0.4652
vt 0.0226 0.4937
vt 0.0172 0.4858
vt 0.0146 0.4898
vt 0.0250 0.4896
vt 0.0354 0.5029
vt 0.0385 0.4993
vt 0.0556 0.5278
vt 0.0595 0.5251
vt 0.0172 0.4858
vt 0.0250 0.4896
vt 0.0385 0.4993
vt 0.0595 0.5251
vt 0.0734 0.5173
vt 0.0567 0.4954
vt 0.0620 0.4931
vt 0.0734 0.5173
vt 0.0773 0.5147
vt 0.0152 0.4366
vt 0.0228 0.4321
vt 0.0354 0.4213
vt 0.0543 0.3940
vt 0.0687 0.4006
vt 0.0124 0.4791
vt 0.0078 0.4797
vt 0.0110 0.4436
vt 0.0124 0.4791
vt 0.0567 0.4954
vt 0.0620 0.4931
vt 0.0525 0.4574
vt 0.0521 0.4621
vt 0.0607 0.4453
vt 0.0618 0.4735
vt 0.0567 0.4954
vt 0.0539 0.4238
vt 0.0197 0.4652
vt 0.0166 0.4616
vt 0.0193 0.4569
vt 0.0197 0.4652
vt 0.0226 0.4937
vt 0.0172 0.4858
vt 0.0146 0.4898
vt 0.0250 0.4896
vt 0.0354 0.5029
vt 0.0385 0.4993
vt 0.0556 0.5278
vt 0.0595 0.5251
vt 0.0172 0.4858
vt 0.0250 0.4896
vt 0.0385 0.4993
vt 0.0595 0.5251
vt 0.0734 0.5173
vt 0.0567 0.4954
vt 0.0620 0.4931
vt 0.0734 0.5173
vt 0.0773 0.5147
vt 0.0152 0.4366
vt 0.0228 0.4321
vt 0.0354 0.4213
vt 0.0543 0.3940
vt 0.0687 0.4006
vt 0.0124 0.4791
vt 0.0078 0.4797
vt 0.0110 0.4436
vt 0.0124 0.4791
vt 0.1521 0.4659
vt 0.1521 0.5171
vt 0.1578 0.4659
vt 0.1578 0.5171
vt 0.1406 0.5171
vt 0.1406 0.4659
vt 0.1464 0.4659
vt 0.1464 0.5171
vt 0.1521 0.4659
vt 0.1578 0.4659
vt 0.1573 0.4632
vt 0.1406 0.4659
vt 0.1464 0.4659
vt 0.1459 0.4632
vt 0.1512 0.4632
vt 0.1528 0.5197
vt 0.1521 0.5171
vt 0.1578 0.5171
vt 0.1413 0.5197
vt 0.1406 0.5171
vt 0.1464 0.5171
vt 0.1471 0.5197
vt 0.0295 0.5450
vt 0.0315 0.5472
vt 0.0442 0.5382
vt 0.0465 0.5450
vt 0.0465 0.5382
vt 0.0442 0.5472
vt 0.0315 0.5388
vt 0.0442 0.5382
vt 0.0442 0.5472
vt 0.0315 0.5472
vt 0.0344 0.5317
vt 0.0351 0.5339
vt 0.0461 0.5370
vt 0.0419 0.5354
vt 0.0433 0.5336
vt 0.0351 0.5339
vt 0.0293 0.5433
vt 0.0258 0.5383
vt 0.0419 0.5354
vt 0.0190 0.5399
vt 0.0167 0.5427
vt 0.0442 0.5472
vt 0.0315 0.5569
vt 0.0442 0.5569
vt 0.0315 0.5472
vt 0.0293 0.5494
vt 0.0315 0.5569
vt 0.0293 0.5569
vt 0.0464 0.5494
vt 0.0442 0.5569
vt 0.0464 0.5569
vt 0.0167 0.5494
vt 0.0293 0.5494
vt 0.0293 0.5494
vt 0.0167 0.5569
vt 0.0293 0.5569
vt 0.0167 0.5494
vt 0.0295 0.5450
vt 0.0315 0.5472
vt 0.0465 0.5450
vt 0.0442 0.5382
vt 0.0465 0.5382
vt 0.0442 0.5472
vt 0.0315 0.5388
vt 0.0442 0.5472
vt 0.0315 0.5472
vt 0.0442 0.5382
vt 0.0344 0.5317
vt 0.0351 0.5339
vt 0.0461 0.5370
vt 0.0433 0.5336
vt 0.0419 0.5354
vt 0.0351 0.5339
vt 0.0258 0.5383
vt 0.0293 0.5433
vt 0.0419 0.5354
vt 0.0190 0.5399
vt 0.0167 0.5427
vt 0.0315 0.5472
vt 0.0442 0.5472
vt 0.0293 0.5494
vt 0.0464 0.5494
vt 0.0167 0.5494
vt 0.0293 0.5494
vt 0.0293 0.5494
vt 0.0167 0.5494
vt 0.1303 0.5237
vt 0.1303 0.5323
vt 0.1255 0.5323
vt 0.1255 0.5237
vt 0.1207 0.5237
vt 0.1207 0.5323
vt 0.1495 0.5322
vt 0.1495 0.5236
vt 0.1447 0.5322
vt 0.1447 0.5237
vt 0.1399 0.5237
vt 0.1399 0.5322
vt 0.1351 0.5322
vt 0.1351 0.5237
vt 0.1303 0.5323
vt 0.1315 0.5367
vt 0.1255 0.5323
vt 0.1267 0.5367
vt 0.1207 0.5323
vt 0.1220 0.5367
vt 0.1495 0.5322
vt 0.1447 0.5322
vt 0.1459 0.5367
vt 0.1399 0.5322
vt 0.1411 0.5367
vt 0.1351 0.5322
vt 0.1363 0.5367
vt 0.5112 0.7394
vt 0.5226 0.7394
vt 0.5339 0.7394
vt 0.4687 0.7500
vt 0.4773 0.7393
vt 0.4886 0.7393
vt 0.4999 0.7393
vt 0.9048 0.9104
vt 0.9083 0.9058
vt 0.8467 0.9776
vt 0.8383 0.9531
vt 0.8650 0.9496
vt 0.8860 0.9350
vt 0.9198 0.9589
vt 0.8204 0.9153
vt 0.8159 0.9377
vt 0.8286 0.8609
vt 0.7245 0.9958
vt 0.7245 0.9587
vt 0.7585 0.9958
vt 0.7585 0.9587
vt 0.7585 0.9587
vt 0.7782 0.9773
vt 0.7782 0.9587
vt 0.7585 0.9958
vt 0.5521 0.9193
vt 0.5601 0.9121
vt 0.5580 0.9098
vt 0.5583 0.9096
vt 0.5680 0.9271
vt 0.5741 0.9455
vt 0.5601 0.9121
vt 0.7411 0.9082
vt 0.7385 0.9297
vt 0.6615 0.9104
vt 0.6614 0.9307
vt 0.5842 0.9218
vt 0.5881 0.9406
vt 0.6567 0.8556
vt 0.7428 0.8533
vt 0.5535 0.9462
vt 0.5532 0.9370
vt 0.5424 0.9476
vt 0.5535 0.9462
vt 0.6337 0.9958
vt 0.6337 0.9587
vt 0.6791 0.9958
vt 0.6791 0.9587
vt 0.8818 0.9746
vt 0.8799 0.9752
vt 0.8794 0.9821
vt 0.8837 0.9876
vt 0.5767 0.9681
vt 0.5767 0.9587
vt 0.5884 0.9587
vt 0.5888 0.9718
vt 0.8989 0.9949
vt 0.8939 0.9731
vt 0.8905 0.9919
vt 0.9060 0.9699
vt 0.5778 0.8919
vt 0.5752 0.8898
vt 0.8073 0.9735
vt 0.8056 0.9715
vt 0.5537 0.9230
vt 0.5521 0.9194
vt 0.9050 0.7967
vt 0.9085 0.8013
vt 0.8467 0.9776
vt 0.8383 0.9531
vt 0.8653 0.7574
vt 0.8862 0.7721
vt 0.9201 0.7482
vt 0.8205 0.7915
vt 0.8161 0.7692
vt 0.8286 0.8460
vt 0.7245 0.9587
vt 0.7585 0.9587
vt 0.7782 0.9773
vt 0.7585 0.9587
vt 0.7782 0.9587
vt 0.5602 0.7941
vt 0.5523 0.7869
vt 0.5582 0.7964
vt 0.5584 0.7966
vt 0.5744 0.7607
vt 0.5682 0.7791
vt 0.5602 0.7941
vt 0.7412 0.7985
vt 0.7387 0.7769
vt 0.6617 0.7960
vt 0.6616 0.7757
vt 0.5844 0.7845
vt 0.5883 0.7657
vt 0.6567 0.8508
vt 0.5537 0.7600
vt 0.5534 0.7692
vt 0.5427 0.7585
vt 0.5537 0.7600
vt 0.6337 0.9587
vt 0.6791 0.9587
vt 0.8799 0.9752
vt 0.8818 0.9746
vt 0.8794 0.9821
vt 0.8837 0.9876
vt 0.5767 0.9681
vt 0.5767 0.9587
vt 0.5884 0.9587
vt 0.5888 0.9718
vt 0.8989 0.9949
vt 0.8939 0.9731
vt 0.9060 0.9699
vt 0.8905 0.9919
vt 0.5779 0.8144
vt 0.5753 0.8164
vt 0.8073 0.9735
vt 0.8056 0.9715
vt 0.5539 0.7831
vt 0.5523 0.7868
vt 0.0113 0.4691
vt 0.0153 0.4717
vt 0.0665 0.4738
vt 0.0618 0.4735
vt 0.0627 0.4621
vt 0.0593 0.4652
vt 0.0521 0.4621
vt 0.0525 0.4574
vt 0.0588 0.4537
vt 0.0593 0.4652
vt 0.0153 0.4717
vt 0.0144 0.4507
vt 0.0465 0.5143
vt 0.0502 0.5113
vt 0.0502 0.5113
vt 0.0625 0.5013
vt 0.0661 0.4983
vt 0.0625 0.5013
vt 0.0461 0.4085
vt 0.0591 0.4175
vt 0.0113 0.4691
vt 0.0153 0.4717
vt 0.0665 0.4738
vt 0.0618 0.4735
vt 0.0627 0.4621
vt 0.0593 0.4652
vt 0.0521 0.4621
vt 0.0525 0.4574
vt 0.0588 0.4537
vt 0.0593 0.4652
vt 0.0153 0.4717
vt 0.0144 0.4507
vt 0.0465 0.5143
vt 0.0502 0.5113
vt 0.0502 0.5113
vt 0.0625 0.5013
vt 0.0661 0.4983
vt 0.0625 0.5013
vt 0.0461 0.4085
vt 0.0591 0.4175
vt 0.1550 0.5171
vt 0.1550 0.4658
vt 0.1435 0.4659
vt 0.1435 0.5171
vt 0.1492 0.4659
vt 0.1492 0.5171
vt 0.1550 0.4658
vt 0.1542 0.4632
vt 0.1435 0.4659
vt 0.1432 0.4632
vt 0.1492 0.4659
vt 0.1487 0.4632
vt 0.1550 0.5171
vt 0.1557 0.5197
vt 0.1435 0.5171
vt 0.1442 0.5197
vt 0.1492 0.5171
vt 0.1500 0.5197
vt 0.0315 0.5388
vt 0.0293 0.5386
vt 0.0367 0.5336
vt 0.0367 0.5336
vt 0.0366 0.5313
vt 0.0323 0.5328
vt 0.0337 0.5346
vt 0.0325 0.5357
vt 0.0307 0.5344
vt 0.0318 0.5372
vt 0.0296 0.5365
vt 0.0449 0.5352
vt 0.0432 0.5367
vt 0.0403 0.5344
vt 0.0413 0.5324
vt 0.0390 0.5316
vt 0.0385 0.5338
vt 0.0325 0.5357
vt 0.0337 0.5346
vt 0.0318 0.5372
vt 0.0284 0.5402
vt 0.0291 0.5417
vt 0.0242 0.5381
vt 0.0272 0.5391
vt 0.0432 0.5367
vt 0.0385 0.5338
vt 0.0403 0.5344
vt 0.0223 0.5383
vt 0.0206 0.5389
vt 0.0177 0.5411
vt 0.0315 0.5388
vt 0.0293 0.5386
vt 0.0367 0.5336
vt 0.0367 0.5336
vt 0.0366 0.5313
vt 0.0337 0.5346
vt 0.0323 0.5328
vt 0.0307 0.5344
vt 0.0325 0.5357
vt 0.0296 0.5365
vt 0.0318 0.5372
vt 0.0449 0.5352
vt 0.0432 0.5367
vt 0.0413 0.5324
vt 0.0403 0.5344
vt 0.0390 0.5316
vt 0.0385 0.5338
vt 0.0325 0.5357
vt 0.0318 0.5372
vt 0.0337 0.5346
vt 0.0284 0.5402
vt 0.0272 0.5391
vt 0.0242 0.5381
vt 0.0291 0.5417
vt 0.0385 0.5338
vt 0.0403 0.5344
vt 0.0432 0.5367
vt 0.0177 0.5411
vt 0.0223 0.5383
vt 0.0206 0.5389
vt 0.1327 0.5322
vt 0.1327 0.5237
vt 0.1279 0.5323
vt 0.1279 0.5237
vt 0.1231 0.5323
vt 0.1231 0.5237
vt 0.1471 0.5236
vt 0.1471 0.5322
vt 0.1423 0.5237
vt 0.1423 0.5322
vt 0.1375 0.5322
vt 0.1375 0.5237
vt 0.1327 0.5322
vt 0.1279 0.5323
vt 0.1291 0.5367
vt 0.1231 0.5323
vt 0.1243 0.5367
vt 0.1471 0.5322
vt 0.1483 0.5367
vt 0.1423 0.5322
vt 0.1435 0.5367
vt 0.1375 0.5322
vt 0.1387 0.5367
vt 0.1339 0.5367
vt 0.5083 0.7501
vt 0.5082 0.7883
vt 0.5195 0.7884
vt 0.5196 0.7502
vt 0.5310 0.7502
vt 0.5309 0.7884
vt 0.4743 0.7500
vt 0.4742 0.7882
vt 0.4857 0.7500
vt 0.4855 0.7883
vt 0.4970 0.7501
vt 0.4969 0.7883
vt 0.5083 0.7501
vt 0.5196 0.7502
vt 0.5169 0.7394
vt 0.5310 0.7502
vt 0.5282 0.7394
vt 0.4743 0.7500
vt 0.4716 0.7393
vt 0.4857 0.7500
vt 0.4829 0.7393
vt 0.4970 0.7501
vt 0.4943 0.7393
vt 0.5056 0.7394
vt 0.5107 0.7991
vt 0.5082 0.7883
vt 0.5195 0.7884
vt 0.5220 0.7991
vt 0.5309 0.7884
vt 0.5334 0.7992
vt 0.4742 0.7882
vt 0.4767 0.7990
vt 0.4855 0.7883
vt 0.4881 0.7990
vt 0.4969 0.7883
vt 0.4994 0.7991
vt 0.8806 0.8956
vt 0.8878 0.9034
vt 0.8891 0.9006
vt 0.8657 0.8954
vt 0.9154 0.9131
vt 0.9111 0.9165
vt 0.8891 0.9006
vt 0.8922 0.8956
vt 0.8716 0.8814
vt 0.8774 0.8804
vt 0.8900 0.9390
vt 0.8978 0.9417
vt 0.8946 0.9355
vt 0.8925 0.9442
vt 0.8860 0.9350
vt 0.8895 0.9304
vt 0.9107 0.9287
vt 0.8980 0.9321
vt 0.9017 0.9385
vt 0.9070 0.9213
vt 0.8923 0.9267
vt 0.9009 0.9151
vt 0.8084 0.9642
vt 0.8470 0.9607
vt 0.8383 0.9773
vt 0.8642 0.9843
vt 0.8571 0.9870
vt 0.8900 0.9390
vt 0.9043 0.9634
vt 0.8987 0.9650
vt 0.9088 0.9622
vt 0.8754 0.9285
vt 0.8400 0.9186
vt 0.8352 0.9410
vt 0.8006 0.9127
vt 0.7966 0.9349
vt 0.7610 0.9091
vt 0.7578 0.9309
vt 0.8780 0.9232
vt 0.8754 0.9285
vt 0.8601 0.9165
vt 0.8585 0.9221
vt 0.8410 0.9129
vt 0.8400 0.9186
vt 0.8212 0.9096
vt 0.8204 0.9153
vt 0.8013 0.9069
vt 0.8006 0.9127
vt 0.7814 0.9048
vt 0.7808 0.9106
vt 0.7613 0.9033
vt 0.7610 0.9091
vt 0.8800 0.9191
vt 0.8863 0.9062
vt 0.8614 0.9121
vt 0.8654 0.8984
vt 0.8444 0.8946
vt 0.8419 0.9084
vt 0.8240 0.8912
vt 0.8219 0.9051
vt 0.8036 0.8884
vt 0.8019 0.9024
vt 0.7818 0.9003
vt 0.7830 0.8862
vt 0.7616 0.8987
vt 0.7625 0.8847
vt 0.7643 0.8534
vt 0.7836 0.8799
vt 0.7628 0.8783
vt 0.8043 0.8821
vt 0.8072 0.8580
vt 0.8250 0.8849
vt 0.8455 0.8883
vt 0.8498 0.8644
vt 0.8659 0.8923
vt 0.6904 0.9587
vt 0.6904 0.9958
vt 0.7131 0.9958
vt 0.7131 0.9587
vt 0.7358 0.9958
vt 0.7358 0.9587
vt 0.8360 0.9773
vt 0.8360 0.9515
vt 0.8360 0.9773
vt 0.8467 0.9776
vt 0.8383 0.9773
vt 0.8548 0.9822
vt 0.8571 0.9870
vt 0.8084 0.9773
vt 0.8084 0.9773
vt 0.8084 0.9773
vt 0.5542 0.9216
vt 0.5678 0.9028
vt 0.5660 0.9003
vt 0.5718 0.8954
vt 0.5663 0.9001
vt 0.5746 0.8970
vt 0.5563 0.9326
vt 0.5658 0.9218
vt 0.5539 0.9274
vt 0.5680 0.9271
vt 0.5542 0.9216
vt 0.5637 0.9177
vt 0.5537 0.9230
vt 0.7212 0.9078
vt 0.7191 0.9291
vt 0.6814 0.9090
vt 0.6806 0.9296
vt 0.6417 0.9124
vt 0.6423 0.9324
vt 0.6024 0.9183
vt 0.6045 0.9376
vt 0.7413 0.9024
vt 0.7411 0.9082
vt 0.7212 0.9021
vt 0.7212 0.9078
vt 0.7011 0.9023
vt 0.7013 0.9081
vt 0.6811 0.9032
vt 0.6814 0.9090
vt 0.6610 0.9047
vt 0.6615 0.9104
vt 0.6411 0.9067
vt 0.6417 0.9124
vt 0.6212 0.9094
vt 0.6220 0.9151
vt 0.6013 0.9126
vt 0.6024 0.9183
vt 0.5827 0.9162
vt 0.5842 0.9218
vt 0.7419 0.8838
vt 0.7414 0.8978
vt 0.7212 0.8834
vt 0.7212 0.8975
vt 0.7006 0.8837
vt 0.7010 0.8978
vt 0.6808 0.8986
vt 0.6800 0.8846
vt 0.6594 0.8861
vt 0.6606 0.9001
vt 0.6389 0.8882
vt 0.6405 0.9022
vt 0.6184 0.8909
vt 0.6205 0.9048
vt 0.5981 0.8942
vt 0.6005 0.9081
vt 0.5816 0.9118
vt 0.5780 0.8981
vt 0.5678 0.9028
vt 0.5746 0.8970
vt 0.5969 0.8879
vt 0.5778 0.8919
vt 0.5927 0.8641
vt 0.6175 0.8846
vt 0.6353 0.8578
vt 0.6381 0.8818
vt 0.6588 0.8797
vt 0.6796 0.8782
vt 0.6782 0.8533
vt 0.7004 0.8773
vt 0.7212 0.8770
vt 0.7213 0.8533
vt 0.7421 0.8774
vt 0.5549 0.9501
vt 0.5563 0.9520
vt 0.5450 0.9555
vt 0.5549 0.9501
vt 0.5500 0.9611
vt 0.5563 0.9520
vt 0.5550 0.9641
vt 0.5586 0.9527
vt 0.5624 0.9586
vt 0.5625 0.9682
vt 0.6224 0.9958
vt 0.6224 0.9587
vt 0.6451 0.9958
vt 0.6451 0.9587
vt 0.6678 0.9958
vt 0.6678 0.9587
vt 0.8786 0.9767
vt 0.8785 0.9787
vt 0.8877 0.9903
vt 0.9191 0.9642
vt 0.9191 0.9970
vt 0.9085 0.9968
vt 0.9101 0.9680
vt 0.9142 0.9970
vt 0.9140 0.9662
vt 0.9166 0.9651
vt 0.9175 0.9970
vt 0.9158 0.9970
vt 0.5930 0.9735
vt 0.5997 0.9587
vt 0.5996 0.9762
vt 0.5970 0.9751
vt 0.5734 0.8938
vt 0.5746 0.8919
vt 0.8449 0.8914
vt 0.9029 0.9128
vt 0.9048 0.9104
vt 0.9130 0.9259
vt 0.9090 0.9189
vt 0.9155 0.9235
vt 0.9111 0.9165
vt 0.9228 0.9578
vt 0.9258 0.9565
vt 0.8245 0.8880
vt 0.8039 0.8852
vt 0.7833 0.8831
vt 0.7627 0.8815
vt 0.7420 0.8806
vt 0.7212 0.8802
vt 0.7005 0.8805
vt 0.6798 0.8814
vt 0.6592 0.8829
vt 0.6591 0.8829
vt 0.6385 0.8850
vt 0.6180 0.8877
vt 0.5975 0.8911
vt 0.5776 0.8950
vt 0.5534 0.9252
vt 0.5505 0.9231
vt 0.5539 0.9274
vt 0.9066 0.9629
vt 0.8999 0.9402
vt 0.8964 0.9339
vt 0.8909 0.9285
vt 0.8790 0.9211
vt 0.8608 0.9143
vt 0.8414 0.9107
vt 0.8216 0.9074
vt 0.8016 0.9047
vt 0.7816 0.9025
vt 0.7615 0.9010
vt 0.7413 0.9001
vt 0.5534 0.9252
vt 0.5649 0.9197
vt 0.5822 0.9140
vt 0.7212 0.8998
vt 0.7011 0.9001
vt 0.6809 0.9009
vt 0.6608 0.9024
vt 0.6408 0.9044
vt 0.6208 0.9071
vt 0.6009 0.9103
vt 0.8004 0.9634
vt 0.8009 0.9652
vt 0.8716 0.8814
vt 0.8807 0.8114
vt 0.8879 0.8036
vt 0.8658 0.8116
vt 0.8892 0.8064
vt 0.9155 0.7940
vt 0.9112 0.7906
vt 0.8892 0.8064
vt 0.8923 0.8115
vt 0.8716 0.8256
vt 0.8774 0.8267
vt 0.8980 0.7654
vt 0.8903 0.7681
vt 0.8948 0.7716
vt 0.8927 0.7629
vt 0.8862 0.7721
vt 0.8897 0.7767
vt 0.8982 0.7749
vt 0.9109 0.7784
vt 0.9019 0.7686
vt 0.9072 0.7858
vt 0.8925 0.7804
vt 0.9011 0.7919
vt 0.8084 0.9642
vt 0.8383 0.9773
vt 0.8470 0.9607
vt 0.8642 0.9843
vt 0.8571 0.9870
vt 0.8903 0.7681
vt 0.9045 0.7437
vt 0.8990 0.7421
vt 0.9091 0.7449
vt 0.8756 0.7785
vt 0.8402 0.7883
vt 0.8354 0.7659
vt 0.8008 0.7942
vt 0.7968 0.7719
vt 0.7611 0.7976
vt 0.7580 0.7758
vt 0.8782 0.7838
vt 0.8756 0.7785
vt 0.8603 0.7905
vt 0.8587 0.7849
vt 0.8412 0.7940
vt 0.8402 0.7883
vt 0.8214 0.7973
vt 0.8205 0.7915
vt 0.8015 0.7999
vt 0.8008 0.7942
vt 0.7815 0.8019
vt 0.7810 0.7962
vt 0.7615 0.8034
vt 0.7611 0.7976
vt 0.8802 0.7880
vt 0.8865 0.8009
vt 0.8616 0.7949
vt 0.8655 0.8086
vt 0.8445 0.8124
vt 0.8420 0.7985
vt 0.8241 0.8157
vt 0.8220 0.8018
vt 0.8036 0.8184
vt 0.8020 0.8044
vt 0.7819 0.8065
vt 0.7831 0.8205
vt 0.7617 0.8080
vt 0.7625 0.8220
vt 0.7837 0.8269
vt 0.7629 0.8284
vt 0.8044 0.8248
vt 0.8072 0.8488
vt 0.8250 0.8220
vt 0.8456 0.8187
vt 0.8498 0.8425
vt 0.8660 0.8147
vt 0.6904 0.9587
vt 0.7131 0.9587
vt 0.7358 0.9587
vt 0.8360 0.9773
vt 0.8360 0.9515
vt 0.8360 0.9773
vt 0.8084 0.9773
vt 0.8571 0.9870
vt 0.8548 0.9822
vt 0.8467 0.9776
vt 0.8383 0.9773
vt 0.8084 0.9773
vt 0.8084 0.9773
vt 0.5544 0.7845
vt 0.5679 0.8034
vt 0.5661 0.8059
vt 0.5719 0.8108
vt 0.5747 0.8092
vt 0.5664 0.8061
vt 0.5565 0.7736
vt 0.5660 0.7844
vt 0.5682 0.7791
vt 0.5540 0.7788
vt 0.5544 0.7845
vt 0.5638 0.7885
vt 0.5539 0.7831
vt 0.7213 0.7988
vt 0.7193 0.7775
vt 0.6815 0.7975
vt 0.6808 0.7769
vt 0.6419 0.7940
vt 0.6425 0.7740
vt 0.6025 0.7880
vt 0.6047 0.7688
vt 0.7414 0.8043
vt 0.7412 0.7985
vt 0.7213 0.8045
vt 0.7213 0.7988
vt 0.7012 0.8042
vt 0.7014 0.7984
vt 0.6812 0.8033
vt 0.6815 0.7975
vt 0.6612 0.8018
vt 0.6617 0.7960
vt 0.6412 0.7997
vt 0.6419 0.7940
vt 0.6213 0.7970
vt 0.6222 0.7913
vt 0.6015 0.7937
vt 0.6025 0.7880
vt 0.5829 0.7901
vt 0.5844 0.7845
vt 0.7419 0.8229
vt 0.7415 0.8088
vt 0.7213 0.8232
vt 0.7213 0.8091
vt 0.7007 0.8229
vt 0.7011 0.8088
vt 0.6809 0.8079
vt 0.6801 0.8219
vt 0.6595 0.8204
vt 0.6608 0.8063
vt 0.6390 0.8182
vt 0.6407 0.8042
vt 0.6185 0.8154
vt 0.6206 0.8015
vt 0.5982 0.8121
vt 0.6007 0.7982
vt 0.5817 0.7945
vt 0.5782 0.8081
vt 0.5679 0.8034
vt 0.5747 0.8092
vt 0.5970 0.8184
vt 0.5927 0.8422
vt 0.5779 0.8144
vt 0.6176 0.8218
vt 0.6353 0.8486
vt 0.6382 0.8245
vt 0.6589 0.8267
vt 0.6797 0.8283
vt 0.7005 0.8292
vt 0.7213 0.8296
vt 0.7421 0.8293
vt 0.5552 0.7561
vt 0.5566 0.7542
vt 0.5453 0.7506
vt 0.5552 0.7561
vt 0.5503 0.7450
vt 0.5566 0.7542
vt 0.5553 0.7421
vt 0.5589 0.7535
vt 0.5624 0.9586
vt 0.5625 0.9682
vt 0.6224 0.9587
vt 0.6451 0.9587
vt 0.6678 0.9587
vt 0.8786 0.9767
vt 0.8785 0.9787
vt 0.8877 0.9903
vt 0.9191 0.9642
vt 0.9191 0.9970
vt 0.9085 0.9968
vt 0.9101 0.9680
vt 0.9142 0.9970
vt 0.9140 0.9662
vt 0.9166 0.9651
vt 0.9175 0.9970
vt 0.9158 0.9970
vt 0.5930 0.9735
vt 0.5997 0.9587
vt 0.5996 0.9762
vt 0.5970 0.9751
vt 0.5735 0.8125
vt 0.5747 0.8143
vt 0.8450 0.8155
vt 0.9030 0.7943
vt 0.9050 0.7967
vt 0.9132 0.7812
vt 0.9092 0.7882
vt 0.9157 0.7836
vt 0.9112 0.7906
vt 0.9231 0.7494
vt 0.9261 0.7506
vt 0.8246 0.8189
vt 0.8040 0.8216
vt 0.7834 0.8237
vt 0.7627 0.8252
vt 0.7420 0.8261
vt 0.7213 0.8264
vt 0.7006 0.8261
vt 0.6799 0.8251
vt 0.6593 0.8235
vt 0.6591 0.8235
vt 0.6386 0.8214
vt 0.6181 0.8186
vt 0.5976 0.8152
vt 0.5777 0.8112
vt 0.5536 0.7809
vt 0.5507 0.7830
vt 0.5540 0.7788
vt 0.9069 0.7442
vt 0.9001 0.7668
vt 0.8966 0.7732
vt 0.8911 0.7785
vt 0.8792 0.7859
vt 0.8609 0.7927
vt 0.8416 0.7963
vt 0.8217 0.7995
vt 0.8017 0.8022
vt 0.7817 0.8042
vt 0.7616 0.8057
vt 0.7415 0.8066
vt 0.5536 0.7809
vt 0.5650 0.7865
vt 0.5823 0.7923
vt 0.7213 0.8068
vt 0.7012 0.8065
vt 0.6811 0.8056
vt 0.6610 0.8041
vt 0.6409 0.8020
vt 0.6210 0.7993
vt 0.6011 0.7960
vt 0.8004 0.9634
vt 0.8009 0.9652
vt 0.8716 0.8256
vt 0.0179 0.4672
vt 0.0141 0.4645
vt 0.0559 0.4629
vt 0.0577 0.4586
vt 0.0246 0.4632
vt 0.0240 0.4585
vt 0.0614 0.4691
vt 0.0659 0.4677
vt 0.0240 0.4585
vt 0.0556 0.4563
vt 0.0246 0.4632
vt 0.0559 0.4629
vt 0.0607 0.4497
vt 0.0614 0.4691
vt 0.0179 0.4672
vt 0.0174 0.4550
vt 0.0220 0.4638
vt 0.0202 0.4594
vt 0.0217 0.4581
vt 0.0220 0.4638
vt 0.0129 0.4749
vt 0.0118 0.4478
vt 0.0140 0.4831
vt 0.0102 0.4858
vt 0.0129 0.4749
vt 0.0086 0.4732
vt 0.0122 0.4395
vt 0.0140 0.4831
vt 0.0179 0.4672
vt 0.0141 0.4645
vt 0.0559 0.4629
vt 0.0577 0.4586
vt 0.0246 0.4632
vt 0.0240 0.4585
vt 0.0614 0.4691
vt 0.0659 0.4677
vt 0.0240 0.4585
vt 0.0556 0.4563
vt 0.0246 0.4632
vt 0.0559 0.4629
vt 0.0607 0.4497
vt 0.0614 0.4691
vt 0.0179 0.4672
vt 0.0174 0.4550
vt 0.0220 0.4638
vt 0.0202 0.4594
vt 0.0217 0.4581
vt 0.0220 0.4638
vt 0.0129 0.4749
vt 0.0118 0.4478
vt 0.0140 0.4831
vt 0.0102 0.4858
vt 0.0129 0.4749
vt 0.0086 0.4732
vt 0.0122 0.4395
vt 0.0140 0.4831
vn -0.8660 0.1993 0.4586
vn -0.8660 0.1993 0.4586
vn -0.8660 -0.1993 -0.4586
vn -0.8660 -0.1993 -0.4586
vn -0.0000 -0.3880 -0.9217
vn -0.0000 -0.3880 -0.9217
vn -0.0000 -0.3880 -0.9217
vn -0.0000 -0.3880 -0.9217
vn 0.8660 -0.1993 -0.4586
vn 0.8660 -0.1993 -0.4586
vn 0.8660 0.1993 0.4586
vn 0.8660 0.1993 0.4586
vn 0.0000 0.3880 0.9217
vn 0.0000 0.3880 0.9217
vn 0.0000 0.9172 -0.3985
vn 0.0000 0.9172 -0.3985
vn 0.0000 0.9172 -0.3985
vn 0.0000 0.9172 -0.3985
vn 0.0000 0.9172 -0.3985
vn 0.0000 0.9172 -0.3985
vn -0.0000 -0.9172 0.3985
vn -0.0000 -0.9172 0.3985
vn -0.0000 -0.9172 0.3985
vn -0.0000 -0.9172 0.3985
vn -0.0000 -0.9172 0.3985
vn -0.0000 -0.9172 0.3985
vn -0.0000 -0.9172 0.3985
vn -0.0000 -0.9172 0.3985
vn -0.0000 -0.9172 0.3985
vn -0.0000 -0.9172 0.3985
vn -0.0000 -0.9172 0.3985
vn -0.0000 -0.9172 0.3985
vn -0.0000 -0.9172 0.3985
vn 0.9909 0.1344 0.0108
vn 0.9909 0.1344 0.0108
vn 0.9127 0.3975 -0.0943
vn 0.9127 0.3975 -0.0943
vn -0.0000 0.7987 -0.6017
vn -0.0000 0.7987 -0.6017
vn 1.0000 0.0000 -0.0000
vn 1.0000 0.0000 -0.0000
vn 0.9021 0.0316 -0.4303
vn 0.6533 0.0324 -0.7564
vn 0.6533 0.0324 -0.7564
vn 0.0000 0.0000 -1.0000
vn 0.0000 0.0000 -1.0000
vn 0.6625 0.6607 -0.3529
vn 0.6625 0.6607 -0.3529
vn -1.0000 0.0000 -0.0000
vn -1.0000 0.0000 -0.0000
vn -1.0000 0.0000 -0.0000
vn -1.0000 0.0000 -0.0000
vn -1.0000 0.0000 -0.0000
vn -1.0000 0.0000 -0.0000
vn -1.0000 0.0000 -0.0000
vn -0.0000 -0.1248 0.9922
vn 0.0000 0.5732 0.8194
vn -0.0000 0.1248 -0.9922
vn -0.0000 0.1248 -0.9922
vn -0.0000 -0.5421 -0.8403
vn -0.0000 -0.5421 -0.8403
vn 0.0000 0.0000 -1.0000
vn 0.0000 0.0000 -1.0000
vn 0.0000 0.0000 -1.0000
vn -0.0000 -1.0000 0.0000
vn 0.9909 0.1344 0.0108
vn 0.9909 0.1344 0.0108
vn 1.0000 0.0000 -0.0000
vn 0.0000 1.0000 -0.0000
vn 0.0000 1.0000 -0.0000
vn 0.0000 0.0000 1.0000
vn 0.0000 0.0000 1.0000
vn 0.0000 0.0000 1.0000
vn 0.0000 0.0000 -1.0000
vn 0.0000 0.0000 -1.0000
vn 0.0000 1.0000 -0.0000
vn 0.0000 1.0000 -0.0000
vn 0.0000 1.0000 -0.0000
vn 0.0000 1.0000 -0.0000
vn -1.0000 0.0000 -0.0000
vn -1.0000 0.0000 -0.0000
vn -1.0000 0.0000 -0.0000
vn -1.0000 0.0000 -0.0000
vn -1.0000 0.0000 -0.0000
vn -1.0000 0.0000 -0.0000
vn -1.0000 0.0000 -0.0000
vn -0.0000 -0.9775 -0.2108
vn -0.0000 -0.9988 0.0494
vn -0.0000 -0.7334 0.6798
vn -1.0000 0.0000 -0.0000
vn -0.0000 -0.1614 -0.9869
vn -0.0000 0.8755 0.4832
vn -0.0000 0.8755 0.4832
vn -0.0000 0.9987 -0.0507
vn -0.0000 0.9987 -0.0507
vn 0.0000 0.7334 -0.6798
vn 0.0000 0.7334 -0.6798
vn -0.0000 0.6429 -0.7660
vn -0.0000 0.6429 -0.7660
vn -0.0001 0.9992 0.0403
vn 0.0083 -0.7769 -0.6296
vn 0.0083 -0.7769 -0.6296
vn 0.0000 0.0000 -1.0000
vn -0.0000 -0.1614 -0.9869
vn 0.0000 -0.2597 -0.9657
vn 0.0000 0.0000 -1.0000
vn 0.0000 0.0000 -1.0000
vn 0.0000 0.0000 -1.0000
vn -0.1509 0.6381 0.7550
vn -0.0000 0.6798 0.7334
vn -0.9909 0.1344 0.0108
vn -0.9909 0.1344 0.0108
vn -0.9127 0.3975 -0.0943
vn -0.9127 0.3975 -0.0943
vn -0.0000 0.7987 -0.6017
vn -0.0000 0.7987 -0.6017
vn -1.0000 0.0000 -0.0000
vn -1.0000 0.0000 -0.0000
vn -0.9021 0.0316 -0.4303
vn -0.6533 0.0324 -0.7564
vn -0.6533 0.0324 -0.7564
vn -0.6625 0.6607 -0.3529
vn -0.6625 0.6607 -0.3529
vn 1.0000 0.0000 -0.0000
vn 1.0000 0.0000 -0.0000
vn 1.0000 0.0000 -0.0000
vn 1.0000 0.0000 -0.0000
vn 1.0000 0.0000 -0.0000
vn 1.0000 0.0000 -0.0000
vn 1.0000 0.0000 -0.0000
vn -0.0000 -0.1248 0.9922
vn 0.0000 0.5732 0.8194
vn -0.0000 0.1248 -0.9922
vn -0.0000 -0.5421 -0.8403
vn 0.0000 0.0000 -1.0000
vn 0.0000 0.0000 -1.0000
vn 0.0000 0.0000 -1.0000
vn -0.9909 0.1344 0.0108
vn -0.9909 0.1344 0.0108
vn -1.0000 0.0000 -0.0000
vn 0.0000 0.0000 1.0000
vn 0.0000 1.0000 -0.0000
vn 0.0000 1.0000 -0.0000
vn 1.0000 0.0000 -0.0000
vn 1.0000 0.0000 -0.0000
vn 1.0000 0.0000 -0.0000
vn 1.0000 0.0000 -0.0000
vn 1.0000 0.0000 -0.0000
vn 1.0000 0.0000 -0.0000
vn 1.0000 0.0000 -0.0000
vn -0.0000 -0.9775 -0.2108
vn -0.0000 -0.9988 0.0494
vn 1.0000 0.0000 -0.0000
vn -0.0000 -0.1614 -0.9869
vn -0.0000 0.8755 0.4832
vn -0.0000 0.8755 0.4832
vn -0.0000 0.9987 -0.0507
vn 0.0000 0.7334 -0.6798
vn -0.0001 0.9992 0.0403
vn 0.0083 -0.7769 -0.6296
vn 0.0083 -0.7769 -0.6296
vn 0.0000 0.0000 -1.0000
vn -0.0000 -0.1614 -0.9869
vn 0.0000 -0.2597 -0.9657
vn 0.0000 0.0000 -1.0000
vn 0.0000 0.0000 -1.0000
vn 0.0000 0.0000 -1.0000
vn 0.1509 0.6381 0.7550
vn -0.0000 0.6798 0.7334
vn -0.0000 -0.1601 0.9871
vn -0.0000 -0.1601 0.9871
vn -1.0000 0.0000 -0.0000
vn 1.0000 0.0000 -0.0000
vn -1.0000 0.0000 -0.0000
vn 1.0000 0.0000 -0.0000
vn 1.0000 0.0000 -0.0000
vn -1.0000 0.0000 -0.0000
vn 0.0000 0.7334 -0.6798
vn 0.0000 0.7334 -0.6798
vn -1.0000 0.0000 -0.0000
vn 1.0000 0.0000 -0.0000
vn -0.0000 -0.8896 -0.4566
vn -0.0000 -0.8725 -0.4887
vn -0.0000 -0.8725 -0.4887
vn -0.0000 -0.8896 -0.4566
vn 0.0083 -0.7769 -0.6296
vn 0.0083 -0.7769 -0.6296
vn -0.0000 -0.6133 -0.7898
vn -0.0000 -0.6133 -0.7898
vn 1.0000 0.0000 -0.0000
vn 1.0000 0.0000 -0.0000
vn 1.0000 0.0000 -0.0000
vn 1.0000 0.0000 -0.0000
vn 1.0000 0.0000 -0.0000
vn -0.0000 0.7224 0.6915
vn -0.0000 0.7224 0.6915
vn 0.0000 0.6281 0.7782
vn 0.0000 0.6281 0.7782
vn -1.0000 0.0000 -0.0000
vn -1.0000 0.0000 -0.0000
vn -1.0000 0.0000 -0.0000
vn -1.0000 0.0000 -0.0000
vn -1.0000 0.0000 -0.0000
vn -0.0000 -0.2220 -0.9750
vn -0.0000 -0.2220 -0.9750
vn -1.0000 0.0000 -0.0000
vn 1.0000 0.0000 -0.0000
vn -0.0000 -0.1601 0.9871
vn -0.0000 -0.1601 0.9871
vn -1.0000 0.0000 -0.0000
vn 1.0000 0.0000 -0.0000
vn -1.0000 0.0000 -0.0000
vn 1.0000 0.0000 -0.0000
vn 1.0000 0.0000 -0.0000
vn -1.0000 0.0000 -0.0000
vn 0.0000 0.7334 -0.6798
vn 0.0000 0.7334 -0.6798
vn -1.0000 0.0000 -0.0000
vn 1.0000 0.0000 -0.0000
vn -0.0000 -0.8896 -0.4566
vn -0.0000 -0.8725 -0.4887
vn -0.0000 -0.8725 -0.4887
vn -0.0000 -0.8896 -0.4566
vn 0.0083 -0.7769 -0.6296
vn 0.0083 -0.7769 -0.6296
vn -0.0000 -0.6133 -0.7898
vn -0.0000 -0.6133 -0.7898
vn 1.0000 0.0000 -0.0000
vn 1.0000 0.0000 -0.0000
vn 1.0000 0.0000 -0.0000
vn 1.0000 0.0000 -0.0000
vn 1.0000 0.0000 -0.0000
vn -0.0000 0.7224 0.6915
vn -0.0000 0.7224 0.6915
vn 0.0000 0.6281 0.7782
vn 0.0000 0.6281 0.7782
vn -1.0000 0.0000 -0.0000
vn -1.0000 0.0000 -0.0000
vn -1.0000 0.0000 -0.0000
vn -1.0000 0.0000 -0.0000
vn -1.0000 0.0000 -0.0000
vn -0.0000 -0.2220 -0.9750
vn -0.0000 -0.2220 -0.9750
vn -1.0000 0.0000 -0.0000
vn 1.0000 0.0000 -0.0000
vn -0.0000 -0.6042 0.7968
vn -0.0000 -0.6042 0.7968
vn -0.0000 -0.3880 -0.9217
vn -0.0000 -0.3880 -0.9217
vn -0.0000 -0.3880 -0.9217
vn -0.0000 -0.3880 -0.9217
vn 0.0000 0.9935 0.1134
vn 0.0000 0.9935 0.1134
vn -1.0000 0.0000 -0.0000
vn -1.0000 0.0000 -0.0000
vn -1.0000 0.0000 -0.0000
vn -1.0000 0.0000 -0.0000
vn -1.0000 0.0000 -0.0000
vn -1.0000 0.0000 -0.0000
vn -1.0000 0.0000 -0.0000
vn 1.0000 0.0000 -0.0000
vn 1.0000 0.0000 -0.0000
vn 1.0000 0.0000 -0.0000
vn 1.0000 0.0000 -0.0000
vn 1.0000 0.0000 -0.0000
vn 1.0000 0.0000 -0.0000
vn 1.0000 0.0000 -0.0000
vn 0.0000 0.3880 0.9217
vn 0.0000 0.3880 0.9217
vn -0.0000 -0.0494 -0.9988
vn -0.0000 -0.3880 -0.9217
vn -0.0000 -0.0494 -0.9988
vn -0.0000 -0.3880 -0.9217
vn -1.0000 0.0000 -0.0000
vn -1.0000 0.0000 -0.0000
vn -1.0000 0.0000 -0.0000
vn -1.0000 0.0000 -0.0000
vn -0.0000 0.9987 -0.0507
vn -0.0000 0.9987 -0.0507
vn -0.0000 -0.0494 -0.9988
vn 0.0000 0.5202 -0.8540
vn 0.0000 0.5202 -0.8540
vn -1.0000 0.0000 -0.0000
vn 1.0000 0.0000 -0.0000
vn 1.0000 0.0000 -0.0000
vn -1.0000 0.0000 -0.0000
vn 1.0000 0.0000 -0.0000
vn 1.0000 0.0000 -0.0000
vn -0.0000 -0.9341 0.3569
vn -0.0000 -0.9341 0.3569
vn -0.0000 -0.9341 0.3569
vn -0.0000 -0.9341 0.3569
vn 0.0000 0.3880 0.9217
vn 0.0000 0.3880 0.9217
vn 0.0000 0.3880 0.9217
vn -0.0000 -0.3880 -0.9217
vn -0.0000 -0.3880 -0.9217
vn -0.0000 -0.3880 -0.9217
vn 1.0000 0.0000 -0.0000
vn 1.0000 0.0000 -0.0000
vn -0.0000 0.9423 -0.3347
vn -0.0000 0.9423 -0.3347
vn -0.0000 0.9423 -0.3347
vn -0.0000 0.9423 -0.3347
vn 0.0000 0.3880 0.9217
vn 0.0000 0.3880 0.9217
vn -0.0000 -0.3880 -0.9217
vn -0.0000 -0.0494 -0.9988
vn -0.0000 -0.0494 -0.9988
vn -0.0000 -0.3880 -0.9217
vn 1.0000 0.0000 -0.0000
vn 1.0000 0.0000 -0.0000
vn 1.0000 0.0000 -0.0000
vn 1.0000 0.0000 -0.0000
vn -0.0000 0.9987 -0.0507
vn -0.0000 0.9987 -0.0507
vn -0.0000 -0.0494 -0.9988
vn 0.0000 0.5202 -0.8540
vn 0.0000 0.5202 -0.8540
vn 1.0000 0.0000 -0.0000
vn -1.0000 0.0000 -0.0000
vn -1.0000 0.0000 -0.0000
vn 1.0000 0.0000 -0.0000
vn -1.0000 0.0000 -0.0000
vn -1.0000 0.0000 -0.0000
vn -0.0000 -0.9341 0.3569
vn -0.0000 -0.9341 0.3569
vn 0.0000 0.3880 0.9217
vn -0.0000 -0.3880 -0.9217
vn -1.0000 0.0000 -0.0000
vn -1.0000 0.0000 -0.0000
vn -0.0000 0.9423 -0.3347
vn -0.0000 0.9423 -0.3347
vn -0.8660 0.1993 0.4586
vn -0.8660 0.1993 0.4586
vn -0.8660 -0.1993 -0.4586
vn -0.8660 -0.1993 -0.4586
vn -0.0000 -0.3880 -0.9217
vn -0.0000 -0.3880 -0.9217
vn -0.0000 -0.3880 -0.9217
vn -0.0000 -0.3880 -0.9217
vn 0.8660 -0.1993 -0.4586
vn 0.8660 -0.1993 -0.4586
vn 0.8660 0.1993 0.4586
vn 0.8660 0.1993 0.4586
vn 0.0000 0.3880 0.9217
vn 0.0000 0.3880 0.9217
vn 0.0000 0.9172 -0.3985
vn 0.0000 0.9172 -0.3985
vn 0.0000 0.9172 -0.3985
vn 0.0000 0.9172 -0.3985
vn 0.0000 0.9172 -0.3985
vn 0.0000 0.9172 -0.3985
vn 0.0000 0.9172 -0.3985
vn 0.0000 0.9172 -0.3985
vn 0.0000 0.9172 -0.3985
vn 0.0000 0.9172 -0.3985
vn 0.0000 0.9172 -0.3985
vn 0.0000 0.9172 -0.3985
vn 0.0000 0.9172 -0.3985
vn 0.0000 0.9172 -0.3985
vn 0.0000 0.9172 -0.3985
vn 0.0000 0.9172 -0.3985
vn 0.0000 0.9172 -0.3985
vn 0.0000 0.9172 -0.3985
vn 0.0000 0.9172 -0.3985
vn 0.0000 0.9172 -0.3985
vn 0.9888 0.1207 0.0873
vn 0.9888 0.1207 0.0873
vn 0.9533 0.0214 -0.3014
vn 1.0000 0.0000 -0.0000
vn -1.0000 0.0000 -0.0000
vn -1.0000 0.0000 -0.0000
vn -0.7189 0.6952 0.0003
vn -1.0000 0.0000 -0.0000
vn -1.0000 0.0000 -0.0000
vn 0.0000 0.2220 0.9750
vn -0.0000 -0.2220 -0.9750
vn -0.0000 -0.2220 -0.9750
vn -0.0000 -0.6133 -0.7898
vn -0.0000 -0.6133 -0.7898
vn -0.0000 -1.0000 0.0000
vn -0.0000 -1.0000 0.0000
vn -0.0000 -1.0000 0.0000
vn -0.0000 -1.0000 0.0000
vn -0.0000 -0.3880 -0.9217
vn -0.0000 -0.5421 -0.8403
vn -0.0000 -0.5421 -0.8403
vn -0.0000 -0.5421 -0.8403
vn -1.0000 0.0000 -0.0000
vn -1.0000 0.0000 -0.0000
vn -0.8522 -0.4643 -0.2410
vn -1.0000 0.0000 -0.0000
vn -1.0000 0.0000 -0.0000
vn -1.0000 0.0000 -0.0000
vn -1.0000 0.0000 -0.0000
vn -1.0000 0.0000 -0.0000
vn -1.0000 0.0000 -0.0000
vn -0.0000 -0.9172 0.3985
vn -0.0000 -0.4566 0.8896
vn -1.0000 0.0000 -0.0000
vn -0.0000 -0.1614 -0.9869
vn 0.0000 0.2523 -0.9677
vn 0.0000 0.2523 -0.9677
vn 0.0000 0.9172 -0.3985
vn 0.0000 0.9172 -0.3985
vn 0.0000 0.4566 -0.8896
vn 0.0000 0.4566 -0.8896
vn 1.0000 0.0000 -0.0000
vn 1.0000 0.0000 -0.0000
vn 1.0000 0.0000 -0.0000
vn 1.0000 0.0000 -0.0000
vn -0.0000 0.8755 0.4832
vn -0.0000 0.8755 0.4832
vn -0.0065 0.9419 0.3357
vn -0.0065 0.9419 0.3357
vn 0.9451 0.2707 -0.1828
vn 0.9769 0.1841 -0.1085
vn 0.9769 0.1841 -0.1085
vn 0.9451 0.2707 -0.1828
vn 0.0014 -0.7522 -0.6589
vn 0.0083 -0.7769 -0.6296
vn 0.0000 0.0000 -1.0000
vn 0.0000 0.0000 -1.0000
vn 0.0000 -0.2597 -0.9657
vn -0.0000 -0.3880 -0.9217
vn -0.9888 0.1207 0.0873
vn -0.9888 0.1207 0.0873
vn -0.9533 0.0214 -0.3014
vn -1.0000 0.0000 -0.0000
vn 1.0000 0.0000 -0.0000
vn 1.0000 0.0000 -0.0000
vn 0.7189 0.6952 0.0003
vn 1.0000 0.0000 -0.0000
vn 1.0000 0.0000 -0.0000
vn 0.0000 0.2220 0.9750
vn -0.0000 -0.2220 -0.9750
vn -0.0000 -0.6133 -0.7898
vn -0.0000 -1.0000 0.0000
vn -0.0000 -1.0000 0.0000
vn -0.0000 -1.0000 0.0000
vn -0.0000 -0.5421 -0.8403
vn -0.0000 -0.3880 -0.9217
vn -0.0000 -0.5421 -0.8403
vn -0.0000 -0.5421 -0.8403
vn 1.0000 0.0000 -0.0000
vn 1.0000 0.0000 -0.0000
vn 0.8522 -0.4643 -0.2410
vn 1.0000 0.0000 -0.0000
vn 1.0000 0.0000 -0.0000
vn 1.0000 0.0000 -0.0000
vn 1.0000 0.0000 -0.0000
vn 1.0000 0.0000 -0.0000
vn 1.0000 0.0000 -0.0000
vn -0.0000 -0.9172 0.3985
vn 1.0000 0.0000 -0.0000
vn -0.0000 -0.1614 -0.9869
vn 0.0000 0.2523 -0.9677
vn 0.0000 0.2523 -0.9677
vn 0.0000 0.9172 -0.3985
vn 0.0000 0.4566 -0.8896
vn -1.0000 0.0000 -0.0000
vn -1.0000 0.0000 -0.0000
vn -1.0000 0.0000 -0.0000
vn -1.0000 0.0000 -0.0000
vn -0.0000 0.8755 0.4832
vn -0.0000 0.8755 0.4832
vn 0.0058 0.9526 0.3042
vn 0.0058 0.9526 0.3042
vn -0.9451 0.2707 -0.1828
vn -0.9769 0.1841 -0.1085
vn -0.9451 0.2707 -0.1828
vn -0.9769 0.1841 -0.1085
vn 0.0014 -0.7522 -0.6589
vn 0.0083 -0.7769 -0.6296
vn 0.0000 0.0000 -1.0000
vn 0.0000 0.0000 -1.0000
vn 0.0000 -0.2597 -0.9657
vn -0.0000 -0.3880 -0.9217
vn 0.0000 0.5202 -0.8540
vn 0.0000 0.5202 -0.8540
vn 0.0000 0.0000 1.0000
vn 0.0000 0.0000 1.0000
vn -0.0000 0.7224 0.6915
vn -0.0000 0.7224 0.6915
vn 0.0000 1.0000 -0.0000
vn 0.0000 1.0000 -0.0000
vn -1.0000 0.0000 -0.0000
vn 1.0000 0.0000 -0.0000
vn 1.0000 0.0000 -0.0000
vn -1.0000 0.0000 -0.0000
vn -0.0000 -0.6937 -0.7202
vn -0.0000 -0.6937 -0.7202
vn 1.0000 0.0000 -0.0000
vn 1.0000 0.0000 -0.0000
vn -0.0000 0.6798 0.7334
vn -0.0000 0.6798 0.7334
vn -1.0000 0.0000 -0.0000
vn -1.0000 0.0000 -0.0000
vn 0.0000 0.5202 -0.8540
vn 0.0000 0.5202 -0.8540
vn 0.0000 0.0000 1.0000
vn 0.0000 0.0000 1.0000
vn -0.0000 0.7224 0.6915
vn -0.0000 0.7224 0.6915
vn 0.0000 1.0000 -0.0000
vn 0.0000 1.0000 -0.0000
vn -1.0000 0.0000 -0.0000
vn 1.0000 0.0000 -0.0000
vn 1.0000 0.0000 -0.0000
vn -1.0000 0.0000 -0.0000
vn -0.0000 -0.6937 -0.7202
vn -0.0000 -0.6937 -0.7202
vn 1.0000 0.0000 -0.0000
vn 1.0000 0.0000 -0.0000
vn -0.0000 0.6798 0.7334
vn -0.0000 0.6798 0.7334
vn -1.0000 0.0000 -0.0000
vn -1.0000 0.0000 -0.0000
vn -0.0000 -0.9922 -0.1248
vn -0.0000 -0.9922 -0.1248
vn 0.0000 0.6042 -0.7968
vn 0.0000 0.6042 -0.7968
vn 0.0000 0.3880 0.9217
vn 0.0000 0.3880 0.9217
vn -1.0000 0.0000 -0.0000
vn -1.0000 0.0000 -0.0000
vn -1.0000 0.0000 -0.0000
vn -1.0000 0.0000 -0.0000
vn -1.0000 0.0000 -0.0000
vn -1.0000 0.0000 -0.0000
vn 1.0000 0.0000 -0.0000
vn 1.0000 0.0000 -0.0000
vn 1.0000 0.0000 -0.0000
vn 1.0000 0.0000 -0.0000
vn 1.0000 0.0000 -0.0000
vn 1.0000 0.0000 -0.0000
vn -0.0000 0.4291 0.9033
vn -0.0000 0.4291 0.9033
vn -1.0000 0.0000 -0.0000
vn -0.0000 0.9423 -0.3347
vn -0.0000 0.9423 -0.3347
vn 0.0000 0.9655 0.2605
vn 0.0000 0.9655 0.2605
vn 0.0000 0.8378 0.5460
vn 0.0000 0.8378 0.5460
vn 0.0000 0.6281 0.7782
vn 0.0000 0.6281 0.7782
vn -0.0000 0.2952 -0.9554
vn -0.0000 0.2952 -0.9554
vn 0.0000 0.6937 -0.7202
vn 0.0000 0.6937 -0.7202
vn 0.0000 0.8403 -0.5421
vn 0.0000 0.8403 -0.5421
vn -1.0000 0.0000 -0.0000
vn -1.0000 0.0000 -0.0000
vn -1.0000 0.0000 -0.0000
vn 1.0000 0.0000 -0.0000
vn 1.0000 0.0000 -0.0000
vn 1.0000 0.0000 -0.0000
vn 1.0000 0.0000 -0.0000
vn -1.0000 0.0000 -0.0000
vn -1.0000 0.0000 -0.0000
vn -1.0000 0.0000 -0.0000
vn 1.0000 0.0000 -0.0000
vn 1.0000 0.0000 -0.0000
vn 1.0000 0.0000 -0.0000
vn -0.0000 0.4291 0.9033
vn -0.0000 0.4291 0.9033
vn 1.0000 0.0000 -0.0000
vn -0.0000 0.9423 -0.3347
vn -0.0000 0.9423 -0.3347
vn 0.0000 0.9655 0.2605
vn 0.0000 0.9655 0.2605
vn 0.0000 0.8378 0.5460
vn 0.0000 0.8378 0.5460
vn 0.0000 0.6281 0.7782
vn 0.0000 0.6281 0.7782
vn -0.0000 0.2952 -0.9554
vn -0.0000 0.2952 -0.9554
vn 0.0000 0.6937 -0.7202
vn 0.0000 0.6937 -0.7202
vn 0.0000 0.8403 -0.5421
vn 0.0000 0.8403 -0.5421
vn 1.0000 0.0000 -0.0000
vn 1.0000 0.0000 -0.0000
vn 1.0000 0.0000 -0.0000
vn -1.0000 0.0000 -0.0000
vn -1.0000 0.0000 -0.0000
vn -1.0000 0.0000 -0.0000
vn -1.0000 0.0000 -0.0000
vn 1.0000 0.0000 -0.0000
vn 1.0000 0.0000 -0.0000
vn 1.0000 0.0000 -0.0000
vn -1.0000 0.0000 -0.0000
vn -1.0000 0.0000 -0.0000
vn -1.0000 0.0000 -0.0000
vn -0.4887 0.3385 0.8041
vn -0.4887 0.3385 0.8041
vn -1.0000 0.0000 -0.0000
vn -1.0000 0.0000 -0.0000
vn -0.5000 -0.3451 -0.7943
vn -0.5000 -0.3451 -0.7943
vn 0.5000 -0.3451 -0.7943
vn 0.5000 -0.3451 -0.7943
vn 1.0000 0.0000 -0.0000
vn 1.0000 0.0000 -0.0000
vn 0.4887 0.3385 0.8041
vn 0.4887 0.3385 0.8041
vn 0.0000 0.9172 -0.3985
vn 0.0000 0.9172 -0.3985
vn 0.0000 0.9172 -0.3985
vn 0.0000 0.9172 -0.3985
vn 0.0000 0.9172 -0.3985
vn 0.0000 0.9172 -0.3985
vn 0.0000 0.9172 -0.3985
vn 0.0000 0.9172 -0.3985
vn 0.0000 0.9172 -0.3985
vn 0.0000 0.9172 -0.3985
vn 0.0000 0.9172 -0.3985
vn 0.0000 0.9172 -0.3985
vn -0.4887 0.3385 0.8041
vn -0.4887 0.3385 0.8041
vn -1.0000 0.0000 -0.0000
vn -1.0000 0.0000 -0.0000
vn -0.5000 -0.3451 -0.7943
vn -0.5000 -0.3451 -0.7943
vn 0.5000 -0.3451 -0.7943
vn 0.5000 -0.3451 -0.7943
vn 1.0000 0.0000 -0.0000
vn 1.0000 0.0000 -0.0000
vn 0.4887 0.3385 0.8041
vn 0.4887 0.3385 0.8041
vn 0.0000 0.9172 -0.3985
vn 0.0000 0.9172 -0.3985
vn 0.0000 0.9172 -0.3985
vn 0.0000 0.9172 -0.3985
vn 0.0000 0.9172 -0.3985
vn 0.0000 0.9172 -0.3985
vn 0.0000 0.9172 -0.3985
vn 0.0000 0.9172 -0.3985
vn 0.0000 0.9172 -0.3985
vn 0.0000 0.9172 -0.3985
vn 0.0000 0.9172 -0.3985
vn 0.0000 0.9172 -0.3985
vn -0.0000 -0.9172 0.3985
vn -0.0000 -0.9172 0.3985
vn -0.0000 -0.9172 0.3985
vn -0.0000 -0.9172 0.3985
vn -0.0000 -0.9172 0.3985
vn -0.0000 -0.9172 0.3985
vn -0.0000 -0.9172 0.3985
vn -0.0000 -0.9172 0.3985
vn -0.0000 -0.9172 0.3985
vn -0.0000 -0.9172 0.3985
vn -0.0000 -0.9172 0.3985
vn -0.0000 -0.9172 0.3985
vn -0.2671 0.6146 0.7422
vn -0.5007 0.5884 0.6349
vn -0.2665 0.6545 0.7076
vn -0.5049 0.4928 0.7086
vn 0.9909 0.1257 0.0481
vn 0.9909 0.1257 0.0481
vn 0.9796 0.1915 0.0613
vn 0.9796 0.1915 0.0613
vn 0.3072 0.7820 -0.5423
vn 0.3072 0.7820 -0.5423
vn -0.0065 0.9419 0.3357
vn -0.1228 0.9891 0.0816
vn -0.1340 0.9316 0.3378
vn 0.0000 0.9935 0.1134
vn -0.0035 0.8073 0.5901
vn -0.1314 0.7989 0.5869
vn -0.7379 0.6729 0.0521
vn -0.7727 0.5985 0.2114
vn -0.7379 0.6729 0.0521
vn -0.7727 0.5985 0.2114
vn -0.7831 0.5012 0.3681
vn -0.7831 0.5012 0.3681
vn 1.0000 0.0000 -0.0000
vn 0.9865 0.0000 -0.1637
vn 1.0000 0.0000 -0.0000
vn 0.3458 -0.0000 -0.9383
vn 0.3458 -0.0000 -0.9383
vn -1.0000 0.0000 -0.0000
vn -0.1156 0.9933 -0.0002
vn 0.0000 1.0000 -0.0000
vn -0.7189 0.6952 0.0003
vn -1.0000 0.0000 -0.0000
vn -1.0000 0.0000 -0.0000
vn -1.0000 0.0000 -0.0000
vn -1.0000 0.0000 -0.0000
vn -1.0000 0.0000 -0.0000
vn -1.0000 0.0000 -0.0000
vn -1.0000 0.0000 -0.0000
vn -0.1273 0.6743 0.7274
vn -0.0000 0.6798 0.7334
vn -0.1273 0.5377 0.8335
vn 0.0000 0.5421 0.8403
vn -0.1273 0.3848 0.9142
vn 0.0000 0.3880 0.9217
vn -0.1273 0.2202 0.9671
vn 0.0000 0.2220 0.9750
vn -0.1273 0.0490 0.9907
vn 0.0000 0.0494 0.9988
vn -0.1273 -0.1238 0.9841
vn -0.0000 -0.1248 0.9922
vn -0.1273 -0.2928 0.9477
vn -0.0000 -0.2952 0.9554
vn -0.7832 0.4230 0.4558
vn -0.7832 0.4230 0.4558
vn -0.7883 0.3341 0.5166
vn -0.7883 0.3341 0.5166
vn -0.7923 0.2367 0.5623
vn -0.7923 0.2367 0.5623
vn -0.7923 0.1355 0.5948
vn -0.7923 0.1355 0.5948
vn -0.7923 0.0301 0.6093
vn -0.7923 0.0301 0.6093
vn -0.7923 -0.0762 0.6053
vn -0.7923 -0.0762 0.6053
vn -0.7923 -0.1801 0.5829
vn -0.7923 -0.1801 0.5829
vn -0.0000 -0.2952 0.9554
vn -0.2735 -0.1201 0.9544
vn -0.2735 -0.2840 0.9190
vn -0.2735 0.0475 0.9607
vn 0.0000 0.0494 0.9988
vn -0.2735 0.2136 0.9379
vn -0.2735 0.3732 0.8865
vn 0.0000 0.3880 0.9217
vn -0.2389 0.5802 0.7787
vn -0.0000 0.2952 -0.9554
vn -0.0000 0.2952 -0.9554
vn -0.0000 -0.0494 -0.9988
vn -0.0000 -0.0494 -0.9988
vn -0.0000 -0.3880 -0.9217
vn -0.0000 -0.3880 -0.9217
vn 1.0000 0.0000 -0.0000
vn 1.0000 0.0000 -0.0000
vn 0.0000 1.0000 -0.0000
vn 0.0000 1.0000 -0.0000
vn 0.0000 1.0000 -0.0000
vn 0.0000 1.0000 -0.0000
vn 0.0000 1.0000 -0.0000
vn 0.0000 1.0000 -0.0000
vn 1.0000 0.0000 -0.0000
vn 0.0000 0.0000 1.0000
vn -0.0000 -0.3880 -0.9217
vn -0.0000 -0.6937 -0.7202
vn -0.0000 -0.6937 -0.7202
vn 0.0014 -0.7522 -0.6589
vn -0.0000 -0.6937 -0.7202
vn 0.0014 -0.7522 -0.6589
vn -0.0000 -0.8465 -0.5324
vn -0.1210 -0.8825 -0.4546
vn -0.1156 -0.8395 -0.5310
vn -0.0000 -0.8896 -0.4566
vn -0.8517 -0.4436 -0.2790
vn -0.7727 -0.5626 -0.2940
vn -0.7676 -0.5398 -0.3455
vn -1.0000 0.0000 -0.0000
vn -1.0000 0.0000 -0.0000
vn -1.0000 0.0000 -0.0000
vn -1.0000 0.0000 -0.0000
vn -1.0000 0.0000 -0.0000
vn -1.0000 0.0000 -0.0000
vn -1.0000 0.0000 -0.0000
vn -1.0000 0.0000 -0.0000
vn -0.1273 -0.4529 0.8824
vn -0.0000 -0.4566 0.8896
vn -0.1273 -0.5993 0.7904
vn -0.0000 -0.6042 0.7968
vn -0.1273 -0.7274 0.6743
vn -0.0000 -0.7334 0.6798
vn -0.1273 -0.8335 0.5377
vn -0.0000 -0.8403 0.5421
vn -0.1273 -0.9142 0.3848
vn -0.0000 -0.9172 0.3985
vn -0.1273 -0.9671 0.2202
vn 0.0000 -0.9750 0.2220
vn -0.1273 -0.9907 0.0490
vn -0.0000 -0.9988 0.0494
vn -0.1273 -0.9841 -0.1238
vn -0.0000 -0.9922 -0.1248
vn -0.1267 -0.9477 -0.2929
vn -0.0000 -0.9554 -0.2952
vn -0.7923 -0.2786 0.5428
vn -0.7923 -0.2786 0.5428
vn -0.7923 -0.3686 0.4861
vn -0.7923 -0.3686 0.4861
vn -0.7923 -0.4474 0.4147
vn -0.7923 -0.4474 0.4147
vn -0.7923 -0.5126 0.3307
vn -0.7923 -0.5126 0.3307
vn -0.7923 -0.5623 0.2367
vn -0.7923 -0.5623 0.2367
vn -0.7923 -0.5948 0.1355
vn -0.7923 -0.5948 0.1355
vn -0.7923 -0.6093 0.0301
vn -0.7923 -0.6093 0.0301
vn -0.7930 -0.6045 -0.0758
vn -0.7930 -0.6045 -0.0758
vn -0.7779 -0.5998 -0.1873
vn -0.7940 -0.5899 -0.1467
vn -0.8512 -0.4842 -0.2026
vn -0.6664 -0.7052 -0.2423
vn -0.2751 -0.9540 -0.1196
vn -0.2967 -0.9193 -0.2587
vn -0.0000 -0.9922 -0.1248
vn -0.2735 -0.9607 0.0475
vn 0.0000 -0.9750 0.2220
vn -0.2735 -0.9379 0.2136
vn -0.2735 -0.8865 0.3732
vn -0.2735 -0.8083 0.5215
vn -0.0000 -0.8403 0.5421
vn -0.2735 -0.7054 0.6539
vn -0.2735 -0.5812 0.7665
vn -0.0000 -0.6042 0.7968
vn -0.2735 -0.4392 0.8557
vn -1.0000 0.0000 -0.0000
vn -1.0000 0.0000 -0.0000
vn 0.0000 0.6042 -0.7968
vn 0.0000 0.6042 -0.7968
vn 0.0000 0.8830 -0.4693
vn 0.0000 0.8830 -0.4693
vn 0.0000 0.9935 0.1134
vn 0.0000 0.9935 0.1134
vn 0.0000 0.9935 0.1134
vn 0.0000 0.9935 0.1134
vn 0.0000 0.9750 -0.2220
vn 0.0000 0.9750 -0.2220
vn 0.0000 0.8403 -0.5421
vn 0.0000 0.8403 -0.5421
vn 0.0000 0.6042 -0.7968
vn 0.0000 0.6042 -0.7968
vn 1.0000 0.0000 -0.0000
vn 1.0000 0.0000 -0.0000
vn 0.9989 0.0410 -0.0230
vn 0.4529 0.5711 -0.6846
vn 0.4529 0.5711 -0.6846
vn 0.9511 0.2349 -0.2006
vn 0.9511 0.2349 -0.2006
vn 0.9387 0.2362 -0.2511
vn 0.9387 0.2362 -0.2511
vn 0.7583 0.4224 -0.4965
vn 0.6501 0.4902 -0.5806
vn 0.8539 0.3415 -0.3927
vn -0.0038 0.9770 0.2133
vn -0.0026 0.9852 0.1716
vn 0.0000 0.9935 0.1134
vn -0.0038 0.9770 0.2133
vn 0.0014 -0.7522 -0.6589
vn 0.0014 -0.7522 -0.6589
vn -0.5613 0.3211 0.7628
vn -0.5100 0.6920 0.5109
vn -0.2870 0.7693 0.5708
vn -0.4732 0.8782 0.0704
vn -0.5069 0.8106 0.2931
vn -0.2638 0.9612 0.0806
vn -0.2901 0.8977 0.3315
vn -0.4560 0.8900 -0.0002
vn -0.2482 0.9687 0.0002
vn -0.5613 0.1838 0.8070
vn -0.5613 0.0408 0.8266
vn -0.5613 -0.1033 0.8211
vn -0.5613 -0.2443 0.7907
vn -0.5613 -0.3779 0.7363
vn -0.5613 -0.5000 0.6595
vn -0.5613 -0.6070 0.5626
vn -0.5613 -0.6954 0.4487
vn -0.5613 -0.7628 0.3211
vn -0.5613 -0.7628 0.3211
vn -0.5613 -0.8070 0.1838
vn -0.5613 -0.8266 0.0408
vn -0.5635 -0.8197 -0.1025
vn -0.5571 -0.8024 -0.2139
vn 0.0000 -0.2597 -0.9657
vn 0.0000 -0.2597 -0.9657
vn 0.0000 -0.2597 -0.9657
vn -0.4560 0.8900 -0.0002
vn -0.4732 0.8782 0.0704
vn -0.5069 0.8106 0.2931
vn -0.5100 0.6920 0.5109
vn -0.5007 0.5884 0.6349
vn -0.4887 0.4730 0.7331
vn -0.4887 0.3385 0.8041
vn -0.4887 0.1937 0.8507
vn -0.4887 0.0431 0.8714
vn -0.4887 -0.1089 0.8656
vn -0.4887 -0.2576 0.8335
vn -0.4887 -0.3984 0.7762
vn -0.4630 -0.7461 -0.4785
vn -0.4745 -0.7809 -0.4063
vn -0.4865 -0.8345 -0.2586
vn -0.4887 -0.5271 0.6952
vn -0.4887 -0.6398 0.5931
vn -0.4887 -0.7331 0.4730
vn -0.4887 -0.8041 0.3385
vn -0.4887 -0.8507 0.1937
vn -0.4887 -0.8714 0.0431
vn -0.4887 -0.8656 -0.1089
vn 0.0000 0.0000 -1.0000
vn 0.0000 0.0000 -1.0000
vn -0.1509 0.6381 0.7550
vn 0.2671 0.6146 0.7422
vn 0.5007 0.5884 0.6349
vn 0.5049 0.4928 0.7086
vn 0.2665 0.6545 0.7076
vn -0.9909 0.1257 0.0481
vn -0.9909 0.1257 0.0481
vn -0.9796 0.1915 0.0613
vn -0.9796 0.1915 0.0613
vn -0.3072 0.7820 -0.5423
vn -0.3072 0.7820 -0.5423
vn 0.1228 0.9891 0.0816
vn -0.0065 0.9419 0.3357
vn 0.1340 0.9316 0.3378
vn 0.0000 0.9935 0.1134
vn -0.0035 0.8073 0.5901
vn 0.1314 0.7989 0.5869
vn 0.7727 0.5985 0.2114
vn 0.7379 0.6729 0.0521
vn 0.7379 0.6729 0.0521
vn 0.7727 0.5985 0.2114
vn 0.7831 0.5012 0.3681
vn 0.7831 0.5012 0.3681
vn -1.0000 0.0000 -0.0000
vn -1.0000 0.0000 -0.0000
vn -0.9865 -0.0000 -0.1637
vn -0.3458 -0.0000 -0.9383
vn -0.3458 -0.0000 -0.9383
vn 1.0000 0.0000 -0.0000
vn 0.1156 0.9933 -0.0002
vn 0.0000 1.0000 -0.0000
vn 0.7189 0.6952 0.0003
vn 1.0000 0.0000 -0.0000
vn 1.0000 0.0000 -0.0000
vn 1.0000 0.0000 -0.0000
vn 1.0000 0.0000 -0.0000
vn 1.0000 0.0000 -0.0000
vn 1.0000 0.0000 -0.0000
vn 1.0000 0.0000 -0.0000
vn 0.1273 0.6743 0.7274
vn -0.0000 0.6798 0.7334
vn 0.1273 0.5377 0.8335
vn 0.0000 0.5421 0.8403
vn 0.1273 0.3848 0.9142
vn 0.0000 0.3880 0.9217
vn 0.1273 0.2202 0.9671
vn 0.0000 0.2220 0.9750
vn 0.1273 0.0490 0.9907
vn 0.0000 0.0494 0.9988
vn 0.1273 -0.1238 0.9841
vn -0.0000 -0.1248 0.9922
vn 0.1273 -0.2928 0.9477
vn -0.0000 -0.2952 0.9554
vn 0.7832 0.4230 0.4558
vn 0.7832 0.4230 0.4558
vn 0.7883 0.3341 0.5166
vn 0.7883 0.3341 0.5166
vn 0.7923 0.2367 0.5623
vn 0.7923 0.2367 0.5623
vn 0.7923 0.1355 0.5948
vn 0.7923 0.1355 0.5948
vn 0.7923 0.0301 0.6093
vn 0.7923 0.0301 0.6093
vn 0.7923 -0.0762 0.6053
vn 0.7923 -0.0762 0.6053
vn 0.7923 -0.1801 0.5829
vn 0.7923 -0.1801 0.5829
vn 0.2735 -0.1201 0.9544
vn 0.2735 -0.2840 0.9190
vn 0.2735 0.0475 0.9607
vn 0.0000 0.0494 0.9988
vn 0.2735 0.2136 0.9379
vn 0.2735 0.3732 0.8865
vn 0.0000 0.3880 0.9217
vn 0.2389 0.5802 0.7787
vn -0.0000 0.2952 -0.9554
vn -0.0000 -0.0494 -0.9988
vn -0.0000 -0.3880 -0.9217
vn -1.0000 0.0000 -0.0000
vn -1.0000 0.0000 -0.0000
vn 0.0000 1.0000 -0.0000
vn 0.0000 1.0000 -0.0000
vn 0.0000 1.0000 -0.0000
vn 0.0000 1.0000 -0.0000
vn 0.0000 1.0000 -0.0000
vn 0.0000 1.0000 -0.0000
vn -1.0000 0.0000 -0.0000
vn 0.0000 0.0000 1.0000
vn -0.0000 -0.3880 -0.9217
vn -0.0000 -0.6937 -0.7202
vn -0.0000 -0.6937 -0.7202
vn 0.0014 -0.7522 -0.6589
vn 0.0014 -0.7522 -0.6589
vn -0.0000 -0.6937 -0.7202
vn -0.0000 -0.8465 -0.5324
vn 0.1210 -0.8825 -0.4546
vn -0.0000 -0.8896 -0.4566
vn 0.1156 -0.8395 -0.5310
vn 0.8517 -0.4436 -0.2790
vn 0.7727 -0.5626 -0.2940
vn 0.7676 -0.5398 -0.3455
vn 1.0000 0.0000 -0.0000
vn 1.0000 0.0000 -0.0000
vn 1.0000 0.0000 -0.0000
vn 1.0000 0.0000 -0.0000
vn 1.0000 0.0000 -0.0000
vn 1.0000 0.0000 -0.0000
vn 1.0000 0.0000 -0.0000
vn 1.0000 0.0000 -0.0000
vn 0.1273 -0.4529 0.8824
vn -0.0000 -0.4566 0.8896
vn 0.1273 -0.5993 0.7904
vn -0.0000 -0.6042 0.7968
vn 0.1273 -0.7274 0.6743
vn -0.0000 -0.7334 0.6798
vn 0.1273 -0.8335 0.5377
vn -0.0000 -0.8403 0.5421
vn 0.1273 -0.9142 0.3848
vn -0.0000 -0.9172 0.3985
vn 0.1273 -0.9671 0.2202
vn 0.0000 -0.9750 0.2220
vn 0.1273 -0.9907 0.0490
vn -0.0000 -0.9988 0.0494
vn 0.1273 -0.9841 -0.1238
vn -0.0000 -0.9922 -0.1248
vn 0.1267 -0.9477 -0.2929
vn -0.0000 -0.9554 -0.2952
vn 0.7923 -0.2786 0.5428
vn 0.7923 -0.2786 0.5428
vn 0.7923 -0.3686 0.4861
vn 0.7923 -0.3686 0.4861
vn 0.7923 -0.4474 0.4147
vn 0.7923 -0.4474 0.4147
vn 0.7923 -0.5126 0.3307
vn 0.7923 -0.5126 0.3307
vn 0.7923 -0.5623 0.2367
vn 0.7923 -0.5623 0.2367
vn 0.7923 -0.5948 0.1355
vn 0.7923 -0.5948 0.1355
vn 0.7923 -0.6093 0.0301
vn 0.7923 -0.6093 0.0301
vn 0.7930 -0.6045 -0.0758
vn 0.7930 -0.6045 -0.0758
vn 0.7779 -0.5998 -0.1873
vn 0.7940 -0.5899 -0.1467
vn 0.8512 -0.4842 -0.2026
vn 0.6664 -0.7052 -0.2423
vn 0.2751 -0.9540 -0.1196
vn -0.0000 -0.9922 -0.1248
vn 0.2967 -0.9193 -0.2587
vn 0.2735 -0.9607 0.0475
vn 0.0000 -0.9750 0.2220
vn 0.2735 -0.9379 0.2136
vn 0.2735 -0.8865 0.3732
vn 0.2735 -0.8083 0.5215
vn 0.2735 -0.7054 0.6539
vn 0.2735 -0.5812 0.7665
vn 0.2735 -0.4392 0.8557
vn 1.0000 0.0000 -0.0000
vn 1.0000 0.0000 -0.0000
vn 0.0000 0.6042 -0.7968
vn 0.0000 0.6042 -0.7968
vn 0.0000 0.8830 -0.4693
vn 0.0000 0.8830 -0.4693
vn 0.0000 0.9935 0.1134
vn 0.0000 0.9935 0.1134
vn 0.0000 0.9935 0.1134
vn 0.0000 0.9935 0.1134
vn 0.0000 0.9750 -0.2220
vn 0.0000 0.8403 -0.5421
vn 0.0000 0.6042 -0.7968
vn -1.0000 0.0000 -0.0000
vn -1.0000 0.0000 -0.0000
vn -0.9989 0.0410 -0.0230
vn -0.4529 0.5711 -0.6846
vn -0.4529 0.5711 -0.6846
vn -0.9511 0.2349 -0.2006
vn -0.9511 0.2349 -0.2006
vn -0.9387 0.2362 -0.2511
vn -0.9387 0.2362 -0.2511
vn -0.7583 0.4224 -0.4965
vn -0.6501 0.4902 -0.5806
vn -0.8539 0.3415 -0.3927
vn -0.0038 0.9770 0.2133
vn -0.0026 0.9852 0.1716
vn 0.0000 0.9935 0.1134
vn -0.0038 0.9770 0.2133
vn 0.0014 -0.7522 -0.6589
vn 0.0014 -0.7522 -0.6589
vn 0.5613 0.3211 0.7628
vn 0.5100 0.6920 0.5109
vn 0.2870 0.7693 0.5708
vn 0.4732 0.8782 0.0704
vn 0.5069 0.8106 0.2931
vn 0.2638 0.9612 0.0806
vn 0.2901 0.8977 0.3315
vn 0.4560 0.8900 -0.0002
vn 0.2482 0.9687 0.0002
vn 0.5613 0.1838 0.8070
vn 0.5613 0.0408 0.8266
vn 0.5613 -0.1033 0.8211
vn 0.5613 -0.2443 0.7907
vn 0.5613 -0.3779 0.7363
vn 0.5613 -0.5000 0.6595
vn 0.5613 -0.6070 0.5626
vn 0.5613 -0.6954 0.4487
vn 0.5613 -0.7628 0.3211
vn 0.5613 -0.7628 0.3211
vn 0.5613 -0.8070 0.1838
vn 0.5613 -0.8266 0.0408
vn 0.5635 -0.8197 -0.1025
vn 0.5571 -0.8024 -0.2139
vn 0.0000 -0.2597 -0.9657
vn 0.0000 -0.2597 -0.9657
vn 0.0000 -0.2597 -0.9657
vn 0.4560 0.8900 -0.0002
vn 0.4732 0.8782 0.0704
vn 0.5069 0.8106 0.2931
vn 0.5100 0.6920 0.5109
vn 0.5007 0.5884 0.6349
vn 0.4887 0.4730 0.7331
vn 0.4887 0.3385 0.8041
vn 0.4887 0.1937 0.8507
vn 0.4887 0.0431 0.8714
vn 0.4887 -0.1089 0.8656
vn 0.4887 -0.2576 0.8335
vn 0.4887 -0.3984 0.7762
vn 0.4630 -0.7461 -0.4785
vn 0.4745 -0.7809 -0.4063
vn 0.4865 -0.8345 -0.2586
vn 0.4887 -0.5271 0.6952
vn 0.4887 -0.6398 0.5931
vn 0.4887 -0.7331 0.4730
vn 0.4887 -0.8041 0.3385
vn 0.4887 -0.8507 0.1937
vn 0.4887 -0.8714 0.0431
vn 0.4887 -0.8656 -0.1089
vn 0.0000 0.0000 -1.0000
vn 0.0000 0.0000 -1.0000
vn 0.1509 0.6381 0.7550
vn 0.0000 0.5202 -0.8540
vn 0.0000 0.5202 -0.8540
vn -0.0065 0.9419 0.3357
vn -0.0065 0.9419 0.3357
vn -0.0000 0.9825 -0.1863
vn -0.0000 0.9825 -0.1863
vn -0.0000 0.3532 0.9356
vn -0.0000 0.3532 0.9356
vn -1.0000 0.0000 -0.0000
vn -1.0000 0.0000 -0.0000
vn 1.0000 0.0000 -0.0000
vn 1.0000 0.0000 -0.0000
vn -1.0000 0.0000 -0.0000
vn 1.0000 0.0000 -0.0000
vn 1.0000 0.0000 -0.0000
vn -1.0000 0.0000 -0.0000
vn 0.0000 0.9172 -0.3985
vn 0.0000 0.9172 -0.3985
vn -1.0000 0.0000 -0.0000
vn 1.0000 0.0000 -0.0000
vn 1.0000 0.0000 -0.0000
vn -1.0000 0.0000 -0.0000
vn -0.0000 -0.6133 -0.7898
vn -0.0000 -0.6133 -0.7898
vn -0.0000 0.2952 -0.9554
vn -0.0000 0.2952 -0.9554
vn -1.0000 0.0000 -0.0000
vn 1.0000 0.0000 -0.0000
vn 0.0000 0.5202 -0.8540
vn 0.0000 0.5202 -0.8540
vn -0.0065 0.9419 0.3357
vn -0.0065 0.9419 0.3357
vn -0.0000 0.9825 -0.1863
vn -0.0000 0.9825 -0.1863
vn -0.0000 0.3532 0.9356
vn -0.0000 0.3532 0.9356
vn -1.0000 0.0000 -0.0000
vn -1.0000 0.0000 -0.0000
vn 1.0000 0.0000 -0.0000
vn 1.0000 0.0000 -0.0000
vn -1.0000 0.0000 -0.0000
vn 1.0000 0.0000 -0.0000
vn 1.0000 0.0000 -0.0000
vn -1.0000 0.0000 -0.0000
vn 0.0000 0.9172 -0.3985
vn 0.0000 0.9172 -0.3985
vn -1.0000 0.0000 -0.0000
vn 1.0000 0.0000 -0.0000
vn 1.0000 0.0000 -0.0000
vn -1.0000 0.0000 -0.0000
vn -0.0000 -0.6133 -0.7898
vn -0.0000 -0.6133 -0.7898
vn -0.0000 0.2952 -0.9554
vn -0.0000 0.2952 -0.9554
vn -1.0000 0.0000 -0.0000
vn 1.0000 0.0000 -0.0000
f 4278/4278/4278 4559/4559/4559 4279/4279/4279
f 4278/4278/4278 4560/4560/4560 4559/4559/4559
f 4276/4276/4276 4559/4559/4559 4560/4560/4560
f 4276/4276/4276 4277/4277/4277 4559/4559/4559
f 5224/5224/5224 5231/5231/5231 4554/4554/4554
f 5224/5224/5224 4261/4261/4261 5231/5231/5231
f 5224/5224/5224 5234/5234/5234 4261/4261/4261
f 4253/4253/4253 4551/4551/4551 5225/5225/5225
f 4253/4253/4253 5224/5224/5224 4551/4551/4551
f 5224/5224/5224 4255/4255/4255 4551/4551/4551
f 5224/5224/5224 4258/4258/4258 4255/4255/4255
f 5224/5224/5224 4554/4554/4554 4258/4258/4258
f 4258/4258/4258 4554/4554/4554 4281/4281/4281
f 4554/4554/4554 4280/4280/4280 4281/4281/4281
f 4554/4554/4554 5237/5237/5237 4280/4280/4280
f 4287/4287/4287 4280/4280/4280 5237/5237/5237
f 4287/4287/4287 5242/5242/5242 4280/4280/4280
f 4551/4551/4551 4255/4255/4255 5228/5228/5228
f 4562/4562/4562 4283/4283/4283 4284/4284/4284
f 4562/4562/4562 4561/4561/4561 4283/4283/4283
f 4258/4258/4258 4561/4561/4561 4562/4562/4562
f 4258/4258/4258 4282/4282/4282 4561/4561/4561
f 4258/4258/4258 4281/4281/4281 4282/4282/4282
f 5216/5216/5216 4543/4543/4543 5217/5217/5217
f 5216/5216/5216 4544/4544/4544 4543/4543/4543
f 4544/4544/4544 5241/5241/5241 4543/4543/4543
f 4544/4544/4544 5240/5240/5240 5241/5241/5241
f 4286/4286/4286 5241/5241/5241 5240/5240/5240
f 4286/4286/4286 5240/5240/5240 4285/4285/4285
f 5239/5239/5239 4286/4286/4286 4285/4285/4285
f 5239/5239/5239 4285/4285/4285 5238/5238/5238
f 4265/4265/4265 5239/5239/5239 5238/5238/5238
f 4265/4265/4265 5238/5238/5238 4264/4264/4264
f 4263/4263/4263 4265/4265/4265 4264/4264/4264
f 4263/4263/4263 4264/4264/4264 4266/4266/4266
f 4267/4267/4267 4263/4263/4263 4266/4266/4266
f 4267/4267/4267 4266/4266/4266 4268/4268/4268
f 4555/4555/4555 4267/4267/4267 4268/4268/4268
f 4555/4555/4555 4268/4268/4268 4556/4556/4556
f 4269/4269/4269 4555/4555/4555 4556/4556/4556
f 4269/4269/4269 4556/4556/4556 4270/4270/4270
f 4251/4251/4251 4545/4545/4545 4252/4252/4252
f 4251/4251/4251 4546/4546/4546 4545/4545/4545
f 5222/5222/5222 4545/4545/4545 4546/4546/4546
f 5222/5222/5222 5223/5223/5223 4545/4545/4545
f 4548/4548/4548 5223/5223/5223 5222/5222/5222
f 4548/4548/4548 4547/4547/4547 5223/5223/5223
f 5218/5218/5218 4547/4547/4547 4548/4548/4548
f 5218/5218/5218 5219/5219/5219 4547/4547/4547
f 4549/4549/4549 5219/5219/5219 5218/5218/5218
f 4549/4549/4549 4550/4550/4550 5219/5219/5219
f 5220/5220/5220 4550/4550/4550 4549/4549/4549
f 5220/5220/5220 5221/5221/5221 4550/4550/4550
f 5233/5233/5233 5221/5221/5221 5220/5220/5220
f 5233/5233/5233 5220/5220/5220 5232/5232/5232
f 4260/4260/4260 5233/5233/5233 5232/5232/5232
f 4260/4260/4260 5232/5232/5232 4259/4259/4259
f 5217/5217/5217 4260/4260/4260 4259/4259/4259
f 5217/5217/5217 4259/4259/4259 5216/5216/5216
f 4240/4240/4240 4539/4539/4539 4241/4241/4241
f 4240/4240/4240 4540/4540/4540 4539/4539/4539
f 4238/4238/4238 4539/4539/4539 4540/4540/4540
f 4238/4238/4238 4239/4239/4239 4539/4539/4539
f 5196/5196/5196 5203/5203/5203 4534/4534/4534
f 5196/5196/5196 4223/4223/4223 5203/5203/5203
f 5196/5196/5196 5206/5206/5206 4223/4223/4223
f 4215/4215/4215 4531/4531/4531 5197/5197/5197
f 4215/4215/4215 5196/5196/5196 4531/4531/4531
f 5196/5196/5196 4217/4217/4217 4531/4531/4531
f 5196/5196/5196 4220/4220/4220 4217/4217/4217
f 5196/5196/5196 4534/4534/4534 4220/4220/4220
f 4220/4220/4220 4534/4534/4534 4243/4243/4243
f 4534/4534/4534 4242/4242/4242 4243/4243/4243
f 4534/4534/4534 5209/5209/5209 4242/4242/4242
f 4249/4249/4249 4242/4242/4242 5209/5209/5209
f 4249/4249/4249 5214/5214/5214 4242/4242/4242
f 4531/4531/4531 4217/4217/4217 5200/5200/5200
f 4542/4542/4542 4245/4245/4245 4246/4246/4246
f 4542/4542/4542 4541/4541/4541 4245/4245/4245
f 4220/4220/4220 4541/4541/4541 4542/4542/4542
f 4220/4220/4220 4244/4244/4244 4541/4541/4541
f 4220/4220/4220 4243/4243/4243 4244/4244/4244
f 5188/5188/5188 4523/4523/4523 5189/5189/5189
f 5188/5188/5188 4524/4524/4524 4523/4523/4523
f 4524/4524/4524 5213/5213/5213 4523/4523/4523
f 4524/4524/4524 5212/5212/5212 5213/5213/5213
f 4248/4248/4248 5213/5213/5213 5212/5212/5212
f 4248/4248/4248 5212/5212/5212 4247/4247/4247
f 5211/5211/5211 4248/4248/4248 4247/4247/4247
f 5211/5211/5211 4247/4247/4247 5210/5210/5210
f 4227/4227/4227 5211/5211/5211 5210/5210/5210
f 4227/4227/4227 5210/5210/5210 4226/4226/4226
f 4225/4225/4225 4227/4227/4227 4226/4226/4226
f 4225/4225/4225 4226/4226/4226 4228/4228/4228
f 4229/4229/4229 4225/4225/4225 4228/4228/4228
f 4229/4229/4229 4228/4228/4228 4230/4230/4230
f 4535/4535/4535 4229/4229/4229 4230/4230/4230
f 4535/4535/4535 4230/4230/4230 4536/4536/4536
f 4231/4231/4231 4535/4535/4535 4536/4536/4536
f 4231/4231/4231 4536/4536/4536 4232/4232/4232
f 4213/4213/4213 4525/4525/4525 4214/4214/4214
f 4213/4213/4213 4526/4526/4526 4525/4525/4525
f 5194/5194/5194 4525/4525/4525 4526/4526/4526
f 5194/5194/5194 5195/5195/5195 4525/4525/4525
f 4528/4528/4528 5195/5195/5195 5194/5194/5194
f 4528/4528/4528 4527/4527/4527 5195/5195/5195
f 5190/5190/5190 4527/4527/4527 4528/4528/4528
f 5190/5190/5190 5191/5191/5191 4527/4527/4527
f 4529/4529/4529 5191/5191/5191 5190/5190/5190
f 4529/4529/4529 4530/4530/4530 5191/5191/5191
f 5192/5192/5192 4530/4530/4530 4529/4529/4529
f 5192/5192/5192 5193/5193/5193 4530/4530/4530
f 5205/5205/5205 5193/5193/5193 5192/5192/5192
f 5205/5205/5205 5192/5192/5192 5204/5204/5204
f 4222/4222/4222 5205/5205/5205 5204/5204/5204
f 4222/4222/4222 5204/5204/5204 4221/4221/4221
f 5189/5189/5189 4222/4222/4222 4221/4221/4221
f 5189/5189/5189 4221/4221/4221 5188/5188/5188
f 5037/5037/5037 4488/4488/4488 4485/4485/4485
f 5037/5037/5037 5038/5038/5038 4488/4488/4488
f 4485/4485/4485 4486/4486/4486 5036/5036/5036
f 4485/4485/4485 4487/4487/4487 4486/4486/4486
f 4203/4203/4203 4204/4204/4204 4518/4518/4518
f 4203/4203/4203 4518/4518/4518 4517/4517/4517
f 4517/4517/4517 4518/4518/4518 5136/5136/5136
f 4517/4517/4517 5136/5136/5136 5135/5135/5135
f 4517/4517/4517 5135/5135/5135 5040/5040/5040
f 5040/5040/5040 5135/5135/5135 5039/5039/5039
f 5037/5037/5037 5040/5040/5040 5039/5039/5039
f 5037/5037/5037 5039/5039/5039 5041/5041/5041
f 5162/5162/5162 4500/4500/4500 4207/4207/4207
f 4206/4206/4206 4500/4500/4500 5162/5162/5162
f 4206/4206/4206 5162/5162/5162 5160/5160/5160
f 5160/5160/5160 5161/5161/5161 4206/4206/4206
f 4521/4521/4521 5161/5161/5161 5160/5160/5160
f 4521/4521/4521 4522/4522/4522 5161/5161/5161
f 4521/4521/4521 5036/5036/5036 4522/4522/4522
f 5111/5111/5111 5112/5112/5112 5113/5113/5113
f 5111/5111/5111 5110/5110/5110 5112/5112/5112
f 5109/5109/5109 5110/5110/5110 5111/5111/5111
f 5109/5109/5109 5108/5108/5108 5110/5110/5110
f 4502/4502/4502 5108/5108/5108 5109/5109/5109
f 4502/4502/4502 4501/4501/4501 5108/5108/5108
f 4500/4500/4500 4501/4501/4501 4502/4502/4502
f 4500/4500/4500 4197/4197/4197 4501/4501/4501
f 4490/4490/4490 4489/4489/4489 4497/4497/4497
f 4187/4187/4187 4489/4489/4489 4490/4490/4490
f 4187/4187/4187 4188/4188/4188 4489/4489/4489
f 4188/4188/4188 4187/4187/4187 4499/4499/4499
f 4188/4188/4188 4499/4499/4499 5106/5106/5106
f 5106/5106/5106 4196/4196/4196 4188/4188/4188
f 5106/5106/5106 5107/5107/5107 4196/4196/4196
f 4187/4187/4187 4490/4490/4490 4189/4189/4189
f 4492/4492/4492 4493/4493/4493 4986/4986/4986
f 5049/5049/5049 4493/4493/4493 4492/4492/4492
f 5049/5049/5049 5050/5050/5050 4493/4493/4493
f 4190/4190/4190 5050/5050/5050 5049/5049/5049
f 4190/4190/4190 4191/4191/4191 5050/5050/5050
f 5051/5051/5051 4191/4191/4191 4190/4190/4190
f 5051/5051/5051 5052/5052/5052 4191/4191/4191
f 4494/4494/4494 5052/5052/5052 5051/5051/5051
f 4494/4494/4494 4495/4495/4495 5052/5052/5052
f 5053/5053/5053 4495/4495/4495 4494/4494/4494
f 5053/5053/5053 5054/5054/5054 4495/4495/4495
f 4192/4192/4192 5054/5054/5054 5053/5053/5053
f 4192/4192/4192 4193/4193/4193 5054/5054/5054
f 5055/5055/5055 4193/4193/4193 4192/4192/4192
f 5055/5055/5055 5056/5056/5056 4193/4193/4193
f 4496/4496/4496 5056/5056/5056 5055/5055/5055
f 4496/4496/4496 4497/4497/4497 5056/5056/5056
f 4490/4490/4490 4497/4497/4497 4496/4496/4496
f 4168/4168/4168 4169/4169/4169 4167/4167/4167
f 4976/4976/4976 4168/4168/4168 4167/4167/4167
f 4474/4474/4474 4168/4168/4168 4976/4976/4976
f 4474/4474/4474 4976/4976/4976 4475/4475/4475
f 4980/4980/4980 4474/4474/4474 4475/4475/4475
f 4170/4170/4170 4474/4474/4474 4980/4980/4980
f 4170/4170/4170 4171/4171/4171 4474/4474/4474
f 4981/4981/4981 4171/4171/4171 4170/4170/4170
f 4981/4981/4981 4982/4982/4982 4171/4171/4171
f 4477/4477/4477 4982/4982/4982 4981/4981/4981
f 4477/4477/4477 4478/4478/4478 4982/4982/4982
f 4983/4983/4983 4478/4478/4478 4477/4477/4477
f 4983/4983/4983 4984/4984/4984 4478/4478/4478
f 4172/4172/4172 4984/4984/4984 4983/4983/4983
f 4172/4172/4172 4173/4173/4173 4984/4984/4984
f 4985/4985/4985 4173/4173/4173 4172/4172/4172
f 4985/4985/4985 4986/4986/4986 4173/4173/4173
f 4492/4492/4492 4986/4986/4986 4985/4985/4985
f 4432/4432/4432 4793/4793/4793 4430/4430/4430
f 4432/4432/4432 4794/4794/4794 4793/4793/4793
f 4429/4429/4429 4430/4430/4430 4792/4792/4792
f 4429/4429/4429 4431/4431/4431 4430/4430/4430
f 4465/4465/4465 4145/4145/4145 4144/4144/4144
f 4465/4465/4465 4144/4144/4144 4464/4464/4464
f 4464/4464/4464 4897/4897/4897 4465/4465/4465
f 4464/4464/4464 4896/4896/4896 4897/4897/4897
f 4464/4464/4464 4797/4797/4797 4896/4896/4896
f 4797/4797/4797 4795/4795/4795 4896/4896/4896
f 4793/4793/4793 4795/4795/4795 4797/4797/4797
f 4793/4793/4793 4796/4796/4796 4795/4795/4795
f 4468/4468/4468 4469/4469/4469 4792/4792/4792
f 4468/4468/4468 4922/4922/4922 4469/4469/4469
f 4468/4468/4468 4921/4921/4921 4922/4922/4922
f 4921/4921/4921 4147/4147/4147 4922/4922/4922
f 4923/4923/4923 4147/4147/4147 4921/4921/4921
f 4923/4923/4923 4445/4445/4445 4147/4147/4147
f 4923/4923/4923 4148/4148/4148 4445/4445/4445
f 4445/4445/4445 4446/4446/4446 4134/4134/4134
f 4445/4445/4445 4447/4447/4447 4446/4446/4446
f 4866/4866/4866 4446/4446/4446 4447/4447/4447
f 4866/4866/4866 4447/4447/4447 4867/4867/4867
f 4867/4867/4867 4868/4868/4868 4866/4866/4866
f 4867/4867/4867 4869/4869/4869 4868/4868/4868
f 4869/4869/4869 4870/4870/4870 4868/4868/4868
f 4869/4869/4869 4871/4871/4871 4870/4870/4870
f 4119/4119/4119 4120/4120/4120 4122/4122/4122
f 4119/4119/4119 4121/4121/4121 4120/4120/4120
f 4120/4120/4120 4121/4121/4121 4185/4185/4185
f 4120/4120/4120 4185/4185/4185 4186/4186/4186
f 4184/4184/4184 4115/4115/4115 5035/5035/5035
f 4184/4184/4184 4116/4116/4116 4115/4115/4115
f 4114/4114/4114 4115/4115/4115 4116/4116/4116
f 4114/4114/4114 4791/4791/4791 4115/4115/4115
f 4482/4482/4482 4484/4484/4484 4483/4483/4483
f 4482/4482/4482 4483/4483/4483 4428/4428/4428
f 4428/4428/4428 4108/4108/4108 4482/4482/4482
f 4428/4428/4428 4426/4426/4426 4108/4108/4108
f 4425/4425/4425 4426/4426/4426 4428/4428/4428
f 4425/4425/4425 4427/4427/4427 4426/4426/4426
f 4467/4467/4467 4107/4107/4107 4149/4149/4149
f 4150/4150/4150 4107/4107/4107 4467/4467/4467
f 4150/4150/4150 4467/4467/4467 4146/4146/4146
f 4466/4466/4466 4146/4146/4146 4467/4467/4467
f 4149/4149/4149 4946/4946/4946 4947/4947/4947
f 4149/4149/4149 4107/4107/4107 4946/4946/4946
f 4107/4107/4107 4151/4151/4151 4946/4946/4946
f 4107/4107/4107 4105/4105/4105 4151/4151/4151
f 4105/4105/4105 4107/4107/4107 4106/4106/4106
f 4106/4106/4106 4107/4107/4107 4117/4117/4117
f 4106/4106/4106 4117/4117/4117 4118/4118/4118
f 4180/4180/4180 4118/4118/4118 4117/4117/4117
f 4180/4180/4180 4117/4117/4117 4179/4179/4179
f 4178/4178/4178 4180/4180/4180 4179/4179/4179
f 4210/4210/4210 4178/4178/4178 4179/4179/4179
f 4210/4210/4210 4179/4179/4179 5185/5185/5185
f 4208/4208/4208 5185/5185/5185 4179/4179/4179
f 4208/4208/4208 5186/5186/5186 5185/5185/5185
f 4519/4519/4519 4520/4520/4520 4205/4205/4205
f 4209/4209/4209 4205/4205/4205 4520/4520/4520
f 4209/4209/4209 4520/4520/4520 4179/4179/4179
f 4520/4520/4520 4208/4208/4208 4179/4179/4179
f 4503/4503/4503 4876/4876/4876 5117/5117/5117
f 5117/5117/5117 4876/4876/4876 4139/4139/4139
f 5117/5117/5117 4139/4139/4139 4201/4201/4201
f 4201/4201/4201 4139/4139/4139 4878/4878/4878
f 4201/4201/4201 4878/4878/4878 5118/5118/5118
f 5118/5118/5118 4878/4878/4878 4450/4450/4450
f 5118/5118/5118 4450/4450/4450 4504/4504/4504
f 4504/4504/4504 4450/4450/4450 4777/4777/4777
f 4504/4504/4504 4777/4777/4777 5023/5023/5023
f 5023/5023/5023 4777/4777/4777 4101/4101/4101
f 5023/5023/5023 4101/4101/4101 4176/4176/4176
f 4176/4176/4176 4101/4101/4101 4778/4778/4778
f 4176/4176/4176 4778/4778/4778 5024/5024/5024
f 5024/5024/5024 4778/4778/4778 4421/4421/4421
f 5024/5024/5024 4421/4421/4421 4480/4480/4480
f 4480/4480/4480 4421/4421/4421 4780/4780/4780
f 4480/4480/4480 4780/4780/4780 5025/5025/5025
f 5025/5025/5025 4780/4780/4780 4103/4103/4103
f 5025/5025/5025 4103/4103/4103 4177/4177/4177
f 4177/4177/4177 4103/4103/4103 4423/4423/4423
f 4177/4177/4177 4423/4423/4423 4481/4481/4481
f 4449/4449/4449 4877/4877/4877 4876/4876/4876
f 4877/4877/4877 4139/4139/4139 4876/4876/4876
f 4877/4877/4877 4140/4140/4140 4139/4139/4139
f 4140/4140/4140 4878/4878/4878 4139/4139/4139
f 4140/4140/4140 4879/4879/4879 4878/4878/4878
f 4879/4879/4879 4450/4450/4450 4878/4878/4878
f 4879/4879/4879 4451/4451/4451 4450/4450/4450
f 4451/4451/4451 4777/4777/4777 4450/4450/4450
f 4451/4451/4451 4776/4776/4776 4777/4777/4777
f 4776/4776/4776 4101/4101/4101 4777/4777/4777
f 4776/4776/4776 4102/4102/4102 4101/4101/4101
f 4102/4102/4102 4778/4778/4778 4101/4101/4101
f 4102/4102/4102 4779/4779/4779 4778/4778/4778
f 4779/4779/4779 4421/4421/4421 4778/4778/4778
f 4779/4779/4779 4422/4422/4422 4421/4421/4421
f 4422/4422/4422 4780/4780/4780 4421/4421/4421
f 4422/4422/4422 4781/4781/4781 4780/4780/4780
f 4781/4781/4781 4103/4103/4103 4780/4780/4780
f 4781/4781/4781 4104/4104/4104 4103/4103/4103
f 4104/4104/4104 4423/4423/4423 4103/4103/4103
f 4104/4104/4104 4424/4424/4424 4423/4423/4423
f 4872/4872/4872 4135/4135/4135 4873/4873/4873
f 4872/4872/4872 4136/4136/4136 4135/4135/4135
f 4136/4136/4136 4456/4456/4456 4135/4135/4135
f 4136/4136/4136 4457/4457/4457 4456/4456/4456
f 4458/4458/4458 4456/4456/4456 4457/4457/4457
f 4458/4458/4458 4459/4459/4459 4456/4456/4456
f 4458/4458/4458 4892/4892/4892 4459/4459/4459
f 4458/4458/4458 4893/4893/4893 4892/4892/4892
f 4892/4892/4892 4893/4893/4893 4895/4895/4895
f 4895/4895/4895 4893/4893/4893 4894/4894/4894
f 4893/4893/4893 4143/4143/4143 4894/4894/4894
f 4893/4893/4893 4137/4137/4137 4143/4143/4143
f 4143/4143/4143 4137/4137/4137 4138/4138/4138
f 4137/4137/4137 4874/4874/4874 4138/4138/4138
f 4137/4137/4137 4875/4875/4875 4874/4874/4874
f 4875/4875/4875 4448/4448/4448 4874/4874/4874
f 4875/4875/4875 4449/4449/4449 4448/4448/4448
f 4449/4449/4449 4876/4876/4876 4448/4448/4448
f 5114/5114/5114 5115/5115/5115 4198/4198/4198
f 5114/5114/5114 4198/4198/4198 4199/4199/4199
f 4199/4199/4199 4198/4198/4198 4509/4509/4509
f 4199/4199/4199 4509/4509/4509 4510/4510/4510
f 4509/4509/4509 4511/4511/4511 4510/4510/4510
f 4509/4509/4509 4512/4512/4512 4511/4511/4511
f 4511/4511/4511 4512/4512/4512 5131/5131/5131
f 4511/4511/4511 5131/5131/5131 5132/5132/5132
f 5131/5131/5131 5134/5134/5134 5132/5132/5132
f 5134/5134/5134 5133/5133/5133 5132/5132/5132
f 5132/5132/5132 5133/5133/5133 4202/4202/4202
f 5132/5132/5132 4202/4202/4202 4200/4200/4200
f 4202/4202/4202 4138/4138/4138 4200/4200/4200
f 4200/4200/4200 4138/4138/4138 4874/4874/4874
f 4200/4200/4200 4874/4874/4874 5116/5116/5116
f 5116/5116/5116 4874/4874/4874 4448/4448/4448
f 5116/5116/5116 4448/4448/4448 4503/4503/4503
f 4503/4503/4503 4448/4448/4448 4876/4876/4876
f 4095/4095/4095 4415/4415/4415 4096/4096/4096
f 4095/4095/4095 4732/4732/4732 4415/4415/4415
f 4732/4732/4732 4416/4416/4416 4415/4415/4415
f 4728/4728/4728 4415/4415/4415 4416/4416/4416
f 4728/4728/4728 4092/4092/4092 4415/4415/4415
f 4728/4728/4728 4093/4093/4093 4092/4092/4092
f 4092/4092/4092 4093/4093/4093 4094/4094/4094
f 4807/4807/4807 4127/4127/4127 4808/4808/4808
f 4807/4807/4807 4126/4126/4126 4127/4127/4127
f 4126/4126/4126 4806/4806/4806 4127/4127/4127
f 4126/4126/4126 4805/4805/4805 4806/4806/4806
f 4805/4805/4805 4437/4437/4437 4806/4806/4806
f 4805/4805/4805 4436/4436/4436 4437/4437/4437
f 4436/4436/4436 4738/4738/4738 4437/4437/4437
f 4436/4436/4436 4737/4737/4737 4738/4738/4738
f 4737/4737/4737 4098/4098/4098 4738/4738/4738
f 4737/4737/4737 4097/4097/4097 4098/4098/4098
f 4097/4097/4097 4736/4736/4736 4098/4098/4098
f 4097/4097/4097 4735/4735/4735 4736/4736/4736
f 4735/4735/4735 4419/4419/4419 4736/4736/4736
f 4735/4735/4735 4418/4418/4418 4419/4419/4419
f 4418/4418/4418 4734/4734/4734 4419/4419/4419
f 4418/4418/4418 4733/4733/4733 4734/4734/4734
f 4733/4733/4733 4096/4096/4096 4734/4734/4734
f 4733/4733/4733 4095/4095/4095 4096/4096/4096
f 4083/4083/4083 4723/4723/4723 4084/4084/4084
f 4111/4111/4111 4723/4723/4723 4083/4083/4083
f 4111/4111/4111 4782/4782/4782 4723/4723/4723
f 4111/4111/4111 4783/4783/4783 4782/4782/4782
f 4414/4414/4414 4782/4782/4782 4783/4783/4783
f 4414/4414/4414 4725/4725/4725 4782/4782/4782
f 4724/4724/4724 4725/4725/4725 4414/4414/4414
f 4724/4724/4724 4413/4413/4413 4725/4725/4725
f 4085/4085/4085 4413/4413/4413 4724/4724/4724
f 4413/4413/4413 4085/4085/4085 4087/4087/4087
f 4413/4413/4413 4087/4087/4087 4086/4086/4086
f 4726/4726/4726 4086/4086/4086 4087/4087/4087
f 4726/4726/4726 4727/4727/4727 4086/4086/4086
f 4726/4726/4726 4088/4088/4088 4727/4727/4727
f 4726/4726/4726 4089/4089/4089 4088/4088/4088
f 4974/4974/4974 4088/4088/4088 4089/4089/4089
f 4974/4974/4974 4975/4975/4975 4088/4088/4088
f 4163/4163/4163 4975/4975/4975 4974/4974/4974
f 4723/4723/4723 4782/4782/4782 4790/4790/4790
f 4163/4163/4163 4974/4974/4974 4164/4164/4164
f 4164/4164/4164 4472/4472/4472 4163/4163/4163
f 4164/4164/4164 4162/4162/4162 4472/4472/4472
f 4162/4162/4162 4973/4973/4973 4472/4472/4472
f 4972/4972/4972 4472/4472/4472 4973/4973/4973
f 4972/4972/4972 4973/4973/4973 4473/4473/4473
f 5026/5026/5026 4972/4972/4972 4473/4473/4473
f 5026/5026/5026 4473/4473/4473 5027/5027/5027
f 4183/4183/4183 5026/5026/5026 5027/5027/5027
f 4183/4183/4183 4971/4971/4971 5026/5026/5026
f 4183/4183/4183 4160/4160/4160 4971/4971/4971
f 4160/4160/4160 4161/4161/4161 4971/4971/4971
f 4971/4971/4971 5034/5034/5034 5026/5026/5026
f 4081/4081/4081 4709/4709/4709 4082/4082/4082
f 4081/4081/4081 4710/4710/4710 4709/4709/4709
f 4709/4709/4709 4710/4710/4710 4091/4091/4091
f 4709/4709/4709 4091/4091/4091 4090/4090/4090
f 4090/4090/4090 4091/4091/4091 4080/4080/4080
f 4090/4090/4090 4080/4080/4080 4079/4079/4079
f 4079/4079/4079 4080/4080/4080 4708/4708/4708
f 4079/4079/4079 4708/4708/4708 4707/4707/4707
f 4707/4707/4707 4708/4708/4708 4412/4412/4412
f 4707/4707/4707 4412/4412/4412 4411/4411/4411
f 4411/4411/4411 4412/4412/4412 4705/4705/4705
f 4411/4411/4411 4705/4705/4705 4706/4706/4706
f 4705/4705/4705 4077/4077/4077 4706/4706/4706
f 4705/4705/4705 4078/4078/4078 4077/4077/4077
f 4078/4078/4078 4109/4109/4109 4077/4077/4077
f 4078/4078/4078 4110/4110/4110 4109/4109/4109
f 5098/5098/5098 5100/5100/5100 5099/5099/5099
f 5098/5098/5098 5099/5099/5099 4195/4195/4195
f 5096/5096/5096 5098/5098/5098 4195/4195/4195
f 5096/5096/5096 5095/5095/5095 5098/5098/5098
f 5095/5095/5095 5096/5096/5096 4194/4194/4194
f 5095/5095/5095 4194/4194/4194 5097/5097/5097
f 5094/5094/5094 5159/5159/5159 5097/5097/5097
f 5097/5097/5097 5159/5159/5159 5158/5158/5158
f 5097/5097/5097 5158/5158/5158 5095/5095/5095
f 5095/5095/5095 5158/5158/5158 5157/5157/5157
f 5095/5095/5095 5157/5157/5157 5098/5098/5098
f 5098/5098/5098 5157/5157/5157 5156/5156/5156
f 5098/5098/5098 5156/5156/5156 5100/5100/5100
f 5100/5100/5100 5156/5156/5156 5155/5155/5155
f 5100/5100/5100 5155/5155/5155 5101/5101/5101
f 5099/5099/5099 5100/5100/5100 5101/5101/5101
f 5099/5099/5099 5101/5101/5101 4498/4498/4498
f 4498/4498/4498 5101/5101/5101 5102/5102/5102
f 4498/4498/4498 5102/5102/5102 4859/4859/4859
f 4859/4859/4859 5102/5102/5102 5103/5103/5103
f 4859/4859/4859 5103/5103/5103 4132/4132/4132
f 4132/4132/4132 5103/5103/5103 5104/5104/5104
f 4132/4132/4132 5104/5104/5104 4862/4862/4862
f 5104/5104/5104 4443/4443/4443 4862/4862/4862
f 5102/5102/5102 5101/5101/5101 5154/5154/5154
f 4859/4859/4859 4132/4132/4132 4860/4860/4860
f 4132/4132/4132 4861/4861/4861 4860/4860/4860
f 4132/4132/4132 4862/4862/4862 4861/4861/4861
f 4912/4912/4912 4860/4860/4860 4861/4861/4861
f 5084/5084/5084 5086/5086/5086 5182/5182/5182
f 5085/5085/5085 5086/5086/5086 5084/5084/5084
f 5087/5087/5087 5086/5086/5086 5085/5085/5085
f 5156/5156/5156 5087/5087/5087 5085/5085/5085
f 5156/5156/5156 5157/5157/5157 5087/5087/5087
f 5158/5158/5158 5087/5087/5087 5157/5157/5157
f 5158/5158/5158 5089/5089/5089 5087/5087/5087
f 5159/5159/5159 5089/5089/5089 5158/5158/5158
f 5159/5159/5159 5092/5092/5092 5089/5089/5089
f 5089/5089/5089 5088/5088/5088 5087/5087/5087
f 5087/5087/5087 5088/5088/5088 5086/5086/5086
f 5088/5088/5088 5182/5182/5182 5086/5086/5086
f 5088/5088/5088 5183/5183/5183 5182/5182/5182
f 5182/5182/5182 5067/5067/5067 5065/5065/5065
f 5183/5183/5183 5067/5067/5067 5182/5182/5182
f 5183/5183/5183 5069/5069/5069 5067/5067/5067
f 5063/5063/5063 5064/5064/5064 5062/5062/5062
f 5065/5065/5065 5064/5064/5064 5063/5063/5063
f 5065/5065/5065 5066/5066/5066 5064/5064/5064
f 5067/5067/5067 5066/5066/5066 5065/5065/5065
f 5067/5067/5067 5068/5068/5068 5066/5066/5066
f 5069/5069/5069 5068/5068/5068 5067/5067/5067
f 5069/5069/5069 5070/5070/5070 5068/5068/5068
f 5071/5071/5071 5070/5070/5070 5069/5069/5069
f 5183/5183/5183 5071/5071/5071 5069/5069/5069
f 5183/5183/5183 5184/5184/5184 5071/5071/5071
f 5088/5088/5088 5184/5184/5184 5183/5183/5183
f 5088/5088/5088 5090/5090/5090 5184/5184/5184
f 5089/5089/5089 5090/5090/5090 5088/5088/5088
f 5091/5091/5091 5090/5090/5090 5089/5089/5089
f 5091/5091/5091 5089/5089/5089 5092/5092/5092
f 5093/5093/5093 5091/5091/5091 5092/5092/5092
f 5093/5093/5093 5092/5092/5092 5094/5094/5094
f 5094/5094/5094 5092/5092/5092 5159/5159/5159
f 5093/5093/5093 5047/5047/5047 5091/5091/5091
f 5093/5093/5093 4491/4491/4491 5047/5047/5047
f 5046/5046/5046 5047/5047/5047 4491/4491/4491
f 5046/5046/5046 5048/5048/5048 5047/5047/5047
f 5176/5176/5176 5047/5047/5047 5048/5048/5048
f 5176/5176/5176 5091/5091/5091 5047/5047/5047
f 5176/5176/5176 5177/5177/5177 5091/5091/5091
f 5090/5090/5090 5091/5091/5091 5177/5177/5177
f 5090/5090/5090 5177/5177/5177 5184/5184/5184
f 5184/5184/5184 5177/5177/5177 5073/5073/5073
f 5184/5184/5184 5073/5073/5073 5071/5071/5071
f 5073/5073/5073 5072/5072/5072 5071/5071/5071
f 5071/5071/5071 5072/5072/5072 5070/5070/5070
f 5073/5073/5073 5074/5074/5074 5072/5072/5072
f 5043/5043/5043 5074/5074/5074 5073/5073/5073
f 5043/5043/5043 5073/5073/5073 5177/5177/5177
f 5043/5043/5043 5177/5177/5177 5176/5176/5176
f 5043/5043/5043 5176/5176/5176 5175/5175/5175
f 5176/5176/5176 5048/5048/5048 5175/5175/5175
f 5043/5043/5043 5044/5044/5044 5074/5074/5074
f 5042/5042/5042 5044/5044/5044 5043/5043/5043
f 5042/5042/5042 5043/5043/5043 5045/5045/5045
f 5043/5043/5043 5175/5175/5175 5045/5045/5045
f 5156/5156/5156 5083/5083/5083 5155/5155/5155
f 5156/5156/5156 5085/5085/5085 5083/5083/5083
f 5085/5085/5085 5084/5084/5084 5083/5083/5083
f 5083/5083/5083 5084/5084/5084 5081/5081/5081
f 5081/5081/5081 5084/5084/5084 5181/5181/5181
f 5081/5081/5081 5181/5181/5181 5180/5180/5180
f 5080/5080/5080 5081/5081/5081 5180/5180/5180
f 5080/5080/5080 5180/5180/5180 5179/5179/5179
f 5080/5080/5080 5179/5179/5179 5178/5178/5178
f 5171/5171/5171 4993/4993/4993 5170/5170/5170
f 5171/5171/5171 4995/4995/4995 4993/4993/4993
f 5172/5172/5172 4995/4995/4995 5171/5171/5171
f 5172/5172/5172 4997/4997/4997 4995/4995/4995
f 5172/5172/5172 4999/4999/4999 4997/4997/4997
f 5172/5172/5172 5173/5173/5173 4999/4999/4999
f 5173/5173/5173 5057/5057/5057 4999/4999/4999
f 5173/5173/5173 5174/5174/5174 5057/5057/5057
f 5178/5178/5178 5057/5057/5057 5174/5174/5174
f 5178/5178/5178 5059/5059/5059 5057/5057/5057
f 5179/5179/5179 5059/5059/5059 5178/5178/5178
f 5179/5179/5179 5061/5061/5061 5059/5059/5059
f 5179/5179/5179 5063/5063/5063 5061/5061/5061
f 5179/5179/5179 5180/5180/5180 5063/5063/5063
f 5180/5180/5180 5065/5065/5065 5063/5063/5063
f 5180/5180/5180 5181/5181/5181 5065/5065/5065
f 5182/5182/5182 5065/5065/5065 5181/5181/5181
f 5084/5084/5084 5182/5182/5182 5181/5181/5181
f 4989/4989/4989 4990/4990/4990 4988/4988/4988
f 4991/4991/4991 4990/4990/4990 4989/4989/4989
f 4991/4991/4991 4992/4992/4992 4990/4990/4990
f 4993/4993/4993 4992/4992/4992 4991/4991/4991
f 4993/4993/4993 4994/4994/4994 4992/4992/4992
f 4995/4995/4995 4994/4994/4994 4993/4993/4993
f 4995/4995/4995 4996/4996/4996 4994/4994/4994
f 4997/4997/4997 4996/4996/4996 4995/4995/4995
f 4997/4997/4997 4998/4998/4998 4996/4996/4996
f 4999/4999/4999 4998/4998/4998 4997/4997/4997
f 4999/4999/4999 5000/5000/5000 4998/4998/4998
f 5057/5057/5057 5000/5000/5000 4999/4999/4999
f 5057/5057/5057 5058/5058/5058 5000/5000/5000
f 5059/5059/5059 5058/5058/5058 5057/5057/5057
f 5059/5059/5059 5060/5060/5060 5058/5058/5058
f 5061/5061/5061 5060/5060/5060 5059/5059/5059
f 5061/5061/5061 5062/5062/5062 5060/5060/5060
f 5063/5063/5063 5062/5062/5062 5061/5061/5061
f 4970/4970/4970 5138/5138/5138 4950/4950/4950
f 5141/5141/5141 5138/5138/5138 4970/4970/4970
f 5141/5141/5141 4970/4970/4970 4968/4968/4968
f 4968/4968/4968 5140/5140/5140 5141/5141/5141
f 4968/4968/4968 4966/4966/4966 5140/5140/5140
f 4965/4965/4965 4966/4966/4966 4968/4968/4968
f 4965/4965/4965 4967/4967/4967 4966/4966/4966
f 4967/4967/4967 4965/4965/4965 5165/5165/5165
f 4965/4965/4965 5166/5166/5166 5165/5165/5165
f 5165/5165/5165 5166/5166/5166 4964/4964/4964
f 5167/5167/5167 4964/4964/4964 5166/5166/5166
f 5167/5167/5167 4987/4987/4987 4964/4964/4964
f 5168/5168/5168 4987/4987/4987 5167/5167/5167
f 5168/5168/5168 4989/4989/4989 4987/4987/4987
f 5169/5169/5169 4989/4989/4989 5168/5168/5168
f 5169/5169/5169 4991/4991/4991 4989/4989/4989
f 5170/5170/5170 4991/4991/4991 5169/5169/5169
f 5170/5170/5170 4993/4993/4993 4991/4991/4991
f 5006/5006/5006 5170/5170/5170 5169/5169/5169
f 5006/5006/5006 5169/5169/5169 5168/5168/5168
f 5006/5006/5006 5168/5168/5168 5003/5003/5003
f 5003/5003/5003 5168/5168/5168 5167/5167/5167
f 5001/5001/5001 5167/5167/5167 5166/5166/5166
f 5003/5003/5003 5167/5167/5167 5001/5001/5001
f 5003/5003/5003 5001/5001/5001 5002/5002/5002
f 5003/5003/5003 5002/5002/5002 5004/5004/5004
f 5005/5005/5005 5003/5003/5003 5004/5004/5004
f 5005/5005/5005 5006/5006/5006 5003/5003/5003
f 5007/5007/5007 5006/5006/5006 5005/5005/5005
f 5007/5007/5007 5008/5008/5008 5006/5006/5006
f 5006/5006/5006 5008/5008/5008 5170/5170/5170
f 5008/5008/5008 5171/5171/5171 5170/5170/5170
f 5011/5011/5011 5173/5173/5173 5172/5172/5172
f 5010/5010/5010 5011/5011/5011 5172/5172/5172
f 5010/5010/5010 5172/5172/5172 5171/5171/5171
f 5008/5008/5008 5010/5010/5010 5171/5171/5171
f 5009/5009/5009 5010/5010/5010 5008/5008/5008
f 5009/5009/5009 5008/5008/5008 5007/5007/5007
f 5146/5146/5146 5009/5009/5009 5007/5007/5007
f 5137/5137/5137 5146/5146/5146 5007/5007/5007
f 5137/5137/5137 5007/5007/5007 5005/5005/5005
f 4951/4951/4951 5137/5137/5137 5005/5005/5005
f 4951/4951/4951 5005/5005/5005 5004/5004/5004
f 5004/5004/5004 4950/4950/4950 4951/4951/4951
f 5004/5004/5004 5002/5002/5002 4950/4950/4950
f 4970/4970/4970 4950/4950/4950 5002/5002/5002
f 5001/5001/5001 4970/4970/4970 5002/5002/5002
f 5001/5001/5001 4969/4969/4969 4970/4970/4970
f 5001/5001/5001 5166/5166/5166 4969/4969/4969
f 4965/4965/4965 4969/4969/4969 5166/5166/5166
f 4969/4969/4969 4965/4965/4965 4968/4968/4968
f 4969/4969/4969 4968/4968/4968 4970/4970/4970
f 5011/5011/5011 5010/5010/5010 5009/5009/5009
f 5020/5020/5020 5137/5137/5137 4951/4951/4951
f 5019/5019/5019 5137/5137/5137 5020/5020/5020
f 5019/5019/5019 5146/5146/5146 5137/5137/5137
f 5013/5013/5013 5174/5174/5174 5173/5173/5173
f 5011/5011/5011 5013/5013/5013 5173/5173/5173
f 5013/5013/5013 5011/5011/5011 5012/5012/5012
f 5011/5011/5011 5009/5009/5009 5012/5012/5012
f 5147/5147/5147 5012/5012/5012 5009/5009/5009
f 5146/5146/5146 5147/5147/5147 5009/5009/5009
f 5017/5017/5017 5147/5147/5147 5146/5146/5146
f 5017/5017/5017 5146/5146/5146 5019/5019/5019
f 5017/5017/5017 5019/5019/5019 4479/4479/4479
f 4479/4479/4479 5019/5019/5019 5020/5020/5020
f 4479/4479/4479 5020/5020/5020 5021/5021/5021
f 5021/5021/5021 5020/5020/5020 5022/5022/5022
f 5020/5020/5020 4951/4951/4951 5022/5022/5022
f 4949/4949/4949 5022/5022/5022 4951/4951/4951
f 4949/4949/4949 4951/4951/4951 4950/4950/4950
f 4949/4949/4949 4950/4950/4950 4952/4952/4952
f 5138/5138/5138 4952/4952/4952 4950/4950/4950
f 5138/5138/5138 5139/5139/5139 4952/4952/4952
f 5013/5013/5013 5012/5012/5012 5014/5014/5014
f 5148/5148/5148 5014/5014/5014 5012/5012/5012
f 5147/5147/5147 5148/5148/5148 5012/5012/5012
f 5021/5021/5021 5022/5022/5022 4175/4175/4175
f 5187/5187/5187 4175/4175/4175 5022/5022/5022
f 4211/4211/4211 5187/5187/5187 5022/5022/5022
f 4949/4949/4949 4211/4211/4211 5022/5022/5022
f 5187/5187/5187 4212/4212/4212 4175/4175/4175
f 5148/5148/5148 5149/5149/5149 5014/5014/5014
f 5015/5015/5015 5149/5149/5149 5148/5148/5148
f 5015/5015/5015 5148/5148/5148 5147/5147/5147
f 5015/5015/5015 5147/5147/5147 5017/5017/5017
f 4174/4174/4174 5015/5015/5015 5017/5017/5017
f 4174/4174/4174 5017/5017/5017 5018/5018/5018
f 5017/5017/5017 4479/4479/4479 5018/5018/5018
f 4767/4767/4767 5015/5015/5015 4174/4174/4174
f 4767/4767/4767 5016/5016/5016 5015/5015/5015
f 5015/5015/5015 5016/5016/5016 5149/5149/5149
f 5016/5016/5016 5150/5150/5150 5149/5149/5149
f 5149/5149/5149 5150/5150/5150 5075/5075/5075
f 5150/5150/5150 5077/5077/5077 5075/5075/5075
f 5150/5150/5150 5151/5151/5151 5077/5077/5077
f 5151/5151/5151 5079/5079/5079 5077/5077/5077
f 5151/5151/5151 5152/5152/5152 5079/5079/5079
f 5152/5152/5152 5082/5082/5082 5079/5079/5079
f 5152/5152/5152 5153/5153/5153 5082/5082/5082
f 5105/5105/5105 5016/5016/5016 4767/4767/4767
f 5016/5016/5016 5105/5105/5105 5150/5150/5150
f 5105/5105/5105 5151/5151/5151 5150/5150/5150
f 5079/5079/5079 5078/5078/5078 5077/5077/5077
f 5077/5077/5077 5078/5078/5078 5076/5076/5076
f 5077/5077/5077 5076/5076/5076 5075/5075/5075
f 5103/5103/5103 5151/5151/5151 5104/5104/5104
f 5103/5103/5103 5152/5152/5152 5151/5151/5151
f 5102/5102/5102 5152/5152/5152 5103/5103/5103
f 5102/5102/5102 5153/5153/5153 5152/5152/5152
f 5102/5102/5102 5154/5154/5154 5153/5153/5153
f 5153/5153/5153 5154/5154/5154 5083/5083/5083
f 5153/5153/5153 5083/5083/5083 5082/5082/5082
f 5083/5083/5083 5081/5081/5081 5082/5082/5082
f 5081/5081/5081 5079/5079/5079 5082/5082/5082
f 5081/5081/5081 5080/5080/5080 5079/5079/5079
f 5079/5079/5079 5080/5080/5080 5078/5078/5078
f 5080/5080/5080 5178/5178/5178 5078/5078/5078
f 5076/5076/5076 5078/5078/5078 5178/5178/5178
f 5076/5076/5076 5178/5178/5178 5174/5174/5174
f 5013/5013/5013 5076/5076/5076 5174/5174/5174
f 5075/5075/5075 5076/5076/5076 5013/5013/5013
f 5075/5075/5075 5013/5013/5013 5014/5014/5014
f 5149/5149/5149 5075/5075/5075 5014/5014/5014
f 4420/4420/4420 4770/4770/4770 4771/4771/4771
f 4099/4099/4099 4771/4771/4771 4770/4770/4770
f 4099/4099/4099 4770/4770/4770 4768/4768/4768
f 4908/4908/4908 4768/4768/4768 4770/4770/4770
f 4908/4908/4908 4909/4909/4909 4768/4768/4768
f 4908/4908/4908 4764/4764/4764 4909/4909/4909
f 4909/4909/4909 4764/4764/4764 4766/4766/4766
f 4764/4764/4764 4765/4765/4765 4766/4766/4766
f 4831/4831/4831 4766/4766/4766 4765/4765/4765
f 4910/4910/4910 4766/4766/4766 4831/4831/4831
f 4910/4910/4910 4831/4831/4831 4911/4911/4911
f 4769/4769/4769 4910/4910/4910 4911/4911/4911
f 4769/4769/4769 4911/4911/4911 4863/4863/4863
f 4767/4767/4767 4769/4769/4769 4863/4863/4863
f 4767/4767/4767 4863/4863/4863 4443/4443/4443
f 5105/5105/5105 4767/4767/4767 4443/4443/4443
f 5104/5104/5104 5105/5105/5105 4443/4443/4443
f 5105/5105/5105 5104/5104/5104 5151/5151/5151
f 4909/4909/4909 4766/4766/4766 4910/4910/4910
f 4768/4768/4768 4909/4909/4909 4910/4910/4910
f 4768/4768/4768 4910/4910/4910 4769/4769/4769
f 4767/4767/4767 4768/4768/4768 4769/4769/4769
f 4767/4767/4767 4099/4099/4099 4768/4768/4768
f 4443/4443/4443 4861/4861/4861 4862/4862/4862
f 4443/4443/4443 4863/4863/4863 4861/4861/4861
f 4863/4863/4863 4912/4912/4912 4861/4861/4861
f 4863/4863/4863 4911/4911/4911 4912/4912/4912
f 4911/4911/4911 4833/4833/4833 4912/4912/4912
f 4911/4911/4911 4831/4831/4831 4833/4833/4833
f 4833/4833/4833 4831/4831/4831 4832/4832/4832
f 4831/4831/4831 4765/4765/4765 4832/4832/4832
f 4765/4765/4765 4935/4935/4935 4832/4832/4832
f 4765/4765/4765 4934/4934/4934 4935/4935/4935
f 4934/4934/4934 4813/4813/4813 4935/4935/4935
f 4934/4934/4934 4751/4751/4751 4813/4813/4813
f 4813/4813/4813 4751/4751/4751 4752/4752/4752
f 4751/4751/4751 4750/4750/4750 4752/4752/4752
f 4751/4751/4751 4749/4749/4749 4750/4750/4750
f 4749/4749/4749 4748/4748/4748 4750/4750/4750
f 4749/4749/4749 4747/4747/4747 4748/4748/4748
f 4747/4747/4747 4746/4746/4746 4748/4748/4748
f 4813/4813/4813 4815/4815/4815 4939/4939/4939
f 4813/4813/4813 4939/4939/4939 4935/4935/4935
f 4832/4832/4832 4935/4935/4935 4939/4939/4939
f 4832/4832/4832 4939/4939/4939 4834/4834/4834
f 4833/4833/4833 4832/4832/4832 4834/4834/4834
f 4835/4835/4835 4833/4833/4833 4834/4834/4834
f 4912/4912/4912 4833/4833/4833 4835/4835/4835
f 4912/4912/4912 4835/4835/4835 4913/4913/4913
f 4912/4912/4912 4913/4913/4913 4860/4860/4860
f 4913/4913/4913 4858/4858/4858 4860/4860/4860
f 4859/4859/4859 4860/4860/4860 4858/4858/4858
f 4442/4442/4442 4859/4859/4859 4858/4858/4858
f 4442/4442/4442 4858/4858/4858 4857/4857/4857
f 4855/4855/4855 4442/4442/4442 4857/4857/4857
f 4855/4855/4855 4857/4857/4857 4856/4856/4856
f 4855/4855/4855 4856/4856/4856 4854/4854/4854
f 4917/4917/4917 4854/4854/4854 4856/4856/4856
f 4917/4917/4917 4918/4918/4918 4854/4854/4854
f 4913/4913/4913 4914/4914/4914 4858/4858/4858
f 4913/4913/4913 4838/4838/4838 4914/4914/4914
f 4913/4913/4913 4835/4835/4835 4838/4838/4838
f 4914/4914/4914 4838/4838/4838 4839/4839/4839
f 4914/4914/4914 4839/4839/4839 4915/4915/4915
f 4858/4858/4858 4914/4914/4914 4915/4915/4915
f 4858/4858/4858 4915/4915/4915 4857/4857/4857
f 4918/4918/4918 4851/4851/4851 4854/4854/4854
f 4918/4918/4918 4919/4919/4919 4851/4851/4851
f 4855/4855/4855 4854/4854/4854 4131/4131/4131
f 4853/4853/4853 4131/4131/4131 4854/4854/4854
f 4853/4853/4853 4854/4854/4854 4851/4851/4851
f 4851/4851/4851 4130/4130/4130 4853/4853/4853
f 4851/4851/4851 4852/4852/4852 4130/4130/4130
f 4919/4919/4919 4852/4852/4852 4851/4851/4851
f 4919/4919/4919 4920/4920/4920 4852/4852/4852
f 4850/4850/4850 4852/4852/4852 4920/4920/4920
f 4916/4916/4916 4856/4856/4856 4857/4857/4857
f 4916/4916/4916 4917/4917/4917 4856/4856/4856
f 4839/4839/4839 4917/4917/4917 4916/4916/4916
f 4839/4839/4839 4841/4841/4841 4917/4917/4917
f 4841/4841/4841 4839/4839/4839 4840/4840/4840
f 4839/4839/4839 4837/4837/4837 4840/4840/4840
f 4837/4837/4837 4942/4942/4942 4840/4840/4840
f 4837/4837/4837 4941/4941/4941 4942/4942/4942
f 4836/4836/4836 4941/4941/4941 4837/4837/4837
f 4836/4836/4836 4940/4940/4940 4941/4941/4941
f 4917/4917/4917 4841/4841/4841 4843/4843/4843
f 4843/4843/4843 4841/4841/4841 4842/4842/4842
f 4841/4841/4841 4840/4840/4840 4842/4842/4842
f 4840/4840/4840 4943/4943/4943 4842/4842/4842
f 4840/4840/4840 4942/4942/4942 4943/4943/4943
f 4821/4821/4821 4943/4943/4943 4942/4942/4942
f 4941/4941/4941 4821/4821/4821 4942/4942/4942
f 4941/4941/4941 4819/4819/4819 4821/4821/4821
f 4940/4940/4940 4819/4819/4819 4941/4941/4941
f 4940/4940/4940 4817/4817/4817 4819/4819/4819
f 4815/4815/4815 4817/4817/4817 4940/4940/4940
f 4815/4815/4815 4940/4940/4940 4939/4939/4939
f 4939/4939/4939 4940/4940/4940 4836/4836/4836
f 4939/4939/4939 4836/4836/4836 4834/4834/4834
f 4835/4835/4835 4834/4834/4834 4836/4836/4836
f 4835/4835/4835 4836/4836/4836 4837/4837/4837
f 4835/4835/4835 4837/4837/4837 4838/4838/4838
f 4839/4839/4839 4838/4838/4838 4837/4837/4837
f 4821/4821/4821 4823/4823/4823 4943/4943/4943
f 4829/4829/4829 4828/4828/4828 4830/4830/4830
f 4829/4829/4829 4827/4827/4827 4828/4828/4828
f 4827/4827/4827 4826/4826/4826 4828/4828/4828
f 4827/4827/4827 4825/4825/4825 4826/4826/4826
f 4825/4825/4825 4824/4824/4824 4826/4826/4826
f 4825/4825/4825 4823/4823/4823 4824/4824/4824
f 4823/4823/4823 4822/4822/4822 4824/4824/4824
f 4823/4823/4823 4821/4821/4821 4822/4822/4822
f 4821/4821/4821 4820/4820/4820 4822/4822/4822
f 4821/4821/4821 4819/4819/4819 4820/4820/4820
f 4819/4819/4819 4818/4818/4818 4820/4820/4820
f 4819/4819/4819 4817/4817/4817 4818/4818/4818
f 4817/4817/4817 4816/4816/4816 4818/4818/4818
f 4817/4817/4817 4815/4815/4815 4816/4816/4816
f 4815/4815/4815 4814/4814/4814 4816/4816/4816
f 4815/4815/4815 4813/4813/4813 4814/4814/4814
f 4813/4813/4813 4752/4752/4752 4814/4814/4814
f 4843/4843/4843 4842/4842/4842 4844/4844/4844
f 4943/4943/4943 4844/4844/4844 4842/4842/4842
f 4943/4943/4943 4944/4944/4944 4844/4844/4844
f 4823/4823/4823 4944/4944/4944 4943/4943/4943
f 4823/4823/4823 4825/4825/4825 4944/4944/4944
f 4944/4944/4944 4825/4825/4825 4827/4827/4827
f 4944/4944/4944 4827/4827/4827 4945/4945/4945
f 4945/4945/4945 4827/4827/4827 4829/4829/4829
f 4945/4945/4945 4829/4829/4829 4938/4938/4938
f 4799/4799/4799 4938/4938/4938 4829/4829/4829
f 4799/4799/4799 4937/4937/4937 4938/4938/4938
f 4937/4937/4937 4847/4847/4847 4938/4938/4938
f 4846/4846/4846 4938/4938/4938 4847/4847/4847
f 4845/4845/4845 4846/4846/4846 4847/4847/4847
f 4845/4845/4845 4844/4844/4844 4846/4846/4846
f 4845/4845/4845 4843/4843/4843 4844/4844/4844
f 4846/4846/4846 4945/4945/4945 4938/4938/4938
f 4844/4844/4844 4945/4945/4945 4846/4846/4846
f 4844/4844/4844 4944/4944/4944 4945/4945/4945
f 4845/4845/4845 4847/4847/4847 4848/4848/4848
f 4917/4917/4917 4843/4843/4843 4918/4918/4918
f 4843/4843/4843 4919/4919/4919 4918/4918/4918
f 4843/4843/4843 4845/4845/4845 4919/4919/4919
f 4845/4845/4845 4920/4920/4920 4919/4919/4919
f 4845/4845/4845 4848/4848/4848 4920/4920/4920
f 4850/4850/4850 4920/4920/4920 4848/4848/4848
f 4849/4849/4849 4850/4850/4850 4848/4848/4848
f 4849/4849/4849 4848/4848/4848 4847/4847/4847
f 4849/4849/4849 4847/4847/4847 4803/4803/4803
f 4937/4937/4937 4803/4803/4803 4847/4847/4847
f 4804/4804/4804 4803/4803/4803 4937/4937/4937
f 4804/4804/4804 4937/4937/4937 4936/4936/4936
f 4936/4936/4936 4937/4937/4937 4799/4799/4799
f 4936/4936/4936 4799/4799/4799 4800/4800/4800
f 4798/4798/4798 4800/4800/4800 4799/4799/4799
f 4798/4798/4798 4799/4799/4799 4801/4801/4801
f 4799/4799/4799 4830/4830/4830 4801/4801/4801
f 4799/4799/4799 4829/4829/4829 4830/4830/4830
f 4849/4849/4849 4803/4803/4803 4435/4435/4435
f 4802/4802/4802 4435/4435/4435 4803/4803/4803
f 4802/4802/4802 4803/4803/4803 4804/4804/4804
f 4756/4756/4756 4704/4704/4704 4702/4702/4702
f 4704/4704/4704 4756/4756/4756 4757/4757/4757
f 4704/4704/4704 4757/4757/4757 4898/4898/4898
f 4704/4704/4704 4898/4898/4898 4773/4773/4773
f 4898/4898/4898 4772/4772/4772 4773/4773/4773
f 4898/4898/4898 4907/4907/4907 4772/4772/4772
f 4898/4898/4898 4759/4759/4759 4907/4907/4907
f 4907/4907/4907 4759/4759/4759 4761/4761/4761
f 4898/4898/4898 4757/4757/4757 4759/4759/4759
f 4901/4901/4901 4906/4906/4906 4905/4905/4905
f 4901/4901/4901 4903/4903/4903 4906/4906/4906
f 4902/4902/4902 4903/4903/4903 4901/4901/4901
f 4902/4902/4902 4904/4904/4904 4903/4903/4903
f 4904/4904/4904 4902/4902/4902 4899/4899/4899
f 4904/4904/4904 4899/4899/4899 4900/4900/4900
f 4703/4703/4703 4900/4900/4900 4899/4899/4899
f 4703/4703/4703 4899/4899/4899 4702/4702/4702
f 4701/4701/4701 4703/4703/4703 4702/4702/4702
f 4701/4701/4701 4702/4702/4702 4704/4704/4704
f 4701/4701/4701 4704/4704/4704 4775/4775/4775
f 4704/4704/4704 4773/4773/4773 4775/4775/4775
f 4774/4774/4774 4775/4775/4775 4773/4773/4773
f 4420/4420/4420 4774/4774/4774 4773/4773/4773
f 4420/4420/4420 4773/4773/4773 4772/4772/4772
f 4420/4420/4420 4772/4772/4772 4770/4770/4770
f 4907/4907/4907 4770/4770/4770 4772/4772/4772
f 4907/4907/4907 4908/4908/4908 4770/4770/4770
f 4774/4774/4774 4100/4100/4100 4775/4775/4775
f 4701/4701/4701 4775/4775/4775 4152/4152/4152
f 4152/4152/4152 4775/4775/4775 4948/4948/4948
f 4948/4948/4948 4775/4775/4775 4100/4100/4100
f 4948/4948/4948 4100/4100/4100 4153/4153/4153
f 4716/4716/4716 4739/4739/4739 4928/4928/4928
f 4716/4716/4716 4928/4928/4928 4927/4927/4927
f 4926/4926/4926 4716/4716/4716 4927/4927/4927
f 4718/4718/4718 4926/4926/4926 4927/4927/4927
f 4719/4719/4719 4926/4926/4926 4718/4718/4718
f 4717/4717/4717 4719/4719/4719 4718/4718/4718
f 4717/4717/4717 4718/4718/4718 4720/4720/4720
f 4720/4720/4720 4901/4901/4901 4717/4717/4717
f 4720/4720/4720 4902/4902/4902 4901/4901/4901
f 4902/4902/4902 4720/4720/4720 4722/4722/4722
f 4902/4902/4902 4722/4722/4722 4899/4899/4899
f 4702/4702/4702 4899/4899/4899 4722/4722/4722
f 4702/4702/4702 4722/4722/4722 4754/4754/4754
f 4756/4756/4756 4702/4702/4702 4754/4754/4754
f 4754/4754/4754 4755/4755/4755 4756/4756/4756
f 4757/4757/4757 4756/4756/4756 4755/4755/4755
f 4757/4757/4757 4755/4755/4755 4758/4758/4758
f 4759/4759/4759 4757/4757/4757 4758/4758/4758
f 4720/4720/4720 4721/4721/4721 4722/4722/4722
f 4722/4722/4722 4721/4721/4721 4753/4753/4753
f 4722/4722/4722 4753/4753/4753 4754/4754/4754
f 4754/4754/4754 4753/4753/4753 4755/4755/4755
f 4759/4759/4759 4758/4758/4758 4760/4760/4760
f 4761/4761/4761 4759/4759/4759 4760/4760/4760
f 4761/4761/4761 4760/4760/4760 4762/4762/4762
f 4761/4761/4761 4762/4762/4762 4763/4763/4763
f 4762/4762/4762 4933/4933/4933 4763/4763/4763
f 4762/4762/4762 4932/4932/4932 4933/4933/4933
f 4760/4760/4760 4932/4932/4932 4762/4762/4762
f 4760/4760/4760 4931/4931/4931 4932/4932/4932
f 4758/4758/4758 4931/4931/4931 4760/4760/4760
f 4758/4758/4758 4930/4930/4930 4931/4931/4931
f 4929/4929/4929 4930/4930/4930 4758/4758/4758
f 4929/4929/4929 4758/4758/4758 4755/4755/4755
f 4928/4928/4928 4929/4929/4929 4755/4755/4755
f 4928/4928/4928 4755/4755/4755 4753/4753/4753
f 4927/4927/4927 4928/4928/4928 4753/4753/4753
f 4927/4927/4927 4753/4753/4753 4721/4721/4721
f 4718/4718/4718 4927/4927/4927 4721/4721/4721
f 4720/4720/4720 4718/4718/4718 4721/4721/4721
f 4907/4907/4907 4761/4761/4761 4908/4908/4908
f 4908/4908/4908 4761/4761/4761 4764/4764/4764
f 4761/4761/4761 4763/4763/4763 4764/4764/4764
f 4764/4764/4764 4763/4763/4763 4765/4765/4765
f 4763/4763/4763 4934/4934/4934 4765/4765/4765
f 4763/4763/4763 4933/4933/4933 4934/4934/4934
f 4933/4933/4933 4751/4751/4751 4934/4934/4934
f 4933/4933/4933 4749/4749/4749 4751/4751/4751
f 4747/4747/4747 4749/4749/4749 4933/4933/4933
f 4747/4747/4747 4933/4933/4933 4932/4932/4932
f 4745/4745/4745 4747/4747/4747 4932/4932/4932
f 4745/4745/4745 4932/4932/4932 4931/4931/4931
f 4743/4743/4743 4745/4745/4745 4931/4931/4931
f 4743/4743/4743 4931/4931/4931 4930/4930/4930
f 4741/4741/4741 4743/4743/4743 4930/4930/4930
f 4741/4741/4741 4930/4930/4930 4929/4929/4929
f 4739/4739/4739 4741/4741/4741 4929/4929/4929
f 4739/4739/4739 4929/4929/4929 4928/4928/4928
f 4747/4747/4747 4745/4745/4745 4746/4746/4746
f 4745/4745/4745 4744/4744/4744 4746/4746/4746
f 4745/4745/4745 4743/4743/4743 4744/4744/4744
f 4743/4743/4743 4742/4742/4742 4744/4744/4744
f 4743/4743/4743 4741/4741/4741 4742/4742/4742
f 4741/4741/4741 4740/4740/4740 4742/4742/4742
f 4741/4741/4741 4739/4739/4739 4740/4740/4740
f 4739/4739/4739 4715/4715/4715 4740/4740/4740
f 4739/4739/4739 4716/4716/4716 4715/4715/4715
f 4715/4715/4715 4716/4716/4716 4713/4713/4713
f 4926/4926/4926 4713/4713/4713 4716/4716/4716
f 4925/4925/4925 4713/4713/4713 4926/4926/4926
f 4719/4719/4719 4925/4925/4925 4926/4926/4926
f 4925/4925/4925 4719/4719/4719 4731/4731/4731
f 4719/4719/4719 4417/4417/4417 4731/4731/4731
f 4719/4719/4719 4717/4717/4717 4417/4417/4417
f 4717/4717/4717 4905/4905/4905 4417/4417/4417
f 4717/4717/4717 4901/4901/4901 4905/4905/4905
f 4715/4715/4715 4713/4713/4713 4711/4711/4711
f 4711/4711/4711 4713/4713/4713 4712/4712/4712
f 4925/4925/4925 4712/4712/4712 4713/4713/4713
f 4712/4712/4712 4925/4925/4925 4924/4924/4924
f 4925/4925/4925 4731/4731/4731 4924/4924/4924
f 4711/4711/4711 4712/4712/4712 4714/4714/4714
f 4714/4714/4714 4712/4712/4712 4729/4729/4729
f 4712/4712/4712 4924/4924/4924 4729/4729/4729
f 4714/4714/4714 4729/4729/4729 4730/4730/4730
f 4383/4383/4383 4647/4647/4647 4384/4384/4384
f 4383/4383/4383 4648/4648/4648 4647/4647/4647
f 4385/4385/4385 4647/4647/4647 4648/4648/4648
f 4385/4385/4385 4386/4386/4386 4647/4647/4647
f 4385/4385/4385 4649/4649/4649 4386/4386/4386
f 4385/4385/4385 4650/4650/4650 4649/4649/4649
f 4650/4650/4650 4387/4387/4387 4649/4649/4649
f 4650/4650/4650 4388/4388/4388 4387/4387/4387
f 4651/4651/4651 4387/4387/4387 4388/4388/4388
f 4651/4651/4651 4652/4652/4652 4387/4387/4387
f 4389/4389/4389 4652/4652/4652 4651/4651/4651
f 4389/4389/4389 4390/4390/4390 4652/4652/4652
f 4389/4389/4389 4642/4642/4642 4390/4390/4390
f 4389/4389/4389 4641/4641/4641 4642/4642/4642
f 4641/4641/4641 4377/4377/4377 4642/4642/4642
f 4641/4641/4641 4378/4378/4378 4377/4377/4377
f 4643/4643/4643 4377/4377/4377 4378/4378/4378
f 4643/4643/4643 4644/4644/4644 4377/4377/4377
f 4379/4379/4379 4644/4644/4644 4643/4643/4643
f 4379/4379/4379 4380/4380/4380 4644/4644/4644
f 4645/4645/4645 4380/4380/4380 4379/4379/4379
f 4645/4645/4645 4646/4646/4646 4380/4380/4380
f 4645/4645/4645 4381/4381/4381 4646/4646/4646
f 4645/4645/4645 4382/4382/4382 4381/4381/4381
f 4366/4366/4366 4636/4636/4636 4635/4635/4635
f 4366/4366/4366 4635/4635/4635 4613/4613/4613
f 4366/4366/4366 4613/4613/4613 4357/4357/4357
f 4354/4354/4354 4357/4357/4357 4613/4613/4613
f 4354/4354/4354 4355/4355/4355 4357/4357/4357
f 4354/4354/4354 4356/4356/4356 4355/4355/4355
f 4366/4366/4366 4357/4357/4357 4637/4637/4637
f 4628/4628/4628 4363/4363/4363 4630/4630/4630
f 4628/4628/4628 4613/4613/4613 4363/4363/4363
f 4628/4628/4628 4354/4354/4354 4613/4613/4613
f 4628/4628/4628 4629/4629/4629 4354/4354/4354
f 4350/4350/4350 4351/4351/4351 4353/4353/4353
f 4350/4350/4350 4352/4352/4352 4351/4351/4351
f 4339/4339/4339 4340/4340/4340 4316/4316/4316
f 4339/4339/4339 4341/4341/4341 4340/4340/4340
f 4340/4340/4340 4341/4341/4341 4372/4372/4372
f 4340/4340/4340 4372/4372/4372 4353/4353/4353
f 4313/4313/4313 4314/4314/4314 4316/4316/4316
f 4313/4313/4313 4315/4315/4315 4314/4314/4314
f 4313/4313/4313 4592/4592/4592 4323/4323/4323
f 4313/4313/4313 4593/4593/4593 4592/4592/4592
f 4324/4324/4324 4592/4592/4592 4593/4593/4593
f 4324/4324/4324 4325/4325/4325 4592/4592/4592
f 4594/4594/4594 4325/4325/4325 4324/4324/4324
f 4594/4594/4594 4595/4595/4595 4325/4325/4325
f 4594/4594/4594 4596/4596/4596 4595/4595/4595
f 4594/4594/4594 4597/4597/4597 4596/4596/4596
f 4597/4597/4597 4585/4585/4585 4596/4596/4596
f 4597/4597/4597 4584/4584/4584 4585/4585/4585
f 4584/4584/4584 4321/4321/4321 4585/4585/4585
f 4584/4584/4584 4322/4322/4322 4321/4321/4321
f 4322/4322/4322 4586/4586/4586 4321/4321/4321
f 4322/4322/4322 4587/4587/4587 4586/4586/4586
f 4588/4588/4588 4586/4586/4586 4587/4587/4587
f 4588/4588/4588 4589/4589/4589 4586/4586/4586
f 4590/4590/4590 4589/4589/4589 4588/4588/4588
f 4590/4590/4590 4591/4591/4591 4589/4589/4589
f 4581/4581/4581 4591/4591/4591 4590/4590/4590
f 4581/4581/4581 4582/4582/4582 4591/4591/4591
f 4581/4581/4581 4311/4311/4311 4582/4582/4582
f 4581/4581/4581 4312/4312/4312 4311/4311/4311
f 4371/4371/4371 4337/4337/4337 4349/4349/4349
f 4371/4371/4371 4338/4338/4338 4337/4337/4337
f 4336/4336/4336 4337/4337/4337 4338/4338/4338
f 4336/4336/4336 4312/4312/4312 4337/4337/4337
f 4621/4621/4621 4620/4620/4620 4612/4612/4612
f 4621/4621/4621 4612/4612/4612 4611/4611/4611
f 4348/4348/4348 4611/4611/4611 4612/4612/4612
f 4348/4348/4348 4349/4349/4349 4611/4611/4611
f 4351/4351/4351 4360/4360/4360 4622/4622/4622
f 4351/4351/4351 4622/4622/4622 4623/4623/4623
f 4623/4623/4623 4622/4622/4622 4361/4361/4361
f 4623/4623/4623 4361/4361/4361 4362/4362/4362
f 4362/4362/4362 4361/4361/4361 4624/4624/4624
f 4362/4362/4362 4624/4624/4624 4625/4625/4625
f 4625/4625/4625 4624/4624/4624 4626/4626/4626
f 4625/4625/4625 4626/4626/4626 4627/4627/4627
f 4626/4626/4626 4614/4614/4614 4627/4627/4627
f 4626/4626/4626 4615/4615/4615 4614/4614/4614
f 4614/4614/4614 4615/4615/4615 4358/4358/4358
f 4614/4614/4614 4358/4358/4358 4359/4359/4359
f 4358/4358/4358 4616/4616/4616 4359/4359/4359
f 4358/4358/4358 4617/4617/4617 4616/4616/4616
f 4616/4616/4616 4617/4617/4617 4618/4618/4618
f 4616/4616/4616 4618/4618/4618 4619/4619/4619
f 4619/4619/4619 4618/4618/4618 4620/4620/4620
f 4619/4619/4619 4620/4620/4620 4621/4621/4621
f 4344/4344/4344 4345/4345/4345 4347/4347/4347
f 4344/4344/4344 4346/4346/4346 4345/4345/4345
f 4375/4375/4375 4345/4345/4345 4346/4346/4346
f 4375/4375/4375 4376/4376/4376 4345/4345/4345
f 4332/4332/4332 4333/4333/4333 4335/4335/4335
f 4332/4332/4332 4334/4334/4334 4333/4333/4333
f 4369/4369/4369 4333/4333/4333 4334/4334/4334
f 4369/4369/4369 4334/4334/4334 4370/4370/4370
f 4330/4330/4330 4609/4609/4609 4608/4608/4608
f 4330/4330/4330 4608/4608/4608 4603/4603/4603
f 4330/4330/4330 4603/4603/4603 4331/4331/4331
f 4327/4327/4327 4331/4331/4331 4603/4603/4603
f 4327/4327/4327 4342/4342/4342 4331/4331/4331
f 4327/4327/4327 4343/4343/4343 4342/4342/4342
f 4330/4330/4330 4331/4331/4331 4610/4610/4610
f 4601/4601/4601 4328/4328/4328 4604/4604/4604
f 4601/4601/4601 4603/4603/4603 4328/4328/4328
f 4601/4601/4601 4327/4327/4327 4603/4603/4603
f 4601/4601/4601 4602/4602/4602 4327/4327/4327
f 4272/4272/4272 4257/4257/4257 4273/4273/4273
f 4557/4557/4557 4273/4273/4273 4257/4257/4257
f 4557/4557/4557 4257/4257/4257 4558/4558/4558
f 4274/4274/4274 4557/4557/4557 4558/4558/4558
f 4274/4274/4274 4558/4558/4558 4275/4275/4275
f 4552/4552/4552 4254/4254/4254 5227/5227/5227
f 4552/4552/4552 5226/5226/5226 4254/4254/4254
f 4256/4256/4256 5226/5226/5226 4552/4552/4552
f 5226/5226/5226 4256/4256/4256 4257/4257/4257
f 5226/5226/5226 4257/4257/4257 4553/4553/4553
f 4272/4272/4272 4553/4553/4553 4257/4257/4257
f 4271/4271/4271 4553/4553/4553 4272/4272/4272
f 4271/4271/4271 5236/5236/5236 4553/4553/4553
f 4271/4271/4271 4288/4288/4288 5236/5236/5236
f 4271/4271/4271 5243/5243/5243 4288/4288/4288
f 4256/4256/4256 4552/4552/4552 5229/5229/5229
f 5226/5226/5226 4262/4262/4262 5235/5235/5235
f 5226/5226/5226 5230/5230/5230 4262/4262/4262
f 5226/5226/5226 4553/4553/4553 5230/5230/5230
f 4234/4234/4234 4219/4219/4219 4235/4235/4235
f 4537/4537/4537 4235/4235/4235 4219/4219/4219
f 4537/4537/4537 4219/4219/4219 4538/4538/4538
f 4236/4236/4236 4537/4537/4537 4538/4538/4538
f 4236/4236/4236 4538/4538/4538 4237/4237/4237
f 4532/4532/4532 4216/4216/4216 5199/5199/5199
f 4532/4532/4532 5198/5198/5198 4216/4216/4216
f 4218/4218/4218 5198/5198/5198 4532/4532/4532
f 5198/5198/5198 4218/4218/4218 4219/4219/4219
f 5198/5198/5198 4219/4219/4219 4533/4533/4533
f 4234/4234/4234 4533/4533/4533 4219/4219/4219
f 4233/4233/4233 4533/4533/4533 4234/4234/4234
f 4233/4233/4233 5208/5208/5208 4533/4533/4533
f 4233/4233/4233 4250/4250/4250 5208/5208/5208
f 4233/4233/4233 5215/5215/5215 4250/4250/4250
f 4218/4218/4218 4532/4532/4532 5201/5201/5201
f 5198/5198/5198 4224/4224/4224 5207/5207/5207
f 5198/5198/5198 5202/5202/5202 4224/4224/4224
f 5198/5198/5198 4533/4533/4533 5202/5202/5202
f 4957/4957/4957 4158/4158/4158 4159/4159/4159
f 4957/4957/4957 4958/4958/4958 4158/4158/4158
f 4166/4166/4166 4958/4958/4958 4957/4957/4957
f 4166/4166/4166 4957/4957/4957 4165/4165/4165
f 4157/4157/4157 4166/4166/4166 4165/4165/4165
f 4157/4157/4157 4165/4165/4165 4156/4156/4156
f 4956/4956/4956 4157/4157/4157 4156/4156/4156
f 4956/4956/4956 4156/4156/4156 4955/4955/4955
f 4955/4955/4955 4471/4471/4471 4956/4956/4956
f 4955/4955/4955 4470/4470/4470 4471/4471/4471
f 4953/4953/4953 4471/4471/4471 4470/4470/4470
f 4953/4953/4953 4470/4470/4470 4954/4954/4954
f 4154/4154/4154 4953/4953/4953 4954/4954/4954
f 4154/4154/4154 4155/4155/4155 4953/4953/4953
f 4181/4181/4181 4155/4155/4155 4154/4154/4154
f 4181/4181/4181 4182/4182/4182 4155/4155/4155
f 5121/5121/5121 4507/4507/4507 4508/4508/4508
f 5119/5119/5119 4506/4506/4506 4505/4505/4505
f 5120/5120/5120 4506/4506/4506 5119/5119/5119
f 4507/4507/4507 4506/4506/4506 5120/5120/5120
f 5121/5121/5121 4506/4506/4506 4507/4507/4507
f 4514/4514/4514 4506/4506/4506 5121/5121/5121
f 4514/4514/4514 5121/5121/5121 4516/4516/4516
f 4513/4513/4513 4514/4514/4514 4516/4516/4516
f 4513/4513/4513 4515/4515/4515 4514/4514/4514
f 5124/5124/5124 4515/4515/4515 4513/4513/4513
f 5124/5124/5124 5125/5125/5125 4515/4515/4515
f 5126/5126/5126 5125/5125/5125 5124/5124/5124
f 5126/5126/5126 5127/5127/5127 5125/5125/5125
f 5130/5130/5130 5127/5127/5127 5126/5126/5126
f 5130/5130/5130 5128/5128/5128 5127/5127/5127
f 5129/5129/5129 5128/5128/5128 5130/5130/5130
f 5123/5123/5123 5128/5128/5128 5129/5129/5129
f 5123/5123/5123 5122/5122/5122 5128/5128/5128
f 4141/4141/4141 5122/5122/5122 5123/5123/5123
f 4141/4141/4141 4142/4142/4142 5122/5122/5122
f 4141/4141/4141 4883/4883/4883 4142/4142/4142
f 4141/4141/4141 4884/4884/4884 4883/4883/4883
f 4884/4884/4884 4889/4889/4889 4883/4883/4883
f 4884/4884/4884 4890/4890/4890 4889/4889/4889
f 4890/4890/4890 4891/4891/4891 4889/4889/4889
f 4891/4891/4891 4888/4888/4888 4889/4889/4889
f 4891/4891/4891 4887/4887/4887 4888/4888/4888
f 4887/4887/4887 4886/4886/4886 4888/4888/4888
f 4887/4887/4887 4885/4885/4885 4886/4886/4886
f 4885/4885/4885 4463/4463/4463 4886/4886/4886
f 4885/4885/4885 4460/4460/4460 4463/4463/4463
f 4460/4460/4460 4461/4461/4461 4463/4463/4463
f 4460/4460/4460 4462/4462/4462 4461/4461/4461
f 4882/4882/4882 4461/4461/4461 4462/4462/4462
f 4882/4882/4882 4452/4452/4452 4461/4461/4461
f 4454/4454/4454 4882/4882/4882 4455/4455/4455
f 4454/4454/4454 4452/4452/4452 4882/4882/4882
f 4454/4454/4454 4881/4881/4881 4452/4452/4452
f 4881/4881/4881 4880/4880/4880 4452/4452/4452
f 4880/4880/4880 4453/4453/4453 4452/4452/4452
f 5028/5028/5028 5032/5032/5032 5033/5033/5033
f 5028/5028/5028 5031/5031/5031 5032/5032/5032
f 5028/5028/5028 5030/5030/5030 5031/5031/5031
f 5028/5028/5028 4112/4112/4112 5030/5030/5030
f 5028/5028/5028 5029/5029/5029 4113/4113/4113
f 5028/5028/5028 4113/4113/4113 4112/4112/4112
f 4784/4784/4784 4112/4112/4112 4113/4113/4113
f 4784/4784/4784 4788/4788/4788 4112/4112/4112
f 4784/4784/4784 4787/4787/4787 4788/4788/4788
f 4784/4784/4784 4785/4785/4785 4787/4787/4787
f 4784/4784/4784 4786/4786/4786 4785/4785/4785
f 4784/4784/4784 4113/4113/4113 4789/4789/4789
f 4123/4123/4123 4124/4124/4124 4433/4433/4433
f 4133/4133/4133 4865/4865/4865 4864/4864/4864
f 4133/4133/4133 4864/4864/4864 4125/4125/4125
f 4125/4125/4125 4864/4864/4864 4444/4444/4444
f 4125/4125/4125 4444/4444/4444 4123/4123/4123
f 4123/4123/4123 4434/4434/4434 4125/4125/4125
f 4123/4123/4123 4433/4433/4433 4434/4434/4434
f 4433/4433/4433 4441/4441/4441 4434/4434/4434
f 4433/4433/4433 4440/4440/4440 4441/4441/4441
f 4440/4440/4440 4812/4812/4812 4441/4441/4441
f 4440/4440/4440 4811/4811/4811 4812/4812/4812
f 4811/4811/4811 4129/4129/4129 4812/4812/4812
f 4811/4811/4811 4128/4128/4128 4129/4129/4129
f 4128/4128/4128 4810/4810/4810 4129/4129/4129
f 4128/4128/4128 4809/4809/4809 4810/4810/4810
f 4809/4809/4809 4439/4439/4439 4810/4810/4810
f 4809/4809/4809 4438/4438/4438 4439/4439/4439
f 4438/4438/4438 4808/4808/4808 4439/4439/4439
f 4438/4438/4438 4807/4807/4807 4808/4808/4808
f 4962/4962/4962 4978/4978/4978 4977/4977/4977
f 4959/4959/4959 4977/4977/4977 5163/5163/5163
f 4962/4962/4962 4977/4977/4977 4959/4959/4959
f 4959/4959/4959 4960/4960/4960 4962/4962/4962
f 5164/5164/5164 5163/5163/5163 4979/4979/4979
f 4959/4959/4959 5163/5163/5163 5164/5164/5164
f 5164/5164/5164 4961/4961/4961 4959/4959/4959
f 4959/4959/4959 4961/4961/4961 4960/4960/4960
f 4961/4961/4961 4963/4963/4963 4960/4960/4960
f 5143/5143/5143 5139/5139/5139 5138/5138/5138
f 5143/5143/5143 5138/5138/5138 5141/5141/5141
f 5141/5141/5141 5142/5142/5142 5143/5143/5143
f 5141/5141/5141 5140/5140/5140 5142/5142/5142
f 5140/5140/5140 5145/5145/5145 5142/5142/5142
f 5140/5140/5140 5144/5144/5144 5145/5145/5145
f 4966/4966/4966 5144/5144/5144 5140/5140/5140
f 4966/4966/4966 4476/4476/4476 5144/5144/5144
f 4476/4476/4476 4966/4966/4966 4967/4967/4967
f 4476/4476/4476 4967/4967/4967 4979/4979/4979
f 5164/5164/5164 4979/4979/4979 4967/4967/4967
f 4967/4967/4967 5165/5165/5165 5164/5164/5164
f 5164/5164/5164 5165/5165/5165 4961/4961/4961
f 5165/5165/5165 4964/4964/4964 4961/4961/4961
f 4961/4961/4961 4964/4964/4964 4963/4963/4963
f 4987/4987/4987 4963/4963/4963 4964/4964/4964
f 4987/4987/4987 4988/4988/4988 4963/4963/4963
f 4989/4989/4989 4988/4988/4988 4987/4987/4987
f 4076/4076/4076 4075/4075/4075 4690/4690/4690
f 4689/4689/4689 4690/4690/4690 4064/4064/4064
f 4700/4700/4700 4699/4699/4699 4075/4075/4075
f 4065/4065/4065 4064/4064/4064 4691/4691/4691
f 4074/4074/4074 4073/4073/4073 4699/4699/4699
f 4692/4692/4692 4691/4691/4691 4066/4066/4066
f 4698/4698/4698 4697/4697/4697 4073/4073/4073
f 4067/4067/4067 4066/4066/4066 4693/4693/4693
f 4072/4072/4072 4071/4071/4071 4697/4697/4697
f 4694/4694/4694 4693/4693/4693 4068/4068/4068
f 4696/4696/4696 4695/4695/4695 4071/4071/4071
f 4069/4069/4069 4070/4070/4070 4695/4695/4695
f 4677/4677/4677 4063/4063/4063 4688/4688/4688
f 4058/4058/4058 4677/4677/4677 4404/4404/4404
f 4063/4063/4063 4686/4686/4686 4410/4410/4410
f 4678/4678/4678 4058/4058/4058 4679/4679/4679
f 4686/4686/4686 4062/4062/4062 4687/4687/4687
f 4059/4059/4059 4678/4678/4678 4405/4405/4405
f 4062/4062/4062 4684/4684/4684 4409/4409/4409
f 4680/4680/4680 4059/4059/4059 4681/4681/4681
f 4684/4684/4684 4061/4061/4061 4685/4685/4685
f 4060/4060/4060 4680/4680/4680 4406/4406/4406
f 4061/4061/4061 4682/4682/4682 4408/4408/4408
f 4682/4682/4682 4407/4407/4407 4683/4683/4683
f 4667/4667/4667 4668/4668/4668 4046/4046/4046
f 4667/4667/4667 4046/4046/4046 4047/4047/4047
f 4047/4047/4047 4046/4046/4046 4669/4669/4669
f 4047/4047/4047 4669/4669/4669 4670/4670/4670
f 4669/4669/4669 4048/4048/4048 4670/4670/4670
f 4669/4669/4669 4049/4049/4049 4048/4048/4048
f 4050/4050/4050 4051/4051/4051 4671/4671/4671
f 4050/4050/4050 4671/4671/4671 4672/4672/4672
f 4671/4671/4671 4052/4052/4052 4672/4672/4672
f 4671/4671/4671 4053/4053/4053 4052/4052/4052
f 4052/4052/4052 4053/4053/4053 4673/4673/4673
f 4052/4052/4052 4673/4673/4673 4674/4674/4674
f 4673/4673/4673 4054/4054/4054 4674/4674/4674
f 4673/4673/4673 4055/4055/4055 4054/4054/4054
f 4054/4054/4054 4055/4055/4055 4675/4675/4675
f 4054/4054/4054 4675/4675/4675 4676/4676/4676
f 4676/4676/4676 4675/4675/4675 4056/4056/4056
f 4676/4676/4676 4056/4056/4056 4057/4057/4057
f 4057/4057/4057 4056/4056/4056 4665/4665/4665
f 4057/4057/4057 4665/4665/4665 4666/4666/4666
f 4665/4665/4665 4044/4044/4044 4666/4666/4666
f 4665/4665/4665 4045/4045/4045 4044/4044/4044
f 4045/4045/4045 4667/4667/4667 4044/4044/4044
f 4045/4045/4045 4668/4668/4668 4667/4667/4667
f 4653/4653/4653 4402/4402/4402 4664/4664/4664
f 4391/4391/4391 4653/4653/4653 4392/4392/4392
f 4402/4402/4402 4662/4662/4662 4403/4403/4403
f 4654/4654/4654 4391/4391/4391 4655/4655/4655
f 4662/4662/4662 4400/4400/4400 4663/4663/4663
f 4393/4393/4393 4654/4654/4654 4394/4394/4394
f 4400/4400/4400 4660/4660/4660 4401/4401/4401
f 4656/4656/4656 4393/4393/4393 4657/4657/4657
f 4660/4660/4660 4398/4398/4398 4661/4661/4661
f 4395/4395/4395 4656/4656/4656 4396/4396/4396
f 4398/4398/4398 4658/4658/4658 4399/4399/4399
f 4658/4658/4658 4397/4397/4397 4659/4659/4659
f 4367/4367/4367 4639/4639/4639 4640/4640/4640
f 4367/4367/4367 4633/4633/4633 4639/4639/4639
f 4367/4367/4367 4368/4368/4368 4633/4633/4633
f 4367/4367/4367 4638/4638/4638 4368/4368/4368
f 4365/4365/4365 4373/4373/4373 4374/4374/4374
f 4365/4365/4365 4368/4368/4368 4373/4373/4373
f 4365/4365/4365 4633/4633/4633 4368/4368/4368
f 4631/4631/4631 4633/4633/4633 4365/4365/4365
f 4631/4631/4631 4364/4364/4364 4633/4633/4633
f 4631/4631/4631 4632/4632/4632 4364/4364/4364
f 4631/4631/4631 4365/4365/4365 4634/4634/4634
f 4598/4598/4598 4317/4317/4317 4600/4600/4600
f 4598/4598/4598 4583/4583/4583 4317/4317/4317
f 4598/4598/4598 4326/4326/4326 4583/4583/4583
f 4598/4598/4598 4599/4599/4599 4326/4326/4326
f 4317/4317/4317 4319/4319/4319 4320/4320/4320
f 4317/4317/4317 4318/4318/4318 4319/4319/4319
f 4317/4317/4317 4583/4583/4583 4318/4318/4318
f 4329/4329/4329 4318/4318/4318 4583/4583/4583
f 4329/4329/4329 4583/4583/4583 4606/4606/4606
f 4329/4329/4329 4606/4606/4606 4607/4607/4607
f 4329/4329/4329 4605/4605/4605 4318/4318/4318
f 4580/4580/4580 4579/4579/4579 4305/4305/4305
f 4304/4304/4304 4305/4305/4305 4575/4575/4575
f 4310/4310/4310 4309/4309/4309 4579/4579/4579
f 4576/4576/4576 4575/4575/4575 4306/4306/4306
f 4578/4578/4578 4577/4577/4577 4309/4309/4309
f 4307/4307/4307 4308/4308/4308 4577/4577/4577
f 4297/4297/4297 4573/4573/4573 4303/4303/4303
f 4569/4569/4569 4297/4297/4297 4570/4570/4570
f 4573/4573/4573 4301/4301/4301 4574/4574/4574
f 4298/4298/4298 4569/4569/4569 4299/4299/4299
f 4301/4301/4301 4571/4571/4571 4302/4302/4302
f 4571/4571/4571 4300/4300/4300 4572/4572/4572
f 4293/4293/4293 4294/4294/4294 4565/4565/4565
f 4293/4293/4293 4565/4565/4565 4566/4566/4566
f 4566/4566/4566 4565/4565/4565 4295/4295/4295
f 4566/4566/4566 4295/4295/4295 4296/4296/4296
f 4296/4296/4296 4295/4295/4295 4567/4567/4567
f 4296/4296/4296 4567/4567/4567 4568/4568/4568
f 4568/4568/4568 4567/4567/4567 4289/4289/4289
f 4568/4568/4568 4289/4289/4289 4290/4290/4290
f 4289/4289/4289 4563/4563/4563 4290/4290/4290
f 4289/4289/4289 4564/4564/4564 4563/4563/4563
f 4563/4563/4563 4564/4564/4564 4291/4291/4291
f 4563/4563/4563 4291/4291/4291 4292/4292/4292
o clip
v -6.0967 0.8004 34.5261
v -4.9001 0.8004 34.5261
v -4.9001 0.8004 34.5261
v -4.9001 2.4233 35.6915
v -6.0967 0.8004 34.5261
v -6.0967 2.4233 35.6915
v -6.0967 -0.0283 17.4798
v -1.3330 -0.0283 17.4798
v -1.3330 3.5884 19.8121
v -6.0967 3.5884 19.8121
v -5.6967 -0.3698 18.0909
v -6.0967 -0.0283 17.4798
v -6.0967 -0.3698 18.0909
v -6.0967 -0.0283 17.4798
v -6.0967 -0.3698 18.0909
v -6.0967 2.9915 36.1003
v -4.9001 2.4233 35.6915
v -1.3330 3.2835 35.6944
v -1.3330 2.4233 35.6915
v -4.9001 3.2835 35.6944
v -6.0967 0.6310 39.3819
v -6.0967 2.9426 20.0527
v -6.0967 3.5884 19.8121
v -6.0967 -0.3698 18.0909
v -5.6967 -0.1618 18.2064
v -5.6967 -0.3698 18.0909
v -5.6967 2.9426 20.0527
v -6.0967 2.9426 20.0527
v -1.3330 -0.0283 17.4798
v -1.3330 -0.3698 18.0909
v -5.6967 2.4171 32.7966
v -5.6967 -2.7319 28.3261
v -5.6967 0.9691 32.6420
v -5.6967 -0.1618 18.2064
v -5.6967 2.9426 20.0527
v -5.6967 2.9426 20.0527
v -4.9001 -2.1092 37.4108
v -4.9001 0.6310 39.3819
v -4.9001 3.2835 35.6944
v -6.0967 -2.1092 37.4108
v -5.6967 -0.3698 18.0909
v -1.3330 -0.1618 18.2064
v -1.3330 -0.3698 18.0909
v -5.6967 -0.1618 18.2064
v -5.6967 2.4171 32.7966
v -1.3330 0.9691 32.6420
v -5.6967 0.9691 32.6420
v -1.3330 2.4172 32.7966
v -5.6967 -2.7319 28.3261
v -1.3330 0.9691 32.6420
v -1.3330 -2.7319 28.3261
v -5.6967 0.9691 32.6420
v 3.4308 0.8004 34.5261
v 2.2342 0.8004 34.5261
v 2.2342 0.8004 34.5261
v 2.2342 2.4233 35.6915
v 3.4308 0.8004 34.5261
v 3.4308 2.4233 35.6915
v 3.4308 -0.0283 17.4798
v 3.4308 3.5884 19.8121
v 3.0308 -0.3698 18.0909
v 3.4308 -0.3698 18.0909
v 3.4308 -0.0283 17.4798
v 3.4308 -0.0283 17.4798
v 3.4308 -0.3698 18.0909
v 3.4308 2.9915 36.1003
v 2.2342 3.2835 35.6944
v 2.2342 2.4233 35.6915
v 3.4308 0.6310 39.3819
v 3.4308 2.9426 20.0527
v 3.4308 3.5884 19.8121
v 3.4308 -0.3698 18.0909
v 3.0308 -0.1618 18.2064
v 3.0308 -0.3698 18.0909
v 3.4308 2.9426 20.0527
v 3.0308 2.9426 20.0527
v 3.0308 2.9426 20.0527
v 3.0308 0.9691 32.6421
v 3.0308 2.4172 32.7966
v 3.0308 -2.7319 28.3261
v 3.0308 -0.1618 18.2064
v 3.0308 2.9426 20.0527
v 2.2342 -2.1092 37.4108
v 2.2342 0.6310 39.3819
v 2.2342 3.2835 35.6944
v 3.4308 -2.1092 37.4108
v 3.0308 -0.1618 18.2064
v 3.0308 -0.3698 18.0909
v 3.0308 2.4172 32.7966
v 3.0308 0.9691 32.6421
v 3.0308 0.9691 32.6421
v 3.0308 -2.7319 28.3261
v -4.9001 -0.0450 34.7653
v -6.0967 -0.6575 35.3953
v -4.9001 -0.6575 35.3953
v -6.0967 -0.0450 34.7653
v -4.9001 1.6522 34.7415
v -6.0967 1.6522 34.7415
v -6.0967 2.4233 35.6915
v -4.9001 2.4233 35.6915
v -4.9001 -0.6575 35.3953
v -4.9001 -1.0600 38.8829
v -4.9001 -0.0450 34.7653
v -4.9001 1.6522 34.7415
v -6.0967 -1.0600 38.8829
v -6.0967 -0.6575 35.3953
v -6.0967 -0.0450 34.7653
v -6.0967 1.6522 34.7415
v -6.0967 3.3787 35.5621
v -4.9001 3.2835 35.6944
v -6.0967 2.9915 36.1003
v -4.9001 3.3787 35.5621
v -1.3330 3.0758 19.2144
v -6.0967 3.0758 19.2144
v -6.0967 3.7116 32.6460
v -1.3330 3.6622 20.7099
v -1.3330 3.7116 32.6460
v -6.0967 3.6622 20.7099
v -4.9001 3.2835 35.6944
v -1.3330 3.3787 35.5621
v -1.3330 3.2835 35.6944
v -1.3330 3.7193 34.4977
v -6.0967 3.7193 34.4977
v -4.9001 0.6310 39.3819
v -6.0967 0.6310 39.3819
v -6.0967 2.6834 19.7908
v -6.0967 3.0758 19.2144
v -6.0967 -0.1819 39.5146
v -4.9001 -1.0600 38.8829
v -6.0967 -1.0600 38.8829
v -4.9001 -0.1819 39.5146
v -6.0967 2.7907 35.1841
v -6.0967 3.3787 35.5621
v -6.0967 3.7193 34.4977
v -6.0967 3.0211 34.4640
v -6.0967 -0.1819 39.5146
v -6.0967 2.9664 20.7360
v -6.0967 3.7116 32.6460
v -6.0967 3.0143 32.6341
v -6.0967 3.6622 20.7099
v -6.0967 2.6834 19.7908
v -5.6967 2.7907 35.1841
v -6.0967 2.4233 35.6915
v -5.6967 2.4233 35.6915
v -6.0967 2.7907 35.1841
v -5.6967 3.0211 34.4641
v -6.0967 3.0211 34.4640
v -6.0967 2.9664 20.7360
v -5.6967 3.0112 31.8342
v -5.6967 2.9648 20.3361
v -6.0967 3.0143 32.6341
v -5.6967 3.0189 33.8296
v -5.6967 3.0112 31.8342
v -5.6967 3.0189 33.8296
v -5.6967 -0.4214 24.4654
v -5.6967 2.9648 20.3361
v -5.6967 -0.1618 23.5182
v -5.6967 2.9648 20.3361
v -4.9001 -1.9768 38.2234
v -6.0967 -1.9768 38.2234
v -4.9001 -2.1092 37.4108
v -6.0967 -2.1092 37.4108
v -4.9001 -1.9768 38.2234
v -4.9001 -0.1819 39.5146
v -6.0967 -1.9768 38.2234
v -6.0967 0.1001 39.6213
v -4.9001 0.1001 39.6213
v -6.0967 0.3976 39.5727
v -4.9001 0.3976 39.5727
v -6.0967 -2.2160 37.6926
v -4.9001 -2.2160 37.6926
v -4.9001 -2.1675 37.9901
v -6.0967 -2.1675 37.9901
v -6.0967 0.3976 39.5727
v -6.0967 0.1001 39.6213
v -4.9001 0.1001 39.6213
v -4.9001 0.3976 39.5727
v -6.0967 -2.2160 37.6926
v -6.0967 -2.1675 37.9901
v -4.9001 -2.2160 37.6926
v -4.9001 -2.1675 37.9901
v -1.3330 2.7907 35.1841
v -4.9001 2.4233 35.6915
v -1.3330 2.4233 35.6915
v -5.6967 2.7907 35.1841
v -1.3330 3.0211 34.4641
v -5.6967 3.0211 34.4641
v -5.6967 -0.1618 18.2064
v -1.3330 -0.1618 23.5182
v -1.3330 -0.1618 18.2064
v -5.6967 -0.1618 23.5182
v -1.3330 3.0189 33.8296
v -5.6967 3.0189 33.8296
v -5.6967 2.4171 32.7966
v -1.3330 2.4172 32.7966
v -5.6967 -0.4214 24.4654
v -1.3330 -0.4214 24.4654
v -5.6967 -2.7319 28.3261
v -1.3330 -2.7319 28.3261
v -5.6967 2.4233 35.6915
v 3.4308 -0.6575 35.3953
v 2.2342 -0.0450 34.7653
v 2.2342 -0.6575 35.3953
v 3.4308 -0.0450 34.7654
v 3.4308 1.6522 34.7415
v 2.2342 1.6522 34.7415
v 2.2342 2.4233 35.6915
v 3.4308 2.4233 35.6915
v 2.2342 -0.0450 34.7653
v 2.2342 -1.0600 38.8829
v 2.2342 -0.6575 35.3953
v 2.2342 1.6522 34.7415
v 3.4308 -1.0600 38.8829
v 3.4308 -0.0450 34.7654
v 3.4308 -0.6575 35.3953
v 3.4308 1.6522 34.7415
v 3.4308 3.0758 19.2144
v 3.4308 3.7117 32.6460
v 3.4308 3.6622 20.7099
v 3.4308 3.3787 35.5621
v 2.2342 3.2835 35.6944
v 2.2342 3.3787 35.5621
v 3.4308 2.9915 36.1003
v 2.2342 3.2835 35.6944
v 3.4308 3.7193 34.4977
v 2.2342 0.6310 39.3819
v 3.4308 0.6310 39.3819
v 3.4308 2.6834 19.7908
v 3.4308 3.0758 19.2144
v 2.2342 -0.1819 39.5146
v 3.4308 -1.0600 38.8829
v 2.2342 -1.0600 38.8829
v 3.4308 -0.1819 39.5146
v 3.4308 2.7907 35.1841
v 3.4308 3.3787 35.5621
v 3.4308 3.7193 34.4977
v 3.4308 3.0211 34.4640
v 3.4308 -0.1819 39.5146
v 3.4308 3.7117 32.6460
v 3.4308 2.9664 20.7360
v 3.4308 3.0143 32.6341
v 3.4308 3.6622 20.7099
v 3.4308 2.6834 19.7908
v 3.4308 2.4233 35.6915
v 3.0308 2.7907 35.1841
v 3.0308 2.4233 35.6915
v 3.4308 2.7907 35.1841
v 3.0308 3.0211 34.4640
v 3.4308 3.0211 34.4640
v 3.4308 2.9664 20.7360
v 3.0308 3.0112 31.8342
v 3.4308 3.0143 32.6341
v 3.0308 2.9648 20.3361
v 3.0308 2.9648 20.3361
v 3.0308 3.0112 31.8342
v 3.0308 -0.4214 24.4654
v 3.0308 3.0189 33.8296
v 3.0308 3.0189 33.8296
v 3.0308 2.9648 20.3361
v 3.0308 -0.1618 23.5182
v 2.2342 -1.9768 38.2234
v 3.4308 -1.9768 38.2234
v 3.4308 -2.1092 37.4108
v 2.2342 -2.1092 37.4108
v 2.2342 -1.9768 38.2234
v 2.2342 -0.1819 39.5146
v 3.4308 -1.9768 38.2234
v 2.2342 0.1001 39.6213
v 3.4308 0.1001 39.6213
v 3.4308 0.3976 39.5727
v 2.2342 0.3976 39.5727
v 2.2342 -2.2160 37.6926
v 3.4308 -2.2160 37.6926
v 3.4308 -2.1675 37.9901
v 2.2342 -2.1675 37.9901
v 3.4308 0.3976 39.5727
v 3.4308 0.1001 39.6213
v 2.2342 0.3976 39.5727
v 2.2342 0.1001 39.6213
v 3.4308 -2.2160 37.6926
v 3.4308 -2.1675 37.9901
v 2.2342 -2.2160 37.6926
v 2.2342 -2.1675 37.9901
v 2.2342 2.4233 35.6915
v 3.0308 2.7907 35.1841
v 3.0308 3.0211 34.4640
v 3.0308 -0.1618 18.2064
v 3.0308 -0.1618 23.5182
v 3.0308 3.0189 33.8296
v 3.0308 2.4172 32.7966
v 3.0308 -0.4214 24.4654
v 3.0308 -2.7319 28.3261
v 3.0308 2.4233 35.6915
vt 0.3901 0.9002
vt 0.3871 0.9043
vt 0.4187 0.8970
vt 0.4100 0.8971
vt 0.3901 0.9002
vt 0.3986 0.9004
vt 0.4018 0.9905
vt 0.4224 0.9905
vt 0.4224 0.9717
vt 0.4018 0.9717
vt 0.4035 0.9935
vt 0.4018 0.9905
vt 0.4018 0.9935
vt 0.4018 0.9905
vt 0.3987 0.9905
vt 0.4018 0.9003
vt 0.4094 0.8987
vt 0.4224 0.9024
vt 0.4224 0.8987
vt 0.4070 0.9024
vt 0.4018 0.8827
vt 0.3989 0.9718
vt 0.4018 0.9717
vt 0.3987 0.9905
vt 0.3961 0.9890
vt 0.3970 0.9905
vt 0.3972 0.9725
vt 0.3989 0.9718
vt 0.4224 0.9905
vt 0.4224 0.9935
vt 0.3338 0.9113
vt 0.3381 0.9405
vt 0.3381 0.9159
vt 0.3011 0.9666
vt 0.2961 0.9517
vt 0.3972 0.9709
vt 0.4215 0.8823
vt 0.4069 0.8822
vt 0.4070 0.9023
vt 0.3871 0.8827
vt 0.3760 0.9883
vt 0.3571 0.9873
vt 0.3571 0.9883
vt 0.3760 0.9873
vt 0.3760 0.9095
vt 0.3570 0.9158
vt 0.3760 0.9158
vt 0.3570 0.9095
vt 0.3760 0.9405
vt 0.3570 0.9158
vt 0.3571 0.9405
vt 0.3760 0.9158
vt 0.4548 0.9002
vt 0.4578 0.9043
vt 0.4262 0.8970
vt 0.4349 0.8971
vt 0.4548 0.9002
vt 0.4461 0.9003
vt 0.4431 0.9905
vt 0.4431 0.9717
vt 0.4414 0.9935
vt 0.4431 0.9935
vt 0.4431 0.9905
vt 0.4431 0.9905
vt 0.4461 0.9905
vt 0.4431 0.9003
vt 0.4379 0.9024
vt 0.4355 0.8987
vt 0.4431 0.8827
vt 0.4459 0.9718
vt 0.4431 0.9717
vt 0.4461 0.9905
vt 0.4487 0.9890
vt 0.4479 0.9905
vt 0.4459 0.9718
vt 0.4477 0.9709
vt 0.4476 0.9725
vt 0.3381 0.9158
vt 0.3338 0.9113
vt 0.3381 0.9405
vt 0.3011 0.9666
vt 0.2961 0.9517
vt 0.4233 0.8823
vt 0.4380 0.8822
vt 0.4379 0.9023
vt 0.4577 0.8827
vt 0.3381 0.9873
vt 0.3381 0.9883
vt 0.3381 0.9095
vt 0.3381 0.9158
vt 0.3381 0.9158
vt 0.3381 0.9405
vt 0.3831 0.8992
vt 0.3871 0.8935
vt 0.3820 0.8939
vt 0.3877 0.8973
vt 0.3933 0.9066
vt 0.3936 0.9016
vt 0.3986 0.9004
vt 0.3969 0.9029
vt 0.4216 0.8931
vt 0.4141 0.8798
vt 0.4210 0.8941
vt 0.4151 0.8985
vt 0.3946 0.8802
vt 0.3871 0.8935
vt 0.3877 0.8973
vt 0.3936 0.9016
vt 0.4018 0.9031
vt 0.4070 0.9023
vt 0.4018 0.9003
vt 0.4070 0.9031
vt 0.4224 0.9751
vt 0.4018 0.9751
vt 0.4018 0.9160
vt 0.4224 0.9678
vt 0.4224 0.9160
vt 0.4018 0.9678
vt 0.4070 0.9024
vt 0.4224 0.9031
vt 0.4224 0.9024
vt 0.4224 0.9080
vt 0.4018 0.9080
vt 0.4069 0.8822
vt 0.4018 0.8827
vt 0.3988 0.9748
vt 0.4018 0.9751
vt 0.3993 0.8802
vt 0.3946 0.8750
vt 0.3946 0.8802
vt 0.3999 0.8751
vt 0.3988 0.9034
vt 0.4018 0.9031
vt 0.4018 0.9080
vt 0.3988 0.9077
vt 0.3993 0.8802
vt 0.3988 0.9678
vt 0.4018 0.9160
vt 0.3987 0.9161
vt 0.4018 0.9678
vt 0.3988 0.9748
vt 0.3971 0.9039
vt 0.3986 0.9004
vt 0.3969 0.9030
vt 0.3988 0.9034
vt 0.3971 0.9077
vt 0.3988 0.9077
vt 0.3988 0.9678
vt 0.3970 0.9195
vt 0.3970 0.9694
vt 0.3987 0.9161
vt 0.3970 0.9109
vt 0.3291 0.9127
vt 0.3347 0.9062
vt 0.3196 0.9467
vt 0.2968 0.9507
vt 0.3161 0.9491
vt 0.3971 0.9697
vt 0.3887 0.8752
vt 0.3897 0.8802
vt 0.3820 0.8820
vt 0.3871 0.8827
vt 0.4190 0.8798
vt 0.4094 0.8799
vt 0.3897 0.8802
vt 0.4005 0.8805
vt 0.4030 0.8762
vt 0.4014 0.8815
vt 0.4058 0.8790
vt 0.3875 0.8815
vt 0.3831 0.8789
vt 0.3856 0.8764
vt 0.3884 0.8806
vt 0.4014 0.8815
vt 0.4005 0.8805
vt 0.4081 0.8802
vt 0.4072 0.8811
vt 0.3875 0.8815
vt 0.3884 0.8806
vt 0.4212 0.8811
vt 0.4203 0.8802
vt 0.3570 0.8983
vt 0.3725 0.8956
vt 0.3570 0.8956
vt 0.3760 0.8983
vt 0.3570 0.9016
vt 0.3760 0.9016
vt 0.3760 0.9873
vt 0.3571 0.9643
vt 0.3571 0.9873
vt 0.3760 0.9643
vt 0.3570 0.9043
vt 0.3760 0.9043
vt 0.3760 0.9095
vt 0.3570 0.9095
vt 0.3760 0.9600
vt 0.3571 0.9600
vt 0.3760 0.9405
vt 0.3571 0.9405
vt 0.3760 0.8956
vt 0.4577 0.8935
vt 0.4618 0.8993
vt 0.4629 0.8939
vt 0.4572 0.8973
vt 0.4512 0.9016
vt 0.4515 0.9066
vt 0.4494 0.9043
vt 0.4461 0.9003
vt 0.4239 0.8940
vt 0.4308 0.8798
vt 0.4233 0.8931
vt 0.4297 0.8984
vt 0.4503 0.8802
vt 0.4572 0.8973
vt 0.4577 0.8935
vt 0.4512 0.9016
vt 0.4431 0.9751
vt 0.4431 0.9160
vt 0.4431 0.9678
vt 0.4431 0.9031
vt 0.4379 0.9023
vt 0.4379 0.9031
vt 0.4431 0.9003
vt 0.4379 0.9024
vt 0.4431 0.9080
vt 0.4380 0.8822
vt 0.4431 0.8827
vt 0.4461 0.9748
vt 0.4431 0.9751
vt 0.4450 0.8751
vt 0.4503 0.8802
vt 0.4503 0.8750
vt 0.4456 0.8802
vt 0.4461 0.9034
vt 0.4431 0.9031
vt 0.4431 0.9080
vt 0.4461 0.9077
vt 0.4456 0.8802
vt 0.4431 0.9160
vt 0.4461 0.9678
vt 0.4461 0.9161
vt 0.4431 0.9678
vt 0.4461 0.9748
vt 0.4461 0.9003
vt 0.4478 0.9034
vt 0.4479 0.9026
vt 0.4461 0.9034
vt 0.4478 0.9074
vt 0.4461 0.9077
vt 0.4461 0.9678
vt 0.4478 0.9195
vt 0.4461 0.9161
vt 0.4478 0.9694
vt 0.4478 0.9697
vt 0.3291 0.9127
vt 0.3196 0.9467
vt 0.4478 0.9107
vt 0.3347 0.9062
vt 0.2968 0.9507
vt 0.3161 0.9491
vt 0.4559 0.8751
vt 0.4552 0.8802
vt 0.4577 0.8827
vt 0.4628 0.8821
vt 0.4259 0.8798
vt 0.4355 0.8799
vt 0.4552 0.8802
vt 0.4419 0.8762
vt 0.4444 0.8805
vt 0.4434 0.8815
vt 0.4391 0.8790
vt 0.4617 0.8789
vt 0.4574 0.8815
vt 0.4565 0.8805
vt 0.4590 0.8762
vt 0.4434 0.8815
vt 0.4444 0.8805
vt 0.4377 0.8811
vt 0.4367 0.8802
vt 0.4574 0.8815
vt 0.4565 0.8805
vt 0.4237 0.8811
vt 0.4246 0.8801
vt 0.3416 0.8956
vt 0.3381 0.8983
vt 0.3381 0.9016
vt 0.3381 0.9873
vt 0.3381 0.9643
vt 0.3381 0.9044
vt 0.3381 0.9095
vt 0.3381 0.9600
vt 0.3381 0.9405
vt 0.3381 0.8956
vn -0.0000 -0.0140 -0.9999
vn -0.0000 -0.0140 -0.9999
vn 1.0000 0.0000 0.0000
vn 1.0000 0.0000 0.0000
vn -1.0000 0.0000 0.0000
vn -1.0000 0.0000 0.0000
vn 0.0000 0.4878 -0.8730
vn 0.0000 0.4878 -0.8730
vn 0.0000 0.9228 -0.3852
vn 0.0000 0.9228 -0.3852
vn -0.0000 -0.8775 -0.4795
vn -0.0000 -0.8775 -0.4795
vn -0.0000 -0.8775 -0.4795
vn -1.0000 0.0000 0.0000
vn -1.0000 0.0000 0.0000
vn -1.0000 0.0000 0.0000
vn -0.0000 -0.0033 1.0000
vn -0.0000 -0.0033 1.0000
vn -0.0000 -0.0033 1.0000
vn -0.0000 -0.0033 1.0000
vn -1.0000 0.0000 0.0000
vn -1.0000 0.0000 0.0000
vn -1.0000 0.0000 0.0000
vn -0.0000 -0.4730 0.8811
vn -0.0688 -0.4997 0.8635
vn -0.0000 -0.4730 0.8811
vn -0.1045 -0.8613 0.4973
vn -0.1045 -0.8613 0.4973
vn -0.0000 -0.8775 -0.4795
vn -0.0000 -0.8775 -0.4795
vn -1.0000 0.0000 0.0000
vn -1.0000 0.0000 0.0000
vn -1.0000 0.0000 0.0000
vn -1.0000 0.0000 0.0000
vn -1.0000 0.0000 0.0000
vn -0.1045 -0.8613 0.4973
vn 1.0000 0.0000 0.0000
vn 1.0000 0.0000 0.0000
vn 1.0000 0.0000 0.0000
vn -1.0000 0.0000 0.0000
vn -0.0000 -0.4730 0.8811
vn -0.0000 -0.4730 0.8811
vn -0.0000 -0.4730 0.8811
vn -0.0688 -0.4997 0.8635
vn -0.0000 -0.0998 0.9950
vn -0.0000 -0.0998 0.9950
vn -0.0000 -0.0998 0.9950
vn -0.0000 -0.0998 0.9950
vn 0.0000 -0.7591 0.6510
vn 0.0000 -0.7591 0.6510
vn 0.0000 -0.7591 0.6510
vn 0.0000 -0.7591 0.6510
vn -0.0000 -0.0140 -0.9999
vn -0.0000 -0.0140 -0.9999
vn -1.0000 0.0000 0.0000
vn -1.0000 0.0000 0.0000
vn 1.0000 0.0000 0.0000
vn 1.0000 0.0000 0.0000
vn 0.0000 0.4878 -0.8730
vn 0.0000 0.9228 -0.3852
vn -0.0000 -0.8775 -0.4795
vn -0.0000 -0.8775 -0.4795
vn -0.0000 -0.8775 -0.4795
vn 1.0000 0.0000 0.0000
vn 1.0000 0.0000 0.0000
vn 1.0000 0.0000 0.0000
vn -0.0000 -0.0033 1.0000
vn -0.0000 -0.0033 1.0000
vn 1.0000 0.0000 0.0000
vn 1.0000 0.0000 0.0000
vn 1.0000 0.0000 0.0000
vn -0.0000 -0.4730 0.8811
vn 0.0688 -0.4997 0.8635
vn -0.0000 -0.4730 0.8811
vn 0.1045 -0.8613 0.4973
vn 0.1045 -0.8613 0.4973
vn 0.1045 -0.8613 0.4973
vn 1.0000 0.0000 0.0000
vn 1.0000 0.0000 0.0000
vn 1.0000 0.0000 0.0000
vn 1.0000 0.0000 0.0000
vn 1.0000 0.0000 0.0000
vn -1.0000 0.0000 0.0000
vn -1.0000 0.0000 0.0000
vn -1.0000 0.0000 0.0000
vn 1.0000 0.0000 0.0000
vn 0.0688 -0.4997 0.8635
vn -0.0000 -0.4730 0.8811
vn -0.0000 -0.0998 0.9950
vn -0.0000 -0.0998 0.9950
vn 0.0000 -0.7591 0.6510
vn 0.0000 -0.7591 0.6510
vn -0.0000 -0.5121 -0.8589
vn -0.0000 -0.7663 -0.6425
vn -0.0000 -0.7663 -0.6425
vn -0.0000 -0.5121 -0.8589
vn -0.0000 0.5383 -0.8428
vn -0.0000 0.5383 -0.8428
vn -0.0000 0.7764 -0.6302
vn -0.0000 0.7764 -0.6302
vn 1.0000 0.0000 0.0000
vn 1.0000 0.0000 0.0000
vn 1.0000 0.0000 0.0000
vn 1.0000 0.0000 0.0000
vn -1.0000 0.0000 0.0000
vn -1.0000 0.0000 0.0000
vn -1.0000 0.0000 0.0000
vn -1.0000 0.0000 0.0000
vn 0.0000 0.8931 0.4499
vn -0.0000 0.8118 0.5840
vn -0.0000 0.8118 0.5840
vn 0.0000 0.8931 0.4499
vn 0.0000 0.6333 -0.7739
vn 0.0000 0.6333 -0.7739
vn -0.0000 1.0000 -0.0041
vn -0.0000 0.9991 -0.0431
vn -0.0000 1.0000 -0.0041
vn -0.0000 0.9991 -0.0431
vn -0.0000 0.8118 0.5840
vn 0.0000 0.8931 0.4499
vn -0.0000 0.8118 0.5840
vn -0.0000 0.9884 0.1522
vn 0.0000 0.9790 0.2040
vn -0.0000 0.7286 0.6849
vn -0.0000 0.7286 0.6849
vn -1.0000 0.0000 0.0000
vn -1.0000 0.0000 0.0000
vn -0.0000 -0.4730 0.8811
vn 0.0000 -0.5840 0.8118
vn 0.0000 -0.5840 0.8118
vn -0.0000 -0.4730 0.8811
vn -1.0000 0.0000 0.0000
vn -1.0000 0.0000 0.0000
vn -1.0000 0.0000 0.0000
vn -1.0000 0.0000 0.0000
vn -1.0000 0.0000 0.0000
vn -1.0000 0.0000 0.0000
vn -1.0000 0.0000 0.0000
vn -1.0000 0.0000 0.0000
vn -1.0000 0.0000 0.0000
vn -0.1033 -0.5059 0.8564
vn -0.0000 -0.8775 -0.4795
vn -0.0000 -0.8100 -0.5864
vn -0.0000 -0.8100 -0.5864
vn -0.0000 -0.8775 -0.4795
vn 0.0001 -0.9883 -0.1525
vn 0.0001 -0.9883 -0.1525
vn 0.0110 -0.9996 0.0258
vn 0.0110 -0.9996 0.0258
vn 0.0110 -0.9996 0.0258
vn 0.0110 -0.9996 0.0258
vn 0.0001 -0.9913 0.1319
vn -1.0000 0.0000 0.0000
vn -1.0000 0.0000 0.0000
vn -1.0000 0.0000 0.0000
vn -1.0000 0.0000 0.0000
vn -1.0000 0.0000 0.0000
vn 0.0110 -0.9996 0.0258
vn 0.0000 -0.6849 0.7286
vn 0.0000 -0.6849 0.7286
vn -0.0000 -0.8775 -0.4795
vn -0.0000 -0.8775 -0.4795
vn 1.0000 0.0000 0.0000
vn 1.0000 0.0000 0.0000
vn -1.0000 0.0000 0.0000
vn -0.0000 -0.0998 0.9950
vn -0.0000 -0.0998 0.9950
vn -0.0000 0.4111 0.9116
vn -0.0000 0.4111 0.9116
vn 0.0000 -0.9950 -0.1002
vn 0.0000 -0.9950 -0.1002
vn 0.0000 -0.9117 0.4109
vn 0.0000 -0.9117 0.4109
vn -1.0000 0.0000 0.0000
vn -1.0000 0.0000 0.0000
vn 1.0000 0.0000 0.0000
vn 1.0000 0.0000 0.0000
vn -1.0000 0.0000 0.0000
vn -1.0000 0.0000 0.0000
vn 1.0000 0.0000 0.0000
vn 1.0000 0.0000 0.0000
vn -0.0000 -0.8775 -0.4795
vn -0.0000 -0.8100 -0.5864
vn -0.0000 -0.8100 -0.5864
vn -0.0000 -0.8775 -0.4795
vn 0.0001 -0.9883 -0.1525
vn 0.0001 -0.9883 -0.1525
vn 0.0110 -0.9996 0.0258
vn 0.0001 -0.9883 -0.1525
vn 0.0110 -0.9996 0.0258
vn 0.0001 -0.9883 -0.1525
vn 0.0000 -0.9650 0.2623
vn 0.0001 -0.9913 0.1319
vn 0.0000 -0.8641 0.5034
vn 0.0000 -0.8641 0.5034
vn 0.0000 -0.9197 -0.3926
vn 0.0000 -0.9197 -0.3926
vn 0.0000 -0.8581 -0.5135
vn 0.0000 -0.8581 -0.5135
vn -0.0000 -0.8100 -0.5864
vn -0.0000 -0.7663 -0.6425
vn -0.0000 -0.5121 -0.8589
vn -0.0000 -0.7663 -0.6425
vn -0.0000 -0.5121 -0.8589
vn -0.0000 0.5383 -0.8428
vn -0.0000 0.5383 -0.8428
vn -0.0000 0.7764 -0.6302
vn -0.0000 0.7764 -0.6302
vn -1.0000 0.0000 0.0000
vn -1.0000 0.0000 0.0000
vn -1.0000 0.0000 0.0000
vn -1.0000 0.0000 0.0000
vn 1.0000 0.0000 0.0000
vn 1.0000 0.0000 0.0000
vn 1.0000 0.0000 0.0000
vn 1.0000 0.0000 0.0000
vn 0.0000 0.6333 -0.7739
vn -0.0000 1.0000 -0.0041
vn -0.0000 0.9991 -0.0431
vn 0.0000 0.8931 0.4499
vn -0.0000 0.8118 0.5840
vn 0.0000 0.8931 0.4499
vn -0.0000 0.8118 0.5840
vn -0.0000 0.8118 0.5840
vn 0.0000 0.9790 0.2040
vn -0.0000 0.7286 0.6849
vn -0.0000 0.7286 0.6849
vn 1.0000 0.0000 0.0000
vn 1.0000 0.0000 0.0000
vn -0.0000 -0.4730 0.8811
vn 0.0000 -0.5840 0.8118
vn 0.0000 -0.5840 0.8118
vn -0.0000 -0.4730 0.8811
vn 1.0000 0.0000 0.0000
vn 1.0000 0.0000 0.0000
vn 1.0000 0.0000 0.0000
vn 1.0000 0.0000 0.0000
vn 1.0000 0.0000 0.0000
vn 1.0000 0.0000 0.0000
vn 1.0000 0.0000 0.0000
vn 1.0000 0.0000 0.0000
vn 1.0000 0.0000 0.0000
vn 0.1033 -0.5059 0.8564
vn -0.0000 -0.8100 -0.5864
vn -0.0000 -0.8775 -0.4795
vn -0.0000 -0.8100 -0.5864
vn -0.0000 -0.8775 -0.4795
vn 0.0001 -0.9883 -0.1525
vn 0.0000 -0.9950 -0.1002
vn 0.0110 -0.9996 0.0258
vn 0.0110 -0.9996 0.0258
vn 0.0110 -0.9996 0.0258
vn 0.0110 -0.9996 0.0258
vn 0.0110 -0.9996 0.0258
vn 1.0000 0.0000 0.0000
vn 1.0000 0.0000 0.0000
vn 0.0001 -0.9913 0.1319
vn 1.0000 0.0000 0.0000
vn 1.0000 0.0000 0.0000
vn 1.0000 0.0000 0.0000
vn 0.0000 -0.6849 0.7286
vn 0.0000 -0.6849 0.7286
vn -0.0000 -0.8775 -0.4795
vn -0.0000 -0.8775 -0.4795
vn -1.0000 0.0000 0.0000
vn -1.0000 0.0000 0.0000
vn 1.0000 0.0000 0.0000
vn -0.0000 -0.0998 0.9950
vn -0.0000 -0.0998 0.9950
vn -0.0000 0.4111 0.9116
vn -0.0000 0.4111 0.9116
vn 0.0000 -0.9950 -0.1002
vn 0.0000 -0.9950 -0.1002
vn 0.0000 -0.9117 0.4109
vn 0.0000 -0.9117 0.4109
vn 1.0000 0.0000 0.0000
vn 1.0000 0.0000 0.0000
vn -1.0000 0.0000 0.0000
vn -1.0000 0.0000 0.0000
vn 1.0000 0.0000 0.0000
vn 1.0000 0.0000 0.0000
vn -1.0000 0.0000 0.0000
vn -1.0000 0.0000 0.0000
vn -0.0000 -0.8100 -0.5864
vn -0.0000 -0.8775 -0.4795
vn 0.0001 -0.9883 -0.1525
vn 0.0110 -0.9996 0.0258
vn 0.0001 -0.9883 -0.1525
vn 0.0001 -0.9913 0.1319
vn 0.0000 -0.8641 0.5034
vn 0.0000 -0.9197 -0.3926
vn 0.0000 -0.8581 -0.5135
vn -0.0000 -0.8100 -0.5864
f 5315/5315/5315 5316/5316/5316 5317/5317/5317
f 5315/5315/5315 5486/5486/5486 5316/5316/5316
f 5320/5320/5320 5316/5316/5316 5486/5486/5486
f 5320/5320/5320 5486/5486/5486 5318/5318/5318
f 5318/5318/5318 5497/5497/5497 5319/5319/5319
f 5318/5318/5318 5493/5493/5493 5497/5497/5497
f 5493/5493/5493 5494/5494/5494 5496/5496/5496
f 5493/5493/5493 5495/5495/5495 5494/5494/5494
f 5494/5494/5494 5495/5495/5495 5500/5500/5500
f 5500/5500/5500 5495/5495/5495 5492/5492/5492
f 5500/5500/5500 5492/5492/5492 5491/5491/5491
f 5491/5491/5491 5492/5492/5492 5490/5490/5490
f 5491/5491/5491 5490/5490/5490 5488/5488/5488
f 5487/5487/5487 5488/5488/5488 5490/5490/5490
f 5487/5487/5487 5489/5489/5489 5488/5488/5488
f 5312/5312/5312 5481/5481/5481 5456/5456/5456
f 5481/5481/5481 5312/5312/5312 5519/5519/5519
f 5481/5481/5481 5519/5519/5519 5520/5520/5520
f 5456/5456/5456 5457/5457/5457 5300/5300/5300
f 5456/5456/5456 5458/5458/5458 5457/5457/5457
f 5329/5329/5329 5458/5458/5458 5456/5456/5456
f 5329/5329/5329 5456/5456/5456 5510/5510/5510
f 5510/5510/5510 5523/5523/5523 5329/5329/5329
f 5510/5510/5510 5524/5524/5524 5523/5523/5523
f 5307/5307/5307 5471/5471/5471 5308/5308/5308
f 5307/5307/5307 5472/5472/5472 5471/5471/5471
f 5472/5472/5472 5313/5313/5313 5471/5471/5471
f 5472/5472/5472 5314/5314/5314 5313/5313/5313
f 5313/5313/5313 5314/5314/5314 5485/5485/5485
f 5313/5313/5313 5485/5485/5485 5483/5483/5483
f 5482/5482/5482 5483/5483/5483 5485/5485/5485
f 5482/5482/5482 5484/5484/5484 5483/5483/5483
f 5482/5482/5482 5480/5480/5480 5484/5484/5484
f 5482/5482/5482 5479/5479/5479 5480/5480/5480
f 5479/5479/5479 5477/5477/5477 5480/5480/5480
f 5479/5479/5479 5478/5478/5478 5477/5477/5477
f 5309/5309/5309 5477/5477/5477 5478/5478/5478
f 5309/5309/5309 5301/5301/5301 5477/5477/5477
f 5312/5312/5312 5301/5301/5301 5309/5309/5309
f 5312/5312/5312 5456/5456/5456 5301/5301/5301
f 5456/5456/5456 5459/5459/5459 5301/5301/5301
f 5456/5456/5456 5300/5300/5300 5459/5459/5459
f 5509/5509/5509 5522/5522/5522 5521/5521/5521
f 5509/5509/5509 5521/5521/5521 5327/5327/5327
f 5327/5327/5327 5453/5453/5453 5509/5509/5509
f 5327/5327/5327 5328/5328/5328 5299/5299/5299
f 5327/5327/5327 5299/5299/5299 5453/5453/5453
f 5299/5299/5299 5455/5455/5455 5453/5453/5453
f 5455/5455/5455 5298/5298/5298 5453/5453/5453
f 5298/5298/5298 5452/5452/5452 5453/5453/5453
f 5452/5452/5452 5454/5454/5454 5453/5453/5453
f 5326/5326/5326 5453/5453/5453 5454/5454/5454
f 5326/5326/5326 5508/5508/5508 5453/5453/5453
f 5525/5525/5525 5508/5508/5508 5326/5326/5326
f 5525/5525/5525 5526/5526/5526 5508/5508/5508
f 5292/5292/5292 5293/5293/5293 5295/5295/5295
f 5292/5292/5292 5294/5294/5294 5293/5293/5293
f 5334/5334/5334 5293/5293/5293 5294/5294/5294
f 5334/5334/5334 5294/5294/5294 5335/5335/5335
f 5289/5289/5289 5333/5333/5333 5332/5332/5332
f 5289/5289/5289 5332/5332/5332 5291/5291/5291
f 5288/5288/5288 5289/5289/5289 5291/5291/5291
f 5288/5288/5288 5290/5290/5290 5289/5289/5289
f 5531/5531/5531 5440/5440/5440 5432/5432/5432
f 5531/5531/5531 5534/5534/5534 5440/5440/5440
f 5530/5530/5530 5531/5531/5531 5432/5432/5432
f 5530/5530/5530 5432/5432/5432 5433/5433/5433
f 5431/5431/5431 5433/5433/5433 5432/5432/5432
f 5431/5431/5431 5432/5432/5432 5434/5434/5434
f 5432/5432/5432 5439/5439/5439 5434/5434/5434
f 5432/5432/5432 5440/5440/5440 5439/5439/5439
f 5440/5440/5440 5441/5441/5441 5439/5439/5439
f 5440/5440/5440 5442/5442/5442 5441/5441/5441
f 5534/5534/5534 5442/5442/5442 5440/5440/5440
f 5534/5534/5534 5535/5535/5535 5442/5442/5442
f 5425/5425/5425 5427/5427/5427 5426/5426/5426
f 5425/5425/5425 5426/5426/5426 5428/5428/5428
f 5428/5428/5428 5429/5429/5429 5425/5425/5425
f 5428/5428/5428 5430/5430/5430 5429/5429/5429
f 5435/5435/5435 5429/5429/5429 5430/5430/5430
f 5435/5435/5435 5430/5430/5430 5436/5436/5436
f 5435/5435/5435 5436/5436/5436 5437/5437/5437
f 5435/5435/5435 5437/5437/5437 5438/5438/5438
f 5435/5435/5435 5438/5438/5438 5533/5533/5533
f 5435/5435/5435 5533/5533/5533 5532/5532/5532
f 5529/5529/5529 5435/5435/5435 5532/5532/5532
f 5529/5529/5529 5429/5429/5429 5435/5435/5435
f 5425/5425/5425 5429/5429/5429 5529/5529/5529
f 5425/5425/5425 5529/5529/5529 5528/5528/5528
f 5527/5527/5527 5425/5425/5425 5528/5528/5528
f 5528/5528/5528 5536/5536/5536 5527/5527/5527
f 5527/5527/5527 5427/5427/5427 5425/5425/5425
f 5428/5428/5428 5426/5426/5426 5443/5443/5443
f 5284/5284/5284 5285/5285/5285 5287/5287/5287
f 5284/5284/5284 5286/5286/5286 5285/5285/5285
f 5330/5330/5330 5285/5285/5285 5286/5286/5286
f 5330/5330/5330 5286/5286/5286 5331/5331/5331
f 5401/5401/5401 5271/5271/5271 5279/5279/5279
f 5401/5401/5401 5391/5391/5391 5271/5271/5271
f 5391/5391/5391 5393/5393/5393 5392/5392/5392
f 5391/5391/5391 5392/5392/5392 5394/5394/5394
f 5392/5392/5392 5395/5395/5395 5394/5394/5394
f 5395/5395/5395 5390/5390/5390 5394/5394/5394
f 5395/5395/5395 5389/5389/5389 5390/5390/5390
f 5388/5388/5388 5390/5390/5390 5389/5389/5389
f 5388/5388/5388 5389/5389/5389 5385/5385/5385
f 5385/5385/5385 5386/5386/5386 5388/5388/5388
f 5385/5385/5385 5387/5387/5387 5386/5386/5386
f 5270/5270/5270 5271/5271/5271 5384/5384/5384
f 5270/5270/5270 5384/5384/5384 5268/5268/5268
f 5267/5267/5267 5268/5268/5268 5384/5384/5384
f 5267/5267/5267 5269/5269/5269 5268/5268/5268
f 5396/5396/5396 5274/5274/5274 5397/5397/5397
f 5396/5396/5396 5276/5276/5276 5274/5274/5274
f 5396/5396/5396 5275/5275/5275 5276/5276/5276
f 5396/5396/5396 5398/5398/5398 5275/5275/5275
f 5399/5399/5399 5398/5398/5398 5396/5396/5396
f 5399/5399/5399 5400/5400/5400 5398/5398/5398
f 5277/5277/5277 5400/5400/5400 5399/5399/5399
f 5277/5277/5277 5399/5399/5399 5278/5278/5278
f 5260/5260/5260 5261/5261/5261 5263/5263/5263
f 5260/5260/5260 5262/5262/5262 5261/5261/5261
f 5310/5310/5310 5261/5261/5261 5262/5262/5262
f 5310/5310/5310 5262/5262/5262 5311/5311/5311
f 5379/5379/5379 5418/5418/5418 5417/5417/5417
f 5379/5379/5379 5417/5417/5417 5264/5264/5264
f 5264/5264/5264 5348/5348/5348 5379/5379/5379
f 5421/5421/5421 5422/5422/5422 5408/5408/5408
f 5421/5421/5421 5408/5408/5408 5283/5283/5283
f 5348/5348/5348 5283/5283/5283 5408/5408/5408
f 5348/5348/5348 5349/5349/5349 5283/5283/5283
f 5348/5348/5348 5350/5350/5350 5349/5349/5349
f 5348/5348/5348 5248/5248/5248 5350/5350/5350
f 5348/5348/5348 5351/5351/5351 5248/5248/5248
f 5348/5348/5348 5249/5249/5249 5351/5351/5351
f 5264/5264/5264 5249/5249/5249 5348/5348/5348
f 5264/5264/5264 5259/5259/5259 5249/5249/5249
f 5375/5375/5375 5249/5249/5249 5259/5259/5259
f 5375/5375/5375 5259/5259/5259 5376/5376/5376
f 5375/5375/5375 5376/5376/5376 5377/5377/5377
f 5375/5375/5375 5377/5377/5377 5378/5378/5378
f 5378/5378/5378 5377/5377/5377 5381/5381/5381
f 5378/5378/5378 5381/5381/5381 5382/5382/5382
f 5380/5380/5380 5382/5382/5382 5381/5381/5381
f 5380/5380/5380 5381/5381/5381 5383/5383/5383
f 5383/5383/5383 5265/5265/5265 5380/5380/5380
f 5383/5383/5383 5266/5266/5266 5265/5265/5265
f 5265/5265/5265 5266/5266/5266 5370/5370/5370
f 5265/5265/5265 5370/5370/5370 5369/5369/5369
f 5257/5257/5257 5369/5369/5369 5370/5370/5370
f 5257/5257/5257 5258/5258/5258 5369/5369/5369
f 5281/5281/5281 5407/5407/5407 5345/5345/5345
f 5281/5281/5281 5419/5419/5419 5407/5407/5407
f 5281/5281/5281 5420/5420/5420 5419/5419/5419
f 5406/5406/5406 5424/5424/5424 5423/5423/5423
f 5406/5406/5406 5423/5423/5423 5280/5280/5280
f 5345/5345/5345 5406/5406/5406 5280/5280/5280
f 5345/5345/5345 5280/5280/5280 5344/5344/5344
f 5344/5344/5344 5346/5346/5346 5345/5345/5345
f 5346/5346/5346 5246/5246/5246 5345/5345/5345
f 5246/5246/5246 5347/5347/5347 5345/5345/5345
f 5347/5347/5347 5247/5247/5247 5345/5345/5345
f 5281/5281/5281 5345/5345/5345 5247/5247/5247
f 5281/5281/5281 5247/5247/5247 5282/5282/5282
f 5465/5465/5465 5463/5463/5463 5468/5468/5468
f 5463/5463/5463 5465/5465/5465 5464/5464/5464
f 5463/5463/5463 5464/5464/5464 5466/5466/5466
f 5466/5466/5466 5464/5464/5464 5469/5469/5469
f 5466/5466/5466 5469/5469/5469 5470/5470/5470
f 5513/5513/5513 5470/5470/5470 5469/5469/5469
f 5513/5513/5513 5469/5469/5469 5514/5514/5514
f 5513/5513/5513 5514/5514/5514 5511/5511/5511
f 5513/5513/5513 5511/5511/5511 5512/5512/5512
f 5476/5476/5476 5512/5512/5512 5511/5511/5511
f 5476/5476/5476 5511/5511/5511 5473/5473/5473
f 5473/5473/5473 5474/5474/5474 5476/5476/5476
f 5473/5473/5473 5475/5475/5475 5474/5474/5474
f 5474/5474/5474 5475/5475/5475 5504/5504/5504
f 5474/5474/5474 5504/5504/5504 5505/5505/5505
f 5517/5517/5517 5505/5505/5505 5504/5504/5504
f 5517/5517/5517 5504/5504/5504 5518/5518/5518
f 5517/5517/5517 5518/5518/5518 5515/5515/5515
f 5517/5517/5517 5515/5515/5515 5516/5516/5516
f 5506/5506/5506 5516/5516/5516 5515/5515/5515
f 5506/5506/5506 5515/5515/5515 5507/5507/5507
f 5506/5506/5506 5507/5507/5507 5446/5446/5446
f 5506/5506/5506 5446/5446/5446 5444/5444/5444
f 5444/5444/5444 5446/5446/5446 5445/5445/5445
f 5444/5444/5444 5445/5445/5445 5447/5447/5447
f 5445/5445/5445 5296/5296/5296 5447/5447/5447
f 5445/5445/5445 5297/5297/5297 5296/5296/5296
f 5297/5297/5297 5448/5448/5448 5296/5296/5296
f 5297/5297/5297 5449/5449/5449 5448/5448/5448
f 5448/5448/5448 5449/5449/5449 5450/5450/5450
f 5448/5448/5448 5450/5450/5450 5451/5451/5451
f 5468/5468/5468 5461/5461/5461 5360/5360/5360
f 5468/5468/5468 5360/5360/5360 5365/5365/5365
f 5465/5465/5465 5468/5468/5468 5365/5365/5365
f 5465/5465/5465 5365/5365/5365 5363/5363/5363
f 5467/5467/5467 5465/5465/5465 5363/5363/5363
f 5467/5467/5467 5363/5363/5363 5364/5364/5364
f 5362/5362/5362 5364/5364/5364 5363/5363/5363
f 5362/5362/5362 5363/5363/5363 5355/5355/5355
f 5355/5355/5355 5363/5363/5363 5365/5365/5365
f 5371/5371/5371 5373/5373/5373 5372/5372/5372
f 5371/5371/5371 5372/5372/5372 5374/5374/5374
f 5374/5374/5374 5409/5409/5409 5371/5371/5371
f 5374/5374/5374 5410/5410/5410 5409/5409/5409
f 5410/5410/5410 5411/5411/5411 5409/5409/5409
f 5410/5410/5410 5412/5412/5412 5411/5411/5411
f 5411/5411/5411 5412/5412/5412 5367/5367/5367
f 5411/5411/5411 5367/5367/5367 5368/5368/5368
f 5354/5354/5354 5368/5368/5368 5367/5367/5367
f 5354/5354/5354 5367/5367/5367 5353/5353/5353
f 5352/5352/5352 5354/5354/5354 5353/5353/5353
f 5352/5352/5352 5353/5353/5353 5355/5355/5355
f 5355/5355/5355 5366/5366/5366 5352/5352/5352
f 5355/5355/5355 5365/5365/5365 5366/5366/5366
f 5365/5365/5365 5358/5358/5358 5366/5366/5366
f 5365/5365/5365 5360/5360/5360 5358/5358/5358
f 5358/5358/5358 5360/5360/5360 5359/5359/5359
f 5461/5461/5461 5359/5359/5359 5360/5360/5360
f 5461/5461/5461 5462/5462/5462 5359/5359/5359
f 5462/5462/5462 5252/5252/5252 5359/5359/5359
f 5462/5462/5462 5303/5303/5303 5252/5252/5252
f 5303/5303/5303 5356/5356/5356 5252/5252/5252
f 5303/5303/5303 5460/5460/5460 5356/5356/5356
f 5302/5302/5302 5356/5356/5356 5460/5460/5460
f 5302/5302/5302 5251/5251/5251 5356/5356/5356
f 5356/5356/5356 5251/5251/5251 5250/5250/5250
f 5356/5356/5356 5250/5250/5250 5357/5357/5357
f 5253/5253/5253 5356/5356/5356 5357/5357/5357
f 5253/5253/5253 5252/5252/5252 5356/5356/5356
f 5361/5361/5361 5252/5252/5252 5253/5253/5253
f 5361/5361/5361 5359/5359/5359 5252/5252/5252
f 5358/5358/5358 5359/5359/5359 5361/5361/5361
f 5304/5304/5304 5306/5306/5306 5305/5305/5305
f 5304/5304/5304 5272/5272/5272 5306/5306/5306
f 5304/5304/5304 5273/5273/5273 5272/5272/5272
f 5272/5272/5272 5273/5273/5273 5254/5254/5254
f 5272/5272/5272 5254/5254/5254 5255/5255/5255
f 5254/5254/5254 5256/5256/5256 5255/5255/5255
f 5342/5342/5342 5343/5343/5343 5340/5340/5340
f 5342/5342/5342 5340/5340/5340 5341/5341/5341
f 5340/5340/5340 5244/5244/5244 5341/5341/5341
f 5340/5340/5340 5245/5245/5245 5244/5244/5244
f 5244/5244/5244 5245/5245/5245 5336/5336/5336
f 5244/5244/5244 5336/5336/5336 5339/5339/5339
f 5336/5336/5336 5337/5337/5337 5339/5339/5339
f 5336/5336/5336 5338/5338/5338 5337/5337/5337
f 5337/5337/5337 5338/5338/5338 5404/5404/5404
f 5337/5337/5337 5404/5404/5404 5405/5405/5405
f 5404/5404/5404 5413/5413/5413 5405/5405/5405
f 5404/5404/5404 5414/5414/5414 5413/5413/5413
f 5413/5413/5413 5414/5414/5414 5415/5415/5415
f 5413/5413/5413 5415/5415/5415 5416/5416/5416
f 5416/5416/5416 5415/5415/5415 5402/5402/5402
f 5416/5416/5416 5402/5402/5402 5403/5403/5403
f 5373/5373/5373 5403/5403/5403 5402/5402/5402
f 5373/5373/5373 5402/5402/5402 5372/5372/5372
f 5324/5324/5324 5325/5325/5325 5502/5502/5502
f 5324/5324/5324 5502/5502/5502 5503/5503/5503
f 5502/5502/5502 5499/5499/5499 5503/5503/5503
f 5502/5502/5502 5498/5498/5498 5499/5499/5499
f 5498/5498/5498 5323/5323/5323 5499/5499/5499
f 5498/5498/5498 5321/5321/5321 5323/5323/5323
f 5498/5498/5498 5322/5322/5322 5321/5321/5321
f 5498/5498/5498 5501/5501/5501 5322/5322/5322
o backpiston
v -2.1096 -13.6268 -23.6495
v -2.1096 -26.9268 -0.2083
v -0.6580 -13.2885 -23.4576
v -0.6580 -26.5885 -0.0163
v -1.0470 -14.5511 -24.1739
v -1.0470 -27.8510 -0.7327
v -2.1096 -13.6268 -23.6495
v -2.1096 -26.9268 -0.2083
v -2.6140 -13.4152 -25.3188
v 0.0709 -13.4152 -25.3188
v 0.0709 -14.9683 -24.8920
v -2.6140 -14.9683 -24.8920
v 0.0709 -15.3752 -23.3335
v -2.6140 -15.3752 -23.3335
v 0.0709 -14.2290 -22.2019
v -2.6140 -14.2290 -22.2019
v -2.6140 -12.6759 -22.6287
v 0.0709 -12.6759 -22.6287
v 0.0709 -12.2690 -24.1871
v -2.6140 -12.2690 -24.1871
v 0.0709 -13.4152 -25.3188
v -2.6140 -13.4152 -25.3188
v 0.0709 -13.8221 -23.7603
v 0.0709 -13.4152 -25.3188
v 0.0709 -14.9683 -24.8920
v 0.0709 -15.3752 -23.3335
v 0.0709 -14.2290 -22.2019
v 0.0709 -12.6759 -22.6287
v 0.0709 -12.2690 -24.1871
v -2.6140 -13.8221 -23.7603
v -2.6140 -13.4152 -25.3188
v -2.6140 -14.9683 -24.8920
v -2.6140 -15.3752 -23.3335
v -2.6140 -14.2290 -22.2019
v -2.6140 -12.6759 -22.6287
v -2.6140 -12.2690 -24.1871
v 1.4529 -23.7974 -6.7371
v 1.4535 -32.2083 8.0871
v -0.1488 -34.1394 6.9915
v -0.1494 -25.7285 -7.8327
v -2.8727 -33.8980 7.1286
v -2.8733 -25.4871 -7.6956
v -3.9949 -23.3147 -6.4630
v -3.9943 -31.7255 8.3612
v -2.3919 -29.7945 9.4568
v -2.3925 -21.3836 -5.3674
v 0.3320 -30.0359 9.3197
v 0.3314 -21.6250 -5.5045
v 1.4535 -32.2083 8.0871
v 1.4529 -23.7974 -6.7371
v 1.4529 -23.7974 -6.7371
v -1.2710 -23.5561 -6.6001
v -0.1494 -25.7285 -7.8327
v -2.8733 -25.4871 -7.6956
v -3.9949 -23.3147 -6.4630
v -2.3925 -21.3836 -5.3674
v 0.3314 -21.6250 -5.5045
v -1.4961 -26.3932 0.0945
v -1.4961 -13.0932 -23.3467
v -0.4335 -27.3174 -0.4299
v -0.4335 -14.0174 -23.8711
v -1.8851 -27.6557 -0.6219
v -1.8851 -14.3557 -24.0631
v 0.0709 -14.2489 -25.3134
v -2.6140 -14.2489 -25.3134
v 0.0709 -15.3805 -24.1673
v -2.6140 -15.3805 -24.1673
v 0.0709 -14.9537 -22.6142
v -2.6140 -14.9537 -22.6142
v 0.0709 -13.3953 -22.2072
v -2.6140 -13.3953 -22.2072
v 0.0709 -12.2637 -23.3534
v -2.6140 -12.2637 -23.3534
v 0.0709 -12.6905 -24.9065
v -2.6140 -12.6905 -24.9065
v 0.0709 -14.2489 -25.3134
v 0.0709 -15.3805 -24.1673
v 0.0709 -14.9537 -22.6142
v 0.0709 -13.3953 -22.2072
v 0.0709 -12.2637 -23.3534
v 0.0709 -12.6905 -24.9065
v -2.6140 -14.2489 -25.3134
v -2.6140 -15.3805 -24.1673
v -2.6140 -14.9537 -22.6142
v -2.6140 -13.3953 -22.2072
v -2.6140 -12.2637 -23.3534
v -2.6140 -12.6905 -24.9065
v 0.9498 -33.3605 7.4333
v 0.9492 -24.9497 -7.3909
v 1.2883 -24.4024 -7.0804
v 0.4588 -25.4020 -7.6475
v -1.5480 -34.3361 6.8799
v -1.5486 -25.9252 -7.9442
v -0.8341 -25.9070 -7.9339
v -2.2441 -25.7820 -7.8630
v -3.7681 -32.9424 7.6707
v -3.7687 -24.5316 -7.1534
v -3.3934 -25.0606 -7.4536
v -3.9739 -23.9361 -6.8156
v -3.4905 -30.5733 9.0149
v -3.4911 -22.1624 -5.8093
v -3.8302 -22.7097 -6.1198
v -3.0008 -21.7101 -5.5527
v -0.9928 -29.5978 9.5683
v -0.9934 -21.1869 -5.2559
v -1.7078 -21.2052 -5.2662
v -0.2978 -21.3301 -5.3372
v 1.2274 -30.9914 8.7775
v 1.2268 -22.5805 -6.0467
v 0.8514 -22.0515 -5.7465
v 1.4320 -23.1760 -6.3846
v 1.2883 -24.4024 -7.0804
v 0.9492 -24.9497 -7.3909
v 0.4588 -25.4020 -7.6475
v -0.8341 -25.9070 -7.9339
v -1.5486 -25.9252 -7.9442
v -2.2441 -25.7820 -7.8630
v -3.3934 -25.0606 -7.4536
v -3.7687 -24.5316 -7.1534
v -3.9739 -23.9361 -6.8156
v -3.8302 -22.7097 -6.1198
v -3.4911 -22.1624 -5.8093
v -3.0008 -21.7101 -5.5527
v -1.7078 -21.2052 -5.2662
v -0.9934 -21.1869 -5.2559
v -0.2978 -21.3301 -5.3372
v 0.8514 -22.0515 -5.7465
v 1.2268 -22.5805 -6.0467
v 1.4320 -23.1760 -6.3846
vt 0.1683 0.4744
vt 0.1683 0.3946
vt 0.1755 0.4744
vt 0.1755 0.3946
vt 0.1826 0.4744
vt 0.1826 0.3946
vt 0.1897 0.4744
vt 0.1897 0.3946
vt 0.0774 0.4778
vt 0.0774 0.4657
vt 0.0860 0.4657
vt 0.0860 0.4778
vt 0.0946 0.4657
vt 0.0946 0.4778
vt 0.1032 0.4657
vt 0.1032 0.4778
vt 0.1119 0.4778
vt 0.1119 0.4657
vt 0.1205 0.4657
vt 0.1205 0.4778
vt 0.1291 0.4657
vt 0.1291 0.4778
vt 0.0878 0.4885
vt 0.0954 0.4868
vt 0.0898 0.4812
vt 0.0822 0.4832
vt 0.0801 0.4909
vt 0.0857 0.4965
vt 0.0934 0.4944
vt 0.0878 0.4885
vt 0.0955 0.4867
vt 0.0899 0.4811
vt 0.0822 0.4832
vt 0.0802 0.4908
vt 0.0858 0.4964
vt 0.0934 0.4944
vt 0.3529 0.6538
vt 0.3529 0.5850
vt 0.3650 0.5850
vt 0.3650 0.6538
vt 0.3771 0.5850
vt 0.3771 0.6538
vt 0.3893 0.6538
vt 0.3893 0.5850
vt 0.4014 0.5850
vt 0.4014 0.6538
vt 0.4135 0.5850
vt 0.4135 0.6538
vt 0.4256 0.5850
vt 0.4256 0.6538
vt 0.3004 0.6674
vt 0.2881 0.6636
vt 0.2914 0.6764
vt 0.2791 0.6731
vt 0.2758 0.6608
vt 0.2848 0.6518
vt 0.2971 0.6551
vt 0.1719 0.3946
vt 0.1719 0.4744
vt 0.1790 0.3946
vt 0.1790 0.4744
vt 0.1862 0.3946
vt 0.1862 0.4744
vt 0.0817 0.4657
vt 0.0817 0.4778
vt 0.0903 0.4657
vt 0.0903 0.4778
vt 0.0989 0.4657
vt 0.0989 0.4778
vt 0.1076 0.4657
vt 0.1076 0.4778
vt 0.1162 0.4657
vt 0.1162 0.4778
vt 0.1248 0.4657
vt 0.1248 0.4778
vt 0.0934 0.4832
vt 0.0857 0.4812
vt 0.0801 0.4868
vt 0.0822 0.4944
vt 0.0898 0.4965
vt 0.0954 0.4909
vt 0.0934 0.4832
vt 0.0858 0.4811
vt 0.0802 0.4867
vt 0.0822 0.4944
vt 0.0899 0.4964
vt 0.0955 0.4908
vt 0.3589 0.5850
vt 0.3589 0.6538
vt 0.3559 0.6538
vt 0.3620 0.6538
vt 0.3711 0.5850
vt 0.3711 0.6538
vt 0.3680 0.6538
vt 0.3741 0.6538
vt 0.3832 0.5850
vt 0.3832 0.6538
vt 0.3802 0.6538
vt 0.3862 0.6538
vt 0.3953 0.5850
vt 0.3953 0.6538
vt 0.3923 0.6538
vt 0.3984 0.6538
vt 0.4074 0.5850
vt 0.4074 0.6538
vt 0.4044 0.6538
vt 0.4105 0.6538
vt 0.4196 0.5850
vt 0.4196 0.6538
vt 0.4165 0.6538
vt 0.4226 0.6538
vt 0.2991 0.6704
vt 0.2971 0.6731
vt 0.2944 0.6751
vt 0.2881 0.6768
vt 0.2848 0.6764
vt 0.2817 0.6751
vt 0.2770 0.6704
vt 0.2758 0.6674
vt 0.2753 0.6641
vt 0.2770 0.6577
vt 0.2791 0.6551
vt 0.2817 0.6530
vt 0.2881 0.6513
vt 0.2914 0.6518
vt 0.2944 0.6530
vt 0.2991 0.6577
vt 0.3004 0.6608
vt 0.3008 0.6641
vn -0.9659 0.2251 0.1277
vn -0.9659 0.2251 0.1277
vn 0.7071 0.6150 0.3489
vn 0.7071 0.6150 0.3489
vn 0.2588 -0.8401 -0.4767
vn 0.2588 -0.8401 -0.4767
vn -0.9659 0.2251 0.1277
vn -0.9659 0.2251 0.1277
vn -0.0000 0.2526 -0.9676
vn -0.0000 0.2526 -0.9676
vn -0.0000 -0.7116 -0.7026
vn -0.0000 -0.7116 -0.7026
vn -0.0000 -0.9643 0.2650
vn -0.0000 -0.9643 0.2650
vn 0.0000 -0.2526 0.9676
vn 0.0000 -0.2526 0.9676
vn 0.0000 0.7116 0.7026
vn 0.0000 0.7116 0.7026
vn 0.0000 0.9643 -0.2650
vn 0.0000 0.9643 -0.2650
vn -0.0000 0.2526 -0.9676
vn -0.0000 0.2526 -0.9676
vn 1.0000 -0.0000 -0.0000
vn 1.0000 -0.0000 -0.0000
vn 1.0000 -0.0000 -0.0000
vn 1.0000 -0.0000 -0.0000
vn 1.0000 -0.0000 -0.0000
vn 1.0000 -0.0000 -0.0000
vn 1.0000 -0.0000 -0.0000
vn -1.0000 0.0000 -0.0000
vn -1.0000 0.0000 -0.0000
vn -1.0000 0.0000 -0.0000
vn -1.0000 0.0000 -0.0000
vn -1.0000 0.0000 -0.0000
vn -1.0000 0.0000 -0.0000
vn -1.0000 0.0000 -0.0000
vn 0.9948 -0.0896 -0.0476
vn 0.9948 -0.0896 -0.0476
vn 0.4096 -0.7948 -0.4477
vn 0.4096 -0.7948 -0.4477
vn -0.5852 -0.7067 -0.3977
vn -0.5852 -0.7067 -0.3977
vn -0.9948 0.0868 0.0525
vn -0.9948 0.0868 0.0525
vn -0.4096 0.7920 0.4527
vn -0.4096 0.7920 0.4527
vn 0.5852 0.7039 0.4026
vn 0.5852 0.7039 0.4026
vn 0.9948 -0.0896 -0.0476
vn 0.9948 -0.0896 -0.0476
vn -0.0000 0.4935 -0.8698
vn -0.0000 0.4935 -0.8698
vn -0.0000 0.4935 -0.8698
vn -0.0000 0.4935 -0.8698
vn -0.0000 0.4935 -0.8698
vn -0.0000 0.4935 -0.8698
vn -0.0000 0.4935 -0.8698
vn -0.2588 0.8401 0.4767
vn -0.2588 0.8401 0.4767
vn 0.9659 -0.2251 -0.1277
vn 0.9659 -0.2251 -0.1277
vn -0.7071 -0.6150 -0.3489
vn -0.7071 -0.6150 -0.3489
vn -0.0000 -0.2650 -0.9643
vn -0.0000 -0.2650 -0.9643
vn -0.0000 -0.9676 -0.2526
vn -0.0000 -0.9676 -0.2526
vn -0.0000 -0.7026 0.7116
vn -0.0000 -0.7026 0.7116
vn 0.0000 0.2650 0.9643
vn 0.0000 0.2650 0.9643
vn 0.0000 0.9676 0.2526
vn 0.0000 0.9676 0.2526
vn 0.0000 0.7026 -0.7116
vn 0.0000 0.7026 -0.7116
vn 1.0000 -0.0000 -0.0000
vn 1.0000 -0.0000 -0.0000
vn 1.0000 -0.0000 -0.0000
vn 1.0000 -0.0000 -0.0000
vn 1.0000 -0.0000 -0.0000
vn 1.0000 -0.0000 -0.0000
vn -1.0000 0.0000 -0.0000
vn -1.0000 0.0000 -0.0000
vn -1.0000 0.0000 -0.0000
vn -1.0000 0.0000 -0.0000
vn -1.0000 0.0000 -0.0000
vn -1.0000 0.0000 -0.0000
vn 0.8109 -0.5104 -0.2864
vn 0.8109 -0.5104 -0.2864
vn 0.9347 -0.3105 -0.1730
vn 0.6318 -0.6755 -0.3802
vn -0.1014 -0.8667 -0.4885
vn -0.1014 -0.8667 -0.4885
vn 0.1596 -0.8600 -0.4848
vn -0.3554 -0.8143 -0.4589
vn -0.9123 -0.3577 -0.1996
vn -0.9123 -0.3577 -0.1996
vn -0.7752 -0.5509 -0.3094
vn -0.9872 -0.1401 -0.0763
vn -0.8109 0.5076 0.2913
vn -0.8109 0.5076 0.2913
vn -0.9347 0.3078 0.1778
vn -0.6318 0.6728 0.3849
vn 0.1014 0.8639 0.4934
vn 0.1014 0.8639 0.4934
vn -0.1596 0.8573 0.4895
vn 0.3554 0.8116 0.4636
vn 0.9123 0.3549 0.2046
vn 0.9123 0.3549 0.2046
vn 0.7752 0.5481 0.3141
vn 0.9872 0.1374 0.0811
vn -0.0000 0.4935 -0.8698
vn -0.0000 0.4935 -0.8698
vn -0.0000 0.4935 -0.8698
vn -0.0000 0.4935 -0.8698
vn -0.0000 0.4935 -0.8698
vn -0.0000 0.4935 -0.8698
vn -0.0000 0.4935 -0.8698
vn -0.0000 0.4935 -0.8698
vn -0.0000 0.4935 -0.8698
vn -0.0000 0.4935 -0.8698
vn -0.0000 0.4935 -0.8698
vn -0.0000 0.4935 -0.8698
vn -0.0000 0.4935 -0.8698
vn -0.0000 0.4935 -0.8698
vn -0.0000 0.4935 -0.8698
vn -0.0000 0.4935 -0.8698
vn -0.0000 0.4935 -0.8698
vn -0.0000 0.4935 -0.8698
f 5661/5661/5661 5662/5662/5662 5588/5588/5588
f 5662/5662/5662 5593/5593/5593 5588/5588/5588
f 5593/5593/5593 5663/5663/5663 5588/5588/5588
f 5663/5663/5663 5664/5664/5664 5588/5588/5588
f 5664/5664/5664 5665/5665/5665 5588/5588/5588
f 5665/5665/5665 5587/5587/5587 5588/5588/5588
f 5587/5587/5587 5648/5648/5648 5588/5588/5588
f 5648/5648/5648 5649/5649/5649 5588/5588/5588
f 5649/5649/5649 5650/5650/5650 5588/5588/5588
f 5650/5650/5650 5589/5589/5589 5588/5588/5588
f 5589/5589/5589 5651/5651/5651 5588/5588/5588
f 5651/5651/5651 5652/5652/5652 5588/5588/5588
f 5652/5652/5652 5653/5653/5653 5588/5588/5588
f 5653/5653/5653 5590/5590/5590 5588/5588/5588
f 5590/5590/5590 5654/5654/5654 5588/5588/5588
f 5654/5654/5654 5655/5655/5655 5588/5588/5588
f 5655/5655/5655 5656/5656/5656 5588/5588/5588
f 5656/5656/5656 5591/5591/5591 5588/5588/5588
f 5591/5591/5591 5657/5657/5657 5588/5588/5588
f 5657/5657/5657 5658/5658/5658 5588/5588/5588
f 5658/5658/5658 5659/5659/5659 5588/5588/5588
f 5659/5659/5659 5592/5592/5592 5588/5588/5588
f 5592/5592/5592 5660/5660/5660 5588/5588/5588
f 5660/5660/5660 5661/5661/5661 5588/5588/5588
f 5584/5584/5584 5645/5645/5645 5646/5646/5646
f 5641/5641/5641 5584/5584/5584 5643/5643/5643
f 5582/5582/5582 5641/5641/5641 5642/5642/5642
f 5645/5645/5645 5586/5586/5586 5647/5647/5647
f 5645/5645/5645 5585/5585/5585 5586/5586/5586
f 5645/5645/5645 5644/5644/5644 5585/5585/5585
f 5584/5584/5584 5644/5644/5644 5645/5645/5645
f 5584/5584/5584 5583/5583/5583 5644/5644/5644
f 5641/5641/5641 5583/5583/5583 5584/5584/5584
f 5641/5641/5641 5640/5640/5640 5583/5583/5583
f 5582/5582/5582 5640/5640/5640 5641/5641/5641
f 5582/5582/5582 5581/5581/5581 5640/5640/5640
f 5637/5637/5637 5581/5581/5581 5582/5582/5582
f 5637/5637/5637 5636/5636/5636 5581/5581/5581
f 5579/5579/5579 5636/5636/5636 5637/5637/5637
f 5579/5579/5579 5580/5580/5580 5636/5636/5636
f 5579/5579/5579 5632/5632/5632 5580/5580/5580
f 5637/5637/5637 5582/5582/5582 5639/5639/5639
f 5579/5579/5579 5637/5637/5637 5638/5638/5638
f 5579/5579/5579 5635/5635/5635 5633/5633/5633
f 5579/5579/5579 5633/5633/5633 5632/5632/5632
f 5578/5578/5578 5632/5632/5632 5633/5633/5633
f 5578/5578/5578 5577/5577/5577 5632/5632/5632
f 5629/5629/5629 5577/5577/5577 5578/5578/5578
f 5629/5629/5629 5628/5628/5628 5577/5577/5577
f 5576/5576/5576 5628/5628/5628 5629/5629/5629
f 5576/5576/5576 5575/5575/5575 5628/5628/5628
f 5625/5625/5625 5575/5575/5575 5576/5576/5576
f 5625/5625/5625 5624/5624/5624 5575/5575/5575
f 5573/5573/5573 5624/5624/5624 5625/5625/5625
f 5573/5573/5573 5574/5574/5574 5624/5624/5624
f 5578/5578/5578 5633/5633/5633 5634/5634/5634
f 5573/5573/5573 5625/5625/5625 5626/5626/5626
f 5629/5629/5629 5578/5578/5578 5631/5631/5631
f 5625/5625/5625 5576/5576/5576 5627/5627/5627
f 5576/5576/5576 5629/5629/5629 5630/5630/5630
f 5566/5566/5566 5567/5567/5567 5618/5618/5618
f 5566/5566/5566 5623/5623/5623 5567/5567/5567
f 5566/5566/5566 5572/5572/5572 5623/5623/5623
f 5566/5566/5566 5622/5622/5622 5572/5572/5572
f 5566/5566/5566 5571/5571/5571 5622/5622/5622
f 5566/5566/5566 5621/5621/5621 5571/5571/5571
f 5566/5566/5566 5570/5570/5570 5621/5621/5621
f 5566/5566/5566 5620/5620/5620 5570/5570/5570
f 5566/5566/5566 5569/5569/5569 5620/5620/5620
f 5566/5566/5566 5619/5619/5619 5569/5569/5569
f 5566/5566/5566 5568/5568/5568 5619/5619/5619
f 5566/5566/5566 5618/5618/5618 5568/5568/5568
f 5543/5543/5543 5598/5598/5598 5544/5544/5544
f 5543/5543/5543 5599/5599/5599 5598/5598/5598
f 5541/5541/5541 5598/5598/5598 5599/5599/5599
f 5541/5541/5541 5542/5542/5542 5598/5598/5598
f 5541/5541/5541 5596/5596/5596 5542/5542/5542
f 5541/5541/5541 5597/5597/5597 5596/5596/5596
f 5539/5539/5539 5596/5596/5596 5597/5597/5597
f 5539/5539/5539 5540/5540/5540 5596/5596/5596
f 5539/5539/5539 5594/5594/5594 5540/5540/5540
f 5539/5539/5539 5595/5595/5595 5594/5594/5594
f 5537/5537/5537 5594/5594/5594 5595/5595/5595
f 5537/5537/5537 5538/5538/5538 5594/5594/5594
f 5612/5612/5612 5560/5560/5560 5559/5559/5559
f 5560/5560/5560 5617/5617/5617 5559/5559/5559
f 5617/5617/5617 5565/5565/5565 5559/5559/5559
f 5565/5565/5565 5616/5616/5616 5559/5559/5559
f 5616/5616/5616 5564/5564/5564 5559/5559/5559
f 5564/5564/5564 5615/5615/5615 5559/5559/5559
f 5615/5615/5615 5563/5563/5563 5559/5559/5559
f 5563/5563/5563 5614/5614/5614 5559/5559/5559
f 5614/5614/5614 5562/5562/5562 5559/5559/5559
f 5562/5562/5562 5613/5613/5613 5559/5559/5559
f 5613/5613/5613 5561/5561/5561 5559/5559/5559
f 5561/5561/5561 5612/5612/5612 5559/5559/5559
f 5548/5548/5548 5602/5602/5602 5603/5603/5603
f 5548/5548/5548 5547/5547/5547 5602/5602/5602
f 5601/5601/5601 5547/5547/5547 5548/5548/5548
f 5601/5601/5601 5600/5600/5600 5547/5547/5547
f 5545/5545/5545 5600/5600/5600 5601/5601/5601
f 5545/5545/5545 5546/5546/5546 5600/5600/5600
f 5611/5611/5611 5557/5557/5557 5558/5558/5558
f 5611/5611/5611 5610/5610/5610 5557/5557/5557
f 5556/5556/5556 5610/5610/5610 5611/5611/5611
f 5556/5556/5556 5555/5555/5555 5610/5610/5610
f 5609/5609/5609 5555/5555/5555 5556/5556/5556
f 5609/5609/5609 5608/5608/5608 5555/5555/5555
f 5553/5553/5553 5608/5608/5608 5609/5609/5609
f 5553/5553/5553 5554/5554/5554 5608/5608/5608
f 5606/5606/5606 5554/5554/5554 5553/5553/5553
f 5606/5606/5606 5553/5553/5553 5607/5607/5607
f 5552/5552/5552 5606/5606/5606 5607/5607/5607
f 5552/5552/5552 5551/5551/5551 5606/5606/5606
f 5605/5605/5605 5551/5551/5551 5552/5552/5552
f 5605/5605/5605 5604/5604/5604 5551/5551/5551
f 5550/5550/5550 5604/5604/5604 5605/5605/5605
f 5550/5550/5550 5549/5549/5549 5604/5604/5604
f 5603/5603/5603 5549/5549/5549 5550/5550/5550
f 5603/5603/5603 5602/5602/5602 5549/5549/5549
o frontpiston
v -2.0308 -20.9753 30.3157
v -2.0272 -20.9690 32.1281
v -7.3307 -20.9795 30.3264
v -2.0308 -20.9753 30.3157
v -7.3271 -20.9732 32.1388
v -7.3307 -20.9795 30.3264
v -7.3271 -20.9732 32.1388
v -2.0673 -3.7947 13.1832
v -2.1228 -2.4517 13.6714
v -7.4216 -2.6459 13.6015
v -7.3661 -3.9890 13.1133
v -2.1958 -2.1931 13.6029
v -2.0605 -3.9371 13.2743
v -7.4867 -2.5773 13.4633
v -7.3514 -4.3213 13.1347
v -2.0396 -10.4877 30.1099
v -2.0393 -8.8586 30.8936
v -7.3395 -10.4919 30.1206
v -7.3392 -8.8628 30.9043
v -2.0374 -9.2925 31.6512
v -2.0389 -10.5347 30.4176
v -7.3373 -9.2967 31.6619
v -7.3388 -10.5390 30.4283
v -2.0360 -10.0471 32.0904
v -2.0389 -10.9264 30.2809
v -2.0390 -10.5061 30.4009
v -2.0353 -10.9202 32.0934
v -7.3358 -10.0513 32.1011
v -7.3388 -10.9307 30.2916
v -7.3351 -10.9244 32.1041
v -7.3389 -10.5103 30.4116
v -2.0272 -20.9690 32.1281
v -7.3271 -20.9732 32.1388
v -2.1228 -2.4517 13.6714
v -7.4216 -2.6459 13.6015
v -7.4867 -2.5773 13.4633
v -2.1958 -2.1931 13.6029
v -2.0393 -8.8586 30.8936
v -7.3392 -8.8628 30.9043
v -2.0374 -9.2925 31.6512
v -7.3373 -9.2967 31.6619
v -2.0360 -10.0471 32.0904
v -7.3389 -10.5103 30.4116
v -2.0389 -10.9264 30.2809
v -2.0390 -10.5061 30.4009
v -7.3388 -10.9307 30.2916
v -2.0389 -10.5347 30.4176
v -7.3389 -10.5103 30.4116
v -2.0390 -10.5061 30.4009
v -7.3388 -10.5390 30.4283
v -2.0396 -10.4877 30.1099
v -7.3388 -10.5390 30.4283
v -2.0389 -10.5347 30.4176
v -7.3395 -10.4919 30.1206
v -7.3514 -4.3213 13.1347
v -2.0605 -3.9371 13.2743
v -7.3661 -3.9890 13.1133
v -2.0673 -3.7947 13.1832
v -2.0308 -20.9753 30.3157
v -7.3307 -20.9795 30.3264
v -7.3358 -10.0513 32.1011
v -2.0353 -10.9202 32.0934
v -7.3351 -10.9244 32.1041
v -2.0272 -20.9690 32.1281
vt 0.8050 0.0997
vt 0.8059 0.0652
vt 0.8077 0.0781
vt 0.8104 0.0652
vt 0.8059 0.0781
vt 0.8077 0.0781
vt 0.8050 0.0824
vt 0.9573 0.0994
vt 0.9573 0.0953
vt 0.9573 0.0824
vt 0.9566 0.0783
vt 0.9552 0.0953
vt 0.9552 0.0996
vt 0.9552 0.0824
vt 0.9551 0.0782
vt 0.8358 0.0997
vt 0.8358 0.0953
vt 0.8361 0.0781
vt 0.8358 0.0824
vt 0.8337 0.0953
vt 0.8337 0.0994
vt 0.8337 0.0824
vt 0.8344 0.0782
vt 0.8316 0.0953
vt 0.8294 0.0997
vt 0.8316 0.0994
vt 0.8294 0.0953
vt 0.8316 0.0824
vt 0.8312 0.0780
vt 0.8294 0.0824
vt 0.8330 0.0782
vt 0.8050 0.0953
vt 0.8050 0.0824
vt 0.9573 0.0953
vt 0.9573 0.0824
vt 0.9552 0.0824
vt 0.9552 0.0953
vt 0.8358 0.0953
vt 0.8358 0.0824
vt 0.8337 0.0953
vt 0.8337 0.0824
vt 0.8316 0.0953
vt 0.8330 0.0782
vt 0.8348 0.0653
vt 0.8358 0.0653
vt 0.8312 0.0780
vt 0.8359 0.0653
vt 0.8330 0.0782
vt 0.8358 0.0653
vt 0.8344 0.0782
vt 0.8367 0.0653
vt 0.8344 0.0782
vt 0.8359 0.0653
vt 0.8361 0.0781
vt 0.9551 0.0782
vt 0.9549 0.0653
vt 0.9566 0.0783
vt 0.9552 0.0653
vt 0.8104 0.0652
vt 0.8077 0.0781
vt 0.8316 0.0824
vt 0.8294 0.0953
vt 0.8294 0.0824
vt 0.8050 0.0953
vn 1.0000 0.0008 -0.0020
vn 0.0008 -0.9997 0.0235
vn 0.0008 -0.9997 0.0235
vn 0.0008 -0.9997 0.0235
vn 0.0008 -0.9997 0.0235
vn -1.0000 -0.0008 0.0020
vn -1.0000 -0.0008 0.0020
vn 0.5985 -0.1935 0.7774
vn 0.5985 -0.1935 0.7774
vn -0.3994 0.2424 -0.8842
vn -0.3994 0.2424 -0.8842
vn 0.6588 -0.1701 0.7328
vn 0.6588 -0.1701 0.7328
vn -0.4696 0.2210 -0.8548
vn -0.4696 0.2210 -0.8548
vn 1.0000 0.0008 -0.0020
vn 1.0000 0.0008 -0.0020
vn -1.0000 -0.0008 0.0020
vn -1.0000 -0.0008 0.0020
vn 1.0000 0.0008 -0.0020
vn 1.0000 0.0008 -0.0020
vn -1.0000 -0.0008 0.0020
vn -1.0000 -0.0008 0.0020
vn 1.0000 0.0008 -0.0020
vn 1.0000 0.0008 -0.0020
vn 1.0000 0.0008 -0.0020
vn 1.0000 0.0008 -0.0020
vn -1.0000 -0.0008 0.0020
vn -1.0000 -0.0008 0.0020
vn -1.0000 -0.0008 0.0020
vn -1.0000 -0.0008 0.0020
vn 0.0020 0.0035 1.0000
vn 0.0020 0.0035 1.0000
vn 0.1156 0.8039 -0.5834
vn 0.1156 0.8039 -0.5834
vn 0.0102 0.6371 -0.7707
vn 0.0102 0.6371 -0.7707
vn -0.0192 0.9051 0.4247
vn -0.0192 0.9051 0.4247
vn 0.0009 0.7095 0.7047
vn 0.0009 0.7095 0.7047
vn 0.0017 0.2622 0.9650
vn -0.0022 0.2744 -0.9616
vn -0.0021 0.1368 -0.9906
vn -0.0022 0.2744 -0.9616
vn -0.0021 0.1368 -0.9906
vn 0.0013 0.5030 0.8643
vn 0.0013 0.5030 0.8643
vn 0.0013 0.5030 0.8643
vn 0.0013 0.5030 0.8643
vn 0.0196 -0.9673 -0.2529
vn 0.0005 -0.9885 -0.1511
vn 0.0005 -0.9885 -0.1511
vn 0.0196 -0.9673 -0.2529
vn 0.0399 -0.6596 -0.7505
vn 0.0399 -0.6596 -0.7505
vn 0.0318 -0.2290 -0.9729
vn 0.0318 -0.2290 -0.9729
vn -0.0020 -0.0035 -1.0000
vn -0.0020 -0.0035 -1.0000
vn 0.0017 0.2622 0.9650
vn 0.0020 0.0035 1.0000
vn 0.0020 0.0035 1.0000
vn 1.0000 0.0008 -0.0020
f 5670/5670/5670 5669/5669/5669 5667/5667/5667
f 5670/5670/5670 5668/5668/5668 5669/5669/5669
f 5678/5678/5678 5673/5673/5673 5674/5674/5674
f 5678/5678/5678 5674/5674/5674 5677/5677/5677
f 5682/5682/5682 5678/5678/5678 5677/5677/5677
f 5682/5682/5682 5681/5681/5681 5678/5678/5678
f 5686/5686/5686 5681/5681/5681 5682/5682/5682
f 5686/5686/5686 5682/5682/5682 5685/5685/5685
f 5689/5689/5689 5686/5686/5686 5685/5685/5685
f 5689/5689/5689 5691/5691/5691 5686/5686/5686
f 5692/5692/5692 5691/5691/5691 5689/5689/5689
f 5692/5692/5692 5690/5690/5690 5691/5691/5691
f 5666/5666/5666 5690/5690/5690 5692/5692/5692
f 5666/5666/5666 5692/5692/5692 5729/5729/5729
f 5700/5700/5700 5702/5702/5702 5699/5699/5699
f 5700/5700/5700 5701/5701/5701 5702/5702/5702
f 5702/5702/5702 5701/5701/5701 5704/5704/5704
f 5702/5702/5702 5704/5704/5704 5703/5703/5703
f 5704/5704/5704 5705/5705/5705 5703/5703/5703
f 5704/5704/5704 5706/5706/5706 5705/5705/5705
f 5706/5706/5706 5707/5707/5707 5705/5705/5705
f 5706/5706/5706 5726/5726/5726 5707/5707/5707
f 5726/5726/5726 5727/5727/5727 5707/5707/5707
f 5726/5726/5726 5728/5728/5728 5727/5727/5727
f 5727/5727/5727 5728/5728/5728 5698/5698/5698
f 5727/5727/5727 5698/5698/5698 5697/5697/5697
f 5712/5712/5712 5713/5713/5713 5715/5715/5715
f 5712/5712/5712 5714/5714/5714 5713/5713/5713
f 5676/5676/5676 5679/5679/5679 5675/5675/5675
f 5676/5676/5676 5680/5680/5680 5679/5679/5679
f 5680/5680/5680 5684/5684/5684 5679/5679/5679
f 5680/5680/5680 5683/5683/5683 5684/5684/5684
f 5684/5684/5684 5683/5683/5683 5688/5688/5688
f 5684/5684/5684 5688/5688/5688 5687/5687/5687
f 5688/5688/5688 5693/5693/5693 5687/5687/5687
f 5688/5688/5688 5696/5696/5696 5693/5693/5693
f 5696/5696/5696 5695/5695/5695 5693/5693/5693
f 5696/5696/5696 5694/5694/5694 5695/5695/5695
f 5694/5694/5694 5672/5672/5672 5695/5695/5695
f 5694/5694/5694 5671/5671/5671 5672/5672/5672
f 5722/5722/5722 5723/5723/5723 5721/5721/5721
f 5722/5722/5722 5721/5721/5721 5720/5720/5720
f 5716/5716/5716 5720/5720/5720 5721/5721/5721
f 5716/5716/5716 5719/5719/5719 5720/5720/5720
f 5716/5716/5716 5717/5717/5717 5719/5719/5719
f 5716/5716/5716 5718/5718/5718 5717/5717/5717
f 5724/5724/5724 5725/5725/5725 5711/5711/5711
f 5724/5724/5724 5711/5711/5711 5709/5709/5709
f 5708/5708/5708 5709/5709/5709 5711/5711/5711
f 5708/5708/5708 5710/5710/5710 5709/5709/5709
o glass
v 15.1423 -0.9388 33.2019
v 15.1423 -0.9388 -38.5720
v 6.9034 -0.9388 -52.8422
v 30.2133 -0.9388 -62.2133
v 30.2133 -0.9388 62.2133
v 9.3029 -0.9388 47.7052
v -17.8134 -0.9388 -38.5720
v -25.0074 -0.9388 -3.6099
v -17.8134 -0.9388 -3.6099
v -25.0074 -0.9388 33.2019
v -13.0155 -0.9388 41.8658
v -13.0155 -0.9388 33.2019
v -7.1761 -0.9388 47.7052
v -30.2133 -0.9388 62.2133
v -12.9871 -0.9388 -50.2236
v -5.6003 -0.9388 -54.4884
v -30.2133 -0.9388 -62.2133
v 7.4318 -0.7689 27.4760
v -10.0901 -0.7689 27.4760
v -12.1402 -0.7689 25.0480
v -14.5682 -0.7689 21.8838
v -16.0945 -0.7689 18.1991
v 13.4234 -0.7689 18.1991
v 9.4691 -0.7689 25.0480
v 11.8971 -0.7689 21.8838
v -14.5682 -0.7689 -46.0311
v 11.8971 -0.7689 -46.0311
v -1.3371 -0.7689 -53.6701
v -1.3340 -0.7689 -53.6701
v 13.9440 -0.7689 14.2448
v 7.5288 -0.7689 16.3533
v -16.6151 -0.7689 14.2448
v -10.2874 -0.7689 16.2658
v 15.1423 -0.9388 41.8658
v 12.9347 -0.9388 -46.8109
v 13.4320 -0.9388 45.9949
v -11.3052 -0.9388 45.9949
v -8.9761 -0.7689 -51.6232
v -5.2913 -0.7689 -53.1495
v -16.0945 -0.7689 -42.3463
v -12.1403 -0.7689 -49.1953
v 13.4234 -0.7689 -42.3463
v 6.3050 -0.7689 -51.6232
v 2.6202 -0.7689 -53.1495
v 9.4692 -0.7689 -49.1953
v 13.9440 -0.7689 -38.3921
v -16.6151 -0.7689 -38.3921
v 15.1423 -0.9388 -3.6099
v 14.5808 -0.9388 -42.8368
v 14.6978 -0.9388 44.1005
v 10.3161 -0.9388 -50.2236
v 2.9292 -0.9388 -54.4884
v 11.5376 -0.9388 47.2608
v -17.2519 -0.9388 -42.8368
v -12.5710 -0.9388 44.1005
v -9.4107 -0.9388 47.2608
v -1.3355 -0.9388 47.7052
v 0.0000 -0.9388 47.7052
v 0.0000 -0.9388 62.2133
v -15.6058 -0.9388 -46.8109
v -9.5745 -0.9388 -52.8422
v 0.0000 -0.9388 -62.2133
v -1.3355 -0.9388 -55.0498
v 0.0000 -0.9388 -54.8740
vt 0.7194 0.2376
vt 0.7194 0.8049
vt 0.5957 0.9177
vt 0.9458 0.9917
vt 0.9458 0.0083
vt 0.6317 0.1229
vt 0.2245 0.8049
vt 0.1164 0.5285
vt 0.2245 0.5285
vt 0.1164 0.2376
vt 0.2965 0.1691
vt 0.2965 0.2376
vt 0.3842 0.1229
vt 0.0383 0.0083
vt 0.2970 0.8970
vt 0.4079 0.9307
vt 0.0383 0.9917
vt 0.6036 0.2828
vt 0.3405 0.2828
vt 0.3097 0.3020
vt 0.2732 0.3270
vt 0.2503 0.3562
vt 0.6936 0.3562
vt 0.6342 0.3020
vt 0.6707 0.3270
vt 0.2732 0.8638
vt 0.6707 0.8638
vt 0.4719 0.9242
vt 0.4720 0.9242
vt 0.7014 0.3874
vt 0.6051 0.3707
vt 0.2425 0.3874
vt 0.3375 0.3714
vt 0.7194 0.1691
vt 0.6863 0.8700
vt 0.6937 0.1365
vt 0.3222 0.1365
vt 0.3572 0.9080
vt 0.4125 0.9201
vt 0.2503 0.8347
vt 0.3097 0.8888
vt 0.6936 0.8347
vt 0.5867 0.9080
vt 0.5314 0.9201
vt 0.6342 0.8888
vt 0.7014 0.8035
vt 0.2425 0.8035
vt 0.7194 0.5285
vt 0.7110 0.8386
vt 0.7127 0.1514
vt 0.6469 0.8970
vt 0.5360 0.9307
vt 0.6653 0.1264
vt 0.2329 0.8386
vt 0.3032 0.1514
vt 0.3507 0.1264
vt 0.4720 0.1229
vt 0.4920 0.1229
vt 0.4920 0.0083
vt 0.2576 0.8700
vt 0.3482 0.9177
vt 0.4920 0.9917
vt 0.4720 0.9351
vt 0.4920 0.9337
vn 0.0000 1.0000 0.0000
vn 0.0000 1.0000 0.0000
vn 0.0000 1.0000 0.0000
vn 0.0000 1.0000 0.0000
vn 0.0000 1.0000 0.0000
vn 0.0000 1.0000 0.0000
vn 0.0000 1.0000 0.0000
vn 0.0000 1.0000 0.0000
vn 0.0000 1.0000 0.0000
vn 0.0000 1.0000 0.0000
vn 0.0000 1.0000 0.0000
vn 0.0000 1.0000 0.0000
vn 0.0000 1.0000 0.0000
vn 0.0000 1.0000 0.0000
vn 0.0000 1.0000 0.0000
vn 0.0000 1.0000 0.0000
vn 0.0000 1.0000 0.0000
vn -0.0000 1.0000 0.0000
vn -0.0000 1.0000 0.0000
vn -0.0000 1.0000 0.0000
vn -0.0000 1.0000 0.0000
vn -0.0000 1.0000 0.0000
vn -0.0000 1.0000 0.0000
vn -0.0000 1.0000 0.0000
vn -0.0000 1.0000 0.0000
vn -0.0000 1.0000 0.0000
vn -0.0000 1.0000 0.0000
vn -0.0000 1.0000 0.0000
vn -0.0000 1.0000 0.0000
vn -0.0000 1.0000 0.0000
vn -0.0000 1.0000 0.0000
vn -0.0000 1.0000 0.0000
vn -0.0000 1.0000 0.0000
vn 0.0000 1.0000 0.0000
vn 0.0000 1.0000 0.0000
vn 0.0000 1.0000 0.0000
vn 0.0000 1.0000 0.0000
vn -0.0000 1.0000 0.0000
vn -0.0000 1.0000 0.0000
vn -0.0000 1.0000 0.0000
vn -0.0000 1.0000 0.0000
vn -0.0000 1.0000 0.0000
vn -0.0000 1.0000 0.0000
vn -0.0000 1.0000 0.0000
vn -0.0000 1.0000 0.0000
vn -0.0000 1.0000 0.0000
vn -0.0000 1.0000 0.0000
vn 0.0000 1.0000 0.0000
vn 0.0000 1.0000 0.0000
vn 0.0000 1.0000 0.0000
vn 0.0000 1.0000 0.0000
vn 0.0000 1.0000 0.0000
vn 0.0000 1.0000 0.0000
vn 0.0000 1.0000 0.0000
vn 0.0000 1.0000 0.0000
vn 0.0000 1.0000 0.0000
vn 0.0000 1.0000 0.0000
vn 0.0000 1.0000 0.0000
vn 0.0000 1.0000 0.0000
vn 0.0000 1.0000 0.0000
vn 0.0000 1.0000 0.0000
vn 0.0000 1.0000 0.0000
vn 0.0000 1.0000 0.0000
vn 0.0000 1.0000 0.0000
f 5774/5774/5774 5771/5771/5771 5756/5756/5756
f 5774/5774/5774 5772/5772/5772 5773/5773/5773
f 5774/5774/5774 5773/5773/5773 5758/5758/5758
f 5774/5774/5774 5758/5758/5758 5775/5775/5775
f 5774/5774/5774 5775/5775/5775 5771/5771/5771
f 5770/5770/5770 5768/5768/5768 5767/5767/5767
f 5770/5770/5770 5757/5757/5757 5768/5768/5768
f 5770/5770/5770 5776/5776/5776 5757/5757/5757
f 5776/5776/5776 5758/5758/5758 5757/5757/5757
f 5776/5776/5776 5775/5775/5775 5758/5758/5758
f 5776/5776/5776 5759/5759/5759 5775/5775/5775
f 5770/5770/5770 5769/5769/5769 5776/5776/5776
f 5770/5770/5770 5755/5755/5755 5769/5769/5769
f 5762/5762/5762 5749/5749/5749 5748/5748/5748
f 5762/5762/5762 5750/5750/5750 5749/5749/5749
f 5762/5762/5762 5751/5751/5751 5750/5750/5750
f 5762/5762/5762 5761/5761/5761 5751/5751/5751
f 5776/5776/5776 5761/5761/5761 5762/5762/5762
f 5776/5776/5776 5762/5762/5762 5760/5760/5760
f 5776/5776/5776 5760/5760/5760 5759/5759/5759
f 5760/5760/5760 5752/5752/5752 5759/5759/5759
f 5760/5760/5760 5754/5754/5754 5752/5752/5752
f 5760/5760/5760 5753/5753/5753 5754/5754/5754
f 5760/5760/5760 5747/5747/5747 5753/5753/5753
f 5743/5743/5743 5739/5739/5739 5746/5746/5746
f 5739/5739/5739 5737/5737/5737 5746/5746/5746
f 5738/5738/5738 5736/5736/5736 5737/5737/5737
f 5746/5746/5746 5737/5737/5737 5736/5736/5736
f 5783/5783/5783 5746/5746/5746 5736/5736/5736
f 5789/5789/5789 5746/5746/5746 5783/5783/5783
f 5744/5744/5744 5746/5746/5746 5789/5789/5789
f 5790/5790/5790 5746/5746/5746 5744/5744/5744
f 5745/5745/5745 5746/5746/5746 5790/5790/5790
f 5792/5792/5792 5746/5746/5746 5745/5745/5745
f 5791/5791/5791 5746/5746/5746 5792/5792/5792
f 5793/5793/5793 5791/5791/5791 5792/5792/5792
f 5791/5791/5791 5793/5793/5793 5733/5733/5733
f 5793/5793/5793 5781/5781/5781 5733/5733/5733
f 5781/5781/5781 5732/5732/5732 5733/5733/5733
f 5732/5732/5732 5780/5780/5780 5733/5733/5733
f 5780/5780/5780 5764/5764/5764 5733/5733/5733
f 5764/5764/5764 5778/5778/5778 5733/5733/5733
f 5733/5733/5733 5778/5778/5778 5734/5734/5734
f 5778/5778/5778 5731/5731/5731 5734/5734/5734
f 5731/5731/5731 5777/5777/5777 5734/5734/5734
f 5777/5777/5777 5730/5730/5730 5734/5734/5734
f 5730/5730/5730 5763/5763/5763 5734/5734/5734
f 5763/5763/5763 5779/5779/5779 5734/5734/5734
f 5765/5765/5765 5734/5734/5734 5779/5779/5779
f 5782/5782/5782 5734/5734/5734 5765/5765/5765
f 5735/5735/5735 5734/5734/5734 5782/5782/5782
f 5788/5788/5788 5734/5734/5734 5735/5735/5735
f 5787/5787/5787 5788/5788/5788 5735/5735/5735
f 5788/5788/5788 5787/5787/5787 5743/5743/5743
f 5787/5787/5787 5786/5786/5786 5743/5743/5743
f 5786/5786/5786 5742/5742/5742 5743/5743/5743
f 5742/5742/5742 5785/5785/5785 5743/5743/5743
f 5785/5785/5785 5766/5766/5766 5743/5743/5743
f 5766/5766/5766 5784/5784/5784 5743/5743/5743
f 5784/5784/5784 5740/5740/5740 5743/5743/5743
f 5740/5740/5740 5739/5739/5739 5743/5743/5743
f 5741/5741/5741 5739/5739/5739 5740/5740/5740
