# mdl2obj: faith_plate.mdl
g pend2
v 5.7367 -28.6091 8.1076
v -9.6012 -28.6091 8.1076
v -9.6012 -36.4770 19.0007
v 5.7367 -36.4770 19.0007
v 5.7367 -30.9772 31.2610
v -9.6012 -30.9772 31.2610
v -9.6012 -17.6096 32.6282
v 5.7367 -17.6096 32.6282
v -9.6012 -9.7417 21.7351
v 5.7367 -9.7417 21.7351
v -9.6012 -15.2415 9.4748
v 5.7367 -15.2415 9.4748
v -9.6012 -28.6091 8.1076
v 5.7367 -28.6091 8.1076
v -8.3740 -23.0977 -8.2245
v -9.9107 -23.0977 -8.2245
v -8.3740 -22.7471 -6.0502
v -9.9107 -22.7471 -6.0502
v -9.9107 -20.6888 -5.2668
v -8.3740 -20.6888 -5.2668
v -9.9107 -18.9812 -6.6575
v -8.3740 -18.9812 -6.6575
v -8.3740 -19.3318 -8.8317
v -9.9107 -19.3318 -8.8317
v -9.9107 -21.3900 -9.6152
v -8.3740 -21.3900 -9.6152
v -9.9107 -23.0977 -8.2245
v -9.9107 -22.7471 -6.0502
v -9.9107 -20.6888 -5.2668
v -9.9107 -18.9812 -6.6575
v -9.9107 -19.3318 -8.8317
v -9.9107 -21.3900 -9.6152
v -1.3330 -29.1207 -2.5682
v -1.3330 -23.2434 -5.8531
v -6.7537 -18.6526 2.3605
v -6.7537 -24.5299 5.6454
v 4.0878 -18.6526 2.3605
v 4.0878 -24.5299 5.6454
v 3.0340 -27.8906 -0.3673
v -5.6999 -27.8906 -0.3673
v -6.7537 -24.5299 5.6454
v 4.0878 -24.5299 5.6454
v 3.0340 -22.0133 -3.6523
v -1.3330 -23.2434 -5.8531
v -5.6999 -22.0133 -3.6523
v -6.7537 -18.6526 2.3605
v -6.7537 -27.8906 -0.3673
v 4.0878 -27.8906 -0.3673
v 4.0878 -24.5299 5.6454
v -6.7537 -22.0133 -3.6523
v -6.7537 -18.6526 2.3605
v 4.0878 -22.0133 -3.6523
v 4.0878 -18.6526 2.3605
v 3.0340 -27.8906 -0.3673
v 4.0878 -22.0133 -3.6523
v 3.0340 -22.0133 -3.6523
v 4.0878 -27.8906 -0.3673
v -5.6999 -22.0133 -3.6523
v -6.7537 -27.8906 -0.3673
v -5.6999 -27.8906 -0.3673
v -6.7537 -22.0133 -3.6523
v -10.9232 -25.7480 26.9776
v -10.9232 -29.8246 14.9500
v -10.9232 -25.8757 14.9082
v -10.9232 -29.6969 27.0194
v -10.9232 -16.6102 14.8102
v -10.9232 -16.4825 26.8796
v -10.9232 -25.8880 13.7437
v -10.9232 -16.6225 13.6456
v -21.7742 -26.6767 22.1992
v -21.7742 -21.2780 23.9353
v -21.7742 -24.8648 23.9732
v -21.7742 -19.5040 22.1233
v -21.7742 -19.5420 18.5366
v -21.7742 -26.7147 18.6125
v -21.7742 -21.3539 16.7625
v -21.7742 -24.9407 16.8005
v -13.9263 -20.8243 15.4571
v -14.2410 -20.8243 15.4571
v -14.2410 -20.3065 25.2248
v -14.2410 -20.8778 26.4838
v -14.2410 -24.2347 26.7802
v -14.2410 -27.2900 25.3584
v -14.2410 -25.8088 25.2830
v -14.2410 -26.8195 16.4376
v -14.2410 -29.0119 17.6213
v -14.2410 -26.8478 15.0380
v -14.2410 -25.9122 15.5110
v -14.2410 -23.6820 13.8828
v -14.2410 -25.3409 14.2520
v -14.2410 -21.9840 13.9556
v -14.2410 -20.8243 15.4571
v -14.2410 -20.3628 14.4653
v -14.2410 -20.4099 15.4527
v -14.2410 -19.4832 16.3600
v -14.2410 -17.2068 23.1145
v -14.2410 -19.3992 24.2982
v -14.2410 -29.5944 20.9405
v -14.2410 -26.7355 24.3758
v -14.2410 -28.4392 24.1063
v -14.2410 -17.7795 16.6294
v -14.2410 -16.6243 19.7952
v -13.2843 -13.2703 24.9686
v -13.2843 -32.0132 26.5884
v -13.2843 -22.1742 31.1891
v -14.8961 -17.2711 23.0979
v -14.8961 -13.7457 24.7463
v -14.8961 -28.3927 24.0590
v -14.8961 -31.5830 26.2879
v -14.8961 -22.2193 30.6663
v -14.8961 -22.5544 26.7890
v -14.8961 -13.7457 24.7463
v -19.9911 -13.7457 24.7463
v -14.8961 -31.5830 26.2879
v -19.9911 -31.5830 26.2879
v -14.8961 -22.2193 30.6663
v -19.9911 -22.2193 30.6663
v -10.5994 -22.5544 26.7890
v -14.8961 -22.5544 26.7890
v -10.5994 -17.2711 23.0979
v -14.8961 -17.2711 23.0979
v -14.8961 -28.3927 24.0590
v -10.5994 -28.3927 24.0590
v -13.2843 -32.9484 15.7672
v -13.2843 -14.2055 14.1474
v -13.2843 -24.0445 9.5467
v -14.8961 -28.9476 17.6379
v -14.8961 -32.4730 15.9895
v -14.8961 -17.8260 16.6768
v -14.8961 -14.6357 14.4479
v -14.8961 -23.9994 10.0695
v -14.8961 -23.6643 13.9468
v -14.8961 -32.4730 15.9895
v -19.9911 -32.4730 15.9895
v -14.8961 -14.6357 14.4479
v -19.9911 -14.6357 14.4479
v -19.9911 -23.9994 10.0695
v -14.8961 -23.9994 10.0695
v -10.5994 -23.6643 13.9468
v -14.8961 -23.6643 13.9468
v -10.5994 -28.9476 17.6379
v -14.8961 -28.9476 17.6379
v -14.8961 -17.8260 16.6768
v -10.5994 -17.8260 16.6768
v -9.6012 -23.1094 20.3679
v -9.6012 -40.8111 13.5475
v -9.6012 -37.8668 32.2878
v -9.6012 -20.1651 39.1082
v -9.6012 -5.4076 27.1882
v -9.6012 -8.3519 8.4479
v -9.6012 -26.0536 1.6276
v 5.7367 -23.1094 20.3679
v 5.7367 -35.0293 5.6104
v 5.7367 -41.8497 23.3121
v 5.7367 -29.9297 38.0696
v 5.7367 -11.1894 35.1253
v 5.7367 -4.3690 17.4236
v 5.7367 -16.2890 2.6662
v -8.3740 -18.4035 8.2236
v -6.5975 -18.4035 8.2236
v -8.3740 -28.2483 5.6840
v -8.3740 -18.4035 8.2236
v -6.5975 -28.2483 5.6840
v -6.5975 -18.4035 8.2236
v -6.5975 -22.6524 -10.3327
v -8.3740 -22.6524 -10.3327
v -8.3740 -19.3416 -10.2837
v -6.5975 -19.3416 -10.2837
v -6.5975 -22.6524 -10.3327
v -6.5975 -17.7287 -7.3920
v -6.5975 -19.3416 -10.2837
v -8.3740 -22.6524 -10.3327
v -8.3740 -17.7287 -7.3919
v -8.3740 -19.3416 -10.2837
v 3.9601 -18.4035 8.2236
v 5.7367 -18.4035 8.2236
v 5.7367 -28.2483 5.6840
v 5.7367 -18.4035 8.2236
v 3.9601 -28.2483 5.6840
v 3.9601 -18.4035 8.2236
v 5.7367 -22.6524 -10.3327
v 3.9601 -22.6524 -10.3327
v 3.9601 -19.3416 -10.2837
v 5.7367 -19.3416 -10.2837
v 3.9601 -22.6524 -10.3327
v 3.9601 -17.7287 -7.3919
v 3.9601 -19.3416 -10.2837
v 5.7367 -22.6524 -10.3327
v 5.7367 -17.7287 -7.3919
v 5.7367 -19.3416 -10.2837
v 7.2733 -23.0977 -8.2245
v 5.7367 -23.0977 -8.2245
v 5.7367 -22.7471 -6.0502
v 7.2733 -22.7471 -6.0502
v 7.2733 -20.6888 -5.2668
v 5.7367 -20.6888 -5.2668
v 7.2733 -18.9812 -6.6575
v 5.7367 -18.9812 -6.6575
v 5.7367 -19.3318 -8.8317
v 7.2733 -19.3318 -8.8317
v 7.2733 -21.3900 -9.6152
v 5.7367 -21.3900 -9.6152
v 7.2733 -23.0977 -8.2245
v 7.2733 -22.7471 -6.0502
v 7.2733 -20.6888 -5.2668
v 7.2733 -18.9812 -6.6575
v 7.2733 -19.3318 -8.8317
v 7.2733 -21.3900 -9.6152
v 14.5425 -18.2358 -30.8315
v -9.6012 -34.0025 12.5001
v 5.7367 -34.0025 12.5001
v -9.6012 -35.3696 25.8677
v 5.7367 -35.3696 25.8677
v -9.6012 -24.4765 33.7355
v 5.7367 -24.4765 33.7355
v -9.6012 -12.2162 28.2357
v 5.7367 -12.2162 28.2357
v -9.6012 -10.8490 14.8681
v 5.7367 -10.8490 14.8681
v -9.6012 -21.7422 7.0003
v 5.7367 -21.7422 7.0003
v -9.9107 -21.0394 -7.4410
v 3.0340 -27.8906 -0.3673
v 1.1883 -22.9138 -5.2634
v 1.1883 -28.7911 -1.9785
v 3.0340 -22.0133 -3.6523
v -3.8542 -22.9138 -5.2634
v -3.8542 -28.7911 -1.9785
v -5.6999 -22.0133 -3.6523
v -5.6999 -27.8906 -0.3673
v 1.1883 -28.7911 -1.9785
v -1.3330 -29.1207 -2.5682
v -3.8542 -28.7911 -1.9785
v 1.1883 -22.9138 -5.2634
v -3.8542 -22.9138 -5.2634
v -13.4873 -19.6875 22.0140
v -21.4047 -19.7242 18.5448
v -13.4873 -19.7242 18.5448
v -21.4047 -19.6875 22.0140
v -21.4047 -21.3583 16.9450
v -13.4873 -24.9325 16.9828
v -13.4873 -21.3583 16.9450
v -21.4047 -24.9325 16.9828
v -21.4047 -26.5323 18.6168
v -13.4873 -26.4956 22.0861
v -13.4873 -26.5323 18.6168
v -21.4047 -26.4956 22.0861
v -21.4047 -24.8692 23.7909
v -13.4873 -21.2774 23.7529
v -13.4873 -24.8692 23.7909
v -21.4047 -21.2774 23.7529
v -13.4873 -21.2774 23.7529
v -13.4873 -26.4774 23.8079
v -13.4873 -24.8692 23.7909
v -10.9232 -26.4774 23.8079
v -10.9232 -19.6693 23.7359
v -13.4873 -19.6693 23.7359
v -13.4873 -19.6875 22.0140
v -10.9232 -19.6693 23.7359
v -13.4873 -19.6693 23.7359
v -10.9232 -19.7413 16.9278
v -13.4873 -19.7413 16.9278
v -13.4873 -19.7242 18.5448
v -13.4873 -21.3583 16.9450
v -10.9232 -19.7413 16.9278
v -13.4873 -19.7413 16.9278
v -10.9232 -26.5494 16.9999
v -13.4873 -26.5494 16.9999
v -13.4873 -24.9325 16.9828
v -13.4873 -26.4956 22.0861
v -13.4873 -26.5494 16.9999
v -13.4873 -26.5323 18.6168
v -10.9232 -26.5494 16.9999
v -10.9232 -26.4774 23.8079
v -13.4873 -26.4774 23.8079
v -21.4047 -19.6875 22.0140
v -13.4873 -21.2774 23.7529
v -21.4047 -21.2774 23.7529
v -13.4873 -19.6875 22.0140
v -21.4047 -21.3583 16.9450
v -13.4873 -19.7242 18.5448
v -21.4047 -19.7242 18.5448
v -13.4873 -21.3583 16.9450
v -21.4047 -24.9325 16.9828
v -13.4873 -26.5323 18.6168
v -13.4873 -24.9325 16.9828
v -21.4047 -26.5323 18.6168
v -21.4047 -24.8692 23.7909
v -13.4873 -26.4956 22.0861
v -21.4047 -26.4956 22.0861
v -13.4873 -24.8692 23.7909
v -13.4873 -19.6875 22.0140
v -13.4873 -19.6693 23.7359
v -13.4873 -21.2774 23.7529
v -13.4873 -19.7242 18.5448
v -13.4873 -21.3583 16.9450
v -13.4873 -19.7413 16.9278
v -13.4873 -26.5323 18.6168
v -13.4873 -26.5494 16.9999
v -13.4873 -24.9325 16.9828
v -13.4873 -24.8692 23.7909
v -13.4873 -26.4774 23.8079
v -13.4873 -26.4956 22.0861
v -23.7224 -21.1872 21.3038
v -21.7742 -21.2074 19.3915
v -21.7742 -21.1872 21.3038
v -23.7224 -21.2074 19.3915
v -23.7224 -22.1735 18.4457
v -21.7742 -24.0857 18.4660
v -21.7742 -22.1735 18.4457
v -23.7224 -24.0857 18.4660
v -23.7224 -25.0315 19.4320
v -21.7742 -25.0113 21.3442
v -21.7742 -25.0315 19.4320
v -23.7224 -25.0113 21.3442
v -21.7742 -24.0452 22.2900
v -23.7224 -22.1330 22.2698
v -21.7742 -22.1330 22.2698
v -23.7224 -24.0452 22.2900
v -23.7224 -25.0315 19.4320
v -23.7224 -22.1735 18.4457
v -23.7224 -21.2074 19.3915
v -23.7224 -24.0857 18.4660
v -23.7224 -21.1872 21.3038
v -21.7742 -22.1330 22.2698
v -23.7224 -22.1330 22.2698
v -21.7742 -21.1872 21.3038
v -23.7224 -22.1735 18.4457
v -21.7742 -21.2074 19.3915
v -23.7224 -21.2074 19.3915
v -21.7742 -22.1735 18.4457
v -23.7224 -25.0315 19.4320
v -21.7742 -24.0857 18.4660
v -23.7224 -24.0857 18.4660
v -21.7742 -25.0315 19.4320
v -23.7224 -25.0113 21.3442
v -21.7742 -24.0452 22.2900
v -21.7742 -25.0113 21.3442
v -23.7224 -24.0452 22.2900
v -23.7224 -25.0113 21.3442
v -23.7224 -21.1872 21.3038
v -23.7224 -22.1330 22.2698
v -23.7224 -24.0452 22.2900
v -21.7742 -19.5040 22.1233
v -21.4047 -19.5420 18.5366
v -21.4047 -19.5040 22.1233
v -21.7742 -19.5420 18.5366
v -21.7742 -21.3539 16.7625
v -21.4047 -24.9407 16.8005
v -21.4047 -21.3539 16.7625
v -21.7742 -24.9407 16.8005
v -21.7742 -26.7147 18.6125
v -21.4047 -26.6767 22.1992
v -21.4047 -26.7147 18.6125
v -21.7742 -26.6767 22.1992
v -21.4047 -24.8648 23.9732
v -21.7742 -21.2780 23.9353
v -21.4047 -21.2780 23.9353
v -21.7742 -24.8648 23.9732
v -21.4047 -26.7147 18.6125
v -21.4047 -21.3539 16.7625
v -21.4047 -24.9407 16.8005
v -21.4047 -19.5420 18.5366
v -21.7742 -19.5040 22.1233
v -21.4047 -21.2780 23.9353
v -21.7742 -21.2780 23.9353
v -21.4047 -19.5040 22.1233
v -21.7742 -19.5420 18.5366
v -21.4047 -21.3539 16.7625
v -21.4047 -19.5420 18.5366
v -21.7742 -21.3539 16.7625
v -21.7742 -26.7147 18.6125
v -21.4047 -24.9407 16.8005
v -21.7742 -24.9407 16.8005
v -21.4047 -26.7147 18.6125
v -21.7742 -26.6767 22.1992
v -21.4047 -24.8648 23.9732
v -21.4047 -26.6767 22.1992
v -21.7742 -24.8648 23.9732
v -21.4047 -19.5040 22.1233
v -21.4047 -26.6767 22.1992
v -21.4047 -21.2780 23.9353
v -21.4047 -24.8648 23.9732
v -19.9911 -13.2703 24.9686
v -13.2843 -12.2881 19.4327
v -19.9911 -12.2881 19.4327
v -19.9911 -33.9306 21.3031
v -13.2843 -33.9306 21.3031
v -19.9911 -32.0132 26.5884
v -19.9911 -27.7101 30.2069
v -13.2843 -27.7101 30.2069
v -19.9911 -22.1742 31.1891
v -19.9911 -16.8888 29.2717
v -13.2843 -16.8888 29.2717
v -14.8961 -16.6883 19.8130
v -14.8961 -12.8110 19.4779
v -14.8961 -33.4077 21.2579
v -14.8961 -29.5304 20.9228
v -14.8961 -27.4878 29.7316
v -14.8961 -25.8393 26.2062
v -14.8961 -19.4182 25.6513
v -14.8961 -17.1894 28.8415
v -19.9911 -13.7457 24.7463
v -19.9911 -13.2703 24.9686
v -19.9911 -12.8110 19.4779
v -19.9911 -12.2881 19.4327
v -19.9911 -33.9306 21.3031
v -19.9911 -33.4077 21.2579
v -19.9911 -31.5830 26.2879
v -19.9911 -32.0132 26.5884
v -19.9911 -27.4878 29.7316
v -19.9911 -27.7101 30.2069
v -19.9911 -22.1742 31.1891
v -19.9911 -22.2193 30.6663
v -19.9911 -16.8888 29.2717
v -19.9911 -17.1894 28.8415
v -14.8961 -12.8110 19.4779
v -19.9911 -12.8110 19.4779
v -19.9911 -33.4077 21.2579
v -14.8961 -33.4077 21.2579
v -14.8961 -27.4878 29.7316
v -19.9911 -27.4878 29.7316
v -14.8961 -17.1894 28.8415
v -19.9911 -17.1894 28.8415
v -10.5994 -19.4182 25.6513
v -14.8961 -19.4182 25.6513
v -10.5994 -16.6883 19.8130
v -14.8961 -16.6883 19.8130
v -10.5994 -29.5304 20.9228
v -14.8961 -29.5304 20.9228
v -14.8961 -25.8393 26.2062
v -10.5994 -25.8393 26.2062
v -19.9911 -32.9484 15.7672
v -19.9911 -33.9306 21.3031
v -13.2843 -33.9306 21.3031
v -19.9911 -14.2055 14.1474
v -19.9911 -18.5086 10.5288
v -13.2843 -18.5086 10.5288
v -19.9911 -24.0445 9.5467
v -19.9911 -29.3299 11.4640
v -13.2843 -29.3299 11.4640
v -14.8961 -20.3794 14.5296
v -14.8961 -18.7309 11.0042
v -14.8961 -26.8005 15.0845
v -14.8961 -29.0293 11.8942
v -19.9911 -32.4730 15.9895
v -19.9911 -32.9484 15.7672
v -19.9911 -33.4077 21.2579
v -19.9911 -33.9306 21.3031
v -19.9911 -12.8110 19.4779
v -19.9911 -14.6357 14.4479
v -19.9911 -14.2055 14.1474
v -19.9911 -18.5086 10.5288
v -19.9911 -18.7309 11.0042
v -19.9911 -24.0445 9.5467
v -19.9911 -23.9994 10.0695
v -19.9911 -29.3299 11.4640
v -19.9911 -29.0293 11.8942
v -19.9911 -33.4077 21.2579
v -19.9911 -12.8110 19.4779
v -14.8961 -18.7309 11.0042
v -19.9911 -18.7309 11.0042
v -14.8961 -29.0293 11.8942
v -19.9911 -29.0293 11.8942
v -10.5994 -26.8005 15.0845
v -14.8961 -26.8005 15.0845
v -14.8961 -20.3794 14.5296
v -10.5994 -20.3794 14.5296
v -9.6012 -35.0293 5.6104
v -9.6012 -41.8497 23.3121
v -9.6012 -29.9297 38.0696
v -9.6012 -11.1894 35.1253
v -9.6012 -4.3690 17.4236
v -9.6012 -16.2890 2.6662
v -13.4854 -24.4497 11.8367
v -13.3560 -24.8171 9.4978
v -13.3560 -30.0234 11.8080
v -13.4854 -28.5357 13.6498
v -13.3560 -33.3770 16.4118
v -13.4854 -31.1678 17.2630
v -13.3560 -33.9794 22.0757
v -13.4854 -31.6406 21.7082
v -13.3560 -31.6692 27.2819
v -13.4854 -29.8274 25.7942
v -13.3560 -27.0654 30.6355
v -13.4854 -26.2142 28.4263
v -13.3560 -21.4016 31.2380
v -13.4854 -21.7690 28.8991
v -13.3560 -16.1953 28.9278
v -13.4854 -17.6830 27.0860
v -13.3560 -12.8417 24.3239
v -13.4854 -15.0509 23.4727
v -13.3560 -12.2393 18.6601
v -13.4854 -14.5781 19.0276
v -13.3560 -14.5495 13.4539
v -13.4854 -16.3913 14.9415
v -13.3560 -19.1533 10.1002
v -13.4854 -20.0045 12.3095
v 5.7367 -40.8111 13.5475
v 5.7367 -37.8668 32.2878
v 5.7367 -20.1651 39.1082
v 5.7367 -5.4076 27.1882
v 5.7367 -8.3519 8.4479
v 5.7367 -26.0536 1.6276
v 12.1627 -24.4497 11.8367
v 11.9020 -24.8171 9.4978
v 11.9020 -30.0234 11.8080
v 12.1627 -28.5357 13.6498
v 11.9020 -33.3770 16.4118
v 12.1627 -31.1678 17.2630
v 11.9020 -33.9794 22.0757
v 12.1627 -31.6406 21.7082
v 11.9020 -31.6692 27.2819
v 12.1627 -29.8274 25.7942
v 11.9020 -27.0654 30.6355
v 12.1627 -26.2142 28.4263
v 11.9020 -21.4016 31.2380
v 12.1627 -21.7690 28.8991
v 11.9020 -16.1953 28.9278
v 12.1627 -17.6830 27.0860
v 11.9020 -12.8417 24.3239
v 12.1627 -15.0509 23.4727
v 11.9020 -12.2393 18.6601
v 12.1627 -14.5781 19.0276
v 11.9020 -14.5495 13.4539
v 12.1627 -16.3913 14.9415
v 11.9020 -19.1533 10.1002
v 12.1627 -20.0045 12.3095
v -8.3740 -18.2608 -1.4167
v -6.5975 -18.2608 -1.4167
v -8.3740 -24.3502 -7.4900
v -8.3740 -18.2608 -1.4167
v -8.3740 -28.1410 -1.5630
v -6.5975 -18.2608 -1.4167
v -6.5975 -24.3502 -7.4900
v -6.5975 -28.1410 -1.5630
v -6.5975 -18.2608 -1.4167
v -8.3740 -24.3502 -7.4900
v -6.5975 -28.1410 -1.5630
v -6.5975 -24.3502 -7.4900
v -8.3740 -28.1410 -1.5630
v -8.3740 -28.2483 5.6840
v -6.5975 -28.2483 5.6840
v 3.9601 -18.2608 -1.4167
v 5.7367 -18.2608 -1.4167
v 5.7367 -18.2608 -1.4167
v 5.7367 -24.3502 -7.4900
v 5.7367 -28.1410 -1.5630
v 3.9601 -18.2608 -1.4167
v 3.9601 -24.3502 -7.4900
v 3.9601 -28.1410 -1.5630
v 3.9601 -18.2608 -1.4167
v 5.7367 -24.3502 -7.4900
v 3.9601 -28.1410 -1.5630
v 5.7367 -28.1410 -1.5630
v 3.9601 -24.3502 -7.4900
v 5.7367 -28.2483 5.6840
v 3.9601 -28.2483 5.6840
v 4.1333 -18.6831 -6.1485
v -6.7080 -18.6831 -6.1485
v -6.7080 -18.6828 -8.7934
v 4.1333 -18.6828 -8.7934
v -6.7080 -20.9731 -10.1161
v 4.1333 -20.9731 -10.1161
v -6.7080 -23.2638 -8.7940
v 4.1333 -23.2638 -8.7940
v -6.7080 -23.2642 -6.1492
v 4.1333 -23.2642 -6.1492
v -6.7080 -23.2642 -6.1492
v 4.1333 -23.2642 -6.1492
v -6.7080 -20.9738 -4.8264
v 4.1333 -20.9738 -4.8264
v 7.2733 -21.0394 -7.4410
v -9.7343 -11.2149 28.6401
v 5.7319 -11.2118 28.6279
v -9.7326 -12.0205 30.5878
v 5.7336 -12.0174 30.5755
v 5.7330 -9.9279 30.2994
v -9.7333 -9.9310 30.3116
v 5.7319 -11.2118 28.6279
v -9.7343 -11.2149 28.6401
v -9.6012 -31.5949 9.9488
v 5.7367 -31.5949 9.9488
v -9.6012 -35.6676 15.5875
v 5.7367 -35.6676 15.5875
v -9.6012 -36.3753 22.5071
v 5.7367 -36.3753 22.5071
v -9.6012 -33.5284 28.8535
v 5.7367 -33.5284 28.8535
v 5.7367 -27.8897 32.9262
v -9.6012 -27.8897 32.9262
v 5.7367 -20.9702 33.6339
v -9.6012 -20.9702 33.6339
v -9.6012 -14.6238 30.7870
v 5.7367 -14.6238 30.7870
v -9.6012 -10.5511 25.1483
v 5.7367 -10.5511 25.1483
v -9.6012 -9.8434 18.2287
v 5.7367 -9.8434 18.2287
v -9.6012 -12.6903 11.8823
v 5.7367 -12.6903 11.8823
v 5.7367 -18.3290 7.8096
v -9.6012 -18.3290 7.8096
v -9.6012 -25.2485 7.1019
v 5.7367 -25.2485 7.1019
v -9.9107 -22.4302 -9.1486
v -8.3740 -22.4302 -9.1486
v -8.3740 -23.2136 -7.0904
v -9.9107 -23.2136 -7.0904
v -8.3740 -21.8229 -5.3827
v -9.9107 -21.8229 -5.3827
v -9.9107 -19.6487 -5.7333
v -8.3740 -19.6487 -5.7333
v -8.3740 -18.8652 -7.7916
v -9.9107 -18.8652 -7.7916
v -8.3740 -20.2559 -9.4992
v -9.9107 -20.2559 -9.4992
v -9.9107 -22.4302 -9.1486
v -9.9107 -23.2136 -7.0904
v -9.9107 -21.8229 -5.3827
v -9.9107 -19.6487 -5.7333
v -9.9107 -18.8652 -7.7916
v -9.9107 -20.2559 -9.4992
v -1.3330 -24.5299 5.6454
v -1.3330 -18.6526 2.3605
v -1.3330 -26.6605 1.8335
v -1.3330 -24.5299 5.6454
v -1.3330 -20.7832 -1.4515
v -1.3330 -18.6526 2.3605
v 4.0878 -18.6526 2.3605
v -6.7537 -24.5299 5.6454
v -20.8695 -26.0052 23.6671
v -18.6876 -26.0176 22.4956
v -20.8695 -26.0176 22.4956
v -18.6876 -26.0052 23.6671
v -20.8695 -26.0052 23.6671
v -18.6876 -24.9122 23.6556
v -18.6876 -26.0052 23.6671
v -20.8695 -24.9122 23.6556
v -18.6876 -26.0052 23.6671
v -18.6876 -24.9122 23.6556
v -18.6876 -26.0176 22.4956
v -20.8695 -24.9122 23.6556
v -20.8695 -26.0052 23.6671
v -20.8695 -26.0176 22.4956
v -14.5620 -26.0176 22.4956
v -13.4873 -26.0052 23.6671
v -13.4873 -26.0176 22.4956
v -14.5620 -26.0052 23.6671
v -14.5620 -24.9122 23.6556
v -13.4873 -26.0052 23.6671
v -14.5620 -26.0052 23.6671
v -13.4873 -24.9122 23.6556
v -14.5620 -24.9122 23.6556
v -14.5620 -26.0052 23.6671
v -14.5620 -26.0176 22.4956
v -19.3541 -25.5403 17.0072
v -18.9955 -24.9323 17.0007
v -19.3541 -24.9323 17.0007
v -18.9955 -25.5403 17.0072
v -18.9955 -25.5403 17.0072
v -19.3541 -25.5333 17.6704
v -18.9955 -25.5333 17.6704
v -19.3541 -25.5403 17.0072
v -19.3541 -25.5403 17.0072
v -19.3541 -24.9323 17.0007
v -19.3541 -25.5333 17.6704
v -18.9955 -24.9323 17.0007
v -18.9955 -25.5403 17.0072
v -18.9955 -25.5333 17.6704
v -14.9235 -25.3968 17.0056
v -13.4873 -24.9323 17.0007
v -14.9235 -24.9323 17.0007
v -13.4873 -25.3968 17.0056
v -13.4873 -25.3968 17.0056
v -14.9235 -25.3918 17.4716
v -13.4873 -25.3918 17.4716
v -14.9235 -25.3968 17.0056
v -14.9235 -25.3968 17.0056
v -14.9235 -24.9323 17.0007
v -14.9235 -25.3918 17.4716
v -20.8695 -20.1443 23.6051
v -18.6876 -20.1567 22.4336
v -18.6876 -20.1443 23.6051
v -20.8695 -20.1567 22.4336
v -18.6876 -21.2373 23.6167
v -20.8695 -20.1443 23.6051
v -18.6876 -20.1443 23.6051
v -20.8695 -21.2373 23.6167
v -18.6876 -20.1443 23.6051
v -18.6876 -20.1567 22.4336
v -18.6876 -21.2373 23.6167
v -20.8695 -21.2373 23.6167
v -20.8695 -20.1567 22.4336
v -20.8695 -20.1443 23.6051
v -13.4873 -20.1443 23.6051
v -14.5620 -20.1567 22.4336
v -13.4873 -20.1567 22.4336
v -14.5620 -20.1443 23.6051
v -14.5620 -21.2373 23.6167
v -13.4873 -20.1443 23.6051
v -13.4873 -21.2373 23.6167
v -14.5620 -20.1443 23.6051
v -14.5620 -21.2373 23.6167
v -14.5620 -20.1567 22.4336
v -14.5620 -20.1443 23.6051
v -18.9955 -20.7501 16.9565
v -19.3541 -21.3581 16.9629
v -18.9955 -21.3581 16.9629
v -19.3541 -20.7501 16.9565
v -18.9955 -20.7501 16.9565
v -19.3541 -20.7431 17.6198
v -19.3541 -20.7501 16.9565
v -18.9955 -20.7431 17.6198
v -19.3541 -20.7501 16.9565
v -19.3541 -20.7431 17.6198
v -19.3541 -21.3581 16.9629
v -18.9955 -21.3581 16.9629
v -18.9955 -20.7431 17.6198
v -18.9955 -20.7501 16.9565
v -14.9235 -20.8936 16.9580
v -13.4873 -21.3581 16.9629
v -13.4873 -20.8936 16.9580
v -14.9235 -21.3581 16.9629
v -13.4873 -20.8936 16.9580
v -14.9235 -20.8887 17.4240
v -14.9235 -20.8936 16.9580
v -13.4873 -20.8887 17.4240
v -14.9235 -20.8936 16.9580
v -14.9235 -20.8887 17.4240
v -14.9235 -21.3581 16.9629
v -14.2410 -19.6109 15.9028
v -13.9263 -19.9501 15.5707
v -14.2410 -19.9501 15.5707
v -13.9263 -19.6109 15.9028
v -13.9263 -20.4099 15.4527
v -14.2410 -20.4099 15.4527
v -13.9263 -22.2502 15.4722
v -14.2410 -22.2502 15.4722
v -14.2410 -23.5404 15.4859
v -14.2410 -24.8855 15.5001
v -14.2410 -25.9122 15.5110
v -13.9263 -25.9122 15.5110
v -13.9263 -24.8855 15.5001
v -13.9263 -23.5404 15.4859
v -14.2410 -26.3694 15.6387
v -13.9263 -26.3694 15.6387
v -13.9263 -26.4027 15.6726
v -14.2410 -26.7015 15.9778
v -13.9263 -26.7015 15.9778
v -13.9263 -26.8195 16.4376
v -14.2410 -26.8195 16.4376
v -14.2410 -26.7775 20.4067
v -13.9263 -26.7775 20.4067
v -14.2410 -26.6683 24.6162
v -13.9263 -26.6078 24.8330
v -14.2410 -26.6078 24.8330
v -13.9263 -26.6683 24.6162
v -13.9263 -26.7355 24.3758
v -14.2410 -26.7355 24.3758
v -13.9263 -26.2686 25.1650
v -14.2410 -26.2686 25.1650
v -14.2410 -25.8088 25.2830
v -13.9263 -25.8088 25.2830
v -13.9263 -23.9685 25.2636
v -13.9263 -25.3944 25.2787
v -14.2410 -25.3944 25.2787
v -14.2410 -23.9685 25.2636
v -14.2410 -22.6783 25.2499
v -14.2410 -21.3332 25.2357
v -14.2410 -20.3065 25.2248
v -13.9263 -20.3065 25.2248
v -13.9263 -21.3332 25.2357
v -13.9263 -22.6782 25.2499
v -14.2410 -19.8493 25.0971
v -13.9263 -19.8493 25.0971
v -14.2410 -19.8160 25.0631
v -13.9263 -19.5172 24.7579
v -14.2410 -19.5172 24.7579
v -13.9263 -19.8160 25.0631
v -14.2410 -19.3992 24.2982
v -13.9263 -19.3992 24.2982
v -14.2410 -19.4412 20.3291
v -13.9263 -19.4412 20.3291
v -13.9263 -19.5504 16.1195
v -14.2410 -19.4832 16.3600
v -13.9263 -19.4832 16.3600
v -14.2410 -21.3332 25.2357
v -14.2410 -19.3709 25.6978
v -14.2410 -19.8160 25.0631
v -14.2410 -19.8493 25.0971
v -14.2410 -22.5367 26.8529
v -14.2410 -22.6783 25.2499
v -14.2410 -23.9685 25.2636
v -14.2410 -25.3944 25.2787
v -14.2410 -25.8559 26.2704
v -14.2410 -26.2686 25.1650
v -14.2410 -26.6683 24.6162
v -14.2410 -26.6078 24.8330
v -14.2410 -28.0999 16.1872
v -14.2410 -26.7015 15.9778
v -14.2410 -26.3694 15.6387
v -14.2410 -24.8855 15.5001
v -14.2410 -23.5404 15.4859
v -14.2410 -22.2502 15.4722
v -14.2410 -19.9501 15.5707
v -14.2410 -18.9287 15.3773
v -14.2410 -19.6109 15.9028
v -14.2410 -18.1188 24.5486
v -14.2410 -26.7775 20.4067
v -14.2410 -29.5216 19.2426
v -14.2410 -29.2252 22.5995
v -14.2410 -19.5172 24.7579
v -14.2410 -19.4412 20.3291
v -14.2410 -16.6971 21.4932
v -14.2410 -16.9935 18.1363
v -19.9911 -14.7963 27.3583
v -13.2843 -14.7963 27.3583
v -19.9911 -12.4148 22.2653
v -13.2843 -12.4148 22.2653
v -13.2843 -33.3198 24.0720
v -19.9911 -33.3198 24.0720
v -19.9911 -30.0998 28.6809
v -13.2843 -30.0998 28.6809
v -19.9911 -25.0068 31.0624
v -13.2843 -25.0068 31.0624
v -19.9911 -19.4053 30.5783
v -13.2843 -19.4053 30.5783
v -14.8961 -15.1980 27.0206
v -14.8961 -18.1766 24.5159
v -14.8961 -12.9315 22.1736
v -14.8961 -16.7634 21.4938
v -14.8961 -29.1680 22.5658
v -14.8961 -32.8265 23.8930
v -14.8961 -27.2574 25.3007
v -14.8961 -29.7621 28.2793
v -14.8961 -24.2352 26.7138
v -14.8961 -24.9151 30.5457
v -14.8961 -20.9114 26.4266
v -14.8961 -19.5842 30.0850
v -19.9911 -14.7963 27.3583
v -19.9911 -15.1980 27.0206
v -19.9911 -12.9315 22.1736
v -19.9911 -12.4148 22.2653
v -19.9911 -32.8265 23.8930
v -19.9911 -33.3198 24.0720
v -19.9911 -29.7621 28.2793
v -19.9911 -30.0998 28.6809
v -19.9911 -24.9151 30.5457
v -19.9911 -25.0068 31.0624
v -19.9911 -19.5842 30.0850
v -19.9911 -19.4053 30.5783
v -19.9911 -15.1980 27.0206
v -14.8961 -15.1980 27.0206
v -14.8961 -12.9315 22.1736
v -19.9911 -12.9315 22.1736
v -14.8961 -32.8265 23.8930
v -19.9911 -32.8265 23.8930
v -19.9911 -29.7621 28.2793
v -14.8961 -29.7621 28.2793
v -19.9911 -24.9151 30.5457
v -14.8961 -24.9151 30.5457
v -19.9911 -19.5842 30.0850
v -14.8961 -19.5842 30.0850
v -14.8961 -24.2352 26.7138
v -10.5994 -24.2352 26.7138
v -10.5994 -20.9114 26.4266
v -14.8961 -20.9114 26.4266
v -10.5994 -18.1766 24.5159
v -14.8961 -18.1766 24.5159
v -10.5994 -16.7634 21.4938
v -14.8961 -16.7634 21.4938
v -14.8961 -29.1680 22.5658
v -10.5994 -29.1680 22.5658
v -14.8961 -27.2574 25.3007
v -10.5994 -27.2574 25.3007
v -13.2843 -31.4224 13.3774
v -19.9911 -31.4224 13.3774
v -19.9911 -33.8039 18.4705
v -13.2843 -33.8039 18.4705
v -19.9911 -12.8989 16.6638
v -13.2843 -12.8989 16.6638
v -19.9911 -16.1189 12.0548
v -13.2843 -16.1189 12.0548
v -19.9911 -21.2119 9.6734
v -13.2843 -21.2119 9.6733
v -19.9911 -26.8134 10.1574
v -13.2843 -26.8134 10.1574
v -14.8961 -31.0207 13.7152
v -14.8961 -28.0421 16.2199
v -14.8961 -33.2872 18.5622
v -14.8961 -29.4553 19.2420
v -14.8961 -17.0507 18.1700
v -14.8961 -13.3922 16.8428
v -14.8961 -16.4566 12.4565
v -14.8961 -18.9613 15.4351
v -14.8961 -21.9835 14.0220
v -14.8961 -21.3036 10.1901
v -14.8961 -25.3073 14.3092
v -14.8961 -26.6345 10.6508
v -19.9911 -31.4224 13.3774
v -19.9911 -31.0207 13.7152
v -19.9911 -33.2872 18.5622
v -19.9911 -33.8039 18.4705
v -19.9911 -13.3922 16.8428
v -19.9911 -12.8989 16.6638
v -19.9911 -16.4566 12.4565
v -19.9911 -16.1189 12.0548
v -19.9911 -21.3036 10.1901
v -19.9911 -21.2119 9.6734
v -19.9911 -26.6345 10.6508
v -19.9911 -26.8134 10.1574
v -19.9911 -31.0207 13.7152
v -14.8961 -31.0207 13.7152
v -14.8961 -33.2872 18.5622
v -19.9911 -33.2872 18.5622
v -19.9911 -13.3922 16.8428
v -14.8961 -13.3922 16.8428
v -14.8961 -16.4566 12.4565
v -19.9911 -16.4566 12.4565
v -19.9911 -21.3036 10.1901
v -14.8961 -21.3036 10.1901
v -14.8961 -26.6345 10.6508
v -19.9911 -26.6345 10.6508
v -14.8961 -21.9835 14.0220
v -10.5994 -21.9835 14.0219
v -14.8961 -25.3073 14.3092
v -10.5994 -25.3073 14.3092
v -10.5994 -28.0421 16.2199
v -14.8961 -28.0421 16.2199
v -14.8961 -29.4553 19.2420
v -10.5994 -29.4553 19.2420
v -14.8961 -17.0507 18.1700
v -10.5994 -17.0507 18.1700
v -14.8961 -18.9613 15.4351
v -10.5994 -18.9613 15.4351
v -10.5955 -30.8036 3.0282
v -11.1784 -35.0293 5.6104
v -10.5955 -35.0293 5.6104
v -11.1784 -30.8036 3.0282
v -11.1784 -38.4427 9.1984
v -10.5955 -38.4427 9.1984
v -11.1784 -40.8111 13.5475
v -10.5955 -40.8111 13.5475
v -10.5955 -41.9731 18.3615
v -11.1784 -41.9731 18.3615
v -10.5955 -41.8497 23.3121
v -11.1784 -41.8497 23.3121
v -10.5955 -40.4491 28.0622
v -11.1784 -40.4491 28.0622
v -11.1784 -37.8668 32.2878
v -10.5955 -37.8668 32.2878
v -10.5955 -34.2789 35.7012
v -11.1784 -34.2788 35.7012
v -10.5955 -29.9297 38.0696
v -11.1784 -29.9297 38.0696
v -10.5955 -25.1158 39.2317
v -11.1784 -25.1158 39.2317
v -10.5955 -20.1651 39.1082
v -11.1784 -20.1651 39.1082
v -10.5955 -15.4151 37.7076
v -11.1784 -15.4151 37.7076
v -11.1784 -11.1894 35.1253
v -10.5955 -11.1894 35.1253
v -11.1784 -7.7760 31.5374
v -10.5955 -7.7760 31.5374
v -11.1784 -5.4076 27.1882
v -10.5955 -5.4076 27.1882
v -10.5955 -4.2456 22.3743
v -11.1784 -4.2456 22.3743
v -10.5955 -4.3690 17.4236
v -11.1784 -4.3690 17.4236
v -11.1784 -5.7696 12.6736
v -10.5955 -5.7696 12.6736
v -11.1784 -8.3519 8.4479
v -10.5955 -8.3519 8.4479
v -10.5955 -11.9399 5.0346
v -11.1784 -11.9399 5.0346
v -10.5955 -16.2890 2.6662
v -11.1784 -16.2890 2.6662
v -10.5955 -21.1029 1.5041
v -11.1784 -21.1029 1.5041
v -11.1784 -26.0536 1.6276
v -10.5955 -26.0536 1.6276
v -9.6012 -30.8036 3.0282
v -9.6012 -38.4427 9.1984
v -9.6012 -41.9731 18.3615
v -9.6012 -40.4491 28.0622
v -9.6012 -34.2788 35.7012
v -9.6012 -25.1158 39.2317
v -9.6012 -15.4151 37.7076
v -9.6012 -7.7760 31.5374
v -9.6012 -4.2456 22.3743
v -9.6012 -5.7696 12.6736
v -9.6012 -11.9399 5.0346
v -9.6012 -21.1029 1.5041
v -11.3473 -34.7194 5.9941
v -11.3473 -30.6036 3.4790
v -11.3473 -38.0440 9.4888
v -11.3473 -40.3509 13.7249
v -11.3473 -41.4827 18.4136
v -11.3473 -41.3624 23.2356
v -11.3473 -39.9983 27.8621
v -11.3473 -37.4831 31.9779
v -11.3473 -33.9885 35.3026
v -11.3473 -29.7524 37.6094
v -11.3473 -25.0636 38.7412
v -11.3473 -20.2416 38.6210
v -11.3473 -15.6151 37.2568
v -11.3473 -11.4993 34.7417
v -11.3473 -8.1747 31.2470
v -11.3473 -5.8678 27.0109
v -11.3473 -4.7360 22.3221
v -11.3473 -4.8563 17.5002
v -11.3473 -6.2204 12.8736
v -11.3473 -8.7356 8.7578
v -11.3473 -12.2302 5.4332
v -11.3473 -16.4663 3.1264
v -11.3473 -21.1551 1.9945
v -11.3473 -25.9771 2.1148
v -13.3560 -27.5723 10.3102
v -13.4854 -26.6120 12.4743
v -12.9697 -28.5187 8.1774
v -12.9697 -25.1793 7.1927
v -12.3320 -29.4376 6.1067
v -12.3320 -25.5309 4.9547
v -12.9697 -31.4895 9.9928
v -12.3320 -32.9130 8.2305
v -12.9697 -33.8893 12.5153
v -12.3320 -35.7204 11.1814
v -13.3560 -32.0032 13.8892
v -13.4854 -30.0896 15.2832
v -12.9697 -35.5543 15.5729
v -12.3320 -37.6683 14.7584
v -12.9697 -36.3713 18.9573
v -12.3320 -38.6240 18.7177
v -13.3560 -34.0510 19.2041
v -13.4854 -31.6968 19.4545
v -12.9697 -36.2845 22.4378
v -12.3320 -38.5225 22.7894
v -12.9697 -35.2998 25.7773
v -12.3320 -37.3706 26.6961
v -13.3560 -33.1670 24.8309
v -13.4854 -31.0030 23.8706
v -12.9697 -33.4844 28.7481
v -12.3320 -35.2468 30.1716
v -12.3320 -32.2958 32.9789
v -12.9697 -30.9619 31.1478
v -13.3560 -29.5881 29.2618
v -13.4854 -28.1941 27.3481
v -12.9697 -27.9043 32.8129
v -12.3320 -28.7188 34.9268
v -12.9697 -24.5199 33.6298
v -12.3320 -24.7595 35.8826
v -13.3560 -24.2731 31.3096
v -13.4854 -24.0227 28.9553
v -12.3320 -20.6878 35.7810
v -12.9697 -21.0394 33.5430
v -12.3320 -16.7811 34.6291
v -12.9697 -17.7000 32.5584
v -13.3560 -18.6464 30.4256
v -13.4854 -19.6067 28.2615
v -12.9697 -14.7292 30.7429
v -12.3320 -13.3057 32.5053
v -12.3320 -10.4983 29.5543
v -12.9697 -12.3294 28.2205
v -13.3560 -14.2155 26.8466
v -13.4854 -16.1291 25.4526
v -12.9697 -10.6644 25.1629
v -12.3320 -8.5504 25.9773
v -12.3320 -7.5947 22.0181
v -12.9697 -9.8474 21.7785
v -13.3560 -12.1677 21.5317
v -13.4854 -14.5219 21.2813
v -12.3320 -7.6962 17.9463
v -12.9697 -9.9342 18.2979
v -12.3320 -8.8481 14.0396
v -12.9697 -10.9189 14.9585
v -13.3560 -13.0517 15.9049
v -13.4854 -15.2157 16.8652
v -12.9697 -12.7343 11.9877
v -12.3320 -10.9719 10.5642
v -12.3320 -13.9229 7.7569
v -12.9697 -15.2568 9.5880
v -13.3560 -16.6306 11.4740
v -13.4854 -18.0246 13.3877
v -12.9697 -18.3144 7.9229
v -12.3320 -17.4999 5.8089
v -12.3320 -21.4592 4.8532
v -12.9697 -21.6988 7.1059
v -13.3560 -21.9456 9.4262
v -13.4854 -22.1960 11.7805
v -9.6012 -16.2890 2.6662
v -9.6012 -11.9399 5.0346
v -9.6012 -8.3519 8.4479
v -9.6012 -5.7696 12.6736
v -9.6012 -4.3690 17.4236
v -9.6012 -4.2456 22.3743
v -9.6012 -5.4076 27.1882
v -9.6012 -7.7760 31.5374
v -9.6012 -11.1894 35.1253
v -9.6012 -15.4151 37.7076
v -9.6012 -20.1651 39.1082
v -9.6012 -25.1158 39.2317
v -9.6012 -29.9297 38.0696
v -9.6012 -34.2788 35.7012
v -9.6012 -37.8668 32.2878
v -9.6012 -40.4491 28.0622
v -9.6012 -41.8497 23.3121
v -9.6012 -41.9731 18.3615
v -9.6012 -40.8111 13.5475
v -9.6012 -38.4427 9.1984
v -9.6012 -35.0293 5.6104
v -9.6012 -30.8036 3.0282
v -9.6012 -26.0536 1.6276
v -9.6012 -21.1029 1.5041
v 7.5146 -35.0293 5.6104
v 6.8034 -30.8036 3.0282
v 6.8034 -35.0293 5.6104
v 7.5146 -30.8036 3.0282
v 7.5146 -38.4427 9.1984
v 6.8034 -38.4427 9.1984
v 6.8034 -40.8111 13.5475
v 7.5146 -40.8111 13.5475
v 6.8034 -41.9731 18.3615
v 7.5146 -41.9731 18.3615
v 6.8034 -41.8497 23.3121
v 7.5146 -41.8497 23.3121
v 7.5146 -40.4491 28.0622
v 6.8034 -40.4491 28.0622
v 6.8034 -37.8668 32.2878
v 7.5146 -37.8668 32.2878
v 6.8034 -34.2788 35.7012
v 7.5146 -34.2788 35.7012
v 6.8034 -29.9297 38.0696
v 7.5146 -29.9297 38.0696
v 6.8034 -25.1158 39.2317
v 7.5146 -25.1158 39.2317
v 6.8034 -20.1651 39.1082
v 7.5146 -20.1651 39.1082
v 6.8034 -15.4151 37.7076
v 7.5146 -15.4151 37.7076
v 6.8034 -11.1894 35.1253
v 7.5146 -11.1894 35.1253
v 6.8034 -7.7760 31.5374
v 7.5146 -7.7760 31.5374
v 6.8034 -5.4076 27.1882
v 7.5146 -5.4076 27.1882
v 7.5146 -4.2456 22.3743
v 6.8034 -4.2456 22.3743
v 6.8034 -4.3690 17.4236
v 7.5146 -4.3690 17.4236
v 6.8034 -5.7696 12.6736
v 7.5146 -5.7696 12.6736
v 7.5146 -8.3519 8.4479
v 6.8034 -8.3519 8.4479
v 6.8034 -11.9399 5.0346
v 7.5146 -11.9399 5.0346
v 7.5146 -16.2890 2.6662
v 6.8034 -16.2890 2.6662
v 6.8034 -21.1029 1.5041
v 7.5146 -21.1029 1.5041
v 7.5146 -26.0536 1.6276
v 6.8034 -26.0536 1.6276
v 5.7367 -30.8036 3.0282
v 5.7367 -38.4427 9.1984
v 5.7367 -41.9731 18.3615
v 5.7367 -40.4491 28.0622
v 5.7367 -34.2788 35.7012
v 5.7367 -25.1158 39.2317
v 5.7367 -15.4151 37.7076
v 5.7367 -7.7760 31.5374
v 5.7367 -4.2456 22.3743
v 5.7367 -5.7696 12.6736
v 5.7367 -11.9399 5.0346
v 5.7367 -21.1029 1.5041
v 7.8550 -30.6036 3.4790
v 7.8550 -34.7194 5.9941
v 7.8550 -38.0440 9.4888
v 7.8550 -40.3509 13.7249
v 7.8550 -41.4827 18.4136
v 7.8550 -41.3624 23.2356
v 7.8550 -39.9983 27.8621
v 7.8550 -37.4831 31.9780
v 7.8550 -33.9885 35.3026
v 7.8550 -29.7524 37.6094
v 7.8550 -25.0636 38.7412
v 7.8550 -20.2416 38.6210
v 7.8550 -15.6151 37.2568
v 7.8550 -11.4993 34.7417
v 7.8550 -8.1747 31.2470
v 7.8550 -5.8678 27.0109
v 7.8550 -4.7360 22.3221
v 7.8550 -4.8563 17.5002
v 7.8550 -6.2204 12.8736
v 7.8550 -8.7356 8.7578
v 7.8550 -12.2302 5.4332
v 7.8550 -16.4663 3.1264
v 7.8550 -21.1551 1.9945
v 7.8550 -25.9771 2.1148
v 11.9020 -27.5723 10.3102
v 12.1627 -26.6120 12.4743
v 11.1236 -28.5187 8.1774
v 11.1236 -25.1793 7.1927
v 9.8389 -29.4376 6.1067
v 9.8389 -25.5309 4.9547
v 11.1236 -31.4895 9.9928
v 9.8389 -32.9130 8.2305
v 9.8389 -35.7204 11.1814
v 11.1236 -33.8893 12.5153
v 11.9020 -32.0032 13.8892
v 12.1627 -30.0896 15.2832
v 11.1236 -35.5543 15.5729
v 9.8389 -37.6683 14.7584
v 9.8389 -38.6240 18.7177
v 11.1236 -36.3713 18.9573
v 11.9020 -34.0510 19.2041
v 12.1627 -31.6968 19.4545
v 11.1236 -36.2845 22.4378
v 9.8389 -38.5225 22.7894
v 11.1236 -35.2998 25.7773
v 9.8389 -37.3706 26.6961
v 11.9020 -33.1670 24.8309
v 12.1627 -31.0030 23.8706
v 11.1236 -33.4844 28.7481
v 9.8389 -35.2468 30.1716
v 11.1236 -30.9619 31.1478
v 9.8389 -32.2958 32.9789
v 11.9020 -29.5881 29.2618
v 12.1627 -28.1941 27.3481
v 11.1236 -27.9043 32.8129
v 9.8389 -28.7188 34.9268
v 9.8389 -24.7595 35.8826
v 11.1236 -24.5199 33.6298
v 11.9020 -24.2731 31.3096
v 12.1627 -24.0227 28.9553
v 9.8389 -20.6878 35.7810
v 11.1236 -21.0394 33.5430
v 9.8389 -16.7811 34.6291
v 11.1236 -17.7000 32.5584
v 11.9020 -18.6464 30.4256
v 12.1627 -19.6067 28.2615
v 11.1236 -14.7292 30.7429
v 9.8389 -13.3057 32.5053
v 9.8389 -10.4983 29.5543
v 11.1236 -12.3294 28.2205
v 11.9020 -14.2155 26.8466
v 12.1627 -16.1291 25.4526
v 9.8389 -8.5504 25.9773
v 11.1237 -10.6644 25.1628
v 9.8389 -7.5947 22.0181
v 11.1237 -9.8474 21.7785
v 11.9020 -12.1677 21.5317
v 12.1627 -14.5219 21.2813
v 9.8389 -7.6962 17.9463
v 11.1237 -9.9342 18.2979
v 9.8389 -8.8481 14.0396
v 11.1236 -10.9189 14.9585
v 11.9020 -13.0517 15.9049
v 12.1627 -15.2157 16.8652
v 11.1236 -12.7343 11.9877
v 9.8389 -10.9719 10.5642
v 11.1236 -15.2568 9.5880
v 9.8389 -13.9229 7.7569
v 11.9020 -16.6306 11.4740
v 12.1627 -18.0246 13.3877
v 11.1236 -18.3144 7.9229
v 9.8389 -17.4999 5.8089
v 11.1236 -21.6988 7.1059
v 9.8389 -21.4592 4.8532
v 11.9020 -21.9456 9.4262
v 12.1627 -22.1960 11.7805
v 5.7367 -16.2890 2.6662
v 5.7367 -11.9399 5.0346
v 5.7367 -8.3519 8.4479
v 5.7367 -5.7696 12.6736
v 5.7367 -4.3690 17.4236
v 5.7367 -4.2456 22.3743
v 5.7367 -5.4076 27.1882
v 5.7367 -7.7760 31.5374
v 5.7367 -11.1894 35.1253
v 5.7367 -15.4151 37.7076
v 5.7367 -20.1651 39.1082
v 5.7367 -25.1158 39.2317
v 5.7367 -29.9297 38.0696
v 5.7367 -34.2788 35.7012
v 5.7367 -37.8668 32.2878
v 5.7367 -40.4491 28.0622
v 5.7367 -41.8497 23.3121
v 5.7367 -41.9731 18.3615
v 5.7367 -40.8111 13.5475
v 5.7367 -38.4427 9.1984
v 5.7367 -35.0293 5.6104
v 5.7367 -30.8036 3.0282
v 5.7367 -26.0536 1.6276
v 5.7367 -21.1029 1.5041
v -6.5975 -18.1967 -5.7431
v -8.3740 -18.1967 -5.7431
v -8.3740 -18.1967 -5.7431
v -6.5975 -18.1967 -5.7431
v -8.3740 -23.8821 -9.1388
v -6.5975 -23.8821 -9.1388
v -6.5975 -24.3502 -7.4900
v -8.3740 -24.3502 -7.4900
v -6.5975 -18.1967 -5.7431
v -8.3740 -17.7287 -7.3919
v -6.5975 -17.7287 -7.3920
v -8.3740 -18.1967 -5.7431
v -8.3740 -18.1477 -9.0539
v -6.5975 -18.1477 -9.0539
v -8.3740 -20.9904 -10.7517
v -6.5975 -20.9904 -10.7517
v -6.5975 -23.8821 -9.1388
v -6.5975 -18.1477 -9.0539
v -6.5975 -20.9904 -10.7517
v -8.3740 -23.8821 -9.1388
v -8.3740 -18.1477 -9.0539
v -8.3740 -20.9904 -10.7517
v 5.7367 -18.1967 -5.7431
v 3.9601 -18.1967 -5.7431
v 5.7367 -18.1967 -5.7431
v 3.9601 -18.1967 -5.7431
v 3.9601 -23.8821 -9.1388
v 5.7367 -23.8821 -9.1388
v 3.9601 -24.3502 -7.4900
v 5.7367 -24.3502 -7.4900
v 3.9601 -18.1967 -5.7431
v 5.7367 -17.7287 -7.3919
v 5.7367 -18.1967 -5.7431
v 3.9601 -17.7287 -7.3919
v 5.7367 -18.1477 -9.0539
v 3.9601 -18.1477 -9.0539
v 3.9601 -20.9904 -10.7517
v 5.7367 -20.9904 -10.7517
v 3.9601 -23.8821 -9.1388
v 3.9601 -18.1477 -9.0539
v 3.9601 -20.9904 -10.7517
v 5.7367 -23.8821 -9.1388
v 5.7367 -18.1477 -9.0539
v 5.7367 -20.9904 -10.7517
v -6.7080 -18.3286 -7.4709
v 4.1333 -18.3286 -7.4709
v 4.1333 -19.6507 -9.7616
v -6.7080 -19.6507 -9.7616
v -6.7080 -22.2956 -9.7620
v 4.1333 -22.2956 -9.7620
v -6.7080 -23.6183 -7.4717
v 4.1333 -23.6183 -7.4717
v 4.1333 -22.2962 -5.1810
v -6.7080 -22.2962 -5.1810
v -6.7080 -19.6514 -5.1806
v 4.1333 -19.6514 -5.1806
v 5.7367 -22.4302 -9.1486
v 7.2733 -22.4302 -9.1486
v 7.2733 -23.2137 -7.0904
v 5.7367 -23.2137 -7.0904
v 7.2733 -21.8229 -5.3827
v 5.7367 -21.8229 -5.3827
v 7.2733 -19.6487 -5.7333
v 5.7367 -19.6487 -5.7333
v 5.7367 -18.8652 -7.7916
v 7.2733 -18.8652 -7.7916
v 5.7367 -20.2559 -9.4992
v 7.2733 -20.2559 -9.4992
v 7.2733 -22.4302 -9.1486
v 7.2733 -23.2137 -7.0904
v 7.2733 -21.8229 -5.3827
v 7.2733 -19.6487 -5.7333
v 7.2733 -18.8652 -7.7916
v 7.2733 -20.2559 -9.4992
v 5.7322 -11.7936 28.8692
v -9.7340 -11.7967 28.8815
v 5.7327 -12.1768 29.3691
v -9.7335 -12.1799 29.3814
v 5.7332 -12.2587 29.9937
v -9.7330 -12.2618 30.0059
v 5.7338 -11.5175 30.9587
v -9.7324 -11.5206 30.9710
v 5.7337 -10.8929 31.0406
v -9.7325 -10.8961 31.0529
v -9.7328 -10.3142 30.8115
v 5.7334 -10.3111 30.7993
v -9.7338 -9.8491 29.6871
v 5.7325 -9.8460 29.6748
v 5.7320 -10.0873 29.0930
v -9.7342 -10.0904 29.1053
v 5.7318 -10.5872 28.7098
v -9.7344 -10.5904 28.7220
v -15.3680 -14.2959 14.6566
v -13.3235 -8.3787 -29.9022
v -12.8626 -12.6557 19.8789
v -13.3235 -28.2802 -31.7785
v -15.3680 -30.6771 12.9961
v -12.8638 -33.2848 17.8864
v -15.3680 -22.1098 9.8667
v -15.3680 -15.8609 12.6412
v -15.3680 -18.6034 10.7795
v -15.3680 -14.2959 14.6566
v -15.3680 -10.1179 -30.0661
v -15.3680 -22.1098 9.8667
v -15.3680 -26.3538 -31.5969
v -15.3680 -30.6771 12.9961
v -15.3680 -28.2180 11.0866
v -15.3680 -25.0998 9.9622
v -12.9469 -22.1193 9.8670
v -13.3235 -8.3787 -29.9022
v -12.8626 -12.6557 19.8789
v -12.9042 -13.8280 15.2593
v -12.9265 -15.8609 12.6412
v -12.9414 -18.6034 10.7795
v -12.9469 -22.1193 9.8670
v -12.9305 -28.2180 11.0866
v -12.9435 -25.0998 9.9622
v -12.9096 -30.8360 13.1195
v -12.8638 -33.2848 17.8864
v -13.3235 -28.2802 -31.7785
v 12.4980 -28.2802 -31.7785
v 12.4980 -8.3787 -29.9022
v 12.4980 -28.2802 -31.7785
v 12.4980 -8.3787 -29.9022
v 14.5425 -26.3538 -31.5969
v 14.5425 -31.3201 19.6279
v 12.0239 -33.4410 19.4368
v 14.5425 -14.8986 21.1078
v 12.0240 -12.7777 21.2990
v 12.0239 -23.1131 20.4079
v 12.0239 -33.4410 19.4368
v 12.0240 -12.7777 21.2990
v 14.5425 -23.1093 20.3679
v 14.5425 -31.3201 19.6279
v 14.5425 -14.8986 21.1078
v 12.0240 -33.3295 22.1451
v 14.5425 -31.2314 21.7802
v 14.5425 -30.5892 23.8343
v 12.0240 -32.5213 24.7297
v 14.5425 -29.4371 25.6521
v 12.0240 -31.0717 27.0171
v 14.5425 -27.8539 27.1098
v 12.0240 -29.0794 28.8513
v 14.5425 -25.9473 28.1080
v 12.0240 -26.6803 30.1074
v 14.5425 -23.8473 28.5788
v 12.0240 -24.0379 30.6998
v 12.0240 -21.3322 30.5881
v 14.5425 -21.6970 28.4900
v 14.5425 -19.6430 27.8477
v 12.0240 -18.7475 29.7798
v 14.5425 -17.8252 26.6957
v 12.0240 -16.4602 28.3302
v 14.5425 -16.3675 25.1124
v 12.0240 -14.6259 26.3380
v 12.0240 -13.3698 23.9389
v 14.5425 -15.3692 23.2058
v 14.5425 -29.4371 25.6521
v 14.5425 -30.5892 23.8343
v 14.5425 -25.9473 28.1080
v 14.5425 -27.8539 27.1098
v 14.5425 -15.3692 23.2058
v 14.5425 -16.3675 25.1124
v 14.5425 -17.8252 26.6957
v 14.5425 -19.6430 27.8477
v 14.5425 -21.6970 28.4900
v 14.5425 -23.8473 28.5788
v 14.5425 -31.2314 21.7802
vt 0.2672 0.5568
vt 0.2672 0.5764
vt 0.2871 0.5764
vt 0.2871 0.5568
vt 0.3070 0.5568
vt 0.3070 0.5764
vt 0.3269 0.5764
vt 0.3269 0.5568
vt 0.3468 0.5764
vt 0.3468 0.5568
vt 0.3667 0.5764
vt 0.3667 0.5568
vt 0.3866 0.5764
vt 0.3866 0.5568
vt 0.1295 0.5105
vt 0.1256 0.5083
vt 0.1294 0.4954
vt 0.1255 0.4977
vt 0.1163 0.4925
vt 0.1163 0.4880
vt 0.1072 0.4979
vt 0.1033 0.4957
vt 0.1034 0.5107
vt 0.1073 0.5084
vt 0.1165 0.5136
vt 0.1165 0.5181
vt 0.1256 0.5083
vt 0.1255 0.4977
vt 0.1163 0.4925
vt 0.1072 0.4979
vt 0.1073 0.5084
vt 0.1165 0.5136
vt 0.3953 0.7215
vt 0.4250 0.7215
vt 0.4138 0.8200
vt 0.4138 0.7903
vt 0.4616 0.8200
vt 0.4616 0.7903
vt 0.4569 0.7602
vt 0.4184 0.7602
vt 0.4138 0.7903
vt 0.4616 0.7903
vt 0.4569 0.8501
vt 0.4377 0.8611
vt 0.4184 0.8501
vt 0.4138 0.8200
vt 0.4138 0.7602
vt 0.4616 0.7602
vt 0.4616 0.7903
vt 0.4138 0.8501
vt 0.4138 0.8200
vt 0.4616 0.8501
vt 0.4616 0.8200
vt 0.3957 0.7407
vt 0.4253 0.7454
vt 0.4253 0.7407
vt 0.3957 0.7454
vt 0.4253 0.7022
vt 0.3957 0.6976
vt 0.3957 0.7022
vt 0.4253 0.6976
vt 0.4048 0.6621
vt 0.3971 0.6858
vt 0.4048 0.6858
vt 0.3971 0.6621
vt 0.4230 0.6858
vt 0.4230 0.6621
vt 0.4048 0.6881
vt 0.4230 0.6881
vt 0.4741 0.8818
vt 0.5018 0.8725
vt 0.4833 0.8725
vt 0.5111 0.8818
vt 0.5111 0.9003
vt 0.4741 0.9003
vt 0.5018 0.9095
vt 0.4833 0.9095
vt 0.3073 0.7147
vt 0.3073 0.7154
vt 0.3085 0.6860
vt 0.3068 0.6822
vt 0.2967 0.6814
vt 0.2876 0.6858
vt 0.2920 0.6860
vt 0.2892 0.7126
vt 0.2826 0.7091
vt 0.2892 0.7168
vt 0.2920 0.7154
vt 0.2987 0.7202
vt 0.2937 0.7191
vt 0.3038 0.7199
vt 0.3073 0.7154
vt 0.3087 0.7183
vt 0.3085 0.7154
vt 0.3113 0.7126
vt 0.3179 0.6922
vt 0.3113 0.6888
vt 0.2808 0.6991
vt 0.2892 0.6887
vt 0.2841 0.6896
vt 0.3164 0.7117
vt 0.3198 0.7022
vt 0.9933 0.8097
vt 0.9933 0.7036
vt 0.9933 0.7567
vt 0.4772 0.6455
vt 0.4626 0.6344
vt 0.4971 0.6937
vt 0.4946 0.7118
vt 0.4563 0.6824
vt 0.4732 0.6754
vt 0.4626 0.6344
vt 0.4492 0.6242
vt 0.4946 0.7118
vt 0.4924 0.7285
vt 0.4563 0.6824
vt 0.4407 0.6888
vt 0.4943 0.6667
vt 0.4732 0.6754
vt 0.4951 0.6595
vt 0.4772 0.6455
vt 0.4971 0.6937
vt 0.4998 0.6710
vt 0.9933 0.9689
vt 0.9933 0.8628
vt 0.9933 0.9158
vt 0.5248 0.6822
vt 0.5393 0.6933
vt 0.5048 0.6340
vt 0.5073 0.6159
vt 0.5456 0.6454
vt 0.5288 0.6524
vt 0.5393 0.6933
vt 0.5527 0.7036
vt 0.5073 0.6159
vt 0.5095 0.5992
vt 0.5612 0.6389
vt 0.5456 0.6454
vt 0.5075 0.6611
vt 0.5288 0.6524
vt 0.5065 0.6685
vt 0.5248 0.6822
vt 0.5048 0.6340
vt 0.5019 0.6567
vt 0.4476 0.4846
vt 0.4716 0.4606
vt 0.4804 0.4934
vt 0.4564 0.5175
vt 0.4235 0.5087
vt 0.4147 0.4758
vt 0.4388 0.4518
vt 0.6412 0.4445
vt 0.6412 0.4092
vt 0.6717 0.4268
vt 0.6717 0.4621
vt 0.6412 0.4797
vt 0.6107 0.4621
vt 0.6107 0.4268
vt 0.3879 0.9668
vt 0.3878 0.9830
vt 0.3881 0.9230
vt 0.3879 0.9668
vt 0.3655 0.9019
vt 0.3655 0.8709
vt 0.3030 0.9386
vt 0.3165 0.9465
vt 0.3165 0.9612
vt 0.3029 0.9690
vt 0.3150 0.8851
vt 0.3240 0.8695
vt 0.3150 0.8747
vt 0.3165 0.9465
vt 0.3289 0.9679
vt 0.3165 0.9612
vt 0.3878 0.9830
vt 0.3879 0.9668
vt 0.3881 0.9230
vt 0.3879 0.9668
vt 0.3655 0.9019
vt 0.3655 0.8709
vt 0.3165 0.9465
vt 0.3030 0.9386
vt 0.3029 0.9690
vt 0.3165 0.9612
vt 0.3150 0.8851
vt 0.3240 0.8695
vt 0.3150 0.8747
vt 0.3165 0.9465
vt 0.3289 0.9679
vt 0.3165 0.9612
vt 0.1256 0.5083
vt 0.1295 0.5105
vt 0.1294 0.4954
vt 0.1255 0.4977
vt 0.1163 0.4925
vt 0.1163 0.4880
vt 0.1072 0.4979
vt 0.1033 0.4957
vt 0.1034 0.5107
vt 0.1073 0.5084
vt 0.1165 0.5136
vt 0.1165 0.5181
vt 0.1256 0.5083
vt 0.1255 0.4977
vt 0.1163 0.4925
vt 0.1072 0.4979
vt 0.1073 0.5084
vt 0.1165 0.5136
vt 0.8320 0.5954
vt 0.2771 0.5764
vt 0.2771 0.5568
vt 0.2970 0.5764
vt 0.2970 0.5568
vt 0.3169 0.5764
vt 0.3169 0.5568
vt 0.3368 0.5764
vt 0.3368 0.5568
vt 0.3567 0.5764
vt 0.3567 0.5568
vt 0.3766 0.5764
vt 0.3766 0.5568
vt 0.1164 0.5031
vt 0.3957 0.7407
vt 0.4251 0.7326
vt 0.3954 0.7326
vt 0.4253 0.7407
vt 0.4251 0.7104
vt 0.3954 0.7104
vt 0.4253 0.7022
vt 0.3957 0.7022
vt 0.4488 0.7522
vt 0.4377 0.7492
vt 0.4266 0.7522
vt 0.4488 0.8582
vt 0.4266 0.8582
vt 0.3528 0.7010
vt 0.3869 0.6869
vt 0.3528 0.6869
vt 0.3869 0.7010
vt 0.3869 0.6777
vt 0.3528 0.6632
vt 0.3528 0.6777
vt 0.3869 0.6632
vt 0.3869 0.7485
vt 0.3528 0.7345
vt 0.3528 0.7485
vt 0.3869 0.7345
vt 0.3869 0.7250
vt 0.3528 0.7105
vt 0.3528 0.7250
vt 0.3869 0.7105
vt 0.3307 0.7052
vt 0.3307 0.6871
vt 0.3307 0.6927
vt 0.3390 0.6871
vt 0.3390 0.7108
vt 0.3307 0.7108
vt 0.3307 0.7167
vt 0.3390 0.7108
vt 0.3307 0.7108
vt 0.3390 0.7344
vt 0.3307 0.7344
vt 0.3307 0.7288
vt 0.3307 0.7400
vt 0.3390 0.7344
vt 0.3307 0.7344
vt 0.3390 0.7580
vt 0.3307 0.7580
vt 0.3307 0.7524
vt 0.3307 0.6811
vt 0.3307 0.6635
vt 0.3307 0.6691
vt 0.3390 0.6635
vt 0.3390 0.6871
vt 0.3307 0.6871
vt 0.3869 0.7010
vt 0.3528 0.7105
vt 0.3869 0.7105
vt 0.3528 0.7010
vt 0.3869 0.6777
vt 0.3528 0.6869
vt 0.3869 0.6869
vt 0.3528 0.6777
vt 0.3869 0.7578
vt 0.3528 0.7485
vt 0.3528 0.7578
vt 0.3869 0.7485
vt 0.3869 0.7250
vt 0.3528 0.7345
vt 0.3869 0.7345
vt 0.3528 0.7250
vt 0.3247 0.7108
vt 0.3307 0.7108
vt 0.3307 0.7052
vt 0.3251 0.7344
vt 0.3307 0.7400
vt 0.3307 0.7344
vt 0.3251 0.7580
vt 0.3307 0.7580
vt 0.3307 0.7524
vt 0.3307 0.6927
vt 0.3307 0.6871
vt 0.3247 0.6871
vt 0.5471 0.8786
vt 0.5560 0.8884
vt 0.5560 0.8786
vt 0.5471 0.8884
vt 0.5423 0.8933
vt 0.5325 0.9021
vt 0.5423 0.9021
vt 0.5325 0.8933
vt 0.5276 0.8884
vt 0.5187 0.8786
vt 0.5187 0.8884
vt 0.5276 0.8786
vt 0.5325 0.8648
vt 0.5423 0.8737
vt 0.5423 0.8648
vt 0.5325 0.8737
vt 0.5276 0.8884
vt 0.5423 0.8933
vt 0.5471 0.8884
vt 0.5325 0.8933
vt 0.5471 0.8786
vt 0.5485 0.8674
vt 0.5423 0.8737
vt 0.5534 0.8723
vt 0.5423 0.8933
vt 0.5534 0.8946
vt 0.5471 0.8884
vt 0.5485 0.8995
vt 0.5276 0.8884
vt 0.5262 0.8995
vt 0.5325 0.8933
vt 0.5213 0.8946
vt 0.5276 0.8786
vt 0.5262 0.8674
vt 0.5213 0.8723
vt 0.5325 0.8737
vt 0.5276 0.8786
vt 0.5471 0.8786
vt 0.5423 0.8737
vt 0.5325 0.8737
vt 0.5111 0.8818
vt 0.5125 0.9003
vt 0.5125 0.8818
vt 0.5111 0.9003
vt 0.5018 0.9095
vt 0.4833 0.9109
vt 0.5018 0.9109
vt 0.4833 0.9095
vt 0.4741 0.9003
vt 0.4727 0.8818
vt 0.4727 0.9003
vt 0.4741 0.8818
vt 0.4833 0.8711
vt 0.5018 0.8725
vt 0.5018 0.8711
vt 0.4833 0.8725
vt 0.4563 0.9116
vt 0.4674 0.9079
vt 0.4600 0.9079
vt 0.4711 0.9116
vt 0.5111 0.8818
vt 0.5028 0.8715
vt 0.5018 0.8725
vt 0.5121 0.8808
vt 0.5111 0.9003
vt 0.5028 0.9105
vt 0.5121 0.9012
vt 0.5018 0.9095
vt 0.4741 0.9003
vt 0.4824 0.9105
vt 0.4833 0.9095
vt 0.4731 0.9012
vt 0.4741 0.8818
vt 0.4824 0.8715
vt 0.4731 0.8808
vt 0.4833 0.8725
vt 0.4711 0.9189
vt 0.4563 0.9189
vt 0.4674 0.9226
vt 0.4600 0.9226
vt 0.9596 0.8097
vt 0.9933 0.8363
vt 0.9596 0.8363
vt 0.9596 0.6771
vt 0.9933 0.6771
vt 0.9596 0.7036
vt 0.9596 0.7302
vt 0.9933 0.7302
vt 0.9596 0.7567
vt 0.9596 0.7832
vt 0.9933 0.7832
vt 0.4890 0.6362
vt 0.4825 0.6192
vt 0.5195 0.7085
vt 0.5125 0.6916
vt 0.4715 0.7022
vt 0.4826 0.6878
vt 0.4711 0.6599
vt 0.4530 0.6576
vt 0.9572 0.8097
vt 0.9596 0.8097
vt 0.9572 0.8363
vt 0.9596 0.8363
vt 0.9596 0.6771
vt 0.9572 0.6771
vt 0.9572 0.7036
vt 0.9596 0.7036
vt 0.9572 0.7302
vt 0.9596 0.7302
vt 0.9596 0.7567
vt 0.9572 0.7567
vt 0.9596 0.7832
vt 0.9572 0.7832
vt 0.4825 0.6192
vt 0.4760 0.6036
vt 0.5259 0.7241
vt 0.5195 0.7085
vt 0.4715 0.7022
vt 0.4613 0.7156
vt 0.4530 0.6576
vt 0.4363 0.6554
vt 0.4937 0.6629
vt 0.4711 0.6599
vt 0.4989 0.6569
vt 0.4890 0.6362
vt 0.5034 0.6707
vt 0.5125 0.6916
vt 0.4826 0.6878
vt 0.4965 0.6696
vt 0.9596 0.9689
vt 0.9596 0.9954
vt 0.9933 0.9954
vt 0.9596 0.8628
vt 0.9596 0.8893
vt 0.9933 0.8893
vt 0.9596 0.9158
vt 0.9596 0.9424
vt 0.9933 0.9424
vt 0.5192 0.6400
vt 0.5304 0.6255
vt 0.5308 0.6678
vt 0.5489 0.6702
vt 0.9572 0.9689
vt 0.9596 0.9689
vt 0.9572 0.9954
vt 0.9596 0.9954
vt 0.9572 0.8363
vt 0.9572 0.8628
vt 0.9596 0.8628
vt 0.9596 0.8893
vt 0.9572 0.8893
vt 0.9596 0.9158
vt 0.9572 0.9158
vt 0.9596 0.9424
vt 0.9572 0.9424
vt 0.5259 0.7241
vt 0.4760 0.6036
vt 0.5304 0.6255
vt 0.5406 0.6122
vt 0.5489 0.6702
vt 0.5656 0.6724
vt 0.5081 0.6648
vt 0.5308 0.6678
vt 0.5192 0.6400
vt 0.5054 0.6582
vt 0.4564 0.4518
vt 0.4804 0.4758
vt 0.4716 0.5087
vt 0.4388 0.5175
vt 0.4147 0.4934
vt 0.4235 0.4606
vt 0.4123 0.4700
vt 0.4027 0.4660
vt 0.3994 0.4908
vt 0.4097 0.4895
vt 0.4089 0.5140
vt 0.4172 0.5076
vt 0.4288 0.5292
vt 0.4328 0.5196
vt 0.4535 0.5326
vt 0.4522 0.5222
vt 0.4767 0.5231
vt 0.4704 0.5148
vt 0.4920 0.5033
vt 0.4824 0.4992
vt 0.4954 0.4785
vt 0.4850 0.4798
vt 0.4859 0.4553
vt 0.4776 0.4616
vt 0.4662 0.4400
vt 0.4621 0.4496
vt 0.4414 0.4365
vt 0.4427 0.4469
vt 0.4181 0.4460
vt 0.4244 0.4543
vt 0.6588 0.4140
vt 0.6764 0.4445
vt 0.6588 0.4750
vt 0.6236 0.4750
vt 0.6060 0.4445
vt 0.6236 0.4140
vt 0.6065 0.4296
vt 0.5970 0.4256
vt 0.5938 0.4501
vt 0.6040 0.4488
vt 0.6032 0.4730
vt 0.6114 0.4667
vt 0.6227 0.4881
vt 0.6267 0.4786
vt 0.6472 0.4915
vt 0.6459 0.4813
vt 0.6701 0.4823
vt 0.6639 0.4741
vt 0.6854 0.4630
vt 0.6759 0.4588
vt 0.6891 0.4385
vt 0.6788 0.4397
vt 0.6801 0.4155
vt 0.6717 0.4216
vt 0.6608 0.4000
vt 0.6566 0.4095
vt 0.6364 0.3961
vt 0.6375 0.4064
vt 0.6130 0.4053
vt 0.6191 0.4135
vt 0.3557 0.9667
vt 0.3557 0.9829
vt 0.3293 0.9392
vt 0.3557 0.9667
vt 0.3559 0.9229
vt 0.3428 0.8709
vt 0.3240 0.8903
vt 0.3428 0.9019
vt 0.3557 0.9829
vt 0.3293 0.9392
vt 0.3517 0.9079
vt 0.3230 0.9245
vt 0.3559 0.9229
vt 0.3881 0.9230
vt 0.3881 0.9068
vt 0.3557 0.9829
vt 0.3557 0.9667
vt 0.3557 0.9667
vt 0.3293 0.9392
vt 0.3559 0.9229
vt 0.3428 0.8709
vt 0.3240 0.8903
vt 0.3428 0.9019
vt 0.3557 0.9829
vt 0.3293 0.9392
vt 0.3517 0.9079
vt 0.3559 0.9229
vt 0.3230 0.9245
vt 0.3881 0.9230
vt 0.3881 0.9068
vt 0.1064 0.3942
vt 0.1064 0.4578
vt 0.1198 0.4578
vt 0.1198 0.3942
vt 0.1332 0.4578
vt 0.1332 0.3942
vt 0.1466 0.4578
vt 0.1466 0.3942
vt 0.1600 0.4578
vt 0.1600 0.3942
vt 0.0797 0.4578
vt 0.0797 0.3942
vt 0.0930 0.4578
vt 0.0930 0.3942
vt 0.1164 0.5031
vt 0.3169 0.5365
vt 0.3169 0.4871
vt 0.3261 0.5365
vt 0.3261 0.4871
vt 0.3354 0.4871
vt 0.3354 0.5365
vt 0.3446 0.4871
vt 0.3446 0.5365
vt 0.2721 0.5764
vt 0.2721 0.5568
vt 0.2821 0.5764
vt 0.2821 0.5568
vt 0.2920 0.5764
vt 0.2920 0.5568
vt 0.3020 0.5764
vt 0.3020 0.5568
vt 0.3119 0.5568
vt 0.3119 0.5764
vt 0.3219 0.5568
vt 0.3219 0.5764
vt 0.3318 0.5764
vt 0.3318 0.5568
vt 0.3418 0.5764
vt 0.3418 0.5568
vt 0.3518 0.5764
vt 0.3518 0.5568
vt 0.3617 0.5764
vt 0.3617 0.5568
vt 0.3717 0.5568
vt 0.3717 0.5764
vt 0.3816 0.5764
vt 0.3816 0.5568
vt 0.1217 0.5122
vt 0.1240 0.5160
vt 0.1314 0.5029
vt 0.1270 0.5030
vt 0.1238 0.4900
vt 0.1216 0.4939
vt 0.1110 0.4940
vt 0.1088 0.4901
vt 0.1014 0.5032
vt 0.1058 0.5032
vt 0.1090 0.5161
vt 0.1112 0.5123
vt 0.1217 0.5122
vt 0.1270 0.5030
vt 0.1216 0.4939
vt 0.1110 0.4940
vt 0.1058 0.5032
vt 0.1112 0.5123
vt 0.4377 0.7903
vt 0.4377 0.8200
vt 0.4377 0.7713
vt 0.4377 0.7903
vt 0.4377 0.8391
vt 0.4377 0.8200
vt 0.4616 0.8200
vt 0.4138 0.7903
vt 0.2966 0.7103
vt 0.3008 0.6996
vt 0.3008 0.7103
vt 0.2966 0.6996
vt 0.2966 0.7103
vt 0.2926 0.6996
vt 0.2966 0.6996
vt 0.2926 0.7103
vt 0.2966 0.6996
vt 0.2966 0.6957
vt 0.3008 0.6996
vt 0.2966 0.7143
vt 0.2966 0.7103
vt 0.3008 0.7103
vt 0.3013 0.6909
vt 0.2970 0.6881
vt 0.3013 0.6881
vt 0.2970 0.6909
vt 0.2930 0.6909
vt 0.2970 0.6881
vt 0.2970 0.6909
vt 0.2930 0.6881
vt 0.2970 0.6949
vt 0.2970 0.6909
vt 0.3013 0.6909
vt 0.3045 0.7089
vt 0.3067 0.7080
vt 0.3067 0.7089
vt 0.3045 0.7080
vt 0.3045 0.7080
vt 0.3021 0.7089
vt 0.3021 0.7080
vt 0.3045 0.7089
vt 0.3045 0.7089
vt 0.3067 0.7089
vt 0.3045 0.7113
vt 0.3067 0.7080
vt 0.3045 0.7080
vt 0.3045 0.7056
vt 0.2929 0.6948
vt 0.2912 0.6985
vt 0.2912 0.6948
vt 0.2929 0.6985
vt 0.2929 0.6985
vt 0.2945 0.6948
vt 0.2945 0.6985
vt 0.2929 0.6948
vt 0.2929 0.6948
vt 0.2912 0.6948
vt 0.2929 0.6931
vt 0.2966 0.7103
vt 0.3008 0.6996
vt 0.2966 0.6996
vt 0.3008 0.7103
vt 0.2926 0.6996
vt 0.2966 0.7103
vt 0.2966 0.6996
vt 0.2926 0.7103
vt 0.2966 0.6996
vt 0.3008 0.6996
vt 0.2966 0.6957
vt 0.2966 0.7143
vt 0.3008 0.7103
vt 0.2966 0.7103
vt 0.2970 0.6881
vt 0.3013 0.6909
vt 0.3013 0.6881
vt 0.2970 0.6909
vt 0.2930 0.6909
vt 0.2970 0.6881
vt 0.2930 0.6881
vt 0.2970 0.6909
vt 0.2970 0.6949
vt 0.3013 0.6909
vt 0.2970 0.6909
vt 0.3045 0.7080
vt 0.3067 0.7089
vt 0.3067 0.7080
vt 0.3045 0.7089
vt 0.3045 0.7080
vt 0.3021 0.7089
vt 0.3045 0.7089
vt 0.3021 0.7080
vt 0.3045 0.7089
vt 0.3045 0.7113
vt 0.3067 0.7089
vt 0.3067 0.7080
vt 0.3045 0.7056
vt 0.3045 0.7080
vt 0.2929 0.6948
vt 0.2912 0.6985
vt 0.2929 0.6985
vt 0.2912 0.6948
vt 0.2929 0.6985
vt 0.2945 0.6948
vt 0.2929 0.6948
vt 0.2945 0.6985
vt 0.2929 0.6948
vt 0.2929 0.6931
vt 0.2912 0.6948
vt 0.3109 0.7140
vt 0.3096 0.7144
vt 0.3099 0.7150
vt 0.3103 0.7137
vt 0.3084 0.7147
vt 0.3085 0.7154
vt 0.3030 0.7147
vt 0.3030 0.7154
vt 0.2991 0.7154
vt 0.2951 0.7154
vt 0.2920 0.7154
vt 0.2921 0.7147
vt 0.2951 0.7147
vt 0.2991 0.7147
vt 0.2906 0.7150
vt 0.2909 0.7144
vt 0.2910 0.7144
vt 0.2896 0.7140
vt 0.2902 0.7136
vt 0.2899 0.7125
vt 0.2892 0.7126
vt 0.2892 0.7007
vt 0.2899 0.7007
vt 0.2894 0.6880
vt 0.2902 0.6877
vt 0.2896 0.6874
vt 0.2901 0.6882
vt 0.2899 0.6888
vt 0.2892 0.6887
vt 0.2910 0.6869
vt 0.2906 0.6864
vt 0.2920 0.6860
vt 0.2921 0.6866
vt 0.2975 0.6867
vt 0.2932 0.6867
vt 0.2933 0.6860
vt 0.2975 0.6860
vt 0.3014 0.6860
vt 0.3055 0.6860
vt 0.3085 0.6860
vt 0.3085 0.6867
vt 0.3055 0.6867
vt 0.3014 0.6867
vt 0.3099 0.6864
vt 0.3096 0.6869
vt 0.3100 0.6865
vt 0.3104 0.6877
vt 0.3109 0.6874
vt 0.3095 0.6869
vt 0.3113 0.6888
vt 0.3106 0.6888
vt 0.3113 0.7007
vt 0.3106 0.7007
vt 0.3104 0.7132
vt 0.3113 0.7126
vt 0.3106 0.7125
vt 0.3055 0.6860
vt 0.3113 0.6845
vt 0.3100 0.6865
vt 0.3099 0.6864
vt 0.3018 0.6812
vt 0.3014 0.6860
vt 0.2975 0.6860
vt 0.2933 0.6860
vt 0.2918 0.6830
vt 0.2906 0.6864
vt 0.2894 0.6880
vt 0.2896 0.6874
vt 0.2854 0.7134
vt 0.2896 0.7140
vt 0.2906 0.7150
vt 0.2951 0.7154
vt 0.2991 0.7154
vt 0.3030 0.7154
vt 0.3099 0.7150
vt 0.3130 0.7155
vt 0.3109 0.7140
vt 0.3151 0.6880
vt 0.2892 0.7007
vt 0.2810 0.7042
vt 0.2818 0.6942
vt 0.3109 0.6874
vt 0.3113 0.7007
vt 0.3195 0.6971
vt 0.3187 0.7072
vt 0.9596 0.7965
vt 0.9933 0.7965
vt 0.9596 0.8230
vt 0.9933 0.8230
vt 0.9933 0.6904
vt 0.9596 0.6904
vt 0.9596 0.7169
vt 0.9933 0.7169
vt 0.9596 0.7434
vt 0.9933 0.7434
vt 0.9596 0.7700
vt 0.9933 0.7700
vt 0.4563 0.6454
vt 0.4732 0.6523
vt 0.4715 0.6255
vt 0.4826 0.6401
vt 0.5049 0.6937
vt 0.5073 0.7118
vt 0.4894 0.6917
vt 0.4825 0.7085
vt 0.4770 0.6821
vt 0.4626 0.6933
vt 0.4711 0.6678
vt 0.4530 0.6702
vt 0.9596 0.7965
vt 0.9572 0.7965
vt 0.9572 0.8230
vt 0.9596 0.8230
vt 0.9572 0.6904
vt 0.9596 0.6904
vt 0.9572 0.7169
vt 0.9596 0.7169
vt 0.9572 0.7434
vt 0.9596 0.7434
vt 0.9572 0.7700
vt 0.9596 0.7700
vt 0.4407 0.6389
vt 0.4563 0.6454
vt 0.4715 0.6255
vt 0.4613 0.6121
vt 0.5073 0.7118
vt 0.5095 0.7285
vt 0.4760 0.7241
vt 0.4825 0.7085
vt 0.4492 0.7036
vt 0.4626 0.6933
vt 0.4363 0.6724
vt 0.4530 0.6702
vt 0.4770 0.6821
vt 0.4952 0.6684
vt 0.4937 0.6648
vt 0.4711 0.6678
vt 0.4941 0.6612
vt 0.4732 0.6523
vt 0.4963 0.6581
vt 0.4826 0.6401
vt 0.5049 0.6937
vt 0.5016 0.6711
vt 0.4894 0.6917
vt 0.4981 0.6705
vt 0.9933 0.9556
vt 0.9596 0.9556
vt 0.9596 0.9822
vt 0.9933 0.9822
vt 0.9596 0.8495
vt 0.9933 0.8495
vt 0.9596 0.8761
vt 0.9933 0.8761
vt 0.9596 0.9026
vt 0.9933 0.9026
vt 0.9596 0.9291
vt 0.9933 0.9291
vt 0.5456 0.6824
vt 0.5287 0.6754
vt 0.5304 0.7022
vt 0.5193 0.6877
vt 0.4974 0.6340
vt 0.4946 0.6159
vt 0.5195 0.6192
vt 0.5125 0.6361
vt 0.5249 0.6456
vt 0.5393 0.6344
vt 0.5308 0.6599
vt 0.5489 0.6576
vt 0.9596 0.9556
vt 0.9572 0.9556
vt 0.9572 0.9822
vt 0.9596 0.9822
vt 0.9572 0.8495
vt 0.9596 0.8495
vt 0.9572 0.8761
vt 0.9596 0.8761
vt 0.9572 0.9026
vt 0.9596 0.9026
vt 0.9572 0.9291
vt 0.9596 0.9291
vt 0.5612 0.6888
vt 0.5456 0.6824
vt 0.5304 0.7022
vt 0.5406 0.7156
vt 0.4925 0.5992
vt 0.4946 0.6159
vt 0.5195 0.6192
vt 0.5259 0.6036
vt 0.5527 0.6242
vt 0.5393 0.6344
vt 0.5489 0.6576
vt 0.5656 0.6554
vt 0.5249 0.6456
vt 0.5066 0.6593
vt 0.5308 0.6599
vt 0.5081 0.6630
vt 0.5075 0.6667
vt 0.5287 0.6754
vt 0.5193 0.6877
vt 0.5051 0.6698
vt 0.4974 0.6340
vt 0.4994 0.6568
vt 0.5125 0.6361
vt 0.5038 0.6572
vt 0.3608 0.4732
vt 0.3634 0.4956
vt 0.3608 0.4959
vt 0.3634 0.4735
vt 0.3691 0.5169
vt 0.3667 0.5179
vt 0.3801 0.5360
vt 0.3781 0.5376
vt 0.3941 0.5537
vt 0.3957 0.5517
vt 0.4138 0.5651
vt 0.4148 0.5628
vt 0.4358 0.5711
vt 0.4361 0.5685
vt 0.4582 0.5686
vt 0.4585 0.5711
vt 0.4805 0.5653
vt 0.4795 0.5629
vt 0.5003 0.5540
vt 0.4987 0.5520
vt 0.5164 0.5379
vt 0.5144 0.5364
vt 0.5278 0.5183
vt 0.5255 0.5173
vt 0.5338 0.4964
vt 0.5313 0.4960
vt 0.5314 0.4739
vt 0.5339 0.4736
vt 0.5258 0.4526
vt 0.5282 0.4516
vt 0.5149 0.4334
vt 0.5169 0.4318
vt 0.5009 0.4157
vt 0.4994 0.4177
vt 0.4813 0.4042
vt 0.4803 0.4065
vt 0.4590 0.4006
vt 0.4594 0.3981
vt 0.4369 0.4005
vt 0.4366 0.3980
vt 0.4145 0.4037
vt 0.4155 0.4061
vt 0.3946 0.4151
vt 0.3961 0.4171
vt 0.3783 0.4313
vt 0.3803 0.4328
vt 0.3691 0.4521
vt 0.3667 0.4511
vt 0.4476 0.4506
vt 0.4646 0.4552
vt 0.4770 0.4676
vt 0.4816 0.4846
vt 0.4770 0.5017
vt 0.4646 0.5141
vt 0.4476 0.5187
vt 0.4305 0.5141
vt 0.4181 0.5017
vt 0.4135 0.4846
vt 0.4181 0.4676
vt 0.4305 0.4552
vt 0.3656 0.4953
vt 0.3656 0.4738
vt 0.3712 0.5160
vt 0.3819 0.5347
vt 0.3971 0.5499
vt 0.4157 0.5607
vt 0.4364 0.5663
vt 0.4579 0.5663
vt 0.4787 0.5608
vt 0.4973 0.5501
vt 0.5126 0.5350
vt 0.5234 0.5164
vt 0.5290 0.4957
vt 0.5291 0.4742
vt 0.5237 0.4534
vt 0.5130 0.4348
vt 0.4979 0.4195
vt 0.4794 0.4086
vt 0.4587 0.4029
vt 0.4372 0.4027
vt 0.4163 0.4082
vt 0.3975 0.4189
vt 0.3821 0.4342
vt 0.3712 0.4530
vt 0.3994 0.4782
vt 0.4097 0.4796
vt 0.3891 0.4769
vt 0.3931 0.4620
vt 0.3789 0.4755
vt 0.3835 0.4581
vt 0.3891 0.4922
vt 0.3789 0.4935
vt 0.3931 0.5070
vt 0.3835 0.5109
vt 0.4027 0.5030
vt 0.4123 0.4991
vt 0.4007 0.5203
vt 0.3925 0.5265
vt 0.4115 0.5311
vt 0.4052 0.5393
vt 0.4178 0.5229
vt 0.4242 0.5146
vt 0.4248 0.5388
vt 0.4208 0.5483
vt 0.4395 0.5428
vt 0.4382 0.5530
vt 0.4409 0.5325
vt 0.4423 0.5222
vt 0.4549 0.5429
vt 0.4562 0.5531
vt 0.4736 0.5485
vt 0.4697 0.5389
vt 0.4657 0.5293
vt 0.4618 0.5197
vt 0.4830 0.5313
vt 0.4892 0.5395
vt 0.4938 0.5205
vt 0.5020 0.5268
vt 0.4856 0.5142
vt 0.4774 0.5078
vt 0.5111 0.5113
vt 0.5016 0.5073
vt 0.5158 0.4939
vt 0.5056 0.4925
vt 0.4953 0.4911
vt 0.4850 0.4897
vt 0.5057 0.4772
vt 0.5159 0.4759
vt 0.5113 0.4585
vt 0.5018 0.4624
vt 0.4922 0.4663
vt 0.4825 0.4702
vt 0.4942 0.4491
vt 0.5024 0.4428
vt 0.4898 0.4300
vt 0.4834 0.4382
vt 0.4770 0.4464
vt 0.4707 0.4546
vt 0.4742 0.4209
vt 0.4702 0.4304
vt 0.4569 0.4161
vt 0.4554 0.4263
vt 0.4540 0.4366
vt 0.4526 0.4469
vt 0.4401 0.4262
vt 0.4388 0.4160
vt 0.4214 0.4205
vt 0.4253 0.4301
vt 0.4292 0.4397
vt 0.4331 0.4494
vt 0.4118 0.4378
vt 0.4056 0.4295
vt 0.3926 0.4424
vt 0.4008 0.4487
vt 0.4090 0.4550
vt 0.4173 0.4614
vt 0.3920 0.4116
vt 0.4129 0.3997
vt 0.4361 0.3937
vt 0.4600 0.3938
vt 0.4830 0.4002
vt 0.5036 0.4122
vt 0.5203 0.4292
vt 0.5322 0.4500
vt 0.5382 0.4731
vt 0.5381 0.4969
vt 0.5318 0.5200
vt 0.5198 0.5406
vt 0.5029 0.5574
vt 0.4822 0.5693
vt 0.4590 0.5754
vt 0.4352 0.5753
vt 0.4121 0.5691
vt 0.3915 0.5571
vt 0.3746 0.5402
vt 0.3627 0.5195
vt 0.3565 0.4965
vt 0.3565 0.4726
vt 0.3627 0.4495
vt 0.3748 0.4286
vt 0.5544 0.4553
vt 0.5514 0.4321
vt 0.5514 0.4557
vt 0.5544 0.4325
vt 0.5603 0.4773
vt 0.5574 0.4784
vt 0.5692 0.4988
vt 0.5716 0.4970
vt 0.5857 0.5156
vt 0.5876 0.5132
vt 0.6061 0.5275
vt 0.6073 0.5247
vt 0.6292 0.5307
vt 0.6288 0.5338
vt 0.6523 0.5340
vt 0.6520 0.5309
vt 0.6751 0.5281
vt 0.6740 0.5253
vt 0.6957 0.5166
vt 0.6938 0.5141
vt 0.7126 0.5002
vt 0.7102 0.4983
vt 0.7246 0.4799
vt 0.7218 0.4787
vt 0.7311 0.4573
vt 0.7281 0.4568
vt 0.7315 0.4337
vt 0.7285 0.4341
vt 0.7259 0.4109
vt 0.7230 0.4120
vt 0.7146 0.3902
vt 0.7121 0.3920
vt 0.6964 0.3756
vt 0.6983 0.3732
vt 0.6782 0.3609
vt 0.6769 0.3637
vt 0.6556 0.3543
vt 0.6551 0.3573
vt 0.6324 0.3567
vt 0.6320 0.3536
vt 0.6089 0.3592
vt 0.6100 0.3620
vt 0.5894 0.3734
vt 0.5875 0.3709
vt 0.5699 0.3881
vt 0.5723 0.3900
vt 0.5604 0.4103
vt 0.5576 0.4091
vt 0.6321 0.4104
vt 0.6503 0.4104
vt 0.6661 0.4196
vt 0.6752 0.4353
vt 0.6752 0.4536
vt 0.6661 0.4694
vt 0.6503 0.4785
vt 0.6321 0.4785
vt 0.6163 0.4694
vt 0.6072 0.4536
vt 0.6072 0.4353
vt 0.6163 0.4196
vt 0.5570 0.4328
vt 0.5570 0.4549
vt 0.5627 0.4763
vt 0.5737 0.4954
vt 0.5892 0.5111
vt 0.6083 0.5223
vt 0.6296 0.5282
vt 0.6516 0.5284
vt 0.6730 0.5229
vt 0.6923 0.5121
vt 0.7081 0.4967
vt 0.7195 0.4777
vt 0.7255 0.4565
vt 0.7259 0.4344
vt 0.7206 0.4129
vt 0.7100 0.3936
vt 0.6947 0.3776
vt 0.6759 0.3661
vt 0.6547 0.3598
vt 0.6326 0.3592
vt 0.6109 0.3644
vt 0.5909 0.3755
vt 0.5744 0.3916
vt 0.5628 0.4113
vt 0.5938 0.4377
vt 0.6040 0.4390
vt 0.5832 0.4363
vt 0.5872 0.4214
vt 0.5720 0.4348
vt 0.5768 0.4171
vt 0.5832 0.4515
vt 0.5720 0.4530
vt 0.5767 0.4705
vt 0.5871 0.4662
vt 0.5970 0.4622
vt 0.6065 0.4582
vt 0.5947 0.4794
vt 0.5857 0.4863
vt 0.5985 0.4992
vt 0.6054 0.4902
vt 0.6119 0.4818
vt 0.6183 0.4736
vt 0.6186 0.4979
vt 0.6142 0.5083
vt 0.6332 0.5020
vt 0.6317 0.5132
vt 0.6347 0.4914
vt 0.6361 0.4812
vt 0.6485 0.5021
vt 0.6498 0.5133
vt 0.6632 0.4983
vt 0.6674 0.5088
vt 0.6592 0.4884
vt 0.6554 0.4788
vt 0.6765 0.4909
vt 0.6832 0.4999
vt 0.6962 0.4873
vt 0.6874 0.4803
vt 0.6790 0.4736
vt 0.6709 0.4672
vt 0.7056 0.4717
vt 0.6952 0.4672
vt 0.7105 0.4542
vt 0.6994 0.4526
vt 0.6888 0.4510
vt 0.6786 0.4495
vt 0.6997 0.4373
vt 0.7109 0.4361
vt 0.7065 0.4184
vt 0.6960 0.4225
vt 0.6861 0.4264
vt 0.6764 0.4302
vt 0.6978 0.4025
vt 0.6887 0.4092
vt 0.6852 0.3894
vt 0.6782 0.3982
vt 0.6715 0.4065
vt 0.6650 0.4146
vt 0.6697 0.3799
vt 0.6652 0.3903
vt 0.6523 0.3748
vt 0.6506 0.3860
vt 0.6489 0.3965
vt 0.6473 0.4067
vt 0.6353 0.3855
vt 0.6342 0.3743
vt 0.6204 0.3891
vt 0.6163 0.3786
vt 0.6243 0.3991
vt 0.6280 0.4087
vt 0.6066 0.3967
vt 0.5999 0.3877
vt 0.5952 0.4079
vt 0.5863 0.4009
vt 0.6036 0.4145
vt 0.6116 0.4208
vt 0.5848 0.3673
vt 0.6072 0.3549
vt 0.6316 0.3491
vt 0.6563 0.3497
vt 0.6800 0.3567
vt 0.7012 0.3696
vt 0.7183 0.3875
vt 0.7302 0.4092
vt 0.7361 0.4332
vt 0.7357 0.4580
vt 0.7289 0.4818
vt 0.7162 0.5030
vt 0.6984 0.5203
vt 0.6768 0.5324
vt 0.6529 0.5385
vt 0.6282 0.5383
vt 0.6043 0.5317
vt 0.5829 0.5192
vt 0.5655 0.5016
vt 0.5532 0.4802
vt 0.5468 0.4563
vt 0.5468 0.4315
vt 0.5533 0.4073
vt 0.5663 0.3853
vt 0.3359 0.9834
vt 0.3364 0.9672
vt 0.3364 0.9672
vt 0.3292 0.8709
vt 0.3219 0.9411
vt 0.3142 0.9276
vt 0.3230 0.9245
vt 0.3293 0.9392
vt 0.3359 0.9834
vt 0.3289 0.9679
vt 0.3263 0.9838
vt 0.3364 0.9672
vt 0.3218 0.9666
vt 0.3140 0.9801
vt 0.3145 0.9538
vt 0.2989 0.9538
vt 0.3188 0.8889
vt 0.3188 0.8709
vt 0.3136 0.8799
vt 0.3219 0.9411
vt 0.3218 0.9666
vt 0.3145 0.9538
vt 0.3364 0.9672
vt 0.3359 0.9834
vt 0.3364 0.9672
vt 0.3292 0.8709
vt 0.3142 0.9276
vt 0.3219 0.9411
vt 0.3230 0.9245
vt 0.3293 0.9392
vt 0.3359 0.9834
vt 0.3289 0.9679
vt 0.3364 0.9672
vt 0.3263 0.9838
vt 0.3218 0.9666
vt 0.3140 0.9801
vt 0.2989 0.9538
vt 0.3145 0.9538
vt 0.3188 0.8889
vt 0.3188 0.8709
vt 0.3136 0.8799
vt 0.3219 0.9411
vt 0.3218 0.9666
vt 0.3145 0.9538
vt 0.1131 0.4578
vt 0.1131 0.3942
vt 0.1265 0.3942
vt 0.1265 0.4578
vt 0.1399 0.4578
vt 0.1399 0.3942
vt 0.1533 0.4578
vt 0.1533 0.3942
vt 0.0863 0.3942
vt 0.0863 0.4578
vt 0.0997 0.4578
vt 0.0997 0.3942
vt 0.1240 0.5160
vt 0.1217 0.5122
vt 0.1270 0.5030
vt 0.1314 0.5029
vt 0.1216 0.4939
vt 0.1238 0.4900
vt 0.1110 0.4940
vt 0.1088 0.4901
vt 0.1014 0.5032
vt 0.1058 0.5032
vt 0.1090 0.5161
vt 0.1112 0.5123
vt 0.1217 0.5122
vt 0.1270 0.5030
vt 0.1216 0.4939
vt 0.1110 0.4940
vt 0.1058 0.5032
vt 0.1112 0.5123
vt 0.3192 0.4871
vt 0.3192 0.5365
vt 0.3215 0.4871
vt 0.3215 0.5365
vt 0.3238 0.4871
vt 0.3238 0.5365
vt 0.3284 0.4871
vt 0.3284 0.5365
vt 0.3307 0.4871
vt 0.3307 0.5365
vt 0.3330 0.5365
vt 0.3330 0.4871
vt 0.3377 0.5365
vt 0.3377 0.4871
vt 0.3400 0.4871
vt 0.3400 0.5365
vt 0.3423 0.4871
vt 0.3423 0.5365
vt 0.6321 0.6355
vt 0.8326 0.6435
vt 0.6143 0.6478
vt 0.8318 0.5468
vt 0.6328 0.5602
vt 0.6146 0.5476
vt 0.6510 0.5977
vt 0.6415 0.6259
vt 0.6485 0.6129
vt 0.6333 0.6337
vt 0.8324 0.6315
vt 0.6509 0.5970
vt 0.8317 0.5593
vt 0.6331 0.5607
vt 0.6427 0.5707
vt 0.6491 0.5839
vt 0.6528 0.6924
vt 0.8326 0.6435
vt 0.6143 0.6488
vt 0.6311 0.6549
vt 0.6422 0.6647
vt 0.6497 0.6773
vt 0.6527 0.6931
vt 0.6456 0.7198
vt 0.6515 0.7063
vt 0.6359 0.7308
vt 0.6187 0.7392
vt 0.8352 0.7320
vt 0.8318 0.5468
vt 0.8326 0.6435
vt 0.8352 0.7320
vt 0.8326 0.6435
vt 0.8317 0.5593
vt 0.6036 0.5609
vt 0.6030 0.5463
vt 0.6046 0.6340
vt 0.6046 0.6486
vt 0.6058 0.6946
vt 0.6072 0.7405
vt 0.6046 0.6486
vt 0.6041 0.5975
vt 0.6036 0.5609
vt 0.6046 0.6340
vt 0.5902 0.5483
vt 0.5942 0.5623
vt 0.5854 0.5661
vt 0.5779 0.5535
vt 0.5779 0.5720
vt 0.5674 0.5618
vt 0.5722 0.5796
vt 0.5595 0.5725
vt 0.5687 0.5885
vt 0.5545 0.5849
vt 0.5676 0.5980
vt 0.5530 0.5982
vt 0.5549 0.6114
vt 0.5690 0.6074
vt 0.5727 0.6162
vt 0.5602 0.6237
vt 0.5787 0.6237
vt 0.5685 0.6341
vt 0.5863 0.6294
vt 0.5792 0.6421
vt 0.5916 0.6470
vt 0.5952 0.6329
vt 0.5779 0.5720
vt 0.5854 0.5661
vt 0.5687 0.5885
vt 0.5722 0.5796
vt 0.5952 0.6329
vt 0.5863 0.6294
vt 0.5787 0.6237
vt 0.5727 0.6162
vt 0.5690 0.6074
vt 0.5676 0.5980
vt 0.5942 0.5623
vn 0.0000 -0.4056 -0.9141
vn 0.0000 -0.4056 -0.9141
vn -0.0000 -0.9944 -0.1058
vn -0.0000 -0.9944 -0.1058
vn -0.0000 -0.5888 0.8083
vn -0.0000 -0.5888 0.8083
vn -0.0000 0.4056 0.9141
vn -0.0000 0.4056 0.9141
vn -0.0000 0.9944 0.1058
vn -0.0000 0.9944 0.1058
vn 0.0000 0.5888 -0.8083
vn 0.0000 0.5888 -0.8083
vn 0.0000 -0.4056 -0.9141
vn 0.0000 -0.4056 -0.9141
vn 0.0000 -0.9331 -0.3595
vn 0.0000 -0.9331 -0.3595
vn -0.0000 -0.7779 0.6284
vn -0.0000 -0.7779 0.6284
vn -0.0000 0.1552 0.9879
vn -0.0000 0.1552 0.9879
vn -0.0000 0.9331 0.3595
vn -0.0000 0.9331 0.3595
vn -0.0000 0.7779 -0.6284
vn -0.0000 0.7779 -0.6284
vn 0.0000 -0.1552 -0.9879
vn 0.0000 -0.1552 -0.9879
vn -1.0000 0.0000 -0.0000
vn -1.0000 0.0000 -0.0000
vn -1.0000 0.0000 -0.0000
vn -1.0000 0.0000 -0.0000
vn -1.0000 0.0000 -0.0000
vn -1.0000 0.0000 -0.0000
vn 0.0000 -0.4879 -0.8729
vn 0.0000 -0.4879 -0.8729
vn -0.0000 0.4879 0.8729
vn -0.0000 0.4879 0.8729
vn -0.0000 0.4879 0.8729
vn -0.0000 0.4879 0.8729
vn 0.0000 -0.8729 0.4879
vn 0.0000 -0.8729 0.4879
vn 0.0000 -0.8729 0.4879
vn 0.0000 -0.8729 0.4879
vn -0.0000 0.8729 -0.4879
vn -0.0000 0.8729 -0.4879
vn -0.0000 0.8729 -0.4879
vn -0.0000 0.8729 -0.4879
vn 0.0000 -0.8729 0.4879
vn 0.0000 -0.8729 0.4879
vn 0.0000 -0.8729 0.4879
vn -0.0000 0.8729 -0.4879
vn -0.0000 0.8729 -0.4879
vn -0.0000 0.8729 -0.4879
vn -0.0000 0.8729 -0.4879
vn 0.0000 -0.4879 -0.8729
vn 0.0000 -0.4879 -0.8729
vn 0.0000 -0.4879 -0.8729
vn 0.0000 -0.4879 -0.8729
vn 0.0000 -0.4879 -0.8729
vn 0.0000 -0.4879 -0.8729
vn 0.0000 -0.4879 -0.8729
vn 0.0000 -0.4879 -0.8729
vn -1.0000 0.0000 -0.0000
vn -1.0000 0.0000 -0.0000
vn -1.0000 0.0000 -0.0000
vn -1.0000 0.0000 -0.0000
vn -1.0000 0.0000 -0.0000
vn -1.0000 0.0000 -0.0000
vn -1.0000 0.0000 -0.0000
vn -1.0000 0.0000 -0.0000
vn -1.0000 0.0000 -0.0000
vn -1.0000 0.0000 -0.0000
vn -1.0000 0.0000 -0.0000
vn -1.0000 0.0000 -0.0000
vn -1.0000 0.0000 -0.0000
vn -1.0000 0.0000 -0.0000
vn -1.0000 0.0000 -0.0000
vn -1.0000 0.0000 -0.0000
vn -0.0000 0.0106 0.9999
vn -0.0000 0.0106 0.9999
vn -1.0000 0.0000 -0.0000
vn -1.0000 0.0000 -0.0000
vn -1.0000 0.0000 -0.0000
vn -1.0000 0.0000 -0.0000
vn -1.0000 0.0000 -0.0000
vn -1.0000 0.0000 -0.0000
vn -1.0000 0.0000 -0.0000
vn -1.0000 0.0000 -0.0000
vn -1.0000 0.0000 -0.0000
vn -1.0000 0.0000 -0.0000
vn -1.0000 0.0000 -0.0000
vn -1.0000 0.0000 -0.0000
vn -1.0000 0.0000 -0.0000
vn -1.0000 0.0000 -0.0000
vn -1.0000 0.0000 -0.0000
vn -1.0000 0.0000 -0.0000
vn -1.0000 0.0000 -0.0000
vn -1.0000 0.0000 -0.0000
vn -1.0000 0.0000 -0.0000
vn -1.0000 0.0000 -0.0000
vn -1.0000 0.0000 -0.0000
vn -1.0000 0.0000 -0.0000
vn -1.0000 0.0000 -0.0000
vn -0.0000 0.9059 0.4236
vn -0.0000 -0.8198 0.5727
vn -0.0000 0.0861 0.9963
vn -1.0000 0.0000 -0.0000
vn -1.0000 0.0000 -0.0000
vn -1.0000 0.0000 -0.0000
vn -1.0000 0.0000 -0.0000
vn -1.0000 0.0000 -0.0000
vn -1.0000 0.0000 -0.0000
vn 0.0000 -0.9059 -0.4236
vn 0.0000 -0.9059 -0.4236
vn -0.0000 0.8198 -0.5727
vn -0.0000 0.8198 -0.5727
vn -0.0000 -0.0861 -0.9963
vn -0.0000 -0.0861 -0.9963
vn -0.0000 -0.0861 -0.9963
vn -0.0000 -0.0861 -0.9963
vn 0.0000 -0.9059 -0.4236
vn 0.0000 -0.9059 -0.4236
vn -0.0000 0.8198 -0.5727
vn -0.0000 0.8198 -0.5727
vn 0.0000 -0.9059 -0.4236
vn -0.0000 0.8198 -0.5727
vn -0.0000 -0.0861 -0.9963
vn -1.0000 0.0000 -0.0000
vn -1.0000 0.0000 -0.0000
vn -1.0000 0.0000 -0.0000
vn -1.0000 0.0000 -0.0000
vn -1.0000 0.0000 -0.0000
vn -1.0000 0.0000 -0.0000
vn -0.0000 0.9059 0.4236
vn -0.0000 0.9059 0.4236
vn -0.0000 -0.8198 0.5727
vn -0.0000 -0.8198 0.5727
vn -0.0000 0.0861 0.9963
vn -0.0000 0.0861 0.9963
vn -0.0000 0.0861 0.9963
vn -0.0000 0.0861 0.9963
vn -0.0000 0.9059 0.4236
vn -0.0000 0.9059 0.4236
vn -0.0000 -0.8198 0.5727
vn -0.0000 -0.8198 0.5727
vn 1.0000 0.0000 0.0000
vn 1.0000 0.0000 0.0000
vn 1.0000 0.0000 0.0000
vn 1.0000 0.0000 0.0000
vn 1.0000 0.0000 0.0000
vn 1.0000 0.0000 0.0000
vn 1.0000 0.0000 0.0000
vn -1.0000 0.0000 -0.0000
vn -1.0000 0.0000 -0.0000
vn -1.0000 0.0000 -0.0000
vn -1.0000 0.0000 -0.0000
vn -1.0000 0.0000 -0.0000
vn -1.0000 0.0000 -0.0000
vn -1.0000 0.0000 -0.0000
vn -0.0000 0.9999 -0.0106
vn -0.0000 0.9999 -0.0106
vn -1.0000 0.0000 -0.0000
vn -1.0000 0.0000 -0.0000
vn 1.0000 0.0000 0.0000
vn 1.0000 0.0000 0.0000
vn 0.0000 -0.4879 -0.8729
vn 0.0000 -0.4879 -0.8729
vn -0.0000 0.4908 -0.8713
vn -0.0000 0.4908 -0.8713
vn 1.0000 0.0000 0.0000
vn 1.0000 0.0000 0.0000
vn 1.0000 0.0000 0.0000
vn -1.0000 0.0000 -0.0000
vn -1.0000 0.0000 -0.0000
vn -1.0000 0.0000 -0.0000
vn -0.0000 0.9999 -0.0106
vn -0.0000 0.9999 -0.0106
vn 1.0000 0.0000 0.0000
vn 1.0000 0.0000 0.0000
vn -1.0000 0.0000 -0.0000
vn -1.0000 0.0000 -0.0000
vn 0.0000 -0.4879 -0.8729
vn 0.0000 -0.4879 -0.8729
vn -0.0000 0.4908 -0.8713
vn -0.0000 0.4908 -0.8713
vn -1.0000 0.0000 -0.0000
vn -1.0000 0.0000 -0.0000
vn -1.0000 0.0000 -0.0000
vn 1.0000 0.0000 0.0000
vn 1.0000 0.0000 0.0000
vn 1.0000 0.0000 0.0000
vn 0.0000 -0.9331 -0.3595
vn 0.0000 -0.9331 -0.3595
vn -0.0000 -0.7779 0.6284
vn -0.0000 -0.7779 0.6284
vn -0.0000 0.1552 0.9879
vn -0.0000 0.1552 0.9879
vn -0.0000 0.9331 0.3595
vn -0.0000 0.9331 0.3595
vn -0.0000 0.7779 -0.6284
vn -0.0000 0.7779 -0.6284
vn 0.0000 -0.1552 -0.9879
vn 0.0000 -0.1552 -0.9879
vn 1.0000 0.0000 0.0000
vn 1.0000 0.0000 0.0000
vn 1.0000 0.0000 0.0000
vn 1.0000 0.0000 0.0000
vn 1.0000 0.0000 0.0000
vn 1.0000 0.0000 0.0000
vn 1.0000 0.0001 -0.0013
vn 0.0000 -0.8083 -0.5888
vn 0.0000 -0.8083 -0.5888
vn -0.0000 -0.9141 0.4056
vn -0.0000 -0.9141 0.4056
vn -0.0000 -0.1058 0.9944
vn -0.0000 -0.1058 0.9944
vn -0.0000 0.8083 0.5888
vn -0.0000 0.8083 0.5888
vn -0.0000 0.9141 -0.4056
vn -0.0000 0.9141 -0.4056
vn 0.0000 0.1058 -0.9944
vn 0.0000 0.1058 -0.9944
vn -1.0000 0.0000 -0.0000
vn 0.7071 -0.3450 -0.6172
vn 0.5000 -0.4225 -0.7560
vn 0.5000 -0.4225 -0.7560
vn 0.7071 -0.3450 -0.6172
vn -0.5000 -0.4225 -0.7560
vn -0.5000 -0.4225 -0.7560
vn -0.7071 -0.3450 -0.6172
vn -0.7071 -0.3450 -0.6172
vn 0.0000 -0.8729 0.4879
vn 0.0000 -0.8729 0.4879
vn 0.0000 -0.8729 0.4879
vn -0.0000 0.8729 -0.4879
vn -0.0000 0.8729 -0.4879
vn -0.0000 0.9999 -0.0106
vn -0.0000 0.9999 -0.0106
vn -0.0000 0.9999 -0.0106
vn -0.0000 0.9999 -0.0106
vn 0.0000 -0.0106 -0.9999
vn 0.0000 -0.0106 -0.9999
vn 0.0000 -0.0106 -0.9999
vn 0.0000 -0.0106 -0.9999
vn -0.0000 -0.9999 0.0106
vn -0.0000 -0.9999 0.0106
vn -0.0000 -0.9999 0.0106
vn -0.0000 -0.9999 0.0106
vn -0.0000 0.0106 0.9999
vn -0.0000 0.0106 0.9999
vn -0.0000 0.0106 0.9999
vn -0.0000 0.0106 0.9999
vn -0.0000 0.0106 0.9999
vn -0.0000 0.0106 0.9999
vn -0.0000 0.0106 0.9999
vn -0.0000 0.0106 0.9999
vn -0.0000 0.0106 0.9999
vn -0.0000 0.0106 0.9999
vn -0.0000 0.9999 -0.0106
vn -0.0000 0.9999 -0.0106
vn -0.0000 0.9999 -0.0106
vn -0.0000 0.9999 -0.0106
vn -0.0000 0.9999 -0.0106
vn -0.0000 0.9999 -0.0106
vn 0.0000 -0.0106 -0.9999
vn 0.0000 -0.0106 -0.9999
vn 0.0000 -0.0106 -0.9999
vn 0.0000 -0.0106 -0.9999
vn 0.0000 -0.0106 -0.9999
vn 0.0000 -0.0106 -0.9999
vn -0.0000 -0.9999 0.0106
vn -0.0000 -0.9999 0.0106
vn -0.0000 -0.9999 0.0106
vn -0.0000 -0.9999 0.0106
vn -0.0000 -0.9999 0.0106
vn -0.0000 -0.9999 0.0106
vn -0.0000 0.7380 0.6748
vn -0.0000 0.7380 0.6748
vn -0.0000 0.7380 0.6748
vn -0.0000 0.7380 0.6748
vn -0.0000 0.6996 -0.7145
vn -0.0000 0.6996 -0.7145
vn -0.0000 0.6996 -0.7145
vn -0.0000 0.6996 -0.7145
vn -0.0000 -0.7145 -0.6996
vn -0.0000 -0.7145 -0.6996
vn -0.0000 -0.7145 -0.6996
vn -0.0000 -0.7145 -0.6996
vn 0.0000 -0.7236 0.6902
vn 0.0000 -0.7236 0.6902
vn 0.0000 -0.7236 0.6902
vn 0.0000 -0.7236 0.6902
vn -1.0000 0.0000 -0.0000
vn -1.0000 0.0000 -0.0000
vn -1.0000 0.0000 -0.0000
vn -1.0000 0.0000 -0.0000
vn -1.0000 0.0000 -0.0000
vn -1.0000 0.0000 -0.0000
vn -1.0000 0.0000 -0.0000
vn -1.0000 0.0000 -0.0000
vn -1.0000 0.0000 -0.0000
vn -1.0000 0.0000 -0.0000
vn -1.0000 0.0000 -0.0000
vn -1.0000 0.0000 -0.0000
vn -0.0000 0.9999 -0.0106
vn -0.0000 0.9999 -0.0106
vn -0.0000 0.9999 -0.0106
vn -0.0000 0.9999 -0.0106
vn 0.0000 -0.0106 -0.9999
vn 0.0000 -0.0106 -0.9999
vn 0.0000 -0.0106 -0.9999
vn 0.0000 -0.0106 -0.9999
vn -0.0000 -0.9999 0.0106
vn -0.0000 -0.9999 0.0106
vn -0.0000 -0.9999 0.0106
vn -0.0000 -0.9999 0.0106
vn -0.0000 0.0106 0.9999
vn -0.0000 0.0106 0.9999
vn -0.0000 0.0106 0.9999
vn -0.0000 0.0106 0.9999
vn -1.0000 0.0000 -0.0000
vn -1.0000 0.0000 -0.0000
vn -1.0000 0.0000 -0.0000
vn -1.0000 0.0000 -0.0000
vn -0.0000 0.7380 0.6748
vn -0.0000 0.7380 0.6748
vn -0.0000 0.7380 0.6748
vn -0.0000 0.7380 0.6748
vn -0.0000 0.6996 -0.7145
vn -0.0000 0.6996 -0.7145
vn -0.0000 0.6996 -0.7145
vn -0.0000 0.6996 -0.7145
vn -0.0000 -0.7145 -0.6996
vn -0.0000 -0.7145 -0.6996
vn -0.0000 -0.7145 -0.6996
vn -0.0000 -0.7145 -0.6996
vn 0.0000 -0.7236 0.6902
vn 0.0000 -0.7236 0.6902
vn 0.0000 -0.7236 0.6902
vn 0.0000 -0.7236 0.6902
vn -1.0000 0.0000 -0.0000
vn -1.0000 0.0000 -0.0000
vn -1.0000 0.0000 -0.0000
vn -1.0000 0.0000 -0.0000
vn -0.0000 0.9999 -0.0106
vn -0.0000 0.9999 -0.0106
vn -0.0000 0.9999 -0.0106
vn -0.0000 0.9999 -0.0106
vn 0.0000 -0.0106 -0.9999
vn 0.0000 -0.0106 -0.9999
vn 0.0000 -0.0106 -0.9999
vn 0.0000 -0.0106 -0.9999
vn -0.0000 -0.9999 0.0106
vn -0.0000 -0.9999 0.0106
vn -0.0000 -0.9999 0.0106
vn -0.0000 -0.9999 0.0106
vn -0.0000 0.0106 0.9999
vn -0.0000 0.0106 0.9999
vn -0.0000 0.0106 0.9999
vn -0.0000 0.0106 0.9999
vn 1.0000 0.0000 0.0000
vn 1.0000 0.0000 0.0000
vn 1.0000 0.0000 0.0000
vn 1.0000 0.0000 0.0000
vn -0.0000 0.7380 0.6748
vn -0.0000 0.7380 0.6748
vn -0.0000 0.7380 0.6748
vn -0.0000 0.7380 0.6748
vn -0.0000 0.6996 -0.7145
vn -0.0000 0.6996 -0.7145
vn -0.0000 0.6996 -0.7145
vn -0.0000 0.6996 -0.7145
vn -0.0000 -0.7145 -0.6996
vn -0.0000 -0.7145 -0.6996
vn -0.0000 -0.7145 -0.6996
vn -0.0000 -0.7145 -0.6996
vn 0.0000 -0.7236 0.6902
vn 0.0000 -0.7236 0.6902
vn 0.0000 -0.7236 0.6902
vn 0.0000 -0.7236 0.6902
vn 1.0000 0.0000 0.0000
vn 1.0000 0.0000 0.0000
vn 1.0000 0.0000 0.0000
vn 1.0000 0.0000 0.0000
vn -0.0000 0.9059 0.4236
vn -0.0000 0.9963 -0.0861
vn -0.0000 0.9963 -0.0861
vn 0.0000 -0.9963 0.0861
vn 0.0000 -0.9963 0.0861
vn -0.0000 -0.8198 0.5727
vn 0.0000 -0.4236 0.9059
vn 0.0000 -0.4236 0.9059
vn -0.0000 0.0861 0.9963
vn -0.0000 0.5727 0.8198
vn -0.0000 0.5727 0.8198
vn -1.0000 0.0000 -0.0000
vn -1.0000 0.0000 -0.0000
vn -1.0000 0.0000 -0.0000
vn -1.0000 0.0000 -0.0000
vn -1.0000 0.0000 -0.0000
vn -1.0000 0.0000 -0.0000
vn -1.0000 0.0000 -0.0000
vn -1.0000 0.0000 -0.0000
vn -1.0000 0.0000 -0.0000
vn -1.0000 0.0000 -0.0000
vn -1.0000 0.0000 -0.0000
vn -1.0000 0.0000 -0.0000
vn -1.0000 0.0000 -0.0000
vn -1.0000 0.0000 -0.0000
vn -1.0000 0.0000 -0.0000
vn -1.0000 0.0000 -0.0000
vn -1.0000 0.0000 -0.0000
vn -1.0000 0.0000 -0.0000
vn -1.0000 0.0000 -0.0000
vn -1.0000 0.0000 -0.0000
vn -1.0000 0.0000 -0.0000
vn -1.0000 0.0000 -0.0000
vn 0.0000 -0.9963 0.0861
vn 0.0000 -0.9963 0.0861
vn -0.0000 0.9963 -0.0861
vn -0.0000 0.9963 -0.0861
vn -0.0000 0.4236 -0.9059
vn -0.0000 0.4236 -0.9059
vn -0.0000 -0.5727 -0.8198
vn -0.0000 -0.5727 -0.8198
vn -0.0000 -0.5727 -0.8198
vn -0.0000 -0.5727 -0.8198
vn 0.0000 -0.9963 0.0861
vn 0.0000 -0.9963 0.0861
vn -0.0000 0.9963 -0.0861
vn -0.0000 0.9963 -0.0861
vn -0.0000 0.4236 -0.9059
vn -0.0000 0.4236 -0.9059
vn 0.0000 -0.9059 -0.4236
vn 0.0000 -0.9963 0.0861
vn 0.0000 -0.9963 0.0861
vn -0.0000 0.8198 -0.5727
vn -0.0000 0.4236 -0.9059
vn -0.0000 0.4236 -0.9059
vn -0.0000 -0.0861 -0.9963
vn -0.0000 -0.5727 -0.8198
vn -0.0000 -0.5727 -0.8198
vn -1.0000 0.0000 -0.0000
vn -1.0000 0.0000 -0.0000
vn -1.0000 0.0000 -0.0000
vn -1.0000 0.0000 -0.0000
vn -1.0000 0.0000 -0.0000
vn -1.0000 0.0000 -0.0000
vn -1.0000 0.0000 -0.0000
vn -1.0000 0.0000 -0.0000
vn -1.0000 0.0000 -0.0000
vn -1.0000 0.0000 -0.0000
vn -1.0000 0.0000 -0.0000
vn -1.0000 0.0000 -0.0000
vn -1.0000 0.0000 -0.0000
vn -1.0000 0.0000 -0.0000
vn -1.0000 0.0000 -0.0000
vn -1.0000 0.0000 -0.0000
vn -1.0000 0.0000 -0.0000
vn -0.0000 0.9963 -0.0861
vn 0.0000 -0.9963 0.0861
vn 0.0000 -0.4236 0.9059
vn 0.0000 -0.4236 0.9059
vn -0.0000 0.5727 0.8198
vn -0.0000 0.5727 0.8198
vn -0.0000 0.5727 0.8198
vn -0.0000 0.5727 0.8198
vn 0.0000 -0.4236 0.9059
vn 0.0000 -0.4236 0.9059
vn 1.0000 0.0000 0.0000
vn 1.0000 0.0000 0.0000
vn 1.0000 0.0000 0.0000
vn 1.0000 0.0000 0.0000
vn 1.0000 0.0000 0.0000
vn 1.0000 0.0000 0.0000
vn -0.9985 -0.0221 -0.0499
vn -0.9940 -0.0443 -0.0997
vn -0.9940 -0.0443 -0.0997
vn -0.9985 -0.0221 -0.0499
vn -0.9940 -0.0882 -0.0642
vn -0.9985 -0.0509 -0.0196
vn -0.9940 -0.1085 -0.0115
vn -0.9985 -0.0509 -0.0196
vn -0.9940 -0.0997 0.0443
vn -0.9985 -0.0499 0.0221
vn -0.9940 -0.0642 0.0882
vn -0.9985 -0.0196 0.0509
vn -0.9940 -0.0115 0.1085
vn -0.9985 -0.0196 0.0509
vn -0.9940 0.0443 0.0997
vn -0.9985 0.0221 0.0499
vn -0.9940 0.0882 0.0642
vn -0.9985 0.0509 0.0196
vn -0.9940 0.1085 0.0115
vn -0.9985 0.0509 0.0196
vn -0.9940 0.0997 -0.0443
vn -0.9985 0.0499 -0.0221
vn -0.9940 0.0642 -0.0882
vn -0.9985 0.0196 -0.0509
vn -1.0000 0.0000 -0.0000
vn -1.0000 0.0000 -0.0000
vn -1.0000 0.0000 -0.0000
vn -1.0000 0.0000 -0.0000
vn -1.0000 0.0000 -0.0000
vn -1.0000 0.0000 -0.0000
vn 0.9940 -0.0444 -0.1000
vn 0.9768 -0.0332 -0.2115
vn 0.9768 -0.1345 -0.1666
vn 0.9940 -0.0444 -0.1000
vn 0.9768 -0.1998 -0.0770
vn 0.9940 -0.0885 -0.0644
vn 0.9768 -0.2115 0.0332
vn 0.9940 -0.1088 -0.0116
vn 0.9768 -0.1666 0.1345
vn 0.9940 -0.1000 0.0444
vn 0.9768 -0.0770 0.1998
vn 0.9940 -0.0644 0.0885
vn 0.9768 0.0332 0.2115
vn 0.9940 -0.0116 0.1088
vn 0.9768 0.1345 0.1666
vn 0.9940 0.0444 0.1000
vn 0.9768 0.1998 0.0770
vn 0.9940 0.0885 0.0644
vn 0.9768 0.2115 -0.0332
vn 0.9940 0.1088 0.0116
vn 0.9768 0.1666 -0.1345
vn 0.9940 0.1000 -0.0444
vn 0.9768 0.0770 -0.1998
vn 0.9940 0.0644 -0.0885
vn -0.0000 0.9999 -0.0106
vn -0.0000 0.9999 -0.0106
vn -1.0000 0.0000 -0.0000
vn -1.0000 0.0000 -0.0000
vn -1.0000 0.0000 -0.0000
vn 1.0000 0.0000 0.0000
vn 1.0000 0.0000 0.0000
vn 1.0000 0.0000 0.0000
vn -0.0000 0.9999 -0.0106
vn 0.0000 -0.8424 -0.5388
vn -0.0000 -0.9620 -0.2731
vn 0.0000 -0.8424 -0.5388
vn -0.0000 -0.9620 -0.2731
vn -0.0000 -0.9999 0.0106
vn -0.0000 -0.9999 0.0106
vn -0.0000 0.9999 -0.0106
vn -0.0000 0.9999 -0.0106
vn 1.0000 0.0000 0.0000
vn 1.0000 0.0000 0.0000
vn 1.0000 0.0000 0.0000
vn -1.0000 0.0000 -0.0000
vn -1.0000 0.0000 -0.0000
vn -1.0000 0.0000 -0.0000
vn -0.0000 0.9999 -0.0106
vn 0.0000 -0.8424 -0.5388
vn -0.0000 -0.9620 -0.2731
vn -0.0000 -0.9620 -0.2731
vn 0.0000 -0.8424 -0.5388
vn -0.0000 -0.9999 0.0106
vn -0.0000 -0.9999 0.0106
vn 0.0000 0.8713 0.4908
vn 0.0000 0.8713 0.4908
vn -0.0000 0.8729 -0.4879
vn -0.0000 0.8729 -0.4879
vn 0.0000 -0.0106 -0.9999
vn 0.0000 -0.0106 -0.9999
vn -0.0000 -0.8713 -0.4908
vn -0.0000 -0.8713 -0.4908
vn 0.0000 -0.8729 0.4879
vn 0.0000 -0.8729 0.4879
vn 0.0000 -0.8729 0.4879
vn 0.0000 -0.8729 0.4879
vn -0.0000 0.0106 0.9999
vn -0.0000 0.0106 0.9999
vn 1.0000 0.0000 0.0000
vn 0.0000 -0.1552 -0.9879
vn 0.0000 -0.1552 -0.9879
vn -0.0000 -0.7779 0.6284
vn -0.0000 -0.7779 0.6284
vn -0.0000 0.9331 0.3595
vn -0.0000 0.9331 0.3595
vn 0.0000 -0.1552 -0.9879
vn 0.0000 -0.1552 -0.9879
vn 0.0000 -0.6284 -0.7779
vn 0.0000 -0.6284 -0.7779
vn 0.0000 -0.9331 -0.3595
vn 0.0000 -0.9331 -0.3595
vn -0.0000 -0.9879 0.1552
vn -0.0000 -0.9879 0.1552
vn -0.0000 -0.7779 0.6284
vn -0.0000 -0.7779 0.6284
vn -0.0000 -0.3595 0.9331
vn -0.0000 -0.3595 0.9331
vn -0.0000 0.1552 0.9879
vn -0.0000 0.1552 0.9879
vn -0.0000 0.6284 0.7779
vn -0.0000 0.6284 0.7779
vn -0.0000 0.9331 0.3595
vn -0.0000 0.9331 0.3595
vn -0.0000 0.9879 -0.1552
vn -0.0000 0.9879 -0.1552
vn -0.0000 0.7779 -0.6284
vn -0.0000 0.7779 -0.6284
vn 0.0000 0.3595 -0.9331
vn 0.0000 0.3595 -0.9331
vn 0.0000 -0.1552 -0.9879
vn 0.0000 -0.1552 -0.9879
vn 0.0000 -0.6284 -0.7779
vn 0.0000 -0.6284 -0.7779
vn -0.0000 -0.9879 0.1552
vn -0.0000 -0.9879 0.1552
vn -0.0000 -0.3595 0.9331
vn -0.0000 -0.3595 0.9331
vn -0.0000 0.6284 0.7779
vn -0.0000 0.6284 0.7779
vn -0.0000 0.9879 -0.1552
vn -0.0000 0.9879 -0.1552
vn 0.0000 0.3595 -0.9331
vn 0.0000 0.3595 -0.9331
vn -1.0000 0.0000 -0.0000
vn -1.0000 0.0000 -0.0000
vn -1.0000 0.0000 -0.0000
vn -1.0000 0.0000 -0.0000
vn -1.0000 0.0000 -0.0000
vn -1.0000 0.0000 -0.0000
vn -0.0000 0.4879 0.8729
vn -0.0000 0.4879 0.8729
vn 0.0000 -0.8729 0.4879
vn 0.0000 -0.8729 0.4879
vn -0.0000 0.8729 -0.4879
vn -0.0000 0.8729 -0.4879
vn -0.0000 0.8729 -0.4879
vn 0.0000 -0.8729 0.4879
vn -0.0000 -0.9999 0.0106
vn -0.0000 -0.9999 0.0106
vn -0.0000 -0.9999 0.0106
vn -0.0000 -0.9999 0.0106
vn -0.0000 0.0106 0.9999
vn -0.0000 0.0106 0.9999
vn -0.0000 0.0106 0.9999
vn -0.0000 0.0106 0.9999
vn 1.0000 0.0000 0.0000
vn 1.0000 0.0000 0.0000
vn 1.0000 0.0000 0.0000
vn -1.0000 0.0000 -0.0000
vn -1.0000 0.0000 -0.0000
vn -1.0000 0.0000 -0.0000
vn -0.0000 -0.9999 0.0106
vn -0.0000 -0.9999 0.0106
vn -0.0000 -0.9999 0.0106
vn -0.0000 -0.9999 0.0106
vn -0.0000 0.0106 0.9999
vn -0.0000 0.0106 0.9999
vn -0.0000 0.0106 0.9999
vn -0.0000 0.0106 0.9999
vn -1.0000 0.0000 -0.0000
vn -1.0000 0.0000 -0.0000
vn -1.0000 0.0000 -0.0000
vn 0.0000 -0.0106 -0.9999
vn 0.0000 -0.0106 -0.9999
vn 0.0000 -0.0106 -0.9999
vn 0.0000 -0.0106 -0.9999
vn -0.0000 -0.9999 0.0106
vn -0.0000 -0.9999 0.0106
vn -0.0000 -0.9999 0.0106
vn -0.0000 -0.9999 0.0106
vn -1.0000 0.0000 -0.0000
vn -1.0000 0.0000 -0.0000
vn -1.0000 0.0000 -0.0000
vn 1.0000 0.0000 0.0000
vn 1.0000 0.0000 0.0000
vn 1.0000 0.0000 0.0000
vn 0.0000 -0.0106 -0.9999
vn 0.0000 -0.0106 -0.9999
vn 0.0000 -0.0106 -0.9999
vn 0.0000 -0.0106 -0.9999
vn -0.0000 -0.9999 0.0106
vn -0.0000 -0.9999 0.0106
vn -0.0000 -0.9999 0.0106
vn -0.0000 -0.9999 0.0106
vn -1.0000 0.0000 -0.0000
vn -1.0000 0.0000 -0.0000
vn -1.0000 0.0000 -0.0000
vn -0.0000 0.9999 -0.0106
vn -0.0000 0.9999 -0.0106
vn -0.0000 0.9999 -0.0106
vn -0.0000 0.9999 -0.0106
vn -0.0000 0.0106 0.9999
vn -0.0000 0.0106 0.9999
vn -0.0000 0.0106 0.9999
vn -0.0000 0.0106 0.9999
vn 1.0000 0.0000 0.0000
vn 1.0000 0.0000 0.0000
vn 1.0000 0.0000 0.0000
vn -1.0000 0.0000 -0.0000
vn -1.0000 0.0000 -0.0000
vn -1.0000 0.0000 -0.0000
vn -0.0000 0.9999 -0.0106
vn -0.0000 0.9999 -0.0106
vn -0.0000 0.9999 -0.0106
vn -0.0000 0.9999 -0.0106
vn -0.0000 0.0106 0.9999
vn -0.0000 0.0106 0.9999
vn -0.0000 0.0106 0.9999
vn -0.0000 0.0106 0.9999
vn -1.0000 0.0000 -0.0000
vn -1.0000 0.0000 -0.0000
vn -1.0000 0.0000 -0.0000
vn 0.0000 -0.0106 -0.9999
vn 0.0000 -0.0106 -0.9999
vn 0.0000 -0.0106 -0.9999
vn 0.0000 -0.0106 -0.9999
vn -0.0000 0.9999 -0.0106
vn -0.0000 0.9999 -0.0106
vn -0.0000 0.9999 -0.0106
vn -0.0000 0.9999 -0.0106
vn -1.0000 0.0000 -0.0000
vn -1.0000 0.0000 -0.0000
vn -1.0000 0.0000 -0.0000
vn 1.0000 0.0000 0.0000
vn 1.0000 0.0000 0.0000
vn 1.0000 0.0000 0.0000
vn 0.0000 -0.0106 -0.9999
vn 0.0000 -0.0106 -0.9999
vn 0.0000 -0.0106 -0.9999
vn 0.0000 -0.0106 -0.9999
vn -0.0000 0.9999 -0.0106
vn -0.0000 0.9999 -0.0106
vn -0.0000 0.9999 -0.0106
vn -0.0000 0.9999 -0.0106
vn -1.0000 0.0000 -0.0000
vn -1.0000 0.0000 -0.0000
vn -1.0000 0.0000 -0.0000
vn 0.0000 -0.8729 0.4879
vn -0.0000 -0.4908 0.8713
vn -0.0000 -0.4908 0.8713
vn 0.0000 -0.8729 0.4879
vn -0.0000 -0.1058 0.9944
vn -0.0000 -0.1058 0.9944
vn -0.0000 0.0106 0.9999
vn -0.0000 0.0106 0.9999
vn -0.0000 0.0106 0.9999
vn -0.0000 0.0106 0.9999
vn -0.0000 0.1552 0.9879
vn -0.0000 0.1552 0.9879
vn -0.0000 0.0106 0.9999
vn -0.0000 0.0106 0.9999
vn -0.0000 0.4879 0.8729
vn -0.0000 0.4879 0.8729
vn -0.0000 0.7380 0.6748
vn 0.0000 0.8713 0.4908
vn 0.0000 0.8713 0.4908
vn -0.0000 0.9944 0.1058
vn -0.0000 0.9944 0.1058
vn -0.0000 0.9999 -0.0106
vn -0.0000 0.9999 -0.0106
vn 0.0000 0.9631 -0.2690
vn -0.0000 0.8729 -0.4879
vn -0.0000 0.8729 -0.4879
vn 0.0000 0.9631 -0.2690
vn -0.0000 0.9879 -0.1552
vn -0.0000 0.9879 -0.1552
vn -0.0000 0.4908 -0.8713
vn -0.0000 0.4908 -0.8713
vn 0.0000 0.1058 -0.9944
vn 0.0000 0.1058 -0.9944
vn 0.0000 -0.0106 -0.9999
vn 0.0000 -0.0106 -0.9999
vn 0.0000 -0.0106 -0.9999
vn 0.0000 -0.0106 -0.9999
vn 0.0000 -0.0106 -0.9999
vn 0.0000 -0.0106 -0.9999
vn 0.0000 -0.1552 -0.9879
vn 0.0000 -0.1552 -0.9879
vn 0.0000 -0.0106 -0.9999
vn 0.0000 -0.0106 -0.9999
vn 0.0000 -0.4879 -0.8729
vn 0.0000 -0.4879 -0.8729
vn -0.0000 -0.7145 -0.6996
vn -0.0000 -0.8713 -0.4908
vn -0.0000 -0.8713 -0.4908
vn -0.0000 -0.7145 -0.6996
vn -0.0000 -0.9944 -0.1058
vn -0.0000 -0.9944 -0.1058
vn -0.0000 -0.9999 0.0106
vn -0.0000 -0.9999 0.0106
vn 0.0000 -0.9631 0.2690
vn -0.0000 -0.9879 0.1552
vn -0.0000 -0.9879 0.1552
vn -1.0000 0.0000 -0.0000
vn -1.0000 0.0000 -0.0000
vn -1.0000 0.0000 -0.0000
vn -1.0000 0.0000 -0.0000
vn -1.0000 0.0000 -0.0000
vn -1.0000 0.0000 -0.0000
vn -1.0000 0.0000 -0.0000
vn -1.0000 0.0000 -0.0000
vn -1.0000 0.0000 -0.0000
vn -1.0000 0.0000 -0.0000
vn -1.0000 0.0000 -0.0000
vn -1.0000 0.0000 -0.0000
vn -1.0000 0.0000 -0.0000
vn -1.0000 0.0000 -0.0000
vn -1.0000 0.0000 -0.0000
vn -1.0000 0.0000 -0.0000
vn -1.0000 0.0000 -0.0000
vn -1.0000 0.0000 -0.0000
vn -1.0000 0.0000 -0.0000
vn -1.0000 0.0000 -0.0000
vn -1.0000 0.0000 -0.0000
vn -1.0000 0.0000 -0.0000
vn -1.0000 0.0000 -0.0000
vn -1.0000 0.0000 -0.0000
vn -1.0000 0.0000 -0.0000
vn -1.0000 0.0000 -0.0000
vn -1.0000 0.0000 -0.0000
vn -1.0000 0.0000 -0.0000
vn -1.0000 0.0000 -0.0000
vn -0.0000 0.7654 0.6436
vn -0.0000 0.7654 0.6436
vn -0.0000 0.9846 0.1747
vn -0.0000 0.9846 0.1747
vn 0.0000 -0.9401 0.3410
vn 0.0000 -0.9401 0.3410
vn -0.0000 -0.6436 0.7654
vn -0.0000 -0.6436 0.7654
vn -0.0000 -0.1747 0.9846
vn -0.0000 -0.1747 0.9846
vn -0.0000 0.3410 0.9401
vn -0.0000 0.3410 0.9401
vn -1.0000 0.0000 -0.0000
vn -1.0000 0.0000 -0.0000
vn -1.0000 0.0000 -0.0000
vn -1.0000 0.0000 -0.0000
vn -1.0000 0.0000 -0.0000
vn -1.0000 0.0000 -0.0000
vn -1.0000 0.0000 -0.0000
vn -1.0000 0.0000 -0.0000
vn -1.0000 0.0000 -0.0000
vn -1.0000 0.0000 -0.0000
vn -1.0000 0.0000 -0.0000
vn -1.0000 0.0000 -0.0000
vn -1.0000 0.0000 -0.0000
vn -1.0000 0.0000 -0.0000
vn -1.0000 0.0000 -0.0000
vn -1.0000 0.0000 -0.0000
vn -1.0000 0.0000 -0.0000
vn -1.0000 0.0000 -0.0000
vn -1.0000 0.0000 -0.0000
vn -1.0000 0.0000 -0.0000
vn -1.0000 0.0000 -0.0000
vn -1.0000 0.0000 -0.0000
vn -1.0000 0.0000 -0.0000
vn -1.0000 0.0000 -0.0000
vn 0.0000 -0.7654 -0.6436
vn 0.0000 -0.7654 -0.6436
vn 0.0000 -0.9846 -0.1747
vn 0.0000 -0.9846 -0.1747
vn 0.0000 0.9401 -0.3410
vn 0.0000 0.9401 -0.3410
vn -0.0000 0.6436 -0.7654
vn -0.0000 0.6436 -0.7654
vn 0.0000 0.1747 -0.9846
vn 0.0000 0.1747 -0.9846
vn -0.0000 -0.3410 -0.9401
vn -0.0000 -0.3410 -0.9401
vn 0.0000 0.1747 -0.9846
vn 0.0000 0.1747 -0.9846
vn -0.0000 -0.3410 -0.9401
vn -0.0000 -0.3410 -0.9401
vn 0.0000 -0.7654 -0.6436
vn 0.0000 -0.7654 -0.6436
vn 0.0000 -0.9846 -0.1747
vn 0.0000 -0.9846 -0.1747
vn 0.0000 0.9401 -0.3410
vn 0.0000 0.9401 -0.3410
vn -0.0000 0.6436 -0.7654
vn -0.0000 0.6436 -0.7654
vn 0.0000 -0.7654 -0.6436
vn 0.0000 -0.7654 -0.6436
vn 0.0000 -0.9846 -0.1747
vn 0.0000 -0.9846 -0.1747
vn 0.0000 0.9401 -0.3410
vn 0.0000 0.9401 -0.3410
vn -0.0000 0.6436 -0.7654
vn -0.0000 0.6436 -0.7654
vn 0.0000 0.1747 -0.9846
vn 0.0000 0.1747 -0.9846
vn -0.0000 -0.3410 -0.9401
vn -0.0000 -0.3410 -0.9401
vn -1.0000 0.0000 -0.0000
vn -1.0000 0.0000 -0.0000
vn -1.0000 0.0000 -0.0000
vn -1.0000 0.0000 -0.0000
vn -1.0000 0.0000 -0.0000
vn -1.0000 0.0000 -0.0000
vn -1.0000 0.0000 -0.0000
vn -1.0000 0.0000 -0.0000
vn -1.0000 0.0000 -0.0000
vn -1.0000 0.0000 -0.0000
vn -1.0000 0.0000 -0.0000
vn -1.0000 0.0000 -0.0000
vn -1.0000 0.0000 -0.0000
vn -1.0000 0.0000 -0.0000
vn -1.0000 0.0000 -0.0000
vn -1.0000 0.0000 -0.0000
vn -1.0000 0.0000 -0.0000
vn -1.0000 0.0000 -0.0000
vn -1.0000 0.0000 -0.0000
vn -1.0000 0.0000 -0.0000
vn -1.0000 0.0000 -0.0000
vn -1.0000 0.0000 -0.0000
vn -1.0000 0.0000 -0.0000
vn -1.0000 0.0000 -0.0000
vn -0.0000 0.7654 0.6436
vn -0.0000 0.7654 0.6436
vn -0.0000 0.9846 0.1747
vn -0.0000 0.9846 0.1747
vn 0.0000 -0.9401 0.3410
vn 0.0000 -0.9401 0.3410
vn -0.0000 -0.6436 0.7654
vn -0.0000 -0.6436 0.7654
vn -0.0000 -0.1747 0.9846
vn -0.0000 -0.1747 0.9846
vn -0.0000 0.3410 0.9401
vn -0.0000 0.3410 0.9401
vn -0.0000 -0.1747 0.9846
vn -0.0000 -0.1747 0.9846
vn -0.0000 0.3410 0.9401
vn -0.0000 0.3410 0.9401
vn -0.0000 0.7654 0.6436
vn -0.0000 0.7654 0.6436
vn -0.0000 0.9846 0.1747
vn -0.0000 0.9846 0.1747
vn 0.0000 -0.9401 0.3410
vn 0.0000 -0.9401 0.3410
vn -0.0000 -0.6436 0.7654
vn -0.0000 -0.6436 0.7654
vn 0.0000 -0.4056 -0.9141
vn -0.5836 -0.5103 -0.6317
vn 0.0000 -0.6284 -0.7779
vn -0.5836 -0.3294 -0.7423
vn -0.5836 -0.6564 -0.4781
vn 0.0000 -0.8083 -0.5888
vn -0.5836 -0.7577 -0.2920
vn 0.0000 -0.9331 -0.3595
vn -0.0000 -0.9944 -0.1058
vn -0.5836 -0.8075 -0.0859
vn -0.0000 -0.9879 0.1552
vn -0.5836 -0.8022 0.1260
vn -0.0000 -0.9141 0.4056
vn -0.5836 -0.7423 0.3294
vn -0.5836 -0.6317 0.5103
vn -0.0000 -0.7779 0.6284
vn -0.0000 -0.5888 0.8083
vn -0.5836 -0.4781 0.6564
vn -0.0000 -0.3595 0.9331
vn -0.5836 -0.2920 0.7578
vn -0.0000 -0.1058 0.9944
vn -0.5836 -0.0859 0.8075
vn -0.0000 0.1552 0.9879
vn -0.5836 0.1260 0.8022
vn -0.0000 0.4056 0.9141
vn -0.5836 0.3294 0.7423
vn -0.5836 0.5103 0.6317
vn -0.0000 0.6284 0.7779
vn -0.5836 0.6564 0.4781
vn -0.0000 0.8083 0.5888
vn -0.5836 0.7578 0.2920
vn -0.0000 0.9331 0.3595
vn -0.0000 0.9944 0.1058
vn -0.5836 0.8075 0.0859
vn -0.0000 0.9879 -0.1552
vn -0.5836 0.8022 -0.1260
vn -0.5836 0.7423 -0.3294
vn -0.0000 0.9141 -0.4056
vn -0.5836 0.6317 -0.5103
vn -0.0000 0.7779 -0.6284
vn 0.0000 0.5888 -0.8083
vn -0.5836 0.4781 -0.6564
vn 0.0000 0.3595 -0.9331
vn -0.5836 0.2920 -0.7577
vn 0.0000 0.1058 -0.9944
vn -0.5836 0.0859 -0.8075
vn -0.5836 -0.1260 -0.8022
vn 0.0000 -0.1552 -0.9879
vn 1.0000 0.0000 0.0000
vn 1.0000 0.0000 0.0000
vn 1.0000 0.0000 0.0000
vn 1.0000 0.0000 0.0000
vn 1.0000 0.0000 0.0000
vn 1.0000 0.0000 0.0000
vn 1.0000 0.0000 0.0000
vn 1.0000 0.0000 0.0000
vn 1.0000 0.0000 0.0000
vn 1.0000 0.0000 0.0000
vn 1.0000 0.0000 0.0000
vn 1.0000 0.0000 0.0000
vn -0.9547 -0.1870 -0.2315
vn -0.9547 -0.1207 -0.2720
vn -0.9547 -0.2406 -0.1752
vn -0.9547 -0.2777 -0.1070
vn -0.9547 -0.2959 -0.0315
vn -0.9547 -0.2940 0.0462
vn -0.9547 -0.2720 0.1207
vn -0.9547 -0.2315 0.1870
vn -0.9547 -0.1752 0.2406
vn -0.9547 -0.1070 0.2777
vn -0.9547 -0.0315 0.2959
vn -0.9547 0.0462 0.2940
vn -0.9547 0.1207 0.2720
vn -0.9547 0.1870 0.2315
vn -0.9547 0.2406 0.1752
vn -0.9547 0.2777 0.1070
vn -0.9547 0.2959 0.0315
vn -0.9547 0.2940 -0.0462
vn -0.9547 0.2720 -0.1207
vn -0.9547 0.2315 -0.1870
vn -0.9547 0.1752 -0.2406
vn -0.9547 0.1070 -0.2777
vn -0.9547 0.0315 -0.2959
vn -0.9547 -0.0462 -0.2940
vn -0.9940 -0.0443 -0.0997
vn -0.9985 -0.0221 -0.0499
vn -0.9761 -0.0882 -0.1988
vn -0.9761 -0.0338 -0.2148
vn -0.9547 -0.1207 -0.2720
vn -0.9547 -0.0462 -0.2940
vn -0.9761 -0.1366 -0.1692
vn -0.9547 -0.1870 -0.2315
vn -0.9761 -0.1758 -0.1280
vn -0.9547 -0.2406 -0.1752
vn -0.9940 -0.0882 -0.0642
vn -0.9985 -0.0221 -0.0499
vn -0.9761 -0.2029 -0.0782
vn -0.9547 -0.2777 -0.1070
vn -0.9761 -0.2162 -0.0230
vn -0.9547 -0.2959 -0.0315
vn -0.9940 -0.1085 -0.0115
vn -0.9985 -0.0509 -0.0196
vn -0.9761 -0.2148 0.0338
vn -0.9547 -0.2940 0.0462
vn -0.9761 -0.1988 0.0882
vn -0.9547 -0.2720 0.1207
vn -0.9940 -0.0997 0.0443
vn -0.9985 -0.0499 0.0221
vn -0.9761 -0.1692 0.1366
vn -0.9547 -0.2315 0.1870
vn -0.9547 -0.1752 0.2406
vn -0.9761 -0.1280 0.1758
vn -0.9940 -0.0642 0.0882
vn -0.9985 -0.0499 0.0221
vn -0.9761 -0.0782 0.2029
vn -0.9547 -0.1070 0.2777
vn -0.9761 -0.0230 0.2162
vn -0.9547 -0.0315 0.2959
vn -0.9940 -0.0115 0.1085
vn -0.9985 -0.0196 0.0509
vn -0.9547 0.0462 0.2940
vn -0.9761 0.0338 0.2148
vn -0.9547 0.1207 0.2720
vn -0.9761 0.0882 0.1988
vn -0.9940 0.0443 0.0997
vn -0.9985 0.0221 0.0499
vn -0.9761 0.1366 0.1692
vn -0.9547 0.1870 0.2315
vn -0.9547 0.2406 0.1752
vn -0.9761 0.1758 0.1280
vn -0.9940 0.0882 0.0642
vn -0.9985 0.0221 0.0499
vn -0.9761 0.2029 0.0782
vn -0.9547 0.2777 0.1070
vn -0.9547 0.2959 0.0315
vn -0.9761 0.2162 0.0230
vn -0.9940 0.1085 0.0115
vn -0.9985 0.0509 0.0196
vn -0.9547 0.2940 -0.0462
vn -0.9761 0.2148 -0.0338
vn -0.9547 0.2720 -0.1207
vn -0.9761 0.1988 -0.0882
vn -0.9940 0.0997 -0.0443
vn -0.9985 0.0499 -0.0221
vn -0.9761 0.1692 -0.1366
vn -0.9547 0.2315 -0.1870
vn -0.9547 0.1752 -0.2406
vn -0.9761 0.1280 -0.1758
vn -0.9940 0.0642 -0.0882
vn -0.9985 0.0499 -0.0221
vn -0.9761 0.0782 -0.2029
vn -0.9547 0.1070 -0.2777
vn -0.9547 0.0315 -0.2959
vn -0.9761 0.0230 -0.2162
vn -0.9940 0.0115 -0.1085
vn -0.9985 -0.0221 -0.0499
vn 0.0000 0.3595 -0.9331
vn 0.0000 0.5888 -0.8083
vn -0.0000 0.7779 -0.6284
vn -0.0000 0.9141 -0.4056
vn -0.0000 0.9879 -0.1552
vn -0.0000 0.9944 0.1058
vn -0.0000 0.9331 0.3595
vn -0.0000 0.8083 0.5888
vn -0.0000 0.6284 0.7779
vn -0.0000 0.4056 0.9141
vn -0.0000 0.1552 0.9879
vn -0.0000 -0.1058 0.9944
vn -0.0000 -0.3595 0.9331
vn -0.0000 -0.5888 0.8083
vn -0.0000 -0.7779 0.6284
vn -0.0000 -0.9141 0.4056
vn -0.0000 -0.9879 0.1552
vn -0.0000 -0.9944 -0.1058
vn 0.0000 -0.9331 -0.3595
vn 0.0000 -0.8083 -0.5888
vn 0.0000 -0.6284 -0.7779
vn 0.0000 -0.4056 -0.9141
vn 0.0000 -0.1552 -0.9879
vn 0.0000 0.1058 -0.9944
vn 0.4661 -0.5559 -0.6883
vn 0.0000 -0.4056 -0.9141
vn 0.0000 -0.6284 -0.7779
vn 0.4661 -0.3588 -0.8087
vn 0.4661 -0.7151 -0.5209
vn 0.0000 -0.8083 -0.5888
vn 0.0000 -0.9331 -0.3595
vn 0.4661 -0.8256 -0.3181
vn -0.0000 -0.9944 -0.1058
vn 0.4661 -0.8798 -0.0936
vn -0.0000 -0.9879 0.1552
vn 0.4661 -0.8740 0.1373
vn 0.4661 -0.8087 0.3588
vn -0.0000 -0.9141 0.4056
vn -0.0000 -0.7779 0.6284
vn 0.4661 -0.6883 0.5559
vn -0.0000 -0.5888 0.8083
vn 0.4661 -0.5209 0.7151
vn -0.0000 -0.3595 0.9331
vn 0.4661 -0.3181 0.8256
vn -0.0000 -0.1058 0.9944
vn 0.4661 -0.0936 0.8798
vn -0.0000 0.1552 0.9879
vn 0.4661 0.1373 0.8740
vn -0.0000 0.4056 0.9141
vn 0.4661 0.3588 0.8087
vn -0.0000 0.6284 0.7779
vn 0.4661 0.5559 0.6883
vn -0.0000 0.8083 0.5888
vn 0.4661 0.7151 0.5209
vn -0.0000 0.9331 0.3595
vn 0.4661 0.8256 0.3181
vn 0.4661 0.8798 0.0936
vn -0.0000 0.9944 0.1058
vn -0.0000 0.9879 -0.1552
vn 0.4661 0.8740 -0.1373
vn -0.0000 0.9141 -0.4056
vn 0.4661 0.8087 -0.3588
vn 0.4661 0.6883 -0.5559
vn -0.0000 0.7779 -0.6284
vn 0.0000 0.5888 -0.8083
vn 0.4661 0.5209 -0.7151
vn 0.4661 0.3181 -0.8256
vn 0.0000 0.3595 -0.9331
vn 0.0000 0.1058 -0.9944
vn 0.4661 0.0936 -0.8798
vn 0.4661 -0.1373 -0.8740
vn 0.0000 -0.1552 -0.9879
vn -1.0000 0.0000 -0.0000
vn -1.0000 0.0000 -0.0000
vn -1.0000 0.0000 -0.0000
vn -1.0000 0.0000 -0.0000
vn -1.0000 0.0000 -0.0000
vn -1.0000 0.0000 -0.0000
vn -1.0000 0.0000 -0.0000
vn -1.0000 0.0000 -0.0000
vn -1.0000 0.0000 -0.0000
vn -1.0000 0.0000 -0.0000
vn -1.0000 0.0000 -0.0000
vn -1.0000 0.0000 -0.0000
vn 0.8230 -0.2304 -0.5192
vn 0.8230 -0.3569 -0.4419
vn 0.8230 -0.4591 -0.3344
vn 0.8230 -0.5300 -0.2042
vn 0.8230 -0.5648 -0.0601
vn 0.8230 -0.5611 0.0882
vn 0.8230 -0.5192 0.2304
vn 0.8230 -0.4419 0.3569
vn 0.8230 -0.3344 0.4591
vn 0.8230 -0.2042 0.5300
vn 0.8230 -0.0601 0.5648
vn 0.8230 0.0882 0.5611
vn 0.8230 0.2304 0.5192
vn 0.8230 0.3569 0.4419
vn 0.8230 0.4591 0.3344
vn 0.8230 0.5300 0.2042
vn 0.8230 0.5648 0.0601
vn 0.8230 0.5611 -0.0882
vn 0.8230 0.5192 -0.2304
vn 0.8230 0.4419 -0.3569
vn 0.8230 0.3344 -0.4591
vn 0.8230 0.2042 -0.5300
vn 0.8230 0.0601 -0.5648
vn 0.8230 -0.0882 -0.5611
vn 0.9768 -0.0868 -0.1957
vn 0.9940 -0.0444 -0.1000
vn 0.9136 -0.1650 -0.3718
vn 0.9136 -0.0631 -0.4018
vn 0.8473 -0.2154 -0.4855
vn 0.8473 -0.0824 -0.5247
vn 0.9136 -0.2556 -0.3164
vn 0.8473 -0.3337 -0.4132
vn 0.8473 -0.4293 -0.3127
vn 0.9136 -0.3287 -0.2395
vn 0.9768 -0.1731 -0.1261
vn 0.9940 -0.0885 -0.0644
vn 0.9136 -0.3795 -0.1462
vn 0.8473 -0.4956 -0.1910
vn 0.8473 -0.5282 -0.0562
vn 0.9136 -0.4044 -0.0430
vn 0.9768 -0.2129 -0.0226
vn 0.9940 -0.1088 -0.0116
vn 0.9136 -0.4018 0.0631
vn 0.8473 -0.5247 0.0824
vn 0.9136 -0.3718 0.1650
vn 0.8473 -0.4855 0.2154
vn 0.9768 -0.1957 0.0868
vn 0.9940 -0.1000 0.0444
vn 0.9136 -0.3164 0.2556
vn 0.8473 -0.4132 0.3337
vn 0.9136 -0.2395 0.3287
vn 0.8473 -0.3127 0.4293
vn 0.9768 -0.1261 0.1731
vn 0.9940 -0.0644 0.0885
vn 0.9136 -0.1462 0.3795
vn 0.8473 -0.1910 0.4956
vn 0.8473 -0.0562 0.5282
vn 0.9136 -0.0430 0.4044
vn 0.9768 -0.0226 0.2129
vn 0.9940 -0.0116 0.1088
vn 0.8473 0.0824 0.5247
vn 0.9136 0.0631 0.4018
vn 0.8473 0.2154 0.4855
vn 0.9136 0.1650 0.3718
vn 0.9768 0.0868 0.1957
vn 0.9940 0.0444 0.1000
vn 0.9136 0.2556 0.3164
vn 0.8473 0.3337 0.4132
vn 0.8473 0.4293 0.3127
vn 0.9136 0.3287 0.2395
vn 0.9768 0.1731 0.1261
vn 0.9940 0.0885 0.0644
vn 0.8473 0.4956 0.1910
vn 0.9136 0.3795 0.1462
vn 0.8473 0.5282 0.0562
vn 0.9136 0.4044 0.0430
vn 0.9768 0.2129 0.0226
vn 0.9940 0.1088 0.0116
vn 0.8473 0.5247 -0.0824
vn 0.9136 0.4018 -0.0631
vn 0.8473 0.4855 -0.2154
vn 0.9136 0.3718 -0.1650
vn 0.9768 0.1957 -0.0868
vn 0.9940 0.1000 -0.0444
vn 0.9136 0.3164 -0.2556
vn 0.8473 0.4132 -0.3337
vn 0.9136 0.2395 -0.3287
vn 0.8473 0.3127 -0.4293
vn 0.9768 0.1261 -0.1731
vn 0.9940 0.0644 -0.0885
vn 0.9136 0.1462 -0.3795
vn 0.8473 0.1910 -0.4956
vn 0.9136 0.0430 -0.4044
vn 0.8473 0.0562 -0.5282
vn 0.9768 0.0226 -0.2129
vn 0.9940 0.0116 -0.1088
vn 0.0000 0.3595 -0.9331
vn 0.0000 0.5888 -0.8083
vn -0.0000 0.7779 -0.6284
vn -0.0000 0.9141 -0.4056
vn -0.0000 0.9879 -0.1552
vn -0.0000 0.9944 0.1058
vn -0.0000 0.9331 0.3595
vn -0.0000 0.8083 0.5888
vn -0.0000 0.6284 0.7779
vn -0.0000 0.4056 0.9141
vn -0.0000 0.1552 0.9879
vn -0.0000 -0.1058 0.9944
vn -0.0000 -0.3595 0.9331
vn -0.0000 -0.5888 0.8083
vn -0.0000 -0.7779 0.6284
vn -0.0000 -0.9141 0.4056
vn -0.0000 -0.9879 0.1552
vn -0.0000 -0.9944 -0.1058
vn 0.0000 -0.9331 -0.3595
vn 0.0000 -0.8083 -0.5888
vn 0.0000 -0.6284 -0.7779
vn 0.0000 -0.4056 -0.9141
vn 0.0000 -0.1552 -0.9879
vn 0.0000 0.1058 -0.9944
vn -0.0000 0.9999 -0.0106
vn -0.0000 0.9999 -0.0106
vn -1.0000 0.0000 -0.0000
vn 1.0000 0.0000 0.0000
vn -0.0000 -0.8713 -0.4908
vn -0.0000 -0.8713 -0.4908
vn -0.0000 -0.9620 -0.2731
vn -0.0000 -0.9620 -0.2731
vn -0.0000 0.9620 0.2731
vn -0.0000 0.9999 -0.0106
vn -0.0000 0.9999 -0.0106
vn -0.0000 0.9620 0.2731
vn -0.0000 0.8729 -0.4879
vn -0.0000 0.8729 -0.4879
vn 0.0000 -0.0106 -0.9999
vn 0.0000 -0.0106 -0.9999
vn 1.0000 0.0000 0.0000
vn 1.0000 0.0000 0.0000
vn 1.0000 0.0000 0.0000
vn -1.0000 0.0000 -0.0000
vn -1.0000 0.0000 -0.0000
vn -1.0000 0.0000 -0.0000
vn -0.0000 0.9999 -0.0106
vn -0.0000 0.9999 -0.0106
vn 1.0000 0.0000 0.0000
vn -1.0000 0.0000 -0.0000
vn -0.0000 -0.8713 -0.4908
vn -0.0000 -0.8713 -0.4908
vn -0.0000 -0.9620 -0.2731
vn -0.0000 -0.9620 -0.2731
vn -0.0000 0.9620 0.2731
vn -0.0000 0.9999 -0.0106
vn -0.0000 0.9620 0.2731
vn -0.0000 0.9999 -0.0106
vn -0.0000 0.8729 -0.4879
vn -0.0000 0.8729 -0.4879
vn 0.0000 -0.0106 -0.9999
vn 0.0000 -0.0106 -0.9999
vn -1.0000 0.0000 -0.0000
vn -1.0000 0.0000 -0.0000
vn -1.0000 0.0000 -0.0000
vn 1.0000 0.0000 0.0000
vn 1.0000 0.0000 0.0000
vn 1.0000 0.0000 0.0000
vn -0.0000 0.9999 -0.0106
vn -0.0000 0.9999 -0.0106
vn -0.0000 0.4908 -0.8713
vn -0.0000 0.4908 -0.8713
vn 0.0000 -0.4879 -0.8729
vn 0.0000 -0.4879 -0.8729
vn -0.0000 -0.9999 0.0106
vn -0.0000 -0.9999 0.0106
vn -0.0000 -0.4908 0.8713
vn -0.0000 -0.4908 0.8713
vn -0.0000 0.4879 0.8729
vn -0.0000 0.4879 0.8729
vn 0.0000 -0.6284 -0.7779
vn 0.0000 -0.6284 -0.7779
vn -0.0000 -0.9879 0.1552
vn -0.0000 -0.9879 0.1552
vn -0.0000 -0.3595 0.9331
vn -0.0000 -0.3595 0.9331
vn -0.0000 0.6284 0.7779
vn -0.0000 0.6284 0.7779
vn -0.0000 0.9879 -0.1552
vn -0.0000 0.9879 -0.1552
vn 0.0000 0.3595 -0.9331
vn 0.0000 0.3595 -0.9331
vn 1.0000 0.0000 0.0000
vn 1.0000 0.0000 0.0000
vn 1.0000 0.0000 0.0000
vn 1.0000 0.0000 0.0000
vn 1.0000 0.0000 0.0000
vn 1.0000 0.0000 0.0000
vn 0.0000 -0.6284 -0.7779
vn 0.0000 -0.6284 -0.7779
vn 0.0000 -0.9331 -0.3595
vn 0.0000 -0.9331 -0.3595
vn -0.0000 -0.9879 0.1552
vn -0.0000 -0.9879 0.1552
vn -0.0000 -0.3595 0.9331
vn -0.0000 -0.3595 0.9331
vn -0.0000 0.1552 0.9879
vn -0.0000 0.1552 0.9879
vn -0.0000 0.6284 0.7779
vn -0.0000 0.6284 0.7779
vn -0.0000 0.9879 -0.1552
vn -0.0000 0.9879 -0.1552
vn -0.0000 0.7779 -0.6284
vn -0.0000 0.7779 -0.6284
vn 0.0000 0.3595 -0.9331
vn 0.0000 0.3595 -0.9331
vn -0.6476 0.7587 0.0710
vn -0.6478 0.7614 0.0261
vn -0.6476 0.7587 0.0710
vn -0.6764 -0.7279 -0.1121
vn -0.6669 -0.7419 -0.0702
vn -0.6669 -0.7419 -0.0702
vn -1.0000 -0.0000 -0.0000
vn -1.0000 -0.0000 -0.0000
vn -1.0000 -0.0000 -0.0000
vn -1.0000 -0.0000 -0.0000
vn -1.0000 -0.0000 -0.0000
vn -1.0000 -0.0000 -0.0000
vn -1.0000 -0.0000 -0.0000
vn -1.0000 -0.0000 -0.0000
vn -1.0000 -0.0000 -0.0000
vn -1.0000 -0.0000 -0.0000
vn 1.0000 0.0001 -0.0013
vn 1.0000 0.0001 -0.0013
vn 1.0000 0.0001 -0.0013
vn 1.0000 0.0001 -0.0013
vn 1.0000 0.0001 -0.0013
vn 1.0000 0.0001 -0.0013
vn 1.0000 0.0001 -0.0013
vn 1.0000 0.0001 -0.0013
vn 1.0000 0.0001 -0.0013
vn 1.0000 0.0001 -0.0013
vn 1.0000 0.0001 -0.0013
vn 1.0000 0.0001 -0.0013
vn 0.6755 -0.7287 -0.1123
vn 0.6477 0.7615 0.0261
vn -1.0000 -0.0000 -0.0000
vn -1.0000 -0.0000 -0.0000
vn 1.0000 0.0001 -0.0013
vn 0.6547 -0.7556 -0.0195
vn 0.6547 -0.7556 -0.0195
vn 0.6457 0.7542 0.1195
vn 0.6457 0.7542 0.1195
vn -1.0000 -0.0000 -0.0000
vn -1.0000 -0.0000 -0.0000
vn -1.0000 -0.0000 -0.0000
vn 1.0000 0.0001 -0.0013
vn 1.0000 0.0001 -0.0013
vn 1.0000 0.0001 -0.0013
vn 0.6457 -0.7523 0.1308
vn 0.6457 -0.7523 0.1308
vn 0.6457 -0.6928 0.3211
vn 0.6457 -0.6928 0.3211
vn 0.6457 -0.5861 0.4895
vn 0.6457 -0.5861 0.4895
vn 0.6457 -0.4395 0.6245
vn 0.6457 -0.4395 0.6245
vn 0.6457 -0.2629 0.7169
vn 0.6457 -0.2629 0.7169
vn 0.6457 -0.0684 0.7606
vn 0.6457 -0.0684 0.7606
vn 0.6457 0.1308 0.7523
vn 0.6457 0.1308 0.7523
vn 0.6457 0.3211 0.6928
vn 0.6457 0.3211 0.6928
vn 0.6457 0.4895 0.5861
vn 0.6457 0.4895 0.5861
vn 0.6457 0.6245 0.4395
vn 0.6457 0.6245 0.4395
vn 0.6457 0.7169 0.2629
vn 0.6457 0.7169 0.2629
vn 1.0000 0.0001 -0.0013
vn 1.0000 0.0001 -0.0013
vn 1.0000 0.0001 -0.0013
vn 1.0000 0.0001 -0.0013
vn 1.0000 0.0001 -0.0013
vn 1.0000 0.0001 -0.0013
vn 1.0000 0.0001 -0.0013
vn 1.0000 0.0001 -0.0013
vn 1.0000 0.0001 -0.0013
vn 1.0000 0.0001 -0.0013
vn 1.0000 0.0001 -0.0013
f 1374/1374/1374 1375/1375/1375 1376/1376/1376
f 1374/1374/1374 1373/1373/1373 1375/1375/1375
f 1372/1372/1372 1373/1373/1373 1374/1374/1374
f 1372/1372/1372 1371/1371/1371 1373/1373/1373
f 574/574/574 1371/1371/1371 1372/1372/1372
f 574/574/574 575/575/575 1371/1371/1371
f 1388/1388/1388 580/580/580 581/581/581
f 1388/1388/1388 1387/1387/1387 580/580/580
f 1386/1386/1386 1387/1387/1387 1388/1388/1388
f 1386/1386/1386 1385/1385/1385 1387/1387/1387
f 1383/1383/1383 1385/1385/1385 1386/1386/1386
f 1383/1383/1383 1384/1384/1384 1385/1385/1385
f 578/578/578 1384/1384/1384 1383/1383/1383
f 578/578/578 1383/1383/1383 579/579/579
f 1381/1381/1381 578/578/578 579/579/579
f 1381/1381/1381 1382/1382/1382 578/578/578
f 1379/1379/1379 1382/1382/1382 1381/1381/1381
f 1379/1379/1379 1381/1381/1381 1380/1380/1380
f 1378/1378/1378 1379/1379/1379 1380/1380/1380
f 1378/1378/1378 1377/1377/1377 1379/1379/1379
f 576/576/576 1377/1377/1377 1378/1378/1378
f 576/576/576 577/577/577 1377/1377/1377
f 1375/1375/1375 577/577/577 576/576/576
f 1375/1375/1375 576/576/576 1376/1376/1376
f 1365/1365/1365 573/573/573 203/203/203
f 203/203/203 573/573/573 1366/1366/1366
f 1366/1366/1366 573/573/573 204/204/204
f 204/204/204 573/573/573 1367/1367/1367
f 1367/1367/1367 573/573/573 205/205/205
f 205/205/205 573/573/573 1368/1368/1368
f 1368/1368/1368 573/573/573 206/206/206
f 206/206/206 573/573/573 1369/1369/1369
f 1369/1369/1369 573/573/573 207/207/207
f 207/207/207 573/573/573 1370/1370/1370
f 1370/1370/1370 573/573/573 208/208/208
f 208/208/208 573/573/573 1365/1365/1365
f 193/193/193 194/194/194 1357/1357/1357
f 1355/1355/1355 194/194/194 193/193/193
f 1355/1355/1355 193/193/193 1356/1356/1356
f 192/192/192 1355/1355/1355 1356/1356/1356
f 192/192/192 191/191/191 1355/1355/1355
f 1353/1353/1353 191/191/191 192/192/192
f 1353/1353/1353 1354/1354/1354 191/191/191
f 202/202/202 1354/1354/1354 1353/1353/1353
f 202/202/202 201/201/201 1354/1354/1354
f 1363/1363/1363 201/201/201 202/202/202
f 1363/1363/1363 1364/1364/1364 201/201/201
f 200/200/200 1364/1364/1364 1363/1363/1363
f 200/200/200 1363/1363/1363 199/199/199
f 1362/1362/1362 200/200/200 199/199/199
f 1362/1362/1362 199/199/199 1361/1361/1361
f 197/197/197 1362/1362/1362 1361/1361/1361
f 197/197/197 1361/1361/1361 198/198/198
f 1360/1360/1360 197/197/197 198/198/198
f 1360/1360/1360 1359/1359/1359 197/197/197
f 196/196/196 1359/1359/1359 1360/1360/1360
f 196/196/196 195/195/195 1359/1359/1359
f 1358/1358/1358 195/195/195 196/196/196
f 1358/1358/1358 1357/1357/1357 195/195/195
f 193/193/193 1357/1357/1357 1358/1358/1358
f 1351/1351/1351 572/572/572 1352/1352/1352
f 1351/1351/1351 571/571/571 572/572/572
f 571/571/571 1349/1349/1349 572/572/572
f 571/571/571 1350/1350/1350 1349/1349/1349
f 569/569/569 1349/1349/1349 1350/1350/1350
f 569/569/569 570/570/570 1349/1349/1349
f 567/567/567 1348/1348/1348 568/568/568
f 567/567/567 1347/1347/1347 1348/1348/1348
f 1347/1347/1347 566/566/566 1348/1348/1348
f 1347/1347/1347 565/565/565 566/566/566
f 565/565/565 1346/1346/1346 566/566/566
f 565/565/565 1345/1345/1345 1346/1346/1346
f 1345/1345/1345 564/564/564 1346/1346/1346
f 1345/1345/1345 563/563/563 564/564/564
f 563/563/563 1343/1343/1343 564/564/564
f 563/563/563 1344/1344/1344 1343/1343/1343
f 561/561/561 1343/1343/1343 1344/1344/1344
f 561/561/561 562/562/562 1343/1343/1343
f 561/561/561 1342/1342/1342 562/562/562
f 561/561/561 1341/1341/1341 1342/1342/1342
f 1341/1341/1341 559/559/559 1342/1342/1342
f 1341/1341/1341 560/560/560 559/559/559
f 560/560/560 1352/1352/1352 559/559/559
f 560/560/560 1351/1351/1351 1352/1352/1352
f 1327/1327/1327 1329/1329/1329 1328/1328/1328
f 1327/1327/1327 1328/1328/1328 1330/1330/1330
f 1330/1330/1330 1328/1328/1328 1331/1331/1331
f 1330/1330/1330 1331/1331/1331 1332/1332/1332
f 1331/1331/1331 183/183/183 1332/1332/1332
f 1331/1331/1331 184/184/184 183/183/183
f 184/184/184 1333/1333/1333 183/183/183
f 184/184/184 1334/1334/1334 1333/1333/1333
f 1334/1334/1334 182/182/182 1333/1333/1333
f 1334/1334/1334 181/181/181 182/182/182
f 181/181/181 1323/1323/1323 182/182/182
f 181/181/181 1324/1324/1324 1323/1323/1323
f 1324/1324/1324 1325/1325/1325 1323/1323/1323
f 1324/1324/1324 1326/1326/1326 1325/1325/1325
f 553/553/553 554/554/554 556/556/556
f 553/553/553 555/555/555 554/554/554
f 557/557/557 554/554/554 555/555/555
f 557/557/557 558/558/558 554/554/554
f 549/549/549 179/179/179 180/180/180
f 549/549/549 551/551/551 179/179/179
f 549/549/549 550/550/550 551/551/551
f 549/549/549 1322/1322/1322 550/550/550
f 550/550/550 1322/1322/1322 1335/1335/1335
f 1335/1335/1335 1322/1322/1322 185/185/185
f 185/185/185 1322/1322/1322 1337/1337/1337
f 1337/1337/1337 1322/1322/1322 187/187/187
f 187/187/187 1322/1322/1322 1336/1336/1336
f 1336/1336/1336 1322/1322/1322 186/186/186
f 545/545/545 175/175/175 176/176/176
f 545/545/545 552/552/552 175/175/175
f 1319/1319/1319 544/544/544 545/545/545
f 1319/1319/1319 1320/1320/1320 544/544/544
f 542/542/542 539/539/539 543/543/543
f 542/542/542 541/541/541 539/539/539
f 538/538/538 539/539/539 541/541/541
f 538/538/538 540/540/540 539/539/539
f 1305/1305/1305 1306/1306/1306 1308/1308/1308
f 1305/1305/1305 1307/1307/1307 1306/1306/1306
f 1307/1307/1307 1309/1309/1309 1306/1306/1306
f 1307/1307/1307 1310/1310/1310 1309/1309/1309
f 1310/1310/1310 167/167/167 1309/1309/1309
f 1310/1310/1310 168/168/168 167/167/167
f 168/168/168 1311/1311/1311 167/167/167
f 168/168/168 1312/1312/1312 1311/1311/1311
f 1312/1312/1312 166/166/166 1311/1311/1311
f 1312/1312/1312 165/165/165 166/166/166
f 165/165/165 1301/1301/1301 166/166/166
f 165/165/165 1302/1302/1302 1301/1301/1301
f 1303/1303/1303 1301/1301/1301 1302/1302/1302
f 1303/1303/1303 1304/1304/1304 1301/1301/1301
f 189/189/189 1321/1321/1321 1339/1339/1339
f 1339/1339/1339 1321/1321/1321 190/190/190
f 190/190/190 1321/1321/1321 1340/1340/1340
f 1340/1340/1340 1321/1321/1321 188/188/188
f 188/188/188 1321/1321/1321 1338/1338/1338
f 1338/1338/1338 1321/1321/1321 547/547/547
f 546/546/546 547/547/547 1321/1321/1321
f 546/546/546 548/548/548 547/547/547
f 546/546/546 177/177/177 548/548/548
f 546/546/546 178/178/178 177/177/177
f 159/159/159 537/537/537 529/529/529
f 159/159/159 160/160/160 537/537/537
f 529/529/529 1297/1297/1297 1298/1298/1298
f 529/529/529 530/530/530 1297/1297/1297
f 173/173/173 1317/1317/1317 1299/1299/1299
f 1317/1317/1317 174/174/174 1299/1299/1299
f 174/174/174 1318/1318/1318 1299/1299/1299
f 1318/1318/1318 172/172/172 1299/1299/1299
f 172/172/172 1316/1316/1316 1299/1299/1299
f 1316/1316/1316 531/531/531 1299/1299/1299
f 531/531/531 532/532/532 1299/1299/1299
f 531/531/531 533/533/533 532/532/532
f 161/161/161 532/532/532 533/533/533
f 161/161/161 162/162/162 532/532/532
f 1314/1314/1314 170/170/170 1300/1300/1300
f 171/171/171 1314/1314/1314 1300/1300/1300
f 1315/1315/1315 171/171/171 1300/1300/1300
f 169/169/169 1315/1315/1315 1300/1300/1300
f 1313/1313/1313 169/169/169 1300/1300/1300
f 535/535/535 1313/1313/1313 1300/1300/1300
f 534/534/534 535/535/535 1300/1300/1300
f 534/534/534 536/536/536 535/535/535
f 534/534/534 163/163/163 536/536/536
f 534/534/534 164/164/164 163/163/163
f 1227/1227/1227 515/515/515 1231/1231/1231
f 1227/1227/1227 1229/1229/1229 515/515/515
f 513/513/513 1229/1229/1229 1227/1227/1227
f 513/513/513 1227/1227/1227 1225/1225/1225
f 1223/1223/1223 513/513/513 1225/1225/1225
f 1223/1223/1223 1225/1225/1225 1221/1221/1221
f 1219/1219/1219 1223/1223/1223 1221/1221/1221
f 1219/1219/1219 511/511/511 1223/1223/1223
f 1216/1216/1216 511/511/511 1219/1219/1219
f 1216/1216/1216 1217/1217/1217 511/511/511
f 511/511/511 512/512/512 1224/1224/1224
f 1217/1217/1217 512/512/512 511/511/511
f 1217/1217/1217 1218/1218/1218 512/512/512
f 510/510/510 1218/1218/1218 1217/1217/1217
f 507/507/507 508/508/508 1212/1212/1212
f 507/507/507 1212/1212/1212 1211/1211/1211
f 1211/1211/1211 1212/1212/1212 510/510/510
f 1211/1211/1211 510/510/510 509/509/509
f 510/510/510 1217/1217/1217 509/509/509
f 1213/1213/1213 509/509/509 1217/1217/1217
f 1213/1213/1213 1217/1217/1217 1216/1216/1216
f 1213/1213/1213 1216/1216/1216 1215/1215/1215
f 1215/1215/1215 1216/1216/1216 1219/1219/1219
f 1215/1215/1215 1219/1219/1219 1220/1220/1220
f 1220/1220/1220 1219/1219/1219 1221/1221/1221
f 1220/1220/1220 1221/1221/1221 1222/1222/1222
f 1222/1222/1222 1221/1221/1221 1225/1225/1225
f 1222/1222/1222 1225/1225/1225 1226/1226/1226
f 1226/1226/1226 1225/1225/1225 1227/1227/1227
f 1226/1226/1226 1227/1227/1227 1228/1228/1228
f 1228/1228/1228 1227/1227/1227 1231/1231/1231
f 1228/1228/1228 1231/1231/1231 1232/1232/1232
f 1187/1187/1187 1186/1186/1186 1232/1232/1232
f 1186/1186/1186 1228/1228/1228 1232/1232/1232
f 1186/1186/1186 1185/1185/1185 1228/1228/1228
f 1185/1185/1185 1226/1226/1226 1228/1228/1228
f 1213/1213/1213 1215/1215/1215 1214/1214/1214
f 1180/1180/1180 1214/1214/1214 1215/1215/1215
f 1180/1180/1180 1215/1215/1215 1181/1181/1181
f 1179/1179/1179 1214/1214/1214 1180/1180/1180
f 1124/1124/1124 1179/1179/1179 1180/1180/1180
f 1126/1126/1126 1124/1124/1124 1180/1180/1180
f 1126/1126/1126 1180/1180/1180 1181/1181/1181
f 1126/1126/1126 1181/1181/1181 1182/1182/1182
f 1182/1182/1182 1181/1181/1181 1215/1215/1215
f 1182/1182/1182 1215/1215/1215 1220/1220/1220
f 1182/1182/1182 1220/1220/1220 1222/1222/1222
f 1182/1182/1182 1222/1222/1222 1183/1183/1183
f 1183/1183/1183 1222/1222/1222 1226/1226/1226
f 1183/1183/1183 1226/1226/1226 1184/1184/1184
f 1185/1185/1185 1184/1184/1184 1226/1226/1226
f 1132/1132/1132 1184/1184/1184 1185/1185/1185
f 1132/1132/1132 1185/1185/1185 1134/1134/1134
f 1134/1134/1134 1185/1185/1185 1186/1186/1186
f 1134/1134/1134 1186/1186/1186 1136/1136/1136
f 1136/1136/1136 1186/1186/1186 1187/1187/1187
f 1136/1136/1136 1187/1187/1187 1138/1138/1138
f 1132/1132/1132 1183/1183/1183 1184/1184/1184
f 1132/1132/1132 1129/1129/1129 1183/1183/1183
f 1128/1128/1128 1183/1183/1183 1129/1129/1129
f 1128/1128/1128 1182/1182/1182 1183/1183/1183
f 1126/1126/1126 1182/1182/1182 1128/1128/1128
f 1117/1117/1117 1179/1179/1179 1121/1121/1121
f 1124/1124/1124 1121/1121/1121 1179/1179/1179
f 1231/1231/1231 1233/1233/1233 1232/1232/1232
f 1187/1187/1187 1232/1232/1232 1233/1233/1233
f 1188/1188/1188 1187/1187/1187 1233/1233/1233
f 1140/1140/1140 1187/1187/1187 1188/1188/1188
f 1140/1140/1140 1138/1138/1138 1187/1187/1187
f 1138/1138/1138 1140/1140/1140 1139/1139/1139
f 1138/1138/1138 1139/1139/1139 1137/1137/1137
f 1136/1136/1136 1138/1138/1138 1137/1137/1137
f 1136/1136/1136 1137/1137/1137 1135/1135/1135
f 1134/1134/1134 1136/1136/1136 1135/1135/1135
f 1134/1134/1134 1135/1135/1135 1133/1133/1133
f 1132/1132/1132 1134/1134/1134 1133/1133/1133
f 1132/1132/1132 1133/1133/1133 1131/1131/1131
f 1129/1129/1129 1132/1132/1132 1131/1131/1131
f 1129/1129/1129 1131/1131/1131 1130/1130/1130
f 1129/1129/1129 1130/1130/1130 1127/1127/1127
f 1127/1127/1127 1130/1130/1130 1288/1288/1288
f 1127/1127/1127 1288/1288/1288 1289/1289/1289
f 1130/1130/1130 1287/1287/1287 1288/1288/1288
f 1130/1130/1130 1131/1131/1131 1287/1287/1287
f 1131/1131/1131 1286/1286/1286 1287/1287/1287
f 1131/1131/1131 1133/1133/1133 1286/1286/1286
f 1133/1133/1133 1285/1285/1285 1286/1286/1286
f 1133/1133/1133 1135/1135/1135 1285/1285/1285
f 1135/1135/1135 1284/1284/1284 1285/1285/1285
f 1135/1135/1135 1137/1137/1137 1284/1284/1284
f 1137/1137/1137 1283/1283/1283 1284/1284/1284
f 1137/1137/1137 1139/1139/1139 1283/1283/1283
f 1141/1141/1141 1283/1283/1283 1139/1139/1139
f 1140/1140/1140 1141/1141/1141 1139/1139/1139
f 1140/1140/1140 1142/1142/1142 1141/1141/1141
f 1142/1142/1142 1140/1140/1140 1188/1188/1188
f 1142/1142/1142 1188/1188/1188 1189/1189/1189
f 1188/1188/1188 1239/1239/1239 1189/1189/1189
f 1189/1189/1189 1239/1239/1239 1244/1244/1244
f 1239/1239/1239 1243/1243/1243 1244/1244/1244
f 1243/1243/1243 1245/1245/1245 1244/1244/1244
f 1243/1243/1243 1246/1246/1246 1245/1245/1245
f 1246/1246/1246 1249/1249/1249 1245/1245/1245
f 1246/1246/1246 1250/1250/1250 1249/1249/1249
f 1250/1250/1250 1251/1251/1251 1249/1249/1249
f 1250/1250/1250 1252/1252/1252 1251/1251/1251
f 1239/1239/1239 1240/1240/1240 1243/1243/1243
f 1240/1240/1240 519/519/519 1243/1243/1243
f 519/519/519 1246/1246/1246 1243/1243/1243
f 519/519/519 1247/1247/1247 1246/1246/1246
f 1246/1246/1246 1247/1247/1247 521/521/521
f 1246/1246/1246 521/521/521 1250/1250/1250
f 1192/1192/1192 1249/1249/1249 1251/1251/1251
f 1191/1191/1191 1249/1249/1249 1192/1192/1192
f 1191/1191/1191 1245/1245/1245 1249/1249/1249
f 1191/1191/1191 1244/1244/1244 1245/1245/1245
f 1191/1191/1191 1190/1190/1190 1244/1244/1244
f 1189/1189/1189 1244/1244/1244 1190/1190/1190
f 1144/1144/1144 1189/1189/1189 1190/1190/1190
f 1144/1144/1144 1142/1142/1142 1189/1189/1189
f 1146/1146/1146 1144/1144/1144 1190/1190/1190
f 1146/1146/1146 1190/1190/1190 1191/1191/1191
f 1146/1146/1146 1191/1191/1191 1192/1192/1192
f 1146/1146/1146 1192/1192/1192 1148/1148/1148
f 1265/1265/1265 1266/1266/1266 528/528/528
f 525/525/525 1266/1266/1266 1265/1265/1265
f 525/525/525 526/526/526 1266/1266/1266
f 1259/1259/1259 526/526/526 525/525/525
f 1258/1258/1258 1259/1259/1259 525/525/525
f 523/523/523 1259/1259/1259 1258/1258/1258
f 523/523/523 1258/1258/1258 1256/1256/1256
f 1253/1253/1253 523/523/523 1256/1256/1256
f 1253/1253/1253 1256/1256/1256 1252/1252/1252
f 1250/1250/1250 1253/1253/1253 1252/1252/1252
f 1250/1250/1250 521/521/521 1253/1253/1253
f 522/522/522 1253/1253/1253 521/521/521
f 1247/1247/1247 522/522/522 521/521/521
f 1247/1247/1247 1248/1248/1248 522/522/522
f 520/520/520 1248/1248/1248 1247/1247/1247
f 520/520/520 1247/1247/1247 519/519/519
f 1241/1241/1241 520/520/520 519/519/519
f 1240/1240/1240 1241/1241/1241 519/519/519
f 522/522/522 1254/1254/1254 1253/1253/1253
f 1253/1253/1253 1254/1254/1254 524/524/524
f 1253/1253/1253 524/524/524 523/523/523
f 523/523/523 524/524/524 1260/1260/1260
f 523/523/523 1260/1260/1260 1259/1259/1259
f 1259/1259/1259 1260/1260/1260 526/526/526
f 1238/1238/1238 517/517/517 1241/1241/1241
f 1234/1234/1234 1238/1238/1238 1237/1237/1237
f 1235/1235/1235 1238/1238/1238 1234/1234/1234
f 1235/1235/1235 517/517/517 1238/1238/1238
f 1236/1236/1236 517/517/517 1235/1235/1235
f 1236/1236/1236 518/518/518 517/517/517
f 517/517/517 518/518/518 1242/1242/1242
f 517/517/517 1242/1242/1242 1241/1241/1241
f 1241/1241/1241 1242/1242/1242 520/520/520
f 1238/1238/1238 1241/1241/1241 1240/1240/1240
f 1238/1238/1238 1240/1240/1240 1239/1239/1239
f 1238/1238/1238 1239/1239/1239 1237/1237/1237
f 1188/1188/1188 1237/1237/1237 1239/1239/1239
f 1188/1188/1188 1233/1233/1233 1237/1237/1237
f 1234/1234/1234 1237/1237/1237 1233/1233/1233
f 1231/1231/1231 1234/1234/1234 1233/1233/1233
f 1231/1231/1231 1235/1235/1235 1234/1234/1234
f 1231/1231/1231 515/515/515 1235/1235/1235
f 515/515/515 1236/1236/1236 1235/1235/1235
f 515/515/515 516/516/516 1236/1236/1236
f 1229/1229/1229 516/516/516 515/515/515
f 1229/1229/1229 1230/1230/1230 516/516/516
f 513/513/513 1230/1230/1230 1229/1229/1229
f 513/513/513 514/514/514 1230/1230/1230
f 1223/1223/1223 514/514/514 513/513/513
f 1223/1223/1223 1224/1224/1224 514/514/514
f 511/511/511 1224/1224/1224 1223/1223/1223
f 1174/1174/1174 503/503/503 152/152/152
f 503/503/503 1175/1175/1175 152/152/152
f 1175/1175/1175 158/158/158 152/152/152
f 158/158/158 1176/1176/1176 152/152/152
f 1176/1176/1176 504/504/504 152/152/152
f 504/504/504 1165/1165/1165 152/152/152
f 1165/1165/1165 153/153/153 152/152/152
f 153/153/153 1166/1166/1166 152/152/152
f 1166/1166/1166 499/499/499 152/152/152
f 499/499/499 1167/1167/1167 152/152/152
f 1167/1167/1167 154/154/154 152/152/152
f 154/154/154 1168/1168/1168 152/152/152
f 1168/1168/1168 500/500/500 152/152/152
f 500/500/500 1169/1169/1169 152/152/152
f 1169/1169/1169 155/155/155 152/152/152
f 155/155/155 1170/1170/1170 152/152/152
f 1170/1170/1170 501/501/501 152/152/152
f 501/501/501 1171/1171/1171 152/152/152
f 1171/1171/1171 156/156/156 152/152/152
f 156/156/156 1172/1172/1172 152/152/152
f 1172/1172/1172 502/502/502 152/152/152
f 502/502/502 1173/1173/1173 152/152/152
f 1173/1173/1173 157/157/157 152/152/152
f 157/157/157 1174/1174/1174 152/152/152
f 947/947/947 1108/1108/1108 949/949/949
f 947/947/947 1109/1109/1109 1108/1108/1108
f 1110/1110/1110 1109/1109/1109 947/947/947
f 949/949/949 1107/1107/1107 952/952/952
f 949/949/949 1108/1108/1108 1107/1107/1107
f 1111/1111/1111 1110/1110/1110 945/945/945
f 1110/1110/1110 947/947/947 945/945/945
f 946/946/946 945/945/945 947/947/947
f 946/946/946 947/947/947 948/948/948
f 948/948/948 947/947/947 949/949/949
f 948/948/948 949/949/949 950/950/950
f 949/949/949 951/951/951 950/950/950
f 949/949/949 952/952/952 951/951/951
f 951/951/951 952/952/952 953/953/953
f 1107/1107/1107 953/953/953 952/952/952
f 1107/1107/1107 1106/1106/1106 953/953/953
f 1002/1002/1002 946/946/946 948/948/948
f 1003/1003/1003 1002/1002/1002 948/948/948
f 1003/1003/1003 948/948/948 950/950/950
f 1004/1004/1004 1003/1003/1003 950/950/950
f 1004/1004/1004 950/950/950 951/951/951
f 954/954/954 1004/1004/1004 951/951/951
f 951/951/951 953/953/953 954/954/954
f 954/954/954 953/953/953 955/955/955
f 1106/1106/1106 955/955/955 953/953/953
f 1106/1106/1106 1105/1105/1105 955/955/955
f 955/955/955 1105/1105/1105 1104/1104/1104
f 955/955/955 1104/1104/1104 957/957/957
f 957/957/957 1104/1104/1104 1103/1103/1103
f 957/957/957 1103/1103/1103 959/959/959
f 1103/1103/1103 961/961/961 959/959/959
f 960/960/960 959/959/959 961/961/961
f 960/960/960 961/961/961 962/962/962
f 962/962/962 1008/1008/1008 960/960/960
f 1103/1103/1103 1102/1102/1102 961/961/961
f 961/961/961 1102/1102/1102 1101/1101/1101
f 1047/1047/1047 1046/1046/1046 1004/1004/1004
f 1046/1046/1046 1003/1003/1003 1004/1004/1004
f 963/963/963 1009/1009/1009 962/962/962
f 961/961/961 963/963/963 962/962/962
f 961/961/961 964/964/964 963/963/963
f 961/961/961 1101/1101/1101 964/964/964
f 964/964/964 1101/1101/1101 1100/1100/1100
f 962/962/962 1009/1009/1009 1008/1008/1008
f 1059/1059/1059 1008/1008/1008 1009/1009/1009
f 1059/1059/1059 1057/1057/1057 1008/1008/1008
f 1059/1059/1059 1058/1058/1058 1057/1057/1057
f 1057/1057/1057 1058/1058/1058 1053/1053/1053
f 1057/1057/1057 1053/1053/1053 1054/1054/1054
f 1052/1052/1052 1054/1054/1054 1053/1053/1053
f 1054/1054/1054 1052/1052/1052 1006/1006/1006
f 1052/1052/1052 1005/1005/1005 1006/1006/1006
f 956/956/956 1006/1006/1006 1005/1005/1005
f 956/956/956 1005/1005/1005 954/954/954
f 954/954/954 955/955/955 956/956/956
f 956/956/956 955/955/955 957/957/957
f 956/956/956 957/957/957 958/958/958
f 958/958/958 957/957/957 959/959/959
f 958/958/958 959/959/959 960/960/960
f 960/960/960 1007/1007/1007 958/958/958
f 960/960/960 1008/1008/1008 1007/1007/1007
f 1008/1008/1008 1054/1054/1054 1007/1007/1007
f 1008/1008/1008 1057/1057/1057 1054/1054/1054
f 1054/1054/1054 1006/1006/1006 1007/1007/1007
f 958/958/958 1007/1007/1007 1006/1006/1006
f 958/958/958 1006/1006/1006 956/956/956
f 1059/1059/1059 1060/1060/1060 1058/1058/1058
f 954/954/954 1005/1005/1005 1004/1004/1004
f 1047/1047/1047 1004/1004/1004 1005/1005/1005
f 1052/1052/1052 1047/1047/1047 1005/1005/1005
f 1047/1047/1047 1052/1052/1052 1051/1051/1051
f 1052/1052/1052 1053/1053/1053 1051/1051/1051
f 1047/1047/1047 1051/1051/1051 1048/1048/1048
f 1048/1048/1048 1051/1051/1051 485/485/485
f 1053/1053/1053 485/485/485 1051/1051/1051
f 1053/1053/1053 1055/1055/1055 485/485/485
f 1058/1058/1058 1055/1055/1055 1053/1053/1053
f 1058/1058/1058 487/487/487 1055/1055/1055
f 1060/1060/1060 487/487/487 1058/1058/1058
f 1060/1060/1060 1061/1061/1061 487/487/487
f 1060/1060/1060 489/489/489 1061/1061/1061
f 1061/1061/1061 489/489/489 490/490/490
f 1067/1067/1067 490/490/490 489/489/489
f 1067/1067/1067 1068/1068/1068 490/490/490
f 1067/1067/1067 492/492/492 1068/1068/1068
f 1067/1067/1067 491/491/491 492/492/492
f 1073/1073/1073 492/492/492 491/491/491
f 1072/1072/1072 1073/1073/1073 491/491/491
f 1072/1072/1072 493/493/493 1073/1073/1073
f 1072/1072/1072 1076/1076/1076 493/493/493
f 1075/1075/1075 1076/1076/1076 1072/1072/1072
f 1077/1077/1077 1076/1076/1076 1075/1075/1075
f 1077/1077/1077 1078/1078/1078 1076/1076/1076
f 1077/1077/1077 1081/1081/1081 1078/1078/1078
f 1064/1064/1064 1009/1009/1009 1010/1010/1010
f 1064/1064/1064 1059/1059/1059 1009/1009/1009
f 1059/1059/1059 1064/1064/1064 1063/1063/1063
f 1059/1059/1059 1063/1063/1063 1060/1060/1060
f 1060/1060/1060 1063/1063/1063 489/489/489
f 1066/1066/1066 489/489/489 1063/1063/1063
f 1066/1066/1066 1067/1067/1067 489/489/489
f 1066/1066/1066 491/491/491 1067/1067/1067
f 1066/1066/1066 1069/1069/1069 491/491/491
f 1072/1072/1072 491/491/491 1069/1069/1069
f 1071/1071/1071 1072/1072/1072 1069/1069/1069
f 1075/1075/1075 1072/1072/1072 1071/1071/1071
f 1075/1075/1075 1071/1071/1071 1013/1013/1013
f 1071/1071/1071 1012/1012/1012 1013/1013/1013
f 970/970/970 1013/1013/1013 1012/1012/1012
f 970/970/970 1012/1012/1012 967/967/967
f 967/967/967 969/969/969 970/970/970
f 967/967/967 968/968/968 969/969/969
f 966/966/966 968/968/968 967/967/967
f 966/966/966 967/967/967 965/965/965
f 967/967/967 1011/1011/1011 965/965/965
f 965/965/965 1011/1011/1011 1010/1010/1010
f 1011/1011/1011 1064/1064/1064 1010/1010/1010
f 1011/1011/1011 1065/1065/1065 1064/1064/1064
f 1065/1065/1065 1063/1063/1063 1064/1064/1064
f 1065/1065/1065 1066/1066/1066 1063/1063/1063
f 1065/1065/1065 1069/1069/1069 1066/1066/1066
f 1065/1065/1065 1070/1070/1070 1069/1069/1069
f 1071/1071/1071 1069/1069/1069 1070/1070/1070
f 1071/1071/1071 1070/1070/1070 1012/1012/1012
f 1070/1070/1070 1011/1011/1011 1012/1012/1012
f 967/967/967 1012/1012/1012 1011/1011/1011
f 1070/1070/1070 1065/1065/1065 1011/1011/1011
f 1015/1015/1015 1077/1077/1077 1075/1075/1075
f 1015/1015/1015 1075/1075/1075 1014/1014/1014
f 1075/1075/1075 1013/1013/1013 1014/1014/1014
f 972/972/972 1014/1014/1014 1013/1013/1013
f 972/972/972 1013/1013/1013 970/970/970
f 970/970/970 971/971/971 972/972/972
f 970/970/970 969/969/969 971/971/971
f 969/969/969 1097/1097/1097 971/971/971
f 969/969/969 1098/1098/1098 1097/1097/1097
f 1099/1099/1099 1098/1098/1098 969/969/969
f 1099/1099/1099 969/969/969 968/968/968
f 1100/1100/1100 1099/1099/1099 968/968/968
f 1100/1100/1100 968/968/968 966/966/966
f 964/964/964 1100/1100/1100 966/966/966
f 964/964/964 966/966/966 965/965/965
f 964/964/964 965/965/965 963/963/963
f 965/965/965 1010/1010/1010 963/963/963
f 963/963/963 1010/1010/1010 1009/1009/1009
f 971/971/971 1097/1097/1097 1096/1096/1096
f 979/979/979 1093/1093/1093 1116/1116/1116
f 977/977/977 1093/1093/1093 979/979/979
f 977/977/977 1094/1094/1094 1093/1093/1093
f 976/976/976 1094/1094/1094 977/977/977
f 976/976/976 1095/1095/1095 1094/1094/1094
f 974/974/974 1095/1095/1095 976/976/976
f 974/974/974 1096/1096/1096 1095/1095/1095
f 971/971/971 1096/1096/1096 974/974/974
f 971/971/971 974/974/974 973/973/973
f 971/971/971 973/973/973 972/972/972
f 1015/1015/1015 972/972/972 973/973/973
f 1015/1015/1015 1014/1014/1014 972/972/972
f 975/975/975 1015/1015/1015 973/973/973
f 974/974/974 975/975/975 973/973/973
f 974/974/974 976/976/976 975/975/975
f 975/975/975 976/976/976 977/977/977
f 1082/1082/1082 1015/1015/1015 1016/1016/1016
f 975/975/975 1016/1016/1016 1015/1015/1015
f 978/978/978 1016/1016/1016 975/975/975
f 975/975/975 977/977/977 978/978/978
f 978/978/978 977/977/977 979/979/979
f 978/978/978 1017/1017/1017 1016/1016/1016
f 1083/1083/1083 1016/1016/1016 1017/1017/1017
f 1083/1083/1083 1082/1082/1082 1016/1016/1016
f 984/984/984 937/937/937 940/940/940
f 984/984/984 1114/1114/1114 937/937/937
f 984/984/984 1115/1115/1115 1114/1114/1114
f 1116/1116/1116 1115/1115/1115 984/984/984
f 1116/1116/1116 984/984/984 981/981/981
f 979/979/979 1116/1116/1116 981/981/981
f 980/980/980 979/979/979 981/981/981
f 978/978/978 979/979/979 980/980/980
f 1018/1018/1018 978/978/978 980/980/980
f 1018/1018/1018 1017/1017/1017 978/978/978
f 1088/1088/1088 1017/1017/1017 1018/1018/1018
f 1088/1088/1088 1083/1083/1083 1017/1017/1017
f 1083/1083/1083 1088/1088/1088 1087/1087/1087
f 1083/1083/1083 1087/1087/1087 1084/1084/1084
f 1083/1083/1083 1084/1084/1084 1081/1081/1081
f 1083/1083/1083 1081/1081/1081 1082/1082/1082
f 1077/1077/1077 1082/1082/1082 1081/1081/1081
f 1082/1082/1082 1077/1077/1077 1015/1015/1015
f 1089/1089/1089 1087/1087/1087 1088/1088/1088
f 937/937/937 1114/1114/1114 1113/1113/1113
f 984/984/984 940/940/940 983/983/983
f 940/940/940 1020/1020/1020 983/983/983
f 940/940/940 998/998/998 1020/1020/1020
f 998/998/998 1026/1026/1026 1020/1020/1020
f 1020/1020/1020 1026/1026/1026 1089/1089/1089
f 1020/1020/1020 1089/1089/1089 1019/1019/1019
f 1019/1019/1019 1089/1089/1089 1088/1088/1088
f 1019/1019/1019 1088/1088/1088 1018/1018/1018
f 1019/1019/1019 1018/1018/1018 980/980/980
f 1019/1019/1019 980/980/980 982/982/982
f 980/980/980 981/981/981 982/982/982
f 981/981/981 983/983/983 982/982/982
f 981/981/981 984/984/984 983/983/983
f 1020/1020/1020 982/982/982 983/983/983
f 1020/1020/1020 1019/1019/1019 982/982/982
f 1076/1076/1076 1079/1079/1079 493/493/493
f 1076/1076/1076 1078/1078/1078 1079/1079/1079
f 1078/1078/1078 495/495/495 1079/1079/1079
f 1078/1078/1078 1081/1081/1081 495/495/495
f 1081/1081/1081 1085/1085/1085 495/495/495
f 1081/1081/1081 1084/1084/1084 1085/1085/1085
f 1084/1084/1084 497/497/497 1085/1085/1085
f 1084/1084/1084 1087/1087/1087 497/497/497
f 1090/1090/1090 497/497/497 1087/1087/1087
f 1089/1089/1089 1090/1090/1090 1087/1087/1087
f 1089/1089/1089 1024/1024/1024 1090/1090/1090
f 1089/1089/1089 1026/1026/1026 1024/1024/1024
f 1024/1024/1024 1026/1026/1026 1025/1025/1025
f 998/998/998 1025/1025/1025 1026/1026/1026
f 997/997/997 1025/1025/1025 998/998/998
f 997/997/997 998/998/998 940/940/940
f 997/997/997 940/940/940 938/938/938
f 937/937/937 938/938/938 940/940/940
f 1090/1090/1090 1091/1091/1091 497/497/497
f 1024/1024/1024 1091/1091/1091 1090/1090/1090
f 1024/1024/1024 476/476/476 1091/1091/1091
f 476/476/476 1024/1024/1024 1023/1023/1023
f 1024/1024/1024 1025/1025/1025 1023/1023/1023
f 1025/1025/1025 1027/1027/1027 1023/1023/1023
f 1025/1025/1025 1028/1028/1028 1027/1027/1027
f 997/997/997 1028/1028/1028 1025/1025/1025
f 1023/1023/1023 1027/1027/1027 477/477/477
f 1029/1029/1029 477/477/477 1027/1027/1027
f 1028/1028/1028 1029/1029/1029 1027/1027/1027
f 1028/1028/1028 1030/1030/1030 1029/1029/1029
f 1030/1030/1030 1028/1028/1028 997/997/997
f 1030/1030/1030 997/997/997 999/999/999
f 999/999/999 997/997/997 938/938/938
f 999/999/999 938/938/938 941/941/941
f 939/939/939 941/941/941 938/938/938
f 939/939/939 942/942/942 941/941/941
f 942/942/942 943/943/943 941/941/941
f 942/942/942 944/944/944 943/943/943
f 1034/1034/1034 999/999/999 1000/1000/1000
f 1034/1034/1034 1030/1030/1030 999/999/999
f 1030/1030/1030 1034/1034/1034 1033/1033/1033
f 1030/1030/1030 1033/1033/1033 1029/1029/1029
f 1033/1033/1033 1031/1031/1031 1029/1029/1029
f 1029/1029/1029 1031/1031/1031 477/477/477
f 477/477/477 1031/1031/1031 1032/1032/1032
f 477/477/477 1032/1032/1032 478/478/478
f 1021/1021/1021 477/477/477 478/478/478
f 1021/1021/1021 478/478/478 1022/1022/1022
f 475/475/475 1021/1021/1021 1022/1022/1022
f 1001/1001/1001 1036/1036/1036 1034/1034/1034
f 1001/1001/1001 1034/1034/1034 1000/1000/1000
f 1001/1001/1001 1000/1000/1000 943/943/943
f 1000/1000/1000 941/941/941 943/943/943
f 1000/1000/1000 999/999/999 941/941/941
f 937/937/937 939/939/939 938/938/938
f 937/937/937 1113/1113/1113 939/939/939
f 939/939/939 1113/1113/1113 1112/1112/1112
f 939/939/939 1112/1112/1112 942/942/942
f 942/942/942 1112/1112/1112 1111/1111/1111
f 942/942/942 1111/1111/1111 944/944/944
f 1111/1111/1111 945/945/945 944/944/944
f 943/943/943 944/944/944 945/945/945
f 943/943/943 945/945/945 946/946/946
f 1001/1001/1001 943/943/943 946/946/946
f 1002/1002/1002 1001/1001/1001 946/946/946
f 1040/1040/1040 1001/1001/1001 1002/1002/1002
f 1003/1003/1003 1040/1040/1040 1002/1002/1002
f 1003/1003/1003 1042/1042/1042 1040/1040/1040
f 1046/1046/1046 1042/1042/1042 1003/1003/1003
f 1042/1042/1042 1046/1046/1046 1045/1045/1045
f 1047/1047/1047 1045/1045/1045 1046/1046/1046
f 1047/1047/1047 1048/1048/1048 1045/1045/1045
f 1040/1040/1040 1042/1042/1042 1041/1041/1041
f 1042/1042/1042 1045/1045/1045 1041/1041/1041
f 1040/1040/1040 1036/1036/1036 1001/1001/1001
f 1036/1036/1036 1040/1040/1040 1039/1039/1039
f 1040/1040/1040 1041/1041/1041 1039/1039/1039
f 1039/1039/1039 1041/1041/1041 1043/1043/1043
f 1041/1041/1041 483/483/483 1043/1043/1043
f 1041/1041/1041 1045/1045/1045 483/483/483
f 1048/1048/1048 483/483/483 1045/1045/1045
f 1048/1048/1048 1049/1049/1049 483/483/483
f 1048/1048/1048 485/485/485 1049/1049/1049
f 1061/1061/1061 490/490/490 1062/1062/1062
f 487/487/487 1061/1061/1061 1062/1062/1062
f 487/487/487 1062/1062/1062 488/488/488
f 487/487/487 488/488/488 1056/1056/1056
f 487/487/487 1056/1056/1056 1055/1055/1055
f 485/485/485 1055/1055/1055 1056/1056/1056
f 485/485/485 1056/1056/1056 486/486/486
f 1049/1049/1049 485/485/485 486/486/486
f 1049/1049/1049 486/486/486 1050/1050/1050
f 483/483/483 1049/1049/1049 1050/1050/1050
f 483/483/483 1050/1050/1050 484/484/484
f 1043/1043/1043 483/483/483 484/484/484
f 1043/1043/1043 484/484/484 1044/1044/1044
f 481/481/481 1043/1043/1043 1044/1044/1044
f 1039/1039/1039 1043/1043/1043 481/481/481
f 1035/1035/1035 1039/1039/1039 481/481/481
f 1036/1036/1036 1039/1039/1039 1035/1035/1035
f 1034/1034/1034 1036/1036/1036 1035/1035/1035
f 1035/1035/1035 1037/1037/1037 479/479/479
f 1035/1035/1035 481/481/481 1037/1037/1037
f 1034/1034/1034 1035/1035/1035 1033/1033/1033
f 1035/1035/1035 479/479/479 1033/1033/1033
f 1033/1033/1033 479/479/479 1031/1031/1031
f 479/479/479 1032/1032/1032 1031/1031/1031
f 479/479/479 480/480/480 1032/1032/1032
f 1037/1037/1037 480/480/480 479/479/479
f 1037/1037/1037 1038/1038/1038 480/480/480
f 1037/1037/1037 482/482/482 1038/1038/1038
f 1037/1037/1037 481/481/481 482/482/482
f 481/481/481 1044/1044/1044 482/482/482
f 1205/1205/1205 1207/1207/1207 1208/1208/1208
f 1205/1205/1205 1203/1203/1203 1207/1207/1207
f 1205/1205/1205 1204/1204/1204 1203/1203/1203
f 1269/1269/1269 1206/1206/1206 1270/1270/1270
f 1269/1269/1269 1204/1204/1204 1206/1206/1206
f 1205/1205/1205 1206/1206/1206 1204/1204/1204
f 1177/1177/1177 1206/1206/1206 1205/1205/1205
f 1177/1177/1177 1205/1205/1205 1208/1208/1208
f 1177/1177/1177 1208/1208/1208 1178/1178/1178
f 1207/1207/1207 1210/1210/1210 1209/1209/1209
f 1207/1207/1207 1209/1209/1209 1208/1208/1208
f 1179/1179/1179 1208/1208/1208 1209/1209/1209
f 1179/1179/1179 1178/1178/1178 1208/1208/1208
f 1117/1117/1117 1178/1178/1178 1179/1179/1179
f 1117/1117/1117 1177/1177/1177 1178/1178/1178
f 1117/1117/1117 1120/1120/1120 1177/1177/1177
f 1120/1120/1120 1200/1200/1200 1177/1177/1177
f 1177/1177/1177 1200/1200/1200 1206/1206/1206
f 1199/1199/1199 1206/1206/1206 1200/1200/1200
f 1199/1199/1199 1270/1270/1270 1206/1206/1206
f 1199/1199/1199 1268/1268/1268 1270/1270/1270
f 1268/1268/1268 1269/1269/1269 1270/1270/1270
f 1268/1268/1268 1267/1267/1267 1269/1269/1269
f 1264/1264/1264 1267/1267/1267 1268/1268/1268
f 1264/1264/1264 1263/1263/1263 1267/1267/1267
f 1263/1263/1263 527/527/527 1267/1267/1267
f 527/527/527 1269/1269/1269 1267/1267/1267
f 527/527/527 1271/1271/1271 1269/1269/1269
f 1271/1271/1271 1204/1204/1204 1269/1269/1269
f 1271/1271/1271 506/506/506 1204/1204/1204
f 1203/1203/1203 1204/1204/1204 506/506/506
f 1203/1203/1203 506/506/506 1201/1201/1201
f 1203/1203/1203 1201/1201/1201 507/507/507
f 1203/1203/1203 507/507/507 1207/1207/1207
f 1207/1207/1207 507/507/507 1211/1211/1211
f 1207/1207/1207 1211/1211/1211 1210/1210/1210
f 1210/1210/1210 1211/1211/1211 509/509/509
f 1210/1210/1210 509/509/509 1213/1213/1213
f 1209/1209/1209 1210/1210/1210 1213/1213/1213
f 1209/1209/1209 1213/1213/1213 1214/1214/1214
f 1179/1179/1179 1209/1209/1209 1214/1214/1214
f 1198/1198/1198 1197/1197/1197 1264/1264/1264
f 1252/1252/1252 1255/1255/1255 1251/1251/1251
f 1252/1252/1252 1256/1256/1256 1255/1255/1255
f 1256/1256/1256 1257/1257/1257 1255/1255/1255
f 1256/1256/1256 1258/1258/1258 1257/1257/1257
f 1257/1257/1257 1258/1258/1258 1261/1261/1261
f 1258/1258/1258 525/525/525 1261/1261/1261
f 525/525/525 1263/1263/1263 1261/1261/1261
f 525/525/525 1265/1265/1265 1263/1263/1263
f 1263/1263/1263 1265/1265/1265 527/527/527
f 1265/1265/1265 528/528/528 527/527/527
f 528/528/528 1271/1271/1271 527/527/527
f 528/528/528 1272/1272/1272 1271/1271/1271
f 1272/1272/1272 506/506/506 1271/1271/1271
f 1272/1272/1272 505/505/505 506/506/506
f 1201/1201/1201 506/506/506 505/505/505
f 1201/1201/1201 505/505/505 1202/1202/1202
f 1201/1201/1201 1202/1202/1202 508/508/508
f 1201/1201/1201 508/508/508 507/507/507
f 1163/1163/1163 1118/1118/1118 1164/1164/1164
f 1163/1163/1163 1164/1164/1164 1161/1161/1161
f 1163/1163/1163 1161/1161/1161 1162/1162/1162
f 1159/1159/1159 1162/1162/1162 1161/1161/1161
f 1162/1162/1162 1159/1159/1159 1198/1198/1198
f 1159/1159/1159 1197/1197/1197 1198/1198/1198
f 1159/1159/1159 1158/1158/1158 1197/1197/1197
f 1158/1158/1158 1196/1196/1196 1197/1197/1197
f 1196/1196/1196 1264/1264/1264 1197/1197/1197
f 1196/1196/1196 1262/1262/1262 1264/1264/1264
f 1262/1262/1262 1263/1263/1263 1264/1264/1264
f 1262/1262/1262 1261/1261/1261 1263/1263/1263
f 1257/1257/1257 1261/1261/1261 1262/1262/1262
f 1196/1196/1196 1257/1257/1257 1262/1262/1262
f 1196/1196/1196 1195/1195/1195 1257/1257/1257
f 1195/1195/1195 1255/1255/1255 1257/1257/1257
f 1125/1125/1125 1127/1127/1127 1289/1289/1289
f 1125/1125/1125 1289/1289/1289 1290/1290/1290
f 1125/1125/1125 1290/1290/1290 1291/1291/1291
f 1125/1125/1125 1291/1291/1291 1123/1123/1123
f 1123/1123/1123 1291/1291/1291 1292/1292/1292
f 1123/1123/1123 1292/1292/1292 1122/1122/1122
f 1122/1122/1122 1292/1292/1292 1293/1293/1293
f 1122/1122/1122 1293/1293/1293 1119/1119/1119
f 1119/1119/1119 1293/1293/1293 1294/1294/1294
f 1119/1119/1119 1294/1294/1294 1118/1118/1118
f 1118/1118/1118 1294/1294/1294 1295/1295/1295
f 1118/1118/1118 1295/1295/1295 1164/1164/1164
f 1296/1296/1296 1164/1164/1164 1295/1295/1295
f 1296/1296/1296 1161/1161/1161 1164/1164/1164
f 1160/1160/1160 1161/1161/1161 1296/1296/1296
f 1159/1159/1159 1161/1161/1161 1160/1160/1160
f 1159/1159/1159 1160/1160/1160 1157/1157/1157
f 1159/1159/1159 1157/1157/1157 1158/1158/1158
f 1129/1129/1129 1127/1127/1127 1128/1128/1128
f 1126/1126/1126 1128/1128/1128 1127/1127/1127
f 1126/1126/1126 1127/1127/1127 1125/1125/1125
f 1124/1124/1124 1126/1126/1126 1125/1125/1125
f 1124/1124/1124 1125/1125/1125 1123/1123/1123
f 1121/1121/1121 1124/1124/1124 1123/1123/1123
f 1121/1121/1121 1123/1123/1123 1122/1122/1122
f 1121/1121/1121 1122/1122/1122 1119/1119/1119
f 1121/1121/1121 1119/1119/1119 1117/1117/1117
f 1117/1117/1117 1119/1119/1119 1118/1118/1118
f 1117/1117/1117 1118/1118/1118 1120/1120/1120
f 1163/1163/1163 1120/1120/1120 1118/1118/1118
f 1120/1120/1120 1163/1163/1163 1200/1200/1200
f 1162/1162/1162 1200/1200/1200 1163/1163/1163
f 1162/1162/1162 1199/1199/1199 1200/1200/1200
f 1162/1162/1162 1198/1198/1198 1199/1199/1199
f 1199/1199/1199 1198/1198/1198 1268/1268/1268
f 1198/1198/1198 1264/1264/1264 1268/1268/1268
f 883/883/883 125/125/125 884/884/884
f 883/883/883 436/436/436 125/125/125
f 436/436/436 882/882/882 125/125/125
f 436/436/436 881/881/881 882/882/882
f 881/881/881 385/385/385 882/882/882
f 881/881/881 386/386/386 385/385/385
f 819/819/819 385/385/385 386/386/386
f 819/819/819 820/820/820 385/385/385
f 819/819/819 103/103/103 820/820/820
f 819/819/819 384/384/384 103/103/103
f 817/817/817 103/103/103 384/384/384
f 817/817/817 818/818/818 103/103/103
f 393/393/393 818/818/818 817/817/817
f 393/393/393 394/394/394 818/818/818
f 393/393/393 828/828/828 394/394/394
f 393/393/393 827/827/827 828/828/828
f 827/827/827 105/105/105 828/828/828
f 827/827/827 392/392/392 105/105/105
f 825/825/825 105/105/105 392/392/392
f 825/825/825 826/826/826 105/105/105
f 825/825/825 391/391/391 826/826/826
f 825/825/825 390/390/390 391/391/391
f 390/390/390 824/824/824 391/391/391
f 390/390/390 823/823/823 824/824/824
f 823/823/823 104/104/104 824/824/824
f 823/823/823 389/389/389 104/104/104
f 822/822/822 104/104/104 389/389/389
f 822/822/822 821/821/821 104/104/104
f 387/387/387 821/821/821 822/822/822
f 387/387/387 388/388/388 821/821/821
f 434/434/434 880/880/880 435/435/435
f 434/434/434 879/879/879 880/880/880
f 879/879/879 124/124/124 880/880/880
f 879/879/879 433/433/433 124/124/124
f 433/433/433 877/877/877 124/124/124
f 433/433/433 878/878/878 877/877/877
f 440/440/440 877/877/877 878/878/878
f 440/440/440 441/441/441 877/877/877
f 440/440/440 888/888/888 441/441/441
f 440/440/440 887/887/887 888/888/888
f 887/887/887 126/126/126 888/888/888
f 887/887/887 439/439/439 126/126/126
f 439/439/439 886/886/886 126/126/126
f 439/439/439 885/885/885 886/886/886
f 885/885/885 438/438/438 886/886/886
f 885/885/885 437/437/437 438/438/438
f 437/437/437 884/884/884 438/438/438
f 437/437/437 883/883/883 884/884/884
f 95/95/95 101/101/101 807/807/807
f 816/816/816 101/101/101 95/95/95
f 816/816/816 95/95/95 814/814/814
f 814/814/814 102/102/102 816/816/816
f 815/815/815 102/102/102 814/814/814
f 814/814/814 96/96/96 815/815/815
f 814/814/814 97/97/97 96/96/96
f 96/96/96 97/97/97 809/809/809
f 809/809/809 97/97/97 813/813/813
f 813/813/813 789/789/789 809/809/809
f 813/813/813 790/790/790 789/789/789
f 80/80/80 789/789/789 790/790/790
f 80/80/80 790/790/790 791/791/791
f 80/80/80 81/81/81 789/789/789
f 800/800/800 86/86/86 85/85/85
f 85/85/85 87/87/87 800/800/800
f 85/85/85 801/801/801 87/87/87
f 87/87/87 801/801/801 802/802/802
f 802/802/802 88/88/88 87/87/87
f 87/87/87 88/88/88 90/90/90
f 90/90/90 88/88/88 803/803/803
f 803/803/803 89/89/89 90/90/90
f 803/803/803 804/804/804 89/89/89
f 805/805/805 89/89/89 804/804/804
f 805/805/805 91/91/91 89/89/89
f 92/92/92 91/91/91 805/805/805
f 92/92/92 93/93/93 91/91/91
f 94/94/94 93/93/93 92/92/92
f 806/806/806 93/93/93 94/94/94
f 806/806/806 807/807/807 93/93/93
f 808/808/808 807/807/807 806/806/806
f 807/807/807 808/808/808 95/95/95
f 80/80/80 788/788/788 81/81/81
f 788/788/788 792/792/792 81/81/81
f 788/788/788 793/793/793 792/792/792
f 794/794/794 792/792/792 793/793/793
f 794/794/794 82/82/82 792/792/792
f 795/795/795 82/82/82 794/794/794
f 795/795/795 796/796/796 82/82/82
f 797/797/797 796/796/796 795/795/795
f 797/797/797 83/83/83 796/796/796
f 797/797/797 798/798/798 83/83/83
f 99/99/99 83/83/83 798/798/798
f 99/99/99 100/100/100 83/83/83
f 812/812/812 100/100/100 99/99/99
f 812/812/812 99/99/99 810/810/810
f 810/810/810 98/98/98 812/812/812
f 810/810/810 811/811/811 98/98/98
f 86/86/86 811/811/811 810/810/810
f 86/86/86 810/810/810 85/85/85
f 797/797/797 795/795/795 84/84/84
f 797/797/797 799/799/799 798/798/798
f 738/738/738 744/744/744 745/745/745
f 738/738/738 743/743/743 744/744/744
f 738/738/738 78/78/78 736/736/736
f 749/749/749 752/752/752 751/751/751
f 749/749/749 751/751/751 750/750/750
f 748/748/748 749/749/749 750/750/750
f 748/748/748 746/746/746 749/749/749
f 748/748/748 747/747/747 746/746/746
f 743/743/743 746/746/746 747/747/747
f 743/743/743 742/742/742 746/746/746
f 738/738/738 742/742/742 743/743/743
f 738/738/738 741/741/741 742/742/742
f 738/738/738 740/740/740 741/741/741
f 738/738/738 739/739/739 740/740/740
f 738/738/738 79/79/79 739/739/739
f 738/738/738 737/737/737 79/79/79
f 738/738/738 736/736/736 737/737/737
f 734/734/734 737/737/737 736/736/736
f 734/734/734 736/736/736 733/733/733
f 732/732/732 734/734/734 733/733/733
f 732/732/732 733/733/733 735/735/735
f 785/785/785 732/732/732 735/735/735
f 785/785/785 786/786/786 732/732/732
f 785/785/785 787/787/787 786/786/786
f 784/784/784 786/786/786 787/787/787
f 784/784/784 783/783/783 786/786/786
f 782/782/782 783/783/783 784/784/784
f 782/782/782 781/781/781 783/783/783
f 778/778/778 781/781/781 782/782/782
f 778/778/778 779/779/779 781/781/781
f 777/777/777 779/779/779 778/778/778
f 777/777/777 778/778/778 780/780/780
f 777/777/777 780/780/780 776/776/776
f 777/777/777 776/776/776 775/775/775
f 772/772/772 775/775/775 776/776/776
f 772/772/772 771/771/771 775/775/775
f 765/765/765 771/771/771 772/772/772
f 765/765/765 773/773/773 774/774/774
f 765/765/765 772/772/772 773/773/773
f 765/765/765 766/766/766 764/764/764
f 765/765/765 770/770/770 771/771/771
f 765/765/765 769/769/769 770/770/770
f 765/765/765 768/768/768 769/769/769
f 765/765/765 767/767/767 768/768/768
f 765/765/765 763/763/763 767/767/767
f 765/765/765 764/764/764 763/763/763
f 761/761/761 763/763/763 764/764/764
f 761/761/761 762/762/762 763/763/763
f 757/757/757 762/762/762 761/761/761
f 757/757/757 761/761/761 756/756/756
f 755/755/755 757/757/757 756/756/756
f 755/755/755 756/756/756 758/758/758
f 755/755/755 758/758/758 759/759/759
f 755/755/755 759/759/759 760/760/760
f 754/754/754 760/760/760 759/759/759
f 754/754/754 753/753/753 760/760/760
f 751/751/751 753/753/753 754/754/754
f 751/751/751 752/752/752 753/753/753
f 994/994/994 145/145/145 150/150/150
f 150/150/150 145/145/145 995/995/995
f 995/995/995 145/145/145 474/474/474
f 474/474/474 145/145/145 996/996/996
f 996/996/996 145/145/145 151/151/151
f 151/151/151 145/145/145 985/985/985
f 985/985/985 145/145/145 469/469/469
f 469/469/469 145/145/145 986/986/986
f 986/986/986 145/145/145 146/146/146
f 146/146/146 145/145/145 987/987/987
f 987/987/987 145/145/145 470/470/470
f 470/470/470 145/145/145 988/988/988
f 988/988/988 145/145/145 147/147/147
f 147/147/147 145/145/145 989/989/989
f 989/989/989 145/145/145 471/471/471
f 471/471/471 145/145/145 990/990/990
f 990/990/990 145/145/145 148/148/148
f 148/148/148 145/145/145 991/991/991
f 991/991/991 145/145/145 472/472/472
f 472/472/472 145/145/145 992/992/992
f 992/992/992 145/145/145 149/149/149
f 149/149/149 145/145/145 993/993/993
f 993/993/993 145/145/145 473/473/473
f 473/473/473 145/145/145 994/994/994
f 1073/1073/1073 1074/1074/1074 492/492/492
f 1073/1073/1073 494/494/494 1074/1074/1074
f 1073/1073/1073 493/493/493 494/494/494
f 1079/1079/1079 494/494/494 493/493/493
f 1079/1079/1079 1080/1080/1080 494/494/494
f 1079/1079/1079 496/496/496 1080/1080/1080
f 1079/1079/1079 495/495/495 496/496/496
f 1085/1085/1085 496/496/496 495/495/495
f 1085/1085/1085 1086/1086/1086 496/496/496
f 1085/1085/1085 498/498/498 1086/1086/1086
f 1085/1085/1085 497/497/497 498/498/498
f 1091/1091/1091 498/498/498 497/497/497
f 1091/1091/1091 1092/1092/1092 498/498/498
f 476/476/476 1092/1092/1092 1091/1091/1091
f 476/476/476 475/475/475 1092/1092/1092
f 475/475/475 476/476/476 1021/1021/1021
f 476/476/476 1023/1023/1023 1021/1021/1021
f 1023/1023/1023 477/477/477 1021/1021/1021
f 442/442/442 896/896/896 895/895/895
f 129/129/129 895/895/895 896/896/896
f 129/129/129 130/130/130 895/895/895
f 129/129/129 894/894/894 130/130/130
f 129/129/129 893/893/893 894/894/894
f 893/893/893 396/396/396 894/894/894
f 893/893/893 395/395/395 396/396/396
f 395/395/395 831/831/831 396/396/396
f 395/395/395 832/832/832 831/831/831
f 106/106/106 831/831/831 832/832/832
f 106/106/106 107/107/107 831/831/831
f 106/106/106 829/829/829 107/107/107
f 106/106/106 830/830/830 829/829/829
f 401/401/401 829/829/829 830/830/830
f 401/401/401 402/402/402 829/829/829
f 401/401/401 840/840/840 402/402/402
f 401/401/401 839/839/839 840/840/840
f 839/839/839 110/110/110 840/840/840
f 839/839/839 111/111/111 110/110/110
f 837/837/837 110/110/110 111/111/111
f 837/837/837 838/838/838 110/110/110
f 837/837/837 399/399/399 838/838/838
f 837/837/837 400/400/400 399/399/399
f 835/835/835 399/399/399 400/400/400
f 835/835/835 836/836/836 399/399/399
f 835/835/835 109/109/109 836/836/836
f 835/835/835 108/108/108 109/109/109
f 108/108/108 834/834/834 109/109/109
f 108/108/108 833/833/833 834/834/834
f 833/833/833 397/397/397 834/834/834
f 833/833/833 398/398/398 397/397/397
f 398/398/398 891/891/891 397/397/397
f 398/398/398 892/892/892 891/891/891
f 127/127/127 891/891/891 892/892/892
f 127/127/127 128/128/128 891/891/891
f 127/127/127 889/889/889 128/128/128
f 127/127/127 890/890/890 889/889/889
f 444/444/444 889/889/889 890/890/890
f 444/444/444 445/445/445 889/889/889
f 444/444/444 900/900/900 445/445/445
f 444/444/444 899/899/899 900/900/900
f 899/899/899 131/131/131 900/900/900
f 899/899/899 132/132/132 131/131/131
f 897/897/897 131/131/131 132/132/132
f 897/897/897 898/898/898 131/131/131
f 897/897/897 443/443/443 898/898/898
f 897/897/897 442/442/442 443/443/443
f 442/442/442 895/895/895 443/443/443
f 376/376/376 377/377/377 379/379/379
f 376/376/376 378/378/378 377/377/377
f 372/372/372 373/373/373 375/375/375
f 372/372/372 374/374/374 373/373/373
f 368/368/368 369/369/369 371/371/371
f 368/368/368 370/370/370 369/369/369
f 364/364/364 365/365/365 367/367/367
f 364/364/364 366/366/366 365/365/365
f 356/356/356 357/357/357 359/359/359
f 356/356/356 358/358/358 357/357/357
f 352/352/352 353/353/353 355/355/355
f 352/352/352 354/354/354 353/353/353
f 348/348/348 349/349/349 351/351/351
f 348/348/348 350/350/350 349/349/349
f 344/344/344 345/345/345 347/347/347
f 344/344/344 346/346/346 345/345/345
f 336/336/336 337/337/337 339/339/339
f 336/336/336 338/338/338 337/337/337
f 332/332/332 333/333/333 335/335/335
f 332/332/332 334/334/334 333/333/333
f 328/328/328 329/329/329 331/331/331
f 328/328/328 330/330/330 329/329/329
f 324/324/324 325/325/325 327/327/327
f 324/324/324 326/326/326 325/325/325
f 316/316/316 317/317/317 319/319/319
f 316/316/316 318/318/318 317/317/317
f 312/312/312 313/313/313 315/315/315
f 312/312/312 314/314/314 313/313/313
f 308/308/308 309/309/309 311/311/311
f 308/308/308 310/310/310 309/309/309
f 304/304/304 305/305/305 307/307/307
f 304/304/304 306/306/306 305/305/305
f 725/725/725 726/726/726 728/728/728
f 725/725/725 727/727/727 726/726/726
f 721/721/721 722/722/722 724/724/724
f 721/721/721 723/723/723 722/722/722
f 711/711/711 712/712/712 714/714/714
f 711/711/711 713/713/713 712/712/712
f 707/707/707 708/708/708 710/710/710
f 707/707/707 709/709/709 708/708/708
f 700/700/700 701/701/701 703/703/703
f 700/700/700 702/702/702 701/701/701
f 696/696/696 697/697/697 699/699/699
f 696/696/696 698/698/698 697/697/697
f 686/686/686 687/687/687 689/689/689
f 686/686/686 688/688/688 687/687/687
f 682/682/682 683/683/683 685/685/685
f 682/682/682 684/684/684 683/683/683
f 288/288/288 289/289/289 291/291/291
f 288/288/288 290/290/290 289/289/289
f 284/284/284 285/285/285 287/287/287
f 284/284/284 286/286/286 285/285/285
f 280/280/280 281/281/281 283/283/283
f 280/280/280 282/282/282 281/281/281
f 276/276/276 277/277/277 279/279/279
f 276/276/276 278/278/278 277/277/277
f 248/248/248 249/249/249 251/251/251
f 248/248/248 250/250/250 249/249/249
f 244/244/244 245/245/245 247/247/247
f 244/244/244 246/246/246 245/245/245
f 240/240/240 241/241/241 243/243/243
f 240/240/240 242/242/242 241/241/241
f 236/236/236 237/237/237 239/239/239
f 236/236/236 238/238/238 237/237/237
f 675/675/675 676/676/676 678/678/678
f 675/675/675 677/677/677 676/676/676
f 671/671/671 672/672/672 674/674/674
f 671/671/671 673/673/673 672/672/672
f 661/661/661 662/662/662 664/664/664
f 661/661/661 663/663/663 662/662/662
f 657/657/657 658/658/658 660/660/660
f 657/657/657 659/659/659 658/658/658
f 650/650/650 651/651/651 653/653/653
f 650/650/650 652/652/652 651/651/651
f 646/646/646 647/647/647 649/649/649
f 646/646/646 648/648/648 647/647/647
f 636/636/636 637/637/637 639/639/639
f 636/636/636 638/638/638 637/637/637
f 632/632/632 633/633/633 635/635/635
f 632/632/632 634/634/634 633/633/633
f 58/58/58 59/59/59 61/61/61
f 58/58/58 60/60/60 59/59/59
f 54/54/54 55/55/55 57/57/57
f 54/54/54 56/56/56 55/55/55
f 234/234/234 44/44/44 628/628/628
f 44/44/44 235/235/235 628/628/628
f 235/235/235 45/45/45 628/628/628
f 46/46/46 50/50/50 51/51/51
f 46/46/46 45/45/45 50/50/50
f 628/628/628 45/45/45 46/46/46
f 46/46/46 629/629/629 628/628/628
f 629/629/629 630/630/630 628/628/628
f 628/628/628 630/630/630 43/43/43
f 43/43/43 234/234/234 628/628/628
f 630/630/630 52/52/52 43/43/43
f 630/630/630 53/53/53 52/52/52
f 41/41/41 631/631/631 47/47/47
f 41/41/41 47/47/47 40/40/40
f 41/41/41 40/40/40 626/626/626
f 40/40/40 233/233/233 626/626/626
f 233/233/233 232/232/232 626/626/626
f 232/232/232 231/231/231 626/626/626
f 231/231/231 39/39/39 626/626/626
f 42/42/42 48/48/48 49/49/49
f 42/42/42 39/39/39 48/48/48
f 39/39/39 42/42/42 626/626/626
f 42/42/42 627/627/627 626/626/626
f 627/627/627 41/41/41 626/626/626
f 223/223/223 224/224/224 226/226/226
f 223/223/223 225/225/225 224/224/224
f 33/33/33 224/224/224 225/225/225
f 33/33/33 34/34/34 224/224/224
f 33/33/33 227/227/227 34/34/34
f 33/33/33 228/228/228 227/227/227
f 228/228/228 229/229/229 227/227/227
f 228/228/228 230/230/230 229/229/229
f 616/616/616 617/617/617 24/24/24
f 616/616/616 25/25/25 617/617/617
f 616/616/616 26/26/26 25/25/25
f 26/26/26 606/606/606 25/25/25
f 26/26/26 607/607/607 606/606/606
f 15/15/15 606/606/606 607/607/607
f 15/15/15 16/16/16 606/606/606
f 608/608/608 16/16/16 15/15/15
f 608/608/608 609/609/609 16/16/16
f 17/17/17 609/609/609 608/608/608
f 17/17/17 18/18/18 609/609/609
f 610/610/610 18/18/18 17/17/17
f 610/610/610 611/611/611 18/18/18
f 610/610/610 19/19/19 611/611/611
f 610/610/610 20/20/20 19/19/19
f 20/20/20 612/612/612 19/19/19
f 20/20/20 613/613/613 612/612/612
f 613/613/613 21/21/21 612/612/612
f 613/613/613 22/22/22 21/21/21
f 614/614/614 21/21/21 22/22/22
f 614/614/614 615/615/615 21/21/21
f 23/23/23 615/615/615 614/614/614
f 23/23/23 24/24/24 615/615/615
f 616/616/616 24/24/24 23/23/23
f 75/75/75 76/76/76 77/77/77
f 75/75/75 74/74/74 76/76/76
f 70/70/70 74/74/74 75/75/75
f 70/70/70 73/73/73 74/74/74
f 70/70/70 71/71/71 73/73/73
f 70/70/70 72/72/72 71/71/71
f 219/219/219 600/600/600 218/218/218
f 219/219/219 601/601/601 600/600/600
f 601/601/601 11/11/11 600/600/600
f 601/601/601 12/12/12 11/11/11
f 602/602/602 11/11/11 12/12/12
f 602/602/602 603/603/603 11/11/11
f 602/602/602 220/220/220 603/603/603
f 602/602/602 221/221/221 220/220/220
f 221/221/221 604/604/604 220/220/220
f 221/221/221 605/605/605 604/604/604
f 605/605/605 13/13/13 604/604/604
f 605/605/605 14/14/14 13/13/13
f 590/590/590 214/214/214 591/591/591
f 590/590/590 215/215/215 214/214/214
f 592/592/592 214/214/214 215/215/215
f 592/592/592 593/593/593 214/214/214
f 592/592/592 7/7/7 593/593/593
f 592/592/592 8/8/8 7/7/7
f 8/8/8 594/594/594 7/7/7
f 8/8/8 595/595/595 594/594/594
f 595/595/595 216/216/216 594/594/594
f 595/595/595 217/217/217 216/216/216
f 217/217/217 596/596/596 216/216/216
f 217/217/217 597/597/597 596/596/596
f 597/597/597 9/9/9 596/596/596
f 597/597/597 10/10/10 9/9/9
f 10/10/10 598/598/598 9/9/9
f 10/10/10 599/599/599 598/598/598
f 599/599/599 218/218/218 598/598/598
f 599/599/599 219/219/219 218/218/218
f 1/1/1 582/582/582 2/2/2
f 1/1/1 583/583/583 582/582/582
f 583/583/583 210/210/210 582/582/582
f 583/583/583 211/211/211 210/210/210
f 211/211/211 584/584/584 210/210/210
f 211/211/211 585/585/585 584/584/584
f 585/585/585 3/3/3 584/584/584
f 585/585/585 4/4/4 3/3/3
f 4/4/4 586/586/586 3/3/3
f 4/4/4 587/587/587 586/586/586
f 587/587/587 212/212/212 586/586/586
f 587/587/587 213/213/213 212/212/212
f 213/213/213 588/588/588 212/212/212
f 213/213/213 589/589/589 588/588/588
f 5/5/5 588/588/588 589/589/589
f 5/5/5 6/6/6 588/588/588
f 590/590/590 6/6/6 5/5/5
f 590/590/590 591/591/591 6/6/6
f 382/382/382 383/383/383 381/381/381
f 382/382/382 381/381/381 380/380/380
f 380/380/380 381/381/381 360/360/360
f 380/380/380 360/360/360 363/363/363
f 360/360/360 361/361/361 363/363/363
f 360/360/360 362/362/362 361/361/361
f 320/320/320 321/321/321 323/323/323
f 320/320/320 322/322/322 321/321/321
f 340/340/340 322/322/322 320/320/320
f 340/340/340 341/341/341 322/322/322
f 340/340/340 342/342/342 341/341/341
f 340/340/340 343/343/343 342/342/342
f 729/729/729 731/731/731 730/730/730
f 718/718/718 720/720/720 719/719/719
f 715/715/715 717/717/717 716/716/716
f 704/704/704 706/706/706 705/705/705
f 693/693/693 695/695/695 694/694/694
f 690/690/690 692/692/692 691/691/691
f 301/301/301 303/303/303 302/302/302
f 298/298/298 300/300/300 299/299/299
f 295/295/295 297/297/297 296/296/296
f 292/292/292 294/294/294 293/293/293
f 270/270/270 274/274/274 275/275/275
f 270/270/270 273/273/273 274/274/274
f 270/270/270 271/271/271 273/273/273
f 270/270/270 272/272/272 271/271/271
f 264/264/264 268/268/268 269/269/269
f 264/264/264 267/267/267 268/268/268
f 264/264/264 265/265/265 267/267/267
f 264/264/264 266/266/266 265/265/265
f 258/258/258 262/262/262 263/263/263
f 258/258/258 261/261/261 262/262/262
f 258/258/258 259/259/259 261/261/261
f 258/258/258 260/260/260 259/259/259
f 252/252/252 256/256/256 257/257/257
f 252/252/252 255/255/255 256/256/256
f 252/252/252 253/253/253 255/255/255
f 252/252/252 254/254/254 253/253/253
f 679/679/679 681/681/681 680/680/680
f 668/668/668 670/670/670 669/669/669
f 665/665/665 667/667/667 666/666/666
f 654/654/654 656/656/656 655/655/655
f 643/643/643 645/645/645 644/644/644
f 640/640/640 642/642/642 641/641/641
f 66/66/66 62/62/62 67/67/67
f 62/62/62 63/63/63 65/65/65
f 62/62/62 64/64/64 63/63/63
f 66/66/66 64/64/64 62/62/62
f 66/66/66 68/68/68 64/64/64
f 66/66/66 69/69/69 68/68/68
f 624/624/624 35/35/35 36/36/36
f 624/624/624 625/625/625 35/35/35
f 624/624/624 37/37/37 625/625/625
f 624/624/624 38/38/38 37/37/37
f 618/618/618 27/27/27 222/222/222
f 27/27/27 619/619/619 222/222/222
f 619/619/619 28/28/28 222/222/222
f 28/28/28 620/620/620 222/222/222
f 620/620/620 29/29/29 222/222/222
f 29/29/29 621/621/621 222/222/222
f 621/621/621 30/30/30 222/222/222
f 30/30/30 622/622/622 222/222/222
f 622/622/622 31/31/31 222/222/222
f 31/31/31 623/623/623 222/222/222
f 623/623/623 32/32/32 222/222/222
f 32/32/32 618/618/618 222/222/222
f 1420/1420/1420 1426/1426/1426 1428/1428/1428
f 1419/1419/1419 1427/1427/1427 1426/1426/1426
f 1442/1442/1442 1444/1444/1444 1443/1443/1443
f 1441/1441/1441 1442/1442/1442 1443/1443/1443
f 1441/1441/1441 1440/1440/1440 1442/1442/1442
f 1439/1439/1439 1440/1440/1440 1441/1441/1441
f 1439/1439/1439 1438/1438/1438 1440/1440/1440
f 1437/1437/1437 1438/1438/1438 1439/1439/1439
f 1437/1437/1437 1436/1436/1436 1438/1438/1438
f 1435/1435/1435 1436/1436/1436 1437/1437/1437
f 1435/1435/1435 1434/1434/1434 1436/1436/1436
f 1432/1432/1432 1434/1434/1434 1435/1435/1435
f 1432/1432/1432 1433/1433/1433 1434/1434/1434
f 1422/1422/1422 1433/1433/1433 1432/1432/1432
f 1422/1422/1422 1432/1432/1432 1423/1423/1423
f 1417/1417/1417 1422/1422/1422 1423/1423/1423
f 1418/1418/1418 1425/1425/1425 1424/1424/1424
f 1453/1453/1453 1424/1424/1424 1425/1425/1425
f 1453/1453/1453 1425/1425/1425 1452/1452/1452
f 1450/1450/1450 1453/1453/1453 1452/1452/1452
f 1450/1450/1450 1452/1452/1452 1451/1451/1451
f 1449/1449/1449 1450/1450/1450 1451/1451/1451
f 1449/1449/1449 1448/1448/1448 1450/1450/1450
f 1447/1447/1447 1448/1448/1448 1449/1449/1449
f 1447/1447/1447 1446/1446/1446 1448/1448/1448
f 1444/1444/1444 1446/1446/1446 1447/1447/1447
f 1444/1444/1444 1445/1445/1445 1446/1446/1446
f 1442/1442/1442 1445/1445/1445 1444/1444/1444
f 1405/1405/1405 1406/1406/1406 1407/1407/1407
f 1405/1405/1405 1407/1407/1407 1408/1408/1408
f 1405/1405/1405 1408/1408/1408 1409/1409/1409
f 1405/1405/1405 1409/1409/1409 1410/1410/1410
f 1411/1411/1411 1413/1413/1413 1412/1412/1412
f 1411/1411/1411 1412/1412/1412 1414/1414/1414
f 1411/1411/1411 1414/1414/1414 1415/1415/1415
f 1411/1411/1411 1415/1415/1415 1416/1416/1416
f 1395/1395/1395 1397/1397/1397 1396/1396/1396
f 1395/1395/1395 1396/1396/1396 1398/1398/1398
f 1395/1395/1395 1398/1398/1398 1399/1399/1399
f 1400/1400/1400 1401/1401/1401 1402/1402/1402
f 1400/1400/1400 1402/1402/1402 1403/1403/1403
f 1400/1400/1400 1403/1403/1403 1404/1404/1404
f 1389/1389/1389 1391/1391/1391 1390/1390/1390
f 1392/1392/1392 1394/1394/1394 1393/1393/1393
f 1156/1156/1156 1275/1275/1275 1276/1276/1276
f 1156/1156/1156 1274/1274/1274 1275/1275/1275
f 1145/1145/1145 1281/1281/1281 1143/1143/1143
f 1145/1145/1145 1280/1280/1280 1281/1281/1281
f 1147/1147/1147 1280/1280/1280 1145/1145/1145
f 1147/1147/1147 1279/1279/1279 1280/1280/1280
f 1150/1150/1150 1279/1279/1279 1147/1147/1147
f 1150/1150/1150 1278/1278/1278 1279/1279/1279
f 1150/1150/1150 1277/1277/1277 1278/1278/1278
f 1150/1150/1150 1151/1151/1151 1277/1277/1277
f 1151/1151/1151 1276/1276/1276 1277/1277/1277
f 1151/1151/1151 1153/1153/1153 1276/1276/1276
f 1156/1156/1156 1276/1276/1276 1153/1153/1153
f 1155/1155/1155 1156/1156/1156 1153/1153/1153
f 1155/1155/1155 1157/1157/1157 1156/1156/1156
f 1156/1156/1156 1157/1157/1157 1274/1274/1274
f 1157/1157/1157 1273/1273/1273 1274/1274/1274
f 1157/1157/1157 1160/1160/1160 1273/1273/1273
f 1160/1160/1160 1296/1296/1296 1273/1273/1273
f 1149/1149/1149 1150/1150/1150 1147/1147/1147
f 1149/1149/1149 1151/1151/1151 1150/1150/1150
f 1149/1149/1149 1152/1152/1152 1151/1151/1151
f 1152/1152/1152 1153/1153/1153 1151/1151/1151
f 1152/1152/1152 1154/1154/1154 1153/1153/1153
f 1155/1155/1155 1153/1153/1153 1154/1154/1154
f 1154/1154/1154 1152/1152/1152 1194/1194/1194
f 1152/1152/1152 1193/1193/1193 1194/1194/1194
f 1152/1152/1152 1149/1149/1149 1193/1193/1193
f 1155/1155/1155 1158/1158/1158 1157/1157/1157
f 1158/1158/1158 1155/1155/1155 1196/1196/1196
f 1154/1154/1154 1196/1196/1196 1155/1155/1155
f 1154/1154/1154 1195/1195/1195 1196/1196/1196
f 1154/1154/1154 1194/1194/1194 1195/1195/1195
f 1195/1195/1195 1194/1194/1194 1255/1255/1255
f 1194/1194/1194 1251/1251/1251 1255/1255/1255
f 1194/1194/1194 1193/1193/1193 1251/1251/1251
f 1192/1192/1192 1251/1251/1251 1193/1193/1193
f 1149/1149/1149 1192/1192/1192 1193/1193/1193
f 1149/1149/1149 1148/1148/1148 1192/1192/1192
f 1149/1149/1149 1147/1147/1147 1148/1148/1148
f 1146/1146/1146 1148/1148/1148 1147/1147/1147
f 1146/1146/1146 1147/1147/1147 1145/1145/1145
f 1144/1144/1144 1146/1146/1146 1145/1145/1145
f 1144/1144/1144 1145/1145/1145 1143/1143/1143
f 1142/1142/1142 1144/1144/1144 1143/1143/1143
f 1142/1142/1142 1143/1143/1143 1141/1141/1141
f 1141/1141/1141 1143/1143/1143 1281/1281/1281
f 1141/1141/1141 1281/1281/1281 1282/1282/1282
f 1141/1141/1141 1282/1282/1282 1283/1283/1283
f 913/913/913 133/133/133 914/914/914
f 913/913/913 134/134/134 133/133/133
f 134/134/134 915/915/915 133/133/133
f 134/134/134 916/916/916 915/915/915
f 916/916/916 420/420/420 915/915/915
f 916/916/916 459/459/459 420/420/420
f 917/917/917 417/417/417 460/460/460
f 917/917/917 918/918/918 417/417/417
f 917/917/917 135/135/135 918/918/918
f 917/917/917 136/136/136 135/135/135
f 136/136/136 919/919/919 135/135/135
f 136/136/136 920/920/920 919/919/919
f 920/920/920 461/461/461 919/919/919
f 920/920/920 462/462/462 461/461/461
f 921/921/921 461/461/461 462/462/462
f 921/921/921 922/922/922 461/461/461
f 137/137/137 922/922/922 921/921/921
f 137/137/137 138/138/138 922/922/922
f 137/137/137 923/923/923 138/138/138
f 137/137/137 924/924/924 923/923/923
f 924/924/924 463/463/463 923/923/923
f 924/924/924 464/464/464 463/463/463
f 464/464/464 914/914/914 463/463/463
f 464/464/464 913/913/913 914/914/914
f 853/853/853 112/112/112 854/854/854
f 853/853/853 113/113/113 112/112/112
f 113/113/113 855/855/855 112/112/112
f 113/113/113 856/856/856 855/855/855
f 856/856/856 417/417/417 855/855/855
f 856/856/856 418/418/418 417/417/417
f 419/419/419 857/857/857 420/420/420
f 419/419/419 858/858/858 857/857/857
f 858/858/858 114/114/114 857/857/857
f 858/858/858 115/115/115 114/114/114
f 859/859/859 114/114/114 115/115/115
f 859/859/859 860/860/860 114/114/114
f 859/859/859 421/421/421 860/860/860
f 859/859/859 422/422/422 421/421/421
f 861/861/861 421/421/421 422/422/422
f 861/861/861 862/862/862 421/421/421
f 861/861/861 116/116/116 862/862/862
f 861/861/861 117/117/117 116/116/116
f 863/863/863 116/116/116 117/117/117
f 863/863/863 864/864/864 116/116/116
f 863/863/863 423/423/423 864/864/864
f 863/863/863 424/424/424 423/423/423
f 853/853/853 423/423/423 424/424/424
f 853/853/853 854/854/854 423/423/423
f 901/901/901 446/446/446 902/902/902
f 901/901/901 447/447/447 446/446/446
f 447/447/447 903/903/903 446/446/446
f 447/447/447 904/904/904 903/903/903
f 904/904/904 448/448/448 903/903/903
f 904/904/904 449/449/449 448/448/448
f 406/406/406 905/905/905 450/450/450
f 406/406/406 906/906/906 905/905/905
f 906/906/906 451/451/451 905/905/905
f 906/906/906 452/452/452 451/451/451
f 452/452/452 907/907/907 451/451/451
f 452/452/452 908/908/908 907/907/907
f 453/453/453 907/907/907 908/908/908
f 453/453/453 454/454/454 907/907/907
f 453/453/453 909/909/909 454/454/454
f 453/453/453 910/910/910 909/909/909
f 455/455/455 909/909/909 910/910/910
f 455/455/455 456/456/456 909/909/909
f 455/455/455 911/911/911 456/456/456
f 455/455/455 912/912/912 911/911/911
f 457/457/457 911/911/911 912/912/912
f 457/457/457 458/458/458 911/911/911
f 901/901/901 458/458/458 457/457/457
f 901/901/901 902/902/902 458/458/458
f 841/841/841 403/403/403 842/842/842
f 841/841/841 404/404/404 403/403/403
f 404/404/404 843/843/843 403/403/403
f 404/404/404 844/844/844 843/843/843
f 844/844/844 405/405/405 843/843/843
f 844/844/844 406/406/406 405/405/405
f 407/407/407 845/845/845 408/408/408
f 407/407/407 846/846/846 845/845/845
f 846/846/846 409/409/409 845/845/845
f 846/846/846 410/410/410 409/409/409
f 410/410/410 847/847/847 409/409/409
f 410/410/410 848/848/848 847/847/847
f 848/848/848 411/411/411 847/847/847
f 848/848/848 412/412/412 411/411/411
f 412/412/412 849/849/849 411/411/411
f 412/412/412 850/850/850 849/849/849
f 413/413/413 849/849/849 850/850/850
f 413/413/413 414/414/414 849/849/849
f 413/413/413 851/851/851 414/414/414
f 413/413/413 852/852/852 851/851/851
f 415/415/415 851/851/851 852/852/852
f 415/415/415 416/416/416 851/851/851
f 841/841/841 416/416/416 415/415/415
f 841/841/841 842/842/842 416/416/416
f 118/118/118 866/866/866 865/865/865
f 865/865/865 866/866/866 432/432/432
f 865/865/865 432/432/432 431/431/431
f 431/431/431 432/432/432 876/876/876
f 431/431/431 876/876/876 875/875/875
f 875/875/875 876/876/876 123/123/123
f 875/875/875 123/123/123 122/122/122
f 122/122/122 123/123/123 874/874/874
f 122/122/122 874/874/874 873/873/873
f 873/873/873 874/874/874 429/429/429
f 873/873/873 429/429/429 430/430/430
f 430/430/430 429/429/429 932/932/932
f 430/430/430 932/932/932 931/931/931
f 931/931/931 932/932/932 141/141/141
f 931/931/931 141/141/141 142/142/142
f 141/141/141 930/930/930 142/142/142
f 141/141/141 929/929/929 930/930/930
f 466/466/466 930/930/930 929/929/929
f 466/466/466 929/929/929 465/465/465
f 465/465/465 927/927/927 466/466/466
f 465/465/465 928/928/928 927/927/927
f 927/927/927 928/928/928 139/139/139
f 927/927/927 139/139/139 140/140/140
f 139/139/139 925/925/925 140/140/140
f 139/139/139 926/926/926 925/925/925
f 926/926/926 467/467/467 925/925/925
f 926/926/926 468/468/468 467/467/467
f 467/467/467 468/468/468 936/936/936
f 467/467/467 936/936/936 935/935/935
f 935/935/935 936/936/936 144/144/144
f 935/935/935 144/144/144 143/143/143
f 143/143/143 144/144/144 934/934/934
f 143/143/143 934/934/934 933/933/933
f 933/933/933 934/934/934 427/427/427
f 933/933/933 427/427/427 428/428/428
f 427/427/427 872/872/872 428/428/428
f 427/427/427 871/871/871 872/872/872
f 871/871/871 121/121/121 872/872/872
f 871/871/871 120/120/120 121/121/121
f 120/120/120 870/870/870 121/121/121
f 120/120/120 869/869/869 870/870/870
f 426/426/426 870/870/870 869/869/869
f 426/426/426 869/869/869 425/425/425
f 425/425/425 868/868/868 426/426/426
f 425/425/425 867/867/867 868/868/868
f 867/867/867 119/119/119 868/868/868
f 867/867/867 118/118/118 119/119/119
f 118/118/118 865/865/865 119/119/119
f 209/209/209 1431/1431/1431 1429/1429/1429
f 1431/1431/1431 1458/1458/1458 1429/1429/1429
f 1458/1458/1458 1459/1459/1459 1429/1429/1429
f 1459/1459/1459 1460/1460/1460 1429/1429/1429
f 1460/1460/1460 1461/1461/1461 1429/1429/1429
f 1461/1461/1461 1462/1462/1462 1429/1429/1429
f 1462/1462/1462 1463/1463/1463 1429/1429/1429
f 1463/1463/1463 1456/1456/1456 1429/1429/1429
f 1456/1456/1456 1457/1457/1457 1429/1429/1429
f 1457/1457/1457 1454/1454/1454 1429/1429/1429
f 1454/1454/1454 1455/1455/1455 1429/1429/1429
f 1455/1455/1455 1464/1464/1464 1429/1429/1429
f 1464/1464/1464 1430/1430/1430 1429/1429/1429
f 1421/1421/1421 1429/1429/1429 1430/1430/1430
