# mdl2obj: faith_plate.mdl
g paddle
v -0.3751 -2.6462 15.7574
v -1.0227 -2.6463 10.4057
v -0.3751 -2.6463 10.4057
v -1.0227 -2.6462 15.7574
v -1.0227 -2.6462 15.7574
v -1.0227 -2.6463 10.4057
v -1.0227 -4.6840 15.7574
v -0.3751 -4.6840 15.7574
v -0.3751 -5.7699 15.7574
v -1.0227 -5.7699 15.7574
v -0.3751 -2.6462 15.7574
v -0.3751 -2.6463 10.4057
v -0.3751 -6.7218 10.4057
v -1.0227 -6.7218 10.4057
v -9.1526 -2.6462 15.7574
v -8.5050 -2.6463 10.4057
v -8.5050 -2.6462 15.7574
v -9.1526 -2.6463 10.4057
v -8.5050 -2.6462 15.7574
v -8.5050 -2.6463 10.4057
v -8.5050 -4.6840 15.7574
v -9.1526 -4.6840 15.7574
v -9.1526 -5.7699 15.7574
v -8.5050 -5.7699 15.7574
v -9.1526 -2.6462 15.7574
v -9.1526 -2.6463 10.4057
v -9.1526 -6.7218 10.4057
v -8.5050 -6.7218 10.4057
v -8.5073 -3.0944 11.8266
v -1.0245 -3.0883 11.8268
v -8.5050 -5.9760 11.3110
v -1.0221 -5.9699 11.3112
v -1.0230 -4.9756 14.0645
v -8.5058 -4.9817 14.0643
v -1.0245 -3.0883 11.8268
v -8.5073 -3.0944 11.8266
v -1.0245 -3.0883 11.8268
v -1.0221 -5.9699 11.3112
v -1.0232 -4.6779 12.4008
v -1.0230 -4.9756 14.0645
v -1.0232 -4.6779 12.4008
v -1.0245 -3.0883 11.8268
v -1.0232 -4.6779 12.4008
v -8.5060 -4.6840 12.4006
v -8.5073 -3.0944 11.8266
v -8.5050 -5.9760 11.3110
v -8.5060 -4.6840 12.4006
v -8.5058 -4.9817 14.0643
v -8.5060 -4.6840 12.4006
v -8.5073 -3.0944 11.8266
v -1.3330 -6.3034 5.6880
v -1.3330 -6.3034 5.6880
v -2.7012 -6.3034 3.3181
v 0.0353 -6.3034 3.3181
v -10.4054 -2.5377 19.5826
v 7.6956 -2.5377 19.5826
v 7.6956 -1.1235 19.5826
v -10.4054 -1.1235 19.5826
v 7.6956 -1.1235 20.9968
v -10.4054 -1.1235 20.9968
v 7.6956 -2.5377 20.9968
v -10.4054 -2.5377 20.9968
v 7.6956 -2.5377 19.5826
v -10.4054 -2.5377 19.5826
v 0.5616 -4.0604 -9.9835
v 0.5616 -3.8909 -25.6543
v -3.1047 -3.8909 -25.6543
v -3.1047 -4.0604 -9.9835
v -1.3330 0.2995 -3.7576
v -7.8922 -0.8923 7.1479
v 0.2508 -0.8923 2.6432
v 0.2508 -0.8923 7.1479
v -7.8922 -0.8923 -2.2777
v 0.2508 -0.8923 7.1479
v -7.8922 -4.4418 8.7859
v -7.8922 -0.8923 7.1479
v 0.2508 -4.4417 8.7859
v -7.8922 -0.8923 -2.2777
v -7.8922 -1.9122 6.2419
v -7.8922 -1.9173 -2.2777
v -7.8922 -0.8923 7.1479
v 0.2508 -0.8923 2.6432
v 0.2508 -1.9158 6.2435
v 0.2508 -0.8923 7.1479
v 0.2508 -1.9173 2.6432
v -7.8922 -4.4418 8.7859
v -7.8922 -4.9655 7.6509
v 0.2508 -4.4417 8.7859
v 0.2508 -1.9158 6.2435
v 0.2508 -4.9655 7.6509
v 0.2508 -4.4417 8.7859
v -7.8922 -4.9655 7.6509
v -7.8922 -4.4418 8.7859
v 0.2508 -4.9655 7.6509
v 1.8601 -0.8923 7.1479
v 5.5278 -0.8923 -3.5588
v 5.5278 -0.8923 7.1479
v 1.8601 -0.8923 -3.5588
v 5.5278 -0.8923 7.1479
v 1.8601 -4.4417 8.7859
v 1.8601 -0.8923 7.1479
v 5.5278 -4.4417 8.7859
v 1.8601 -0.8923 -3.5588
v 1.8601 -1.9122 6.2419
v 1.8601 -1.9173 -3.5588
v 1.8601 -0.8923 7.1479
v 5.5278 -0.8923 -3.5588
v 5.5278 -1.9158 6.2435
v 5.5278 -0.8923 7.1479
v 5.5278 -1.9173 -3.5588
v 1.8601 -4.4417 8.7859
v 1.8601 -4.9655 7.6509
v 5.5278 -4.4417 8.7859
v 5.5278 -1.9158 6.2435
v 5.5278 -4.9655 7.6509
v 5.5278 -4.4417 8.7859
v 1.8601 -4.9655 7.6509
v 1.8601 -4.4417 8.7859
v 5.5278 -4.9655 7.6509
v 7.3765 -2.4597 0.8899
v 9.2826 -2.4597 -1.0162
v 3.8361 -2.4597 0.8899
v 3.8361 -2.4597 0.8899
v 3.8361 -3.4597 0.8899
v 7.3765 -2.4597 -9.9987
v 1.1450 -2.4597 -9.9987
v 9.2826 -2.4597 -8.0926
v 1.1450 -2.4597 -9.9987
v 1.1450 -3.4597 -9.9987
v -1.3330 -0.0911 -10.7871
v -1.3330 -11.0193 -10.7871
v 4.7548 -11.0193 -7.2723
v 4.7548 -0.0911 -7.2723
v 4.7548 -0.0911 -0.2428
v 4.7548 -11.0193 -0.2428
v -1.3330 -0.0911 3.2719
v -1.3330 -11.0193 3.2719
v -1.3330 -0.0911 -9.5205
v -1.3330 -0.0911 -10.7871
v 4.7548 -0.0911 -7.2723
v 3.6579 -0.0911 -6.6390
v 3.6579 -0.0911 -0.8761
v 4.7548 -0.0911 -0.2428
v -1.3330 -0.0911 2.0053
v -1.3330 -0.0911 3.2719
v -1.3330 -0.0911 -9.5205
v -1.3330 -3.9597 -3.7576
v 3.6579 -0.0911 -6.6390
v 3.6579 -0.0911 -0.8761
v -1.3330 -0.0911 2.0053
v -7.4207 -11.0193 -7.2723
v -7.4207 -0.0911 -7.2723
v -7.4207 -0.0911 -0.2428
v -7.4207 -11.0193 -0.2428
v -7.4207 -0.0911 -7.2723
v -6.3238 -0.0911 -6.6390
v -6.3238 -0.0911 -0.8761
v -7.4207 -0.0911 -0.2428
v -6.3238 -0.0911 -6.6390
v -6.3238 -0.0911 -0.8761
v 5.4004 -2.0021 3.8076
v -7.4545 -2.0021 3.8076
v -7.4545 -4.4371 2.4017
v 5.4004 -4.4371 2.4017
v -7.4545 -4.4371 8.0251
v 5.4004 -4.4371 8.0251
v -7.4545 -2.0021 6.6193
v 5.4004 -2.0021 6.6193
v -7.4545 -2.0021 3.8076
v 5.4004 -2.0021 3.8076
v 5.4004 -2.0021 3.8076
v 5.4004 -4.4371 2.4017
v 5.4004 -6.8721 3.8076
v 5.4004 -6.8721 6.6193
v 5.4004 -4.4371 8.0251
v 5.4004 -2.0021 6.6193
v -7.4545 -2.0021 3.8076
v -7.4545 -4.4371 2.4017
v -7.4545 -6.8721 3.8076
v -7.4545 -6.8721 6.6193
v -7.4545 -4.4371 8.0251
v -7.4545 -2.0021 6.6193
v 13.7882 -5.5088 -3.1988
v 5.3113 -5.5088 -4.3164
v 5.3113 -5.5088 -3.1988
v 13.7882 -5.5088 -4.3164
v 13.7882 -5.5088 -4.3164
v 5.3113 -0.1937 -4.3164
v 5.3113 -5.5088 -4.3164
v 13.7882 -0.1937 -4.3164
v 13.7882 -0.1937 -4.3164
v 5.3113 -0.1937 -3.1988
v 5.3113 -0.1937 -4.3164
v 13.7882 -0.1937 -3.1988
v 13.7882 -0.1937 -3.1988
v 5.3113 -5.5088 -3.1988
v 5.3113 -0.1937 -3.1988
v 13.7882 -5.5088 -3.1988
v -8.1669 -0.1937 -3.1988
v -16.3949 -1.4273 -3.1988
v -16.3949 -0.1937 -3.1988
v -8.1669 -4.1905 -3.1988
v -8.1669 -4.1905 -4.3164
v -16.3949 -1.4273 -3.1988
v -8.1669 -4.1905 -3.1988
v -16.3949 -1.4272 -4.3164
v -8.1669 -0.1937 -4.3164
v -16.3949 -1.4272 -4.3164
v -8.1669 -4.1905 -4.3164
v -16.3949 -0.1937 -4.3164
v -8.1669 -0.1937 -3.1988
v -16.3949 -0.1937 -4.3164
v -8.1669 -0.1937 -4.3164
v -16.3949 -0.1937 -3.1988
v 5.1798 -6.0501 -4.3164
v 2.2509 -3.8270 -4.3164
v 5.1798 -3.8270 -4.3164
v 2.2509 -6.0501 -4.3164
v 5.1798 -3.8270 -4.3164
v 2.2509 -3.8270 -23.8173
v 5.1798 -3.8270 -23.8173
v 2.2509 -3.8270 -4.3164
v 5.1798 -3.8270 -23.8173
v 2.2509 -6.0501 -23.8173
v 5.1798 -6.0501 -23.8173
v 2.2509 -3.8270 -23.8173
v 5.1798 -6.0501 -23.8173
v 2.2509 -6.0501 -4.3164
v 5.1798 -6.0501 -4.3164
v 2.2509 -6.0501 -23.8173
v 2.2509 -6.0501 -4.3164
v 2.2509 -3.8270 -23.8173
v 2.2509 -3.8270 -4.3164
v 2.2509 -6.0501 -23.8173
v 5.1798 -6.0501 -23.8173
v 5.1798 -3.8270 -4.3164
v 5.1798 -3.8270 -23.8173
v 5.1798 -6.0501 -4.3164
v -7.8509 -6.0501 -4.3164
v -4.9220 -3.8270 -4.3164
v -4.9220 -6.0501 -4.3164
v -7.8509 -3.8270 -4.3164
v -7.8509 -3.8270 -4.3164
v -4.9220 -3.8270 -23.8173
v -4.9220 -3.8270 -4.3164
v -7.8509 -3.8270 -23.8173
v -7.8509 -3.8270 -23.8173
v -4.9220 -6.0501 -23.8173
v -4.9220 -3.8270 -23.8173
v -7.8509 -6.0501 -23.8173
v -7.8509 -6.0501 -23.8173
v -4.9220 -6.0501 -4.3164
v -4.9220 -6.0501 -23.8173
v -7.8509 -6.0501 -4.3164
v -4.9220 -6.0501 -4.3164
v -4.9220 -3.8270 -23.8173
v -4.9220 -6.0501 -23.8173
v -4.9220 -3.8270 -4.3164
v -7.8509 -6.0501 -23.8173
v -7.8509 -3.8270 -4.3164
v -7.8509 -6.0501 -4.3164
v -7.8509 -3.8270 -23.8173
v 1.2531 -12.9127 -20.2264
v 1.2531 -10.9695 -16.4658
v 1.2531 -12.9660 -15.1774
v 1.2531 -10.9300 -20.2055
v 5.6185 -5.9180 -20.9968
v 5.3837 -8.3444 -21.0224
v 5.6185 -6.5612 -21.0036
v 0.7743 -7.1094 -21.0094
v 0.8465 -5.9180 -20.9968
v 2.1735 -12.5278 -21.0666
v -0.7234 -8.6070 -21.0252
v 0.5117 -13.3482 -8.0751
v -0.7234 -8.7391 -8.0264
v 5.6185 -6.0501 -7.9980
v 0.7743 -7.2415 -8.0106
v 0.8465 -6.0501 -7.9980
v 5.3837 -8.4765 -8.0236
v 5.3837 -8.4191 -13.4542
v 5.3837 -8.4765 -8.0236
v 5.6185 -6.0501 -7.9980
v 5.6185 -6.6176 -15.1726
v 5.6185 -5.9180 -20.9968
v 5.6185 -6.5612 -21.0036
v 0.8465 -6.0501 -7.9980
v 5.6185 -5.9180 -20.9968
v 5.6185 -6.0501 -7.9980
v 0.8465 -5.9180 -20.9968
v 0.8465 -5.9180 -20.9968
v 0.7743 -7.2415 -8.0106
v 0.7743 -7.1094 -21.0094
v 0.8465 -6.0501 -7.9980
v -0.7234 -8.7391 -8.0264
v -0.7234 -8.6070 -21.0252
v 1.2531 -12.9660 -15.1774
v 2.1735 -12.5920 -14.4911
v 2.1735 -12.5920 -14.4911
v 1.2531 -12.9660 -15.1774
v 1.2531 -10.9300 -20.2055
v -3.7962 -10.9695 -16.4658
v 1.2531 -10.9695 -16.4658
v -3.7962 -10.9300 -20.2055
v 1.2531 -10.9300 -20.2055
v 1.2531 -12.9127 -20.2264
v -3.7962 -10.9300 -20.2055
v -3.7962 -12.9127 -20.2264
v -3.7962 -12.9127 -20.2264
v -3.7962 -10.9695 -16.4658
v -3.7962 -10.9300 -20.2055
v -3.7962 -12.9660 -15.1774
v -8.1616 -5.9180 -20.9968
v -3.3896 -5.9180 -20.9968
v -8.1616 -6.5612 -21.0036
v -2.7692 -8.0588 -21.0194
v -6.1435 -11.4329 -21.0550
v -4.7166 -12.5278 -21.0666
v -6.1435 -11.5650 -8.0563
v -2.7692 -8.1909 -8.0206
v -8.1616 -6.0501 -7.9980
v -3.3896 -6.0501 -7.9980
v -4.7166 -12.5921 -15.0994
v -3.7962 -12.9660 -15.1774
v -8.1616 -6.6176 -15.1726
v -8.1616 -5.9180 -20.9968
v -8.1616 -6.5612 -21.0036
v -3.3896 -6.0501 -7.9980
v -8.1616 -5.9180 -20.9968
v -3.3896 -5.9180 -20.9968
v -8.1616 -6.0501 -7.9980
v -2.7692 -8.1909 -8.0206
v -2.7692 -8.0588 -21.0194
v -3.7962 -10.9695 -16.4658
v -3.7962 -12.9660 -15.1774
v 1.2531 -10.9695 -16.4658
v 1.2531 -12.9660 -15.1774
v 0.5117 -13.2731 -15.1807
v 13.6696 -5.9097 -23.7630
v 13.6696 0.0000 14.4871
v 13.6696 -5.9097 14.5464
v 13.6696 -3.8525 -26.7063
v 14.8793 -3.8525 -26.6866
v 14.8754 0.0000 14.5661
v 14.8806 0.0000 -31.5270
v 14.8754 -5.9097 14.5661
v 14.8806 0.0000 -31.5270
v 13.6696 0.0000 14.4871
v 13.6696 0.0000 -31.5270
v 14.8754 0.0000 14.5661
v 13.6696 0.0000 -31.5270
v 12.7000 0.0000 22.5867
v 12.7000 -5.9097 22.5867
v 7.1126 -5.8284 28.3655
v 7.0548 0.0000 28.2899
v 11.6602 0.0000 21.9863
v 12.7000 0.0000 22.5867
v 8.3184 0.0814 25.9441
v 7.0548 0.0000 28.2899
v 11.6602 -5.9097 21.9863
v 11.6602 0.0000 21.9863
v 8.3184 -5.8283 25.9441
v 8.3184 0.0814 25.9441
v 14.8793 -5.9097 -23.7433
v 8.3184 0.0814 25.9441
v 7.0548 0.0000 16.9632
v 8.2606 0.0000 15.7574
v 8.3184 -5.8283 25.9441
v 8.2606 0.0000 15.7574
v 8.2606 -5.9097 15.7574
v 8.3184 0.0814 25.9441
v 7.1126 -5.8283 17.0388
v 7.0548 0.0000 28.2899
v 7.1126 -5.8284 28.3655
v 7.0548 0.0000 16.9632
v -1.3330 0.0000 15.7574
v -1.3330 0.0000 16.9632
v 8.2606 0.0000 15.7574
v 8.2606 0.0000 15.7574
v -1.3330 -5.9097 15.7574
v 8.2606 -5.9097 15.7574
v -1.3330 0.0000 15.7574
v -1.3330 -5.9097 16.9632
v 7.0548 0.0000 16.9632
v 7.1126 -5.8283 17.0388
v -1.3330 0.0000 16.9632
v -1.3330 0.0000 -54.5007
v -1.3330 -3.8525 -54.5007
v 12.6974 0.0000 -46.4011
v 12.6974 -3.8525 -46.4011
v -1.3330 0.0000 -54.5007
v -1.3330 0.0000 -53.3000
v 12.6974 0.0000 -46.4011
v 11.6576 0.0000 -45.8008
v -1.3330 0.0000 -53.3000
v -1.3330 -3.8525 -53.3000
v 11.6576 -3.8525 -45.8008
v 11.6576 0.0000 -45.8008
v -16.3356 -0.0000 14.4871
v -16.3356 -5.9097 -23.7630
v -16.3356 -5.9097 14.5464
v -16.3356 -3.8525 -26.7063
v -17.5452 -3.8525 -26.6866
v -17.5414 -0.0000 14.5661
v -17.5414 -5.9097 14.5661
v -17.5465 -0.0000 -31.5270
v -17.5465 -0.0000 -31.5270
v -16.3356 -0.0000 14.4871
v -17.5414 -0.0000 14.5661
v -16.3356 -0.0000 -31.5270
v -16.3356 -0.0000 -31.5270
v -15.3659 -0.0000 22.5867
v -15.3659 -5.9097 22.5867
v -9.7785 -5.8284 28.3655
v -9.7207 -0.0000 28.2899
v -14.3261 -0.0000 21.9863
v -15.3659 -0.0000 22.5867
v -10.9843 0.0813 25.9441
v -9.7207 -0.0000 28.2899
v -14.3261 -5.9097 21.9863
v -14.3261 -0.0000 21.9863
v -10.9843 -5.8284 25.9441
v -10.9843 0.0813 25.9441
v -17.5452 -5.9097 -23.7433
v -17.5440 -5.9097 14.5859
v -10.9843 0.0813 25.9441
v -9.7207 -0.0000 16.9632
v -10.9265 0.0000 15.7574
v -10.9265 0.0000 15.7574
v -10.9843 -5.8284 25.9441
v -10.9265 -5.9097 15.7574
v -10.9843 0.0813 25.9441
v -9.7207 -0.0000 28.2899
v -9.7785 -5.8284 17.0388
v -9.7785 -5.8284 28.3655
v -9.7207 -0.0000 16.9632
v -10.9265 0.0000 15.7574
v -10.9265 0.0000 15.7574
v -10.9265 -5.9097 15.7574
v -9.7207 -0.0000 16.9632
v -9.7785 -5.8284 17.0388
v -15.3633 0.0000 -46.4011
v -15.3633 -3.8525 -46.4011
v -15.3633 0.0000 -46.4011
v -14.3235 0.0000 -45.8008
v -14.3235 -3.8525 -45.8008
v -14.3235 0.0000 -45.8008
v -8.7358 -8.4787 -26.9409
v -8.7358 -8.4787 -21.0892
v -8.7358 -4.5129 -23.8255
v -8.7358 -4.5129 -21.0892
v -8.7358 -4.5129 -21.0892
v -8.7358 -4.5129 -23.8255
v -3.3184 -13.8960 -21.0892
v -1.3355 -6.4958 -21.0892
v -8.7358 -8.4787 -21.0892
v -8.7358 -4.5129 -21.0892
v -1.3355 -4.5129 -21.0892
v -3.3184 -13.8960 -26.9409
v -8.7358 -8.4787 -26.9409
v -8.7358 -4.5129 -26.9409
v -4.9220 -0.9855 -23.8255
v -4.9220 -4.5129 -26.9409
v -4.9220 -4.5129 -23.8255
v -4.9220 -0.9855 -26.9409
v -1.3355 -4.5129 -26.9409
v -4.9220 -4.5129 -23.8255
v -4.9220 -4.5129 -26.9409
v -1.3355 -4.5129 -21.0892
v -1.3355 -4.5129 -26.9409
v -4.9220 -4.5129 -26.9409
v -4.9220 -0.9855 -26.9409
v -4.9220 -4.5129 -26.9409
v -8.7358 -4.5129 -26.9409
v -4.9220 -0.9855 -23.8255
v -4.9220 -4.5129 -23.8255
v -8.7358 -4.5129 -23.8255
v -8.7358 -4.5129 -26.9409
v 6.0647 -8.4787 -26.9409
v 6.0647 -8.4787 -21.0892
v 6.0647 -4.5129 -23.8255
v 6.0647 -4.5129 -21.0892
v 6.0647 -4.5129 -21.0892
v 6.0647 -4.5129 -23.8255
v 0.6473 -13.8960 -21.0892
v 6.0647 -8.4787 -21.0892
v 6.0647 -4.5129 -21.0892
v 0.6473 -13.8960 -26.9409
v 6.0647 -8.4787 -26.9409
v 6.0647 -4.5129 -26.9409
v 2.2509 -4.5129 -26.9409
v 2.2509 -0.9855 -23.8255
v 2.2509 -4.5129 -23.8255
v 2.2509 -0.9855 -26.9409
v 2.2509 -4.5129 -23.8255
v -1.3355 -4.5129 -26.9409
v 2.2509 -4.5129 -26.9409
v 2.2509 -4.5129 -26.9409
v 2.2509 -0.9855 -26.9409
v 2.2509 -4.5129 -26.9409
v 6.0647 -4.5129 -26.9409
v 2.2509 -0.9855 -23.8255
v 2.2509 -4.5129 -23.8255
v 6.0647 -4.5129 -23.8255
v 6.0647 -4.5129 -26.9409
v -1.9213 -0.1937 -53.5790
v -0.5986 -0.1937 -53.5790
v -1.9905 -5.5088 -10.5731
v -1.9905 -0.1937 -10.5731
v -0.6681 -5.5088 -10.5355
v -0.6681 -0.1937 -10.5355
v -1.9905 -0.1937 -10.5731
v -0.6681 -0.1937 -10.5355
v -1.9213 -2.8513 -53.5790
v -1.9213 -0.1937 -53.5790
v -0.5986 -2.8513 -53.5790
v -0.5986 -0.1937 -53.5790
v -16.4568 -4.2169 5.7691
v 13.7857 -4.2169 5.7691
v -1.3330 -21.5431 4.7803
v -1.3330 -21.5431 4.7803
v 0.0353 -20.1102 2.8928
v -2.7012 -20.1102 2.8928
v -2.7012 -23.4726 -3.2535
v -1.0227 -4.6840 11.5742
v -0.3751 -4.6840 11.5742
v -0.3751 -6.7218 10.4057
v -1.0227 -6.7218 10.4057
v -1.0227 -4.6840 9.8533
v -0.3751 -4.6840 9.8533
v -1.0227 -2.6463 10.4057
v -0.3751 -2.6463 10.4057
v -0.3751 -4.6840 9.8533
v -1.0227 -4.6840 9.8533
v -8.5050 -4.6840 11.5742
v -9.1526 -4.6840 11.5742
v -9.1526 -6.7218 10.4057
v -8.5050 -6.7218 10.4057
v -8.5050 -4.6840 9.8533
v -9.1526 -4.6840 9.8533
v -8.5050 -2.6463 10.4057
v -9.1526 -2.6463 10.4057
v -9.1526 -4.6840 9.8533
v -8.5050 -4.6840 9.8533
v -8.5062 -4.3864 10.7369
v -1.0234 -4.3802 10.7371
v -1.0219 -6.2675 12.9748
v -8.5048 -6.2737 12.9746
v -1.0243 -3.3860 13.4904
v -8.5071 -3.3921 13.4902
v -1.0234 -4.3802 10.7371
v -1.0232 -4.6779 12.4008
v -1.0219 -6.2675 12.9748
v -1.0232 -4.6779 12.4008
v -1.0243 -3.3860 13.4904
v -1.0232 -4.6779 12.4008
v -8.5062 -4.3864 10.7369
v -8.5060 -4.6840 12.4006
v -8.5048 -6.2737 12.9746
v -8.5060 -4.6840 12.4006
v -8.5071 -3.3921 13.4902
v -8.5060 -4.6840 12.4006
v 0.0353 -6.3034 4.8980
v -2.7012 -6.3034 4.8980
v -1.3330 -6.3034 2.5282
v 0.7243 -25.8746 -1.1787
v 0.7243 -8.9236 -1.1787
v -1.3330 -8.9236 0.0090
v -1.3330 -25.8746 0.0090
v -1.3330 -8.9236 0.0090
v -1.3330 -25.8746 0.0090
v -3.3902 -25.8746 -1.1787
v -3.3902 -8.9236 -1.1787
v -3.3902 -25.8746 -3.5543
v -3.3902 -8.9236 -3.5543
v -1.3330 -25.8746 -4.7420
v -1.3330 -8.9236 -4.7420
v 0.7243 -8.9236 -3.5543
v 0.7243 -25.8746 -3.5543
v 3.1938 0.2995 -1.8825
v 0.5421 0.2995 0.7692
v -3.2080 0.2995 0.7692
v -5.8597 0.2995 -1.8825
v -5.8597 0.2995 -5.6326
v -3.2080 0.2995 -8.2844
v 0.5421 0.2995 -8.2843
v 3.1938 0.2995 -5.6326
v 4.1176 -0.7899 -1.4999
v 0.9247 -0.7899 1.6930
v -3.5906 -0.7899 1.6930
v -6.7835 -0.7899 -1.4999
v -6.7835 -0.7899 -6.0153
v -3.5906 -0.7899 -9.2081
v 0.9247 -0.7899 -9.2081
v 4.1176 -0.7899 -6.0153
v 0.2508 -1.9173 2.6432
v -7.8922 -1.9122 6.2419
v 0.2508 -1.9158 6.2435
v -7.8922 -1.9173 -2.2777
v 0.2508 -1.9158 6.2435
v -7.8922 -4.9655 7.6509
v 0.2508 -4.9655 7.6509
v -7.8922 -1.9122 6.2419
v 5.5278 -1.9173 -3.5588
v 1.8601 -1.9122 6.2419
v 5.5278 -1.9158 6.2435
v 1.8601 -1.9173 -3.5588
v 5.5278 -1.9158 6.2435
v 1.8601 -4.9655 7.6509
v 5.5278 -4.9655 7.6509
v 1.8601 -1.9122 6.2419
v 7.3765 -3.4597 0.8899
v 3.8361 -3.4597 -3.9458
v 3.8361 -3.4597 0.8899
v 9.2826 -3.4597 -3.9458
v 9.2826 -3.4597 -1.0162
v 9.2826 -3.4597 -3.9458
v 9.2826 -2.4597 -1.0162
v 9.2826 -2.4597 -3.9458
v 9.2826 -3.4597 -1.0162
v 9.2826 -2.4597 -3.9458
v 3.8361 -2.4597 -3.9458
v 7.3765 -3.4597 0.8899
v 7.3765 -2.4597 0.8899
v 9.0272 -3.4597 -0.0632
v 9.0272 -2.4597 -0.0632
v 8.3295 -2.4597 0.6345
v 8.3295 -3.4597 0.6345
v 9.0272 -3.4597 -0.0632
v 8.3295 -3.4597 0.6345
v 9.0272 -2.4597 -0.0632
v 8.3295 -2.4597 0.6345
v 7.3765 -3.4597 -9.9987
v 9.2826 -3.4597 -8.0926
v 1.1450 -3.4597 -9.9987
v 9.2826 -3.4597 -8.0926
v 9.2826 -2.4597 -8.0926
v 7.3765 -3.4597 -9.9987
v 7.3765 -2.4597 -9.9987
v 9.0272 -3.4597 -9.0456
v 9.0272 -2.4597 -9.0456
v 8.3295 -3.4597 -9.7433
v 8.3295 -2.4597 -9.7433
v 8.3295 -3.4597 -9.7433
v 9.0272 -3.4597 -9.0456
v 9.0272 -2.4597 -9.0456
v 8.3295 -2.4597 -9.7433
v 2.1818 -0.0911 -9.8453
v 2.1818 -11.0193 -9.8453
v 5.6966 -0.0911 -3.7576
v 5.6966 -11.0193 -3.7576
v 2.1818 -0.0911 2.3302
v 2.1818 -11.0193 2.3302
v 1.5485 -0.0911 -8.7484
v 2.1818 -0.0911 -9.8453
v 5.6966 -0.0911 -3.7576
v 4.4299 -0.0911 -3.7576
v 2.1818 -0.0911 2.3302
v 1.5485 -0.0911 1.2332
v 1.5485 -0.0911 -8.7484
v 4.4299 -0.0911 -3.7576
v 1.5485 -0.0911 1.2332
v -1.3330 -11.0193 -3.7576
v -1.3330 -11.0193 3.2719
v 2.1818 -11.0193 2.3302
v -1.3330 -11.0193 -3.7576
v -1.3330 -11.0193 -10.7871
v -1.3330 -11.0193 -3.7576
v -1.3330 -11.0193 -3.7576
v 2.1818 -11.0193 -9.8453
v -1.3330 -11.0193 -3.7576
v -1.3330 -11.0193 -3.7576
v 4.7548 -11.0193 -7.2723
v -1.3330 -11.0193 -3.7576
v -1.3330 -11.0193 -3.7576
v 5.6966 -11.0193 -3.7576
v -1.3330 -11.0193 -3.7576
v -1.3330 -11.0193 -3.7576
v 4.7548 -11.0193 -0.2428
v -1.3330 -11.0193 -3.7576
v -1.3330 -11.0193 -3.7576
v -4.8477 -0.0911 -9.8453
v -4.8477 -11.0193 -9.8453
v -8.3625 -0.0911 -3.7576
v -8.3625 -11.0193 -3.7576
v -4.8477 -0.0911 2.3302
v -4.8477 -11.0193 2.3302
v -4.2144 -0.0911 -8.7484
v -4.8477 -0.0911 -9.8453
v -8.3625 -0.0911 -3.7576
v -7.0959 -0.0911 -3.7576
v -4.8477 -0.0911 2.3302
v -4.2144 -0.0911 1.2332
v -4.2144 -0.0911 -8.7484
v -7.0959 -0.0911 -3.7576
v -4.2144 -0.0911 1.2332
v -4.8477 -11.0193 2.3302
v -4.8477 -11.0193 -9.8453
v -7.4207 -11.0193 -7.2723
v -8.3625 -11.0193 -3.7576
v -7.4207 -11.0193 -0.2428
v -7.4545 -6.8721 3.8076
v 5.4004 -6.8721 3.8076
v -7.4545 -6.8721 6.6193
v 5.4004 -6.8721 6.6193
v 5.4004 -4.4371 5.2134
v -7.4545 -4.4371 5.2134
v -3.5812 -11.4379 -17.2236
v 1.0381 -11.4379 -17.2236
v 1.0381 -13.2570 -16.6537
v -3.5812 -13.2570 -16.6537
v -3.5812 -14.3611 -18.2077
v 1.0381 -14.3611 -18.2077
v 1.0381 -12.7397 -18.1905
v 1.0381 -11.4379 -17.2236
v 1.0381 -12.7397 -18.1905
v 1.0381 -12.7397 -18.1905
v 1.0381 -13.2570 -16.6537
v 1.0381 -12.7397 -18.1905
v 1.0381 -12.7397 -18.1905
v 1.0381 -14.3611 -18.2077
v -3.5812 -12.7397 -18.1905
v -3.5812 -11.4379 -17.2236
v -3.5812 -12.7397 -18.1905
v -3.5812 -13.2570 -16.6537
v -3.5812 -12.7397 -18.1905
v -3.5812 -12.7397 -18.1905
v -3.5812 -14.3611 -18.2077
v 1.0381 -11.4178 -19.1298
v -3.5812 -11.4178 -19.1298
v 1.0381 -13.2244 -19.7379
v -3.5812 -13.2244 -19.7379
v 1.0381 -11.4178 -19.1298
v 1.0381 -13.2244 -19.7379
v -3.5812 -11.4178 -19.1298
v -3.5812 -12.7397 -18.1905
v -3.5812 -13.2244 -19.7379
v 5.0584 -12.9916 -19.6818
v 5.0584 -10.8587 -21.0668
v 5.0584 -12.9772 -21.0892
v 5.0584 -10.8735 -19.6595
v 5.5526 -10.8735 -19.6595
v 5.0584 -10.8587 -21.0668
v 5.0584 -10.8735 -19.6595
v 5.5535 -10.8587 -21.0668
v 5.5426 -12.9920 -19.6818
v 5.0584 -10.8735 -19.6595
v 5.0584 -12.9916 -19.6818
v 5.5526 -10.8735 -19.6595
v 5.5795 -5.7668 -21.0130
v 5.5426 -13.0244 -16.6142
v 2.0563 -13.0215 -16.6142
v 2.0563 -12.3554 -14.4878
v 5.5462 -12.3583 -14.4878
v 2.0563 -12.1034 -14.2304
v 3.6980 -10.5681 -13.1591
v 5.5554 -10.5695 -13.1591
v 5.0170 -8.3410 -13.1355
v 5.5668 -8.3414 -13.1355
v 5.5426 -13.0244 -16.6142
v 5.5462 -12.3583 -14.4878
v 5.5554 -10.5695 -13.1591
v 5.5760 -6.5250 -14.4262
v 5.5795 -5.8140 -16.5380
v 5.0584 -12.9916 -19.6818
v 5.5426 -12.9920 -19.6818
v 5.5526 -10.8735 -19.6595
v 5.5535 -10.8587 -21.0668
v 5.5426 -12.9920 -19.6818
v 5.5668 -8.3414 -13.1355
v 5.0502 -5.7727 -20.4474
v 5.5795 -5.8140 -16.5380
v 5.0502 -5.8140 -16.5380
v 5.5795 -5.7668 -21.0130
v 5.3921 -6.5250 -14.4262
v 5.5760 -6.5250 -14.4262
v 2.0563 -5.7668 -21.0130
v 5.0584 -10.8587 -21.0668
v 5.5795 -5.7668 -21.0130
v 5.5535 -10.8587 -21.0668
v 2.0563 -12.9772 -21.0892
v 5.0584 -12.9772 -21.0892
v 2.0563 -5.7727 -20.4474
v 2.0563 -5.7668 -21.0130
v 2.0563 -12.0371 -20.5136
v 2.0563 -12.9772 -21.0892
v 2.0563 -5.7668 -21.0130
v 2.0563 -5.7727 -20.4474
v 5.0584 -12.9772 -21.0892
v 2.0563 -12.9772 -21.0892
v 2.0563 -13.0215 -16.6142
v 2.0563 -12.3554 -14.4878
v 2.0563 -12.1034 -14.2304
v -7.7295 -12.9916 -19.6818
v -7.7295 -10.8587 -21.0668
v -7.7295 -10.8735 -19.6595
v -7.7295 -12.9772 -21.0892
v -7.7295 -10.8587 -21.0668
v -8.2237 -10.8735 -19.6595
v -7.7295 -10.8735 -19.6595
v -8.2246 -10.8587 -21.0668
v -7.7295 -10.8735 -19.6595
v -8.2137 -12.9920 -19.6818
v -7.7295 -12.9916 -19.6818
v -8.2237 -10.8735 -19.6595
v -8.2506 -5.7668 -21.0130
v -8.2137 -13.0244 -16.6142
v -4.7274 -13.0216 -16.6142
v -4.7274 -12.3554 -14.4878
v -8.2173 -12.3583 -14.4878
v -4.7274 -12.1034 -14.2304
v -6.3691 -10.5681 -13.1591
v -8.2265 -10.5695 -13.1591
v -7.6881 -8.3410 -13.1355
v -8.2378 -8.3414 -13.1355
v -8.2173 -12.3583 -14.4878
v -8.2137 -13.0244 -16.6142
v -8.2265 -10.5695 -13.1591
v -8.2506 -5.8140 -16.5380
v -8.2471 -6.5250 -14.4262
v -7.7295 -12.9916 -19.6818
v -8.2137 -12.9920 -19.6818
v -8.2237 -10.8735 -19.6595
v -8.2246 -10.8587 -21.0668
v -8.2137 -12.9920 -19.6818
v -8.2378 -8.3414 -13.1355
v -8.2506 -5.8140 -16.5380
v -7.7213 -5.7727 -20.4474
v -7.7213 -5.8140 -16.5380
v -8.2506 -5.7668 -21.0130
v -8.0632 -6.5250 -14.4262
v -8.2471 -6.5250 -14.4262
v -4.7274 -5.7668 -21.0130
v -8.2506 -5.7668 -21.0130
v -7.7295 -10.8587 -21.0668
v -8.2246 -10.8587 -21.0668
v -4.7274 -12.9772 -21.0892
v -7.7295 -12.9772 -21.0892
v -4.7274 -5.7727 -20.4474
v -4.7274 -5.7668 -21.0130
v -4.7274 -12.0371 -20.5136
v -4.7274 -12.9772 -21.0892
v -4.7274 -5.7668 -21.0130
v -4.7274 -5.7727 -20.4474
v -7.7295 -12.9772 -21.0892
v -4.7274 -12.9772 -21.0892
v -4.7274 -13.0216 -16.6142
v -4.7274 -12.0371 -20.5136
v -4.7274 -12.1034 -14.2304
v -4.7274 -12.3554 -14.4878
v 0.5117 -13.3482 -8.0751
v 0.5117 -13.2731 -15.1807
v -6.1435 -11.5650 -8.0563
v -6.1435 -11.5064 -13.8562
v 14.8741 -3.8525 -38.3806
v 14.8741 0.0000 -38.3806
v 13.6683 0.0000 -38.3015
v 14.8741 0.0000 -38.3806
v 13.6683 -3.8525 -38.3015
v 13.6683 0.0000 -38.3015
v 6.7681 -3.8525 -52.3304
v 6.7681 0.0000 -52.3304
v 6.7681 0.0000 -52.3304
v 6.1678 0.0000 -51.2906
v 6.1678 0.0000 -51.2906
v 6.1678 -3.8525 -51.2906
v 14.8793 -5.9097 -23.7433
v 13.6696 -5.9097 14.5464
v 13.6696 -5.9097 -23.7630
v 8.3184 -5.8283 25.9441
v 7.1126 -5.8284 28.3655
v 12.7000 -5.9097 22.5867
v 11.6602 -5.9097 21.9863
v 14.8754 -5.9097 14.5661
v 13.6696 -5.9097 14.5464
v 7.1126 -5.8283 17.0388
v 8.3184 -5.8283 25.9441
v 8.2606 -5.9097 15.7574
v -1.3330 -5.9097 15.7574
v 8.2606 -5.9097 15.7574
v -1.3330 -5.9097 16.9632
v 14.8793 -3.8525 -26.6866
v 13.6696 -3.8525 -26.7063
v 13.6683 -3.8525 -38.3015
v 14.8741 -3.8525 -38.3806
v -1.3330 -3.8525 -54.5007
v -1.3330 -3.8525 -53.3000
v 6.7681 -3.8525 -52.3304
v 6.1678 -3.8525 -51.2906
v 12.6974 -3.8525 -46.4011
v 11.6576 -3.8525 -45.8008
v -17.5401 -3.8525 -38.3806
v -17.5401 0.0000 -38.3806
v -16.3343 -0.0000 -38.3015
v -17.5401 0.0000 -38.3806
v -16.3343 -3.8525 -38.3015
v -16.3343 -0.0000 -38.3015
v -9.4340 -3.8525 -52.3304
v -9.4340 0.0000 -52.3304
v -9.4340 0.0000 -52.3304
v -8.8337 0.0000 -51.2906
v -8.8337 0.0000 -51.2906
v -8.8337 -3.8525 -51.2906
v -17.5452 -5.9097 -23.7433
v -16.3356 -5.9097 14.5464
v -16.3356 -5.9097 -23.7630
v -17.5440 -5.9097 14.5859
v -10.9843 -5.8284 25.9441
v -9.7785 -5.8284 28.3655
v -15.3659 -5.9097 22.5867
v -14.3261 -5.9097 21.9863
v -17.5414 -5.9097 14.5661
v -16.3356 -5.9097 14.5464
v -9.7785 -5.8284 17.0388
v -10.9843 -5.8284 25.9441
v -10.9265 -5.9097 15.7574
v -10.9265 -5.9097 15.7574
v -17.5452 -3.8525 -26.6866
v -16.3356 -3.8525 -26.7063
v -16.3343 -3.8525 -38.3015
v -17.5401 -3.8525 -38.3806
v -9.4340 -3.8525 -52.3304
v -8.8337 -3.8525 -51.2906
v -15.3633 -3.8525 -46.4011
v -14.3235 -3.8525 -45.8008
v -4.9220 -2.4730 -26.6431
v -2.3279 -2.4730 -25.6543
v -4.9220 -2.4730 -25.6543
v -2.3279 -2.4730 -26.6431
v -4.9220 -4.5129 -25.6543
v -2.3279 -2.4730 -25.6543
v -2.3279 -4.5129 -25.6543
v -4.9220 -2.4730 -25.6543
v -2.3279 -4.5129 -26.6431
v -4.9220 -2.4730 -26.6431
v -4.9220 -4.5129 -26.6431
v -2.3279 -2.4730 -26.6431
v -3.3184 -13.8960 -21.0892
v -3.3184 -13.8960 -26.9409
v -6.7529 -11.9131 -26.9409
v -6.7529 -11.9131 -21.0892
v -6.7529 -11.9131 -21.0892
v -6.7529 -11.9131 -26.9409
v -7.8509 -0.9855 -26.9409
v -4.9220 -0.9855 -23.8255
v -7.8509 -0.9855 -23.8255
v -4.9220 -0.9855 -26.9409
v -7.8509 -0.9855 -26.9409
v -7.8509 -0.9855 -23.8255
v 2.2509 -2.4730 -26.6431
v -0.3432 -2.4730 -25.6543
v -0.3432 -2.4730 -26.6431
v 2.2509 -2.4730 -25.6543
v 2.2509 -4.5129 -25.6543
v -0.3432 -2.4730 -25.6543
v 2.2509 -2.4730 -25.6543
v -0.3432 -4.5129 -25.6543
v -0.3432 -4.5129 -26.6431
v 2.2509 -2.4730 -26.6431
v -0.3432 -2.4730 -26.6431
v 2.2509 -4.5129 -26.6431
v 0.6473 -13.8960 -21.0892
v 0.6473 -13.8960 -26.9409
v 4.0818 -11.9131 -26.9409
v 4.0818 -11.9131 -21.0892
v 4.0818 -11.9131 -21.0892
v 4.0818 -11.9131 -26.9409
v 5.1798 -0.9855 -26.9409
v 2.2509 -0.9855 -23.8255
v 2.2509 -0.9855 -26.9409
v 5.1798 -0.9855 -23.8255
v 5.1798 -0.9855 -26.9409
v 5.1798 -0.9855 -23.8255
v -1.9213 -2.8513 -53.5790
v -0.5986 -2.8513 -53.5790
v -1.9905 -5.5088 -10.5731
v -0.6681 -5.5088 -10.5355
v 13.7857 -3.0989 4.2303
v -16.4568 -4.2169 4.5935
v 13.7857 -4.2169 4.5935
v -16.4568 -3.0989 4.2303
v -16.4568 -3.0989 6.1324
v 13.7857 -3.0989 6.1324
v -16.4568 -2.4079 5.1813
v 13.7857 -2.4079 5.1813
v -16.4568 -3.0989 4.2303
v 13.7857 -3.0989 4.2303
v -2.7012 -19.2104 4.8799
v -1.3330 -19.2887 5.6660
v -1.3330 -19.2887 5.6660
v 0.0353 -19.2104 4.8799
v 0.0353 -19.0537 3.3078
v -1.3330 -18.9753 2.5218
v -2.7012 -19.0537 3.3078
v -2.7012 -21.0655 4.1512
v 0.0353 -21.0655 4.1512
v -1.3330 -19.6325 2.2636
v -1.3330 -22.7686 -3.6119
v -0.3751 -6.7219 13.9735
v -1.0227 -5.7699 15.7574
v -0.3751 -5.7699 15.7574
v -1.0227 -6.7219 13.9735
v -0.3751 -6.7219 13.9735
v -1.0227 -6.7219 13.9735
v -1.0227 -5.7397 9.9938
v -0.3751 -5.7397 9.9938
v -1.0227 -3.6284 9.9938
v -0.3751 -3.6284 9.9938
v -0.3751 -3.6284 9.9938
v -0.3751 -5.7397 9.9938
v -1.0227 -5.7397 9.9938
v -1.0227 -3.6284 9.9938
v -9.1526 -6.7219 13.9735
v -8.5050 -5.7699 15.7574
v -8.5050 -6.7219 13.9735
v -9.1526 -5.7699 15.7574
v -9.1526 -6.7219 13.9735
v -8.5050 -6.7219 13.9735
v -8.5050 -5.7397 9.9938
v -9.1526 -5.7397 9.9938
v -8.5050 -3.6284 9.9938
v -9.1526 -3.6284 9.9938
v -9.1526 -3.6284 9.9938
v -9.1526 -5.7397 9.9938
v -8.5050 -5.7397 9.9938
v -8.5050 -3.6284 9.9938
v -1.0240 -3.5883 11.1089
v -8.5069 -3.5944 11.1087
v -1.0227 -5.2520 10.8112
v -8.5055 -5.2581 10.8110
v -1.0218 -6.3416 12.1031
v -8.5047 -6.3477 12.1029
v -8.5052 -5.7737 13.6925
v -1.0223 -5.7676 13.6927
v -1.0237 -4.1039 13.9904
v -8.5066 -4.1100 13.9902
v -1.0246 -3.0143 12.6985
v -8.5074 -3.0204 12.6983
v -1.0240 -3.5883 11.1089
v -1.0232 -4.6779 12.4008
v -1.0227 -5.2520 10.8112
v -1.0232 -4.6779 12.4008
v -1.0218 -6.3416 12.1031
v -1.0232 -4.6779 12.4008
v -1.0223 -5.7676 13.6927
v -1.0232 -4.6779 12.4008
v -1.0237 -4.1039 13.9904
v -1.0232 -4.6779 12.4008
v -1.0246 -3.0143 12.6985
v -1.0232 -4.6779 12.4008
v -8.5069 -3.5944 11.1087
v -8.5060 -4.6840 12.4006
v -8.5055 -5.2581 10.8110
v -8.5060 -4.6840 12.4006
v -8.5047 -6.3477 12.1029
v -8.5060 -4.6840 12.4006
v -8.5052 -5.7737 13.6925
v -8.5060 -4.6840 12.4006
v -8.5066 -4.1100 13.9902
v -8.5060 -4.6840 12.4006
v -8.5074 -3.0204 12.6983
v -8.5060 -4.6840 12.4006
v -0.5430 -11.2125 5.4763
v -0.5430 -6.3034 5.4763
v 0.0353 -11.2125 4.8980
v -1.3330 -11.2125 5.6880
v -2.1229 -11.2125 5.4763
v -2.1229 -6.3034 5.4763
v -1.3330 -11.2125 5.6880
v -2.7012 -11.2125 4.8980
v -2.9129 -6.3034 4.1081
v -2.9129 -11.2125 4.1081
v -2.7012 -11.2125 3.3181
v -2.1229 -11.2125 2.7398
v -2.1229 -6.3034 2.7398
v -1.3330 -11.2125 2.5282
v -0.5430 -6.3034 2.7398
v -0.5430 -11.2125 2.7398
v 0.0353 -11.2125 3.3181
v 0.2470 -11.2125 4.1081
v 0.2470 -6.3034 4.1081
v -0.1452 -8.9236 -0.3092
v -0.1452 -25.8746 -0.3092
v -2.5207 -25.8746 -0.3092
v -2.5207 -8.9236 -0.3092
v -3.7085 -25.8746 -2.3665
v -3.7085 -8.9236 -2.3665
v -2.5207 -25.8746 -4.4238
v -2.5207 -8.9236 -4.4238
v -0.1452 -8.9236 -4.4238
v -0.1452 -25.8746 -4.4238
v 1.0426 -8.9236 -2.3665
v 1.0426 -25.8746 -2.3665
v 7.6956 -1.8306 19.2897
v -10.4054 -1.8306 19.2897
v 7.6956 -0.8306 20.2897
v -10.4054 -0.8306 20.2897
v 7.6956 -1.8306 21.2897
v -10.4054 -1.8306 21.2897
v 7.6956 -2.8306 20.2897
v -10.4054 -2.8306 20.2897
v 1.9036 -5.2328 -25.6543
v 1.9036 -5.4023 -9.9977
v -1.2715 -3.5692 -9.9783
v -1.2715 -3.3997 -25.6543
v -4.4467 -5.2328 -25.6543
v -4.4467 -5.4023 -9.9977
v -4.9379 -7.0659 -25.6543
v -4.9379 -7.2354 -10.0170
v 2.3948 -7.0659 -25.6543
v 2.3948 -7.2354 -10.0170
v 2.1317 0.2995 -0.2930
v -1.3330 0.2995 1.1421
v -4.7976 0.2995 -0.2929
v -6.2327 0.2995 -3.7576
v -4.7976 0.2995 -7.2222
v -1.3330 0.2995 -8.6573
v 2.1317 0.2995 -7.2222
v 3.5668 0.2995 -3.7576
v 2.8387 -0.7899 0.4141
v -1.3330 -0.7899 2.1420
v -5.5046 -0.7899 0.4141
v -7.2326 -0.7899 -3.7576
v -5.5046 -0.7899 -7.9292
v -1.3330 -0.7899 -9.6572
v 2.8387 -0.7899 -7.9292
v 4.5666 -0.7899 -3.7576
v 0.4864 -11.0193 -10.5476
v 0.4864 -0.0911 -10.5476
v 3.6377 -11.0193 -8.7282
v 3.6377 -0.0911 -8.7282
v 5.4570 -0.0911 -5.5770
v 5.4570 -11.0193 -5.5770
v 5.4570 -11.0193 -1.9382
v 5.4570 -0.0911 -1.9382
v 3.6377 -0.0911 1.2130
v 3.6377 -11.0193 1.2131
v 0.4864 -11.0193 3.0324
v 0.4864 -0.0911 3.0324
v 0.4864 -0.0911 -10.5476
v 0.1586 -0.0911 -9.3241
v 3.6377 -0.0911 -8.7282
v 2.7420 -0.0911 -7.8326
v 5.4570 -0.0911 -5.5770
v 4.2336 -0.0911 -5.2491
v 4.2336 -0.0911 -2.2660
v 5.4570 -0.0911 -1.9382
v 2.7420 -0.0911 0.3174
v 3.6377 -0.0911 1.2130
v 0.1586 -0.0911 1.8090
v 0.4864 -0.0911 3.0324
v 0.1586 -0.0911 -9.3241
v 2.7420 -0.0911 -7.8326
v 4.2336 -0.0911 -5.2491
v 4.2336 -0.0911 -2.2660
v 2.7420 -0.0911 0.3174
v 0.1586 -0.0911 1.8090
v 0.4864 -11.0193 3.0324
v 0.4864 -11.0193 -10.5476
v 3.6377 -11.0193 -8.7282
v 5.4570 -11.0193 -5.5770
v 5.4570 -11.0193 -1.9382
v 3.6377 -11.0193 1.2131
v -3.1523 -11.0193 -10.5476
v -3.1523 -0.0911 -10.5476
v -6.3036 -11.0193 -8.7282
v -6.3036 -0.0911 -8.7282
v -8.1230 -0.0911 -5.5770
v -8.1230 -11.0193 -5.5770
v -8.1230 -11.0193 -1.9382
v -8.1230 -0.0911 -1.9382
v -6.3036 -0.0911 1.2130
v -6.3036 -11.0193 1.2130
v -3.1523 -11.0193 3.0324
v -3.1523 -0.0911 3.0324
v -3.1523 -0.0911 -10.5476
v -2.8245 -0.0911 -9.3241
v -6.3036 -0.0911 -8.7282
v -5.4079 -0.0911 -7.8326
v -8.1230 -0.0911 -5.5770
v -6.8995 -0.0911 -5.2491
v -6.8995 -0.0911 -2.2660
v -8.1230 -0.0911 -1.9382
v -5.4079 -0.0911 0.3174
v -6.3036 -0.0911 1.2130
v -2.8245 -0.0911 1.8090
v -3.1523 -0.0911 3.0324
v -2.8245 -0.0911 -9.3241
v -5.4079 -0.0911 -7.8326
v -6.8995 -0.0911 -5.2491
v -6.8995 -0.0911 -2.2660
v -5.4079 -0.0911 0.3174
v -2.8245 -0.0911 1.8090
v -3.1523 -11.0193 3.0324
v -3.1523 -11.0193 -10.5476
v -6.3036 -11.0193 -8.7282
v -8.1230 -11.0193 -5.5770
v -8.1230 -11.0193 -1.9382
v -6.3036 -11.0193 1.2130
v -7.4545 -3.0313 2.7784
v 5.4004 -3.0313 2.7784
v -7.4545 -5.8430 2.7784
v 5.4004 -5.8430 2.7784
v -7.4545 -7.2488 5.2134
v 5.4004 -7.2488 5.2134
v -7.4545 -5.8430 7.6484
v 5.4004 -5.8430 7.6484
v -7.4545 -3.0313 7.6484
v 5.4004 -3.0313 7.6484
v -7.4545 -1.6254 5.2134
v 5.4004 -1.6254 5.2134
v 5.4004 -3.0313 2.7784
v 5.4004 -5.8430 2.7784
v 5.4004 -7.2488 5.2134
v 5.4004 -5.8430 7.6484
v 5.4004 -3.0313 7.6484
v 5.4004 -1.6254 5.2134
v -7.4545 -3.0313 2.7784
v -7.4545 -5.8430 2.7784
v -7.4545 -7.2488 5.2134
v -7.4545 -5.8430 7.6484
v -7.4545 -3.0313 7.6484
v -7.4545 -1.6254 5.2134
v 1.0381 -11.1182 -18.1734
v -3.5812 -11.1182 -18.1734
v -3.5812 -12.2549 -16.6431
v 1.0381 -12.2549 -16.6431
v -3.5812 -14.0615 -17.2513
v 1.0381 -14.0615 -17.2513
v 1.0381 -11.1182 -18.1734
v 1.0381 -12.2549 -16.6431
v 1.0381 -14.0615 -17.2513
v -3.5812 -11.1182 -18.1734
v -3.5812 -12.7397 -18.1905
v -3.5812 -12.2549 -16.6431
v -3.5812 -14.0615 -17.2513
v -3.5812 -12.2223 -19.7274
v 1.0381 -12.2223 -19.7274
v 1.0381 -14.0414 -19.1575
v -3.5812 -14.0414 -19.1575
v 1.0381 -12.2223 -19.7274
v 1.0381 -14.0414 -19.1575
v -3.5812 -12.7397 -18.1905
v -3.5812 -12.2223 -19.7274
v -3.5812 -12.7397 -18.1905
v -3.5812 -14.0414 -19.1575
v 5.5682 -8.5872 -17.9828
v 5.5611 -9.3720 -21.0511
v 5.5656 -9.4020 -18.2103
v 2.0563 -12.8569 -15.4982
v 5.5435 -12.8598 -15.4982
v 2.8085 -11.5669 -13.6818
v 5.5502 -11.5691 -13.6818
v 4.3739 -9.4565 -12.9709
v 5.5611 -9.4573 -12.9709
v 5.2576 -7.3310 -13.6370
v 5.5719 -7.3310 -13.6370
v 5.5435 -12.8598 -15.4982
v 5.5604 -11.0535 -16.5934
v 5.5611 -10.8431 -15.7739
v 5.5502 -11.5691 -13.6818
v 5.5630 -10.2513 -15.1695
v 5.5656 -9.4365 -14.9419
v 5.5611 -9.4573 -12.9709
v 5.5786 -6.0023 -15.4258
v 5.5701 -8.0126 -15.7440
v 5.5715 -7.7850 -16.5588
v 5.5611 -10.8431 -15.7739
v 5.5630 -10.2513 -15.1695
v 5.1138 -9.4192 -16.5761
v 5.5656 -9.4365 -14.9419
v 5.5682 -8.6171 -15.1522
v 5.5701 -8.0126 -15.7440
v 5.5715 -7.7850 -16.5588
v 5.5701 -7.9953 -17.3783
v 5.5682 -8.5872 -17.9828
v 5.5656 -9.4020 -18.2103
v 5.5630 -10.2214 -18.0000
v 5.5611 -10.8259 -17.4082
v 5.5604 -11.0535 -16.5934
v 5.5611 -10.8259 -17.4082
v 5.5682 -8.6171 -15.1522
v 5.5719 -7.3310 -13.6370
v 5.5786 -6.0023 -15.4258
v 5.1546 -6.0023 -15.4258
v 5.5611 -9.3720 -21.0511
v 2.0563 -9.3720 -21.0511
v 2.0563 -9.3720 -21.0511
v 2.0563 -9.3779 -20.4855
v 2.0563 -12.9831 -20.5236
v 2.0563 -12.8569 -15.4982
v 2.0563 -12.0371 -20.5136
v 2.0563 -12.9831 -20.5236
v 2.0563 -12.9831 -20.5236
v 5.5701 -7.9953 -17.3783
v 5.5630 -10.2214 -18.0000
v -8.2393 -8.5872 -17.9828
v -8.2322 -9.3720 -21.0511
v -8.2367 -9.4020 -18.2103
v -4.7274 -12.8569 -15.4982
v -8.2146 -12.8598 -15.4982
v -5.4796 -11.5669 -13.6818
v -8.2213 -11.5691 -13.6818
v -7.0450 -9.4565 -12.9709
v -8.2322 -9.4573 -12.9709
v -7.9287 -7.3310 -13.6370
v -8.2430 -7.3310 -13.6370
v -8.2146 -12.8598 -15.4982
v -8.2322 -10.8432 -15.7739
v -8.2315 -11.0535 -16.5934
v -8.2213 -11.5691 -13.6818
v -8.2341 -10.2513 -15.1695
v -8.2367 -9.4365 -14.9419
v -8.2322 -9.4573 -12.9709
v -8.2497 -6.0023 -15.4258
v -8.2426 -7.7850 -16.5588
v -8.2412 -8.0126 -15.7440
v -8.2322 -10.8432 -15.7739
v -7.7849 -9.4192 -16.5761
v -8.2341 -10.2513 -15.1695
v -8.2367 -9.4365 -14.9419
v -8.2393 -8.6171 -15.1522
v -8.2412 -8.0126 -15.7440
v -8.2426 -7.7850 -16.5588
v -8.2412 -7.9953 -17.3783
v -8.2393 -8.5872 -17.9828
v -8.2367 -9.4020 -18.2103
v -8.2341 -10.2214 -18.0000
v -8.2322 -10.8259 -17.4082
v -8.2315 -11.0535 -16.5934
v -8.2322 -10.8259 -17.4082
v -8.2393 -8.6171 -15.1522
v -8.2430 -7.3310 -13.6370
v -8.2497 -6.0023 -15.4258
v -7.8257 -6.0023 -15.4258
v -8.2322 -9.3720 -21.0511
v -4.7274 -9.3720 -21.0511
v -4.7274 -9.3720 -21.0511
v -4.7274 -9.3780 -20.4855
v -4.7274 -12.9831 -20.5236
v -4.7274 -12.9831 -20.5236
v -4.7274 -12.8569 -15.4982
v -4.7274 -12.9831 -20.5236
v -8.2412 -7.9953 -17.3783
v -8.2341 -10.2214 -18.0000
v -1.2715 -13.4545 -20.2322
v -3.0548 -13.2161 -21.0739
v -3.0548 -13.2198 -20.2297
v 0.5117 -13.2161 -21.0739
v 0.5117 -13.2198 -20.2297
v 0.2261 -8.0588 -21.0194
v 3.6004 -11.4329 -21.0550
v 0.5117 -13.2161 -21.0739
v 0.2261 -8.1909 -8.0206
v 3.6004 -11.5650 -8.0563
v 3.6004 -11.5650 -8.0563
v 3.6004 -11.5063 -13.6092
v 0.2261 -8.1909 -8.0206
v 0.2261 -8.0588 -21.0194
v 1.2531 -12.9127 -20.2264
v 2.1735 -12.5278 -21.0666
v -1.2715 -13.4545 -20.2322
v 0.5117 -13.2198 -20.2297
v -3.3174 -7.1094 -21.0094
v -7.9268 -8.3444 -21.0224
v -3.0548 -13.2161 -21.0739
v -1.8197 -8.6070 -21.0252
v -3.0548 -13.3482 -8.0751
v -1.8197 -8.7391 -8.0264
v -3.3174 -7.2415 -8.0106
v -7.9268 -8.4765 -8.0236
v -3.0548 -13.2731 -15.1807
v -3.0548 -13.3482 -8.0751
v -7.9268 -8.4191 -13.4542
v -7.9268 -8.4765 -8.0236
v -8.1616 -6.0501 -7.9980
v -3.3896 -5.9180 -20.9968
v -3.3174 -7.2415 -8.0106
v -3.3896 -6.0501 -7.9980
v -3.3174 -7.1094 -21.0094
v -1.8197 -8.7391 -8.0264
v -1.8197 -8.6070 -21.0252
v -3.7962 -12.9127 -20.2264
v -4.7166 -12.5278 -21.0666
v -3.0548 -13.2731 -15.1807
v -3.0548 -13.2198 -20.2297
v 13.6696 -3.8525 -31.5270
v 14.8806 -3.8525 -31.5270
v 14.3183 0.0000 18.6798
v 14.3183 -5.9097 18.6798
v 10.1256 0.0000 25.9416
v 10.1257 -5.9097 25.9416
v 13.1586 0.0000 18.3690
v 14.3183 0.0000 18.6798
v 9.2767 0.0000 25.0927
v 10.1256 0.0000 25.9416
v 13.1586 0.0000 18.3690
v 13.1586 -5.9097 18.3690
v 9.2767 0.0000 25.0927
v 9.2767 -5.9097 25.0926
v 14.8780 -5.9097 14.5859
v 2.8612 -3.8525 -53.9487
v 2.8612 0.0000 -53.9487
v 10.1231 0.0000 -49.7561
v 10.1231 -3.8525 -49.7561
v 14.3157 0.0000 -42.4942
v 14.3157 -3.8525 -42.4942
v 2.5504 0.0000 -52.7890
v 2.8612 0.0000 -53.9487
v 10.1231 0.0000 -49.7561
v 9.2741 0.0000 -48.9071
v 14.3157 0.0000 -42.4942
v 13.1560 0.0000 -42.1834
v 2.5504 -3.8525 -52.7890
v 2.5504 0.0000 -52.7890
v 9.2741 -3.8525 -48.9071
v 9.2741 0.0000 -48.9071
v 13.1560 -3.8525 -42.1834
v 13.1560 0.0000 -42.1834
v 14.8780 -5.9097 14.5859
v 10.1257 -5.9097 25.9416
v 9.2767 -5.9097 25.0926
v 14.3183 -5.9097 18.6798
v 13.1586 -5.9097 18.3690
v 14.8806 -3.8525 -31.5270
v 13.6696 -3.8525 -31.5270
v 2.5504 -3.8525 -52.7890
v 2.8612 -3.8525 -53.9487
v 10.1231 -3.8525 -49.7561
v 9.2741 -3.8525 -48.9071
v 14.3157 -3.8525 -42.4942
v 13.1560 -3.8525 -42.1834
v -16.3356 -3.8525 -31.5270
v -17.5465 -3.8525 -31.5270
v -16.9842 -0.0000 18.6798
v -16.9842 -5.9097 18.6798
v -12.7916 -0.0000 25.9416
v -12.7916 -5.9097 25.9416
v -15.8245 -0.0000 18.3690
v -16.9842 -0.0000 18.6798
v -11.9426 -0.0000 25.0927
v -12.7916 -0.0000 25.9416
v -15.8245 -0.0000 18.3690
v -15.8245 -5.9097 18.3690
v -11.9426 -0.0000 25.0927
v -11.9426 -5.9097 25.0926
v -5.5271 -3.8525 -53.9487
v -5.5271 0.0000 -53.9487
v -12.7890 0.0000 -49.7561
v -12.7890 -3.8525 -49.7561
v -16.9816 -0.0000 -42.4942
v -16.9816 -3.8525 -42.4942
v -5.2164 0.0000 -52.7890
v -5.5271 0.0000 -53.9487
v -12.7890 0.0000 -49.7561
v -11.9400 -0.0000 -48.9071
v -16.9816 -0.0000 -42.4942
v -15.8219 -0.0000 -42.1834
v -5.2164 -3.8525 -52.7890
v -5.2164 0.0000 -52.7890
v -11.9400 -3.8525 -48.9071
v -11.9400 -0.0000 -48.9071
v -15.8219 -3.8525 -42.1834
v -15.8219 -0.0000 -42.1834
v -12.7916 -5.9097 25.9416
v -11.9426 -5.9097 25.0926
v -16.9842 -5.9097 18.6798
v -15.8245 -5.9097 18.3690
v -17.5465 -3.8525 -31.5270
v -16.3356 -3.8525 -31.5270
v -5.2164 -3.8525 -52.7890
v -5.5271 -3.8525 -53.9487
v -12.7890 -3.8525 -49.7561
v -11.9400 -3.8525 -48.9071
v -16.9816 -3.8525 -42.4942
v -15.8219 -3.8525 -42.1834
v -1.3355 -14.1571 -26.9409
v -1.3355 -14.1571 -21.0892
v -5.1662 -13.1307 -26.9409
v -5.1662 -13.1307 -21.0892
v -7.9704 -10.3264 -21.0892
v -7.9704 -10.3264 -26.9409
v -8.9968 -6.4958 -21.0892
v -8.9968 -6.4958 -26.9409
v -7.7497 -4.5129 -23.8255
v -1.3355 -14.1571 -21.0892
v -5.1662 -13.1307 -21.0892
v -7.9704 -10.3264 -21.0892
v -8.9968 -6.4958 -21.0892
v -1.3355 -14.1571 -26.9409
v -1.3355 -6.4958 -26.9409
v -5.1662 -13.1307 -26.9409
v -7.9704 -10.3264 -26.9409
v -8.9968 -6.4958 -26.9409
v -8.7358 -4.5129 -23.8255
v -7.8509 -2.7482 -26.9409
v -7.8509 -2.7482 -23.8255
v -8.7358 -4.5129 -26.9409
v -7.8509 -2.7482 -23.8255
v -7.8509 -0.9855 -26.9409
v -7.8509 -0.9855 -23.8255
v -7.8509 -2.7482 -26.9409
v -7.8509 -2.7482 -26.9409
v -7.8509 -2.7482 -23.8255
v -7.7497 -4.5129 -23.8255
v 2.4951 -13.1307 -26.9409
v 2.4951 -13.1306 -21.0892
v 5.2993 -10.3264 -21.0892
v 5.2993 -10.3264 -26.9409
v 6.3257 -6.4958 -21.0892
v 6.3257 -6.4958 -26.9409
v 5.0786 -4.5129 -23.8255
v 2.4951 -13.1306 -21.0892
v 5.2993 -10.3264 -21.0892
v 6.3257 -6.4958 -21.0892
v 2.4951 -13.1307 -26.9409
v 5.2993 -10.3264 -26.9409
v 6.3257 -6.4958 -26.9409
v 5.1798 -2.7482 -26.9409
v 6.0647 -4.5129 -23.8255
v 5.1798 -2.7482 -23.8255
v 6.0647 -4.5129 -26.9409
v 5.1798 -0.9855 -26.9409
v 5.1798 -2.7482 -23.8255
v 5.1798 -0.9855 -23.8255
v 5.1798 -2.7482 -26.9409
v 5.1798 -2.7482 -26.9409
v 5.1798 -2.7482 -23.8255
v 5.0786 -4.5129 -23.8255
v -0.7333 -0.1937 -35.9415
v -2.0561 -0.1937 -35.9415
v -0.7333 -5.5088 -35.9415
v -2.0561 -5.5088 -35.9415
v -2.0561 -0.1937 -35.9415
v -2.0561 -5.5088 -35.9415
v -0.7333 -5.5088 -35.9415
v -2.0561 -5.5088 -35.9415
v -0.7333 -0.1937 -35.9415
v -0.7333 -5.5088 -35.9415
v -2.9129 -14.3805 4.1081
v -2.7012 -14.3805 4.8980
v -2.1229 -14.3805 5.4763
v -1.3330 -14.3805 5.6880
v -0.5430 -14.3805 5.4763
v -1.3330 -14.3805 5.6880
v 0.0353 -14.3805 4.8980
v 0.2470 -14.3805 4.1081
v 0.0353 -14.3805 3.3181
v -0.5430 -14.3805 2.7398
v -1.3330 -14.3805 2.5282
v -2.1229 -14.3805 2.7398
v -2.7012 -14.3805 3.3181
v -2.7012 -17.5485 4.8980
v -2.9129 -19.1320 4.0939
v -2.9129 -17.5485 4.1081
v -2.1229 -17.5485 5.4763
v -2.1229 -19.2677 5.4554
v -1.3330 -17.5485 5.6880
v -1.3330 -17.5485 5.6880
v -0.5430 -19.2677 5.4554
v -0.5430 -17.5485 5.4763
v 0.0353 -17.5485 4.8980
v 0.2470 -19.1320 4.0939
v 0.2470 -17.5485 4.1081
v 0.0353 -17.5485 3.3181
v -0.5430 -18.9963 2.7324
v -0.5430 -17.5485 2.7398
v -1.3330 -17.5485 2.5282
v -2.1229 -17.5485 2.7398
v -2.1229 -18.9963 2.7324
v -2.7012 -17.5485 3.3181
v -2.9129 -20.5878 3.5220
v -2.7012 -22.2469 2.6378
v -2.9129 -21.5429 2.2795
v -2.1229 -22.7622 2.9001
v -2.1229 -21.4151 4.6118
v -1.3330 -22.9509 2.9961
v -0.5430 -21.4151 4.6118
v -1.3330 -22.9509 2.9961
v -0.5430 -22.7622 2.9001
v 0.0353 -22.2469 2.6378
v 0.2470 -20.5878 3.5220
v 0.2470 -21.5429 2.2795
v 0.0353 -20.8388 1.9212
v -0.5430 -19.7605 2.4322
v -0.5430 -20.3235 1.6589
v -1.3330 -20.1348 1.5628
v -2.1229 -20.3235 1.6589
v -2.1229 -19.7605 2.4322
v -2.7012 -20.8388 1.9212
v -2.9129 -22.2613 0.8678
v -2.7012 -22.9654 1.2261
v -2.1229 -23.4807 1.4884
v -1.3330 -23.6694 1.5845
v -0.5430 -23.4807 1.4884
v -1.3330 -23.6694 1.5845
v 0.0353 -22.9654 1.2261
v 0.2470 -22.2613 0.8678
v 0.0353 -21.5573 0.5095
v -0.5430 -21.0420 0.2472
v -1.3330 -20.8533 0.1512
v -2.1229 -21.0420 0.2472
v -2.7012 -21.5573 0.5095
v -2.1229 -25.3960 -2.2746
v -2.7012 -24.8806 -2.5369
v -2.1229 -25.3960 -2.2746
v -1.3329 -25.5846 -2.1786
v -0.5430 -25.3960 -2.2746
v -1.3329 -25.5846 -2.1786
v -0.5430 -25.3960 -2.2746
v 0.0353 -24.8806 -2.5369
v 0.0353 -24.8806 -2.5369
v 0.2469 -24.1766 -2.8952
v 0.2469 -24.1766 -2.8952
v 0.0353 -23.4726 -3.2535
v 0.0353 -23.4726 -3.2535
v -0.5430 -22.9572 -3.5158
v -0.5430 -22.9572 -3.5158
v -2.1229 -22.9572 -3.5158
v -2.1229 -22.9572 -3.5158
v -2.9129 -24.1766 -2.8952
v -2.9129 -24.1766 -2.8952
v -2.7012 -24.8806 -2.5369
v -8.5050 -6.7218 10.4057
v -9.1526 -6.7219 13.9735
v -8.5050 -6.7219 13.9735
v -9.1526 -6.7218 10.4057
v -0.3751 -6.7218 10.4057
v -1.0227 -6.7219 13.9735
v -0.3751 -6.7219 13.9735
v -1.0227 -6.7218 10.4057
v -2.0853 -2.2664 13.4525
v -2.0702 -3.7629 13.2053
v -7.3881 -2.3657 13.4174
v -7.3730 -3.8622 13.1702
v -2.0673 -3.7947 13.1832
v -2.1228 -2.4517 13.6714
v -7.4216 -2.6459 13.6015
v -7.3661 -3.9890 13.1133
v -2.0736 -1.9900 13.0845
v -2.0717 -3.9693 5.2437
v -2.0732 -2.1572 5.2052
v -2.0722 -3.7881 12.9441
v -7.3803 -1.9943 13.0843
v -7.3716 -3.9736 5.2415
v -7.3789 -3.7924 12.9439
v -7.3730 -2.1615 5.2031
v -7.3730 -2.1615 5.2031
v -2.0717 -3.9693 5.2437
v -7.3716 -3.9736 5.2415
v -2.0732 -2.1572 5.2052
v -2.0853 -2.2664 13.4525
v -7.3881 -2.3657 13.4174
v -2.1228 -2.4517 13.6714
v -7.4216 -2.6459 13.6015
v -2.0732 -2.1572 5.2052
v -7.3803 -1.9943 13.0843
v -2.0736 -1.9900 13.0845
v -7.3730 -2.1615 5.2031
v -2.0722 -3.7881 12.9441
v -7.3716 -3.9736 5.2415
v -7.3789 -3.7924 12.9439
v -2.0717 -3.9693 5.2437
v -2.0702 -3.7629 13.2053
v -7.3661 -3.9890 13.1133
v -2.0673 -3.7947 13.1832
v -7.3730 -3.8622 13.1702
v -7.3730 -3.8622 13.1702
v -2.0702 -3.7629 13.2053
vt 0.0301 0.9938
vt 0.0271 0.9693
vt 0.0301 0.9693
vt 0.0271 0.9938
vt 0.0271 0.9938
vt 0.0271 0.9693
vt 0.0178 0.9938
vt 0.0394 0.9938
vt 0.0488 0.9938
vt 0.0085 0.9938
vt 0.0301 0.9938
vt 0.0301 0.9693
vt 0.0488 0.9693
vt 0.0085 0.9693
vt 0.0301 0.9938
vt 0.0271 0.9693
vt 0.0271 0.9938
vt 0.0301 0.9693
vt 0.0271 0.9938
vt 0.0271 0.9693
vt 0.0178 0.9938
vt 0.0394 0.9938
vt 0.0488 0.9938
vt 0.0085 0.9938
vt 0.0301 0.9938
vt 0.0301 0.9693
vt 0.0488 0.9693
vt 0.0085 0.9693
vt 0.3163 0.4765
vt 0.3163 0.4562
vt 0.3254 0.4765
vt 0.3254 0.4562
vt 0.3345 0.4562
vt 0.3345 0.4765
vt 0.3436 0.4561
vt 0.3436 0.4765
vt 0.3163 0.4562
vt 0.3254 0.4562
vt 0.3242 0.4521
vt 0.3345 0.4562
vt 0.3333 0.4518
vt 0.3436 0.4561
vt 0.3426 0.4520
vt 0.3172 0.4808
vt 0.3163 0.4765
vt 0.3254 0.4765
vt 0.3266 0.4808
vt 0.3345 0.4765
vt 0.3356 0.4805
vt 0.3436 0.4765
vt 0.3110 0.4561
vt 0.2637 0.4561
vt 0.2795 0.4561
vt 0.2952 0.4561
vt 0.1969 0.3948
vt 0.1969 0.4733
vt 0.2022 0.4733
vt 0.2022 0.3948
vt 0.2076 0.4733
vt 0.2076 0.3948
vt 0.2129 0.4733
vt 0.2129 0.3948
vt 0.2183 0.4733
vt 0.2183 0.3948
vt 0.4826 0.8271
vt 0.5494 0.8271
vt 0.5494 0.8433
vt 0.4826 0.8433
vt 0.4918 0.9581
vt 0.2415 0.5968
vt 0.2213 0.6333
vt 0.2415 0.6333
vt 0.1992 0.5968
vt 0.2415 0.6333
vt 0.2590 0.5968
vt 0.2415 0.5968
vt 0.2590 0.6333
vt 0.1992 0.5968
vt 0.2415 0.5922
vt 0.1992 0.5922
vt 0.2415 0.5968
vt 0.2213 0.6333
vt 0.2374 0.6378
vt 0.2415 0.6333
vt 0.2213 0.6379
vt 0.2590 0.5968
vt 0.2590 0.5922
vt 0.2590 0.6333
vt 0.2439 0.6389
vt 0.2590 0.6389
vt 0.2590 0.6333
vt 0.2631 0.5968
vt 0.2590 0.5968
vt 0.2631 0.6333
vt 0.3208 0.6261
vt 0.2785 0.6449
vt 0.3208 0.6449
vt 0.2785 0.6261
vt 0.3208 0.6449
vt 0.3383 0.6261
vt 0.3208 0.6261
vt 0.3383 0.6449
vt 0.2785 0.6261
vt 0.3208 0.6215
vt 0.2785 0.6215
vt 0.3208 0.6261
vt 0.2785 0.6449
vt 0.3167 0.6468
vt 0.3208 0.6449
vt 0.2785 0.6468
vt 0.3383 0.6261
vt 0.3383 0.6215
vt 0.3383 0.6449
vt 0.3232 0.6473
vt 0.3383 0.6473
vt 0.3383 0.6449
vt 0.3424 0.6261
vt 0.3383 0.6261
vt 0.3424 0.6449
vt 0.2500 0.9333
vt 0.2582 0.9416
vt 0.2343 0.9332
vt 0.2343 0.9332
vt 0.2343 0.9288
vt 0.2498 0.9811
vt 0.2223 0.9810
vt 0.2582 0.9728
vt 0.2223 0.9810
vt 0.2223 0.9854
vt 0.4016 0.7998
vt 0.4016 0.8475
vt 0.3707 0.8475
vt 0.3707 0.7998
vt 0.3398 0.7998
vt 0.3398 0.8475
vt 0.3088 0.7998
vt 0.3088 0.8475
vt 0.4009 0.7945
vt 0.4016 0.7998
vt 0.3707 0.7998
vt 0.3707 0.7945
vt 0.3398 0.7945
vt 0.3398 0.7998
vt 0.3095 0.7945
vt 0.3088 0.7998
vt 0.4009 0.7945
vt 0.3552 0.7654
vt 0.3707 0.7945
vt 0.3398 0.7945
vt 0.3095 0.7945
vt 0.3707 0.8475
vt 0.3707 0.7998
vt 0.3398 0.7998
vt 0.3398 0.8475
vt 0.3707 0.7998
vt 0.3707 0.7945
vt 0.3398 0.7945
vt 0.3398 0.7998
vt 0.3707 0.7945
vt 0.3398 0.7945
vt 0.2093 0.9241
vt 0.1659 0.9241
vt 0.1659 0.9345
vt 0.2093 0.9345
vt 0.1659 0.9657
vt 0.2093 0.9657
vt 0.1659 0.9762
vt 0.2093 0.9762
vt 0.1659 0.9866
vt 0.2093 0.9866
vt 0.1428 0.9395
vt 0.1374 0.9302
vt 0.1428 0.9209
vt 0.1535 0.9209
vt 0.1589 0.9302
vt 0.1535 0.9395
vt 0.1427 0.9396
vt 0.1373 0.9303
vt 0.1427 0.9210
vt 0.1534 0.9210
vt 0.1587 0.9303
vt 0.1534 0.9396
vt 0.1216 0.5503
vt 0.1508 0.5541
vt 0.1508 0.5503
vt 0.1216 0.5541
vt 0.1216 0.5541
vt 0.1508 0.5725
vt 0.1508 0.5541
vt 0.1216 0.5725
vt 0.1216 0.5725
vt 0.1508 0.5763
vt 0.1508 0.5725
vt 0.1216 0.5763
vt 0.1216 0.5763
vt 0.1508 0.5947
vt 0.1508 0.5763
vt 0.1216 0.5947
vt 0.1529 0.5775
vt 0.1877 0.5823
vt 0.1876 0.5771
vt 0.1531 0.5943
vt 0.1527 0.5559
vt 0.1890 0.5627
vt 0.1542 0.5514
vt 0.1875 0.5672
vt 0.1529 0.5728
vt 0.1875 0.5672
vt 0.1527 0.5559
vt 0.1876 0.5724
vt 0.1529 0.5775
vt 0.1876 0.5724
vt 0.1529 0.5728
vt 0.1876 0.5771
vt 0.1911 0.8245
vt 0.1814 0.8373
vt 0.1814 0.8245
vt 0.1911 0.8373
vt 0.1814 0.8245
vt 0.0958 0.8373
vt 0.0958 0.8245
vt 0.1814 0.8373
vt 0.0958 0.8245
vt 0.0861 0.8373
vt 0.0861 0.8245
vt 0.0958 0.8373
vt 0.0958 0.8147
vt 0.1814 0.8019
vt 0.1814 0.8147
vt 0.0958 0.8019
vt 0.1814 0.8471
vt 0.0958 0.8373
vt 0.1814 0.8373
vt 0.0958 0.8471
vt 0.0958 0.8147
vt 0.1814 0.8245
vt 0.0958 0.8245
vt 0.1814 0.8147
vt 0.1911 0.8245
vt 0.1814 0.8373
vt 0.1911 0.8373
vt 0.1814 0.8245
vt 0.1814 0.8245
vt 0.0958 0.8373
vt 0.1814 0.8373
vt 0.0958 0.8245
vt 0.0958 0.8245
vt 0.0861 0.8373
vt 0.0958 0.8373
vt 0.0861 0.8245
vt 0.0958 0.8147
vt 0.1814 0.8019
vt 0.0958 0.8019
vt 0.1814 0.8147
vt 0.1814 0.8471
vt 0.0958 0.8373
vt 0.0958 0.8471
vt 0.1814 0.8373
vt 0.0958 0.8147
vt 0.1814 0.8245
vt 0.1814 0.8147
vt 0.0958 0.8245
vt 0.1194 0.7732
vt 0.1151 0.7815
vt 0.1194 0.7844
vt 0.1151 0.7732
vt 0.1856 0.7883
vt 0.1814 0.7879
vt 0.1845 0.7883
vt 0.1835 0.7798
vt 0.1856 0.7799
vt 0.1740 0.7823
vt 0.1809 0.7772
vt 0.1366 0.7306
vt 0.1428 0.7085
vt 0.1124 0.6951
vt 0.1357 0.7011
vt 0.1354 0.6954
vt 0.1134 0.7068
vt 0.1022 0.7568
vt 0.1022 0.7305
vt 0.0904 0.7305
vt 0.0935 0.7651
vt 0.0904 0.7909
vt 0.0935 0.7909
vt 0.2773 0.7729
vt 0.3003 0.8331
vt 0.3003 0.7728
vt 0.2773 0.8331
vt 0.2773 0.8331
vt 0.2716 0.7730
vt 0.2716 0.8330
vt 0.2773 0.7729
vt 0.2610 0.7729
vt 0.2610 0.8330
vt 0.1328 0.7649
vt 0.1280 0.7616
vt 0.1274 0.7615
vt 0.1323 0.7647
vt 0.1151 0.7732
vt 0.1039 0.7815
vt 0.1151 0.7815
vt 0.1039 0.7732
vt 0.1151 0.7732
vt 0.1151 0.7688
vt 0.1039 0.7732
vt 0.1039 0.7688
vt 0.0995 0.7732
vt 0.1039 0.7815
vt 0.1039 0.7732
vt 0.0995 0.7844
vt 0.1855 0.7641
vt 0.1856 0.7724
vt 0.1844 0.7641
vt 0.1818 0.7736
vt 0.1759 0.7676
vt 0.1739 0.7702
vt 0.1685 0.7224
vt 0.1527 0.7061
vt 0.1784 0.6963
vt 0.1558 0.6960
vt 0.1622 0.7642
vt 0.1575 0.7646
vt 0.1962 0.7649
vt 0.1992 0.7902
vt 0.1962 0.7902
vt 0.2397 0.7733
vt 0.2170 0.8327
vt 0.2397 0.8327
vt 0.2170 0.7733
vt 0.2506 0.7733
vt 0.2506 0.8327
vt 0.1039 0.7815
vt 0.1039 0.7867
vt 0.1151 0.7815
vt 0.1151 0.7867
vt 0.1134 0.7873
vt 0.0682 0.7065
vt 0.0425 0.8732
vt 0.0680 0.8713
vt 0.0592 0.6940
vt 0.0201 0.6949
vt 0.0373 0.8735
vt 0.0372 0.6733
vt 0.0119 0.8766
vt 0.0372 0.6733
vt 0.0425 0.8732
vt 0.0425 0.6733
vt 0.0373 0.8735
vt 0.0425 0.6733
vt 0.0470 0.9086
vt 0.0253 0.9212
vt 0.0539 0.9521
vt 0.0705 0.9326
vt 0.0515 0.9060
vt 0.0470 0.9086
vt 0.0656 0.9222
vt 0.0705 0.9326
vt 0.0736 0.8936
vt 0.0515 0.9060
vt 0.0836 0.9042
vt 0.0656 0.9222
vt 0.0120 0.7065
vt 0.0739 0.9285
vt 0.1002 0.9570
vt 0.1036 0.9530
vt 0.0902 0.9087
vt 0.1036 0.9530
vt 0.1199 0.9331
vt 0.0739 0.9285
vt 0.0839 0.9768
vt 0.0705 0.9326
vt 0.0539 0.9521
vt 0.1002 0.9570
vt 0.1319 0.9763
vt 0.1286 0.9803
vt 0.1036 0.9530
vt 0.1036 0.9530
vt 0.1482 0.9564
vt 0.1199 0.9331
vt 0.1319 0.9763
vt 0.1051 0.9937
vt 0.1002 0.9570
vt 0.0839 0.9768
vt 0.1286 0.9803
vt 0.1076 0.5735
vt 0.1048 0.5570
vt 0.0470 0.6084
vt 0.0330 0.6001
vt 0.1076 0.5735
vt 0.1076 0.5787
vt 0.0470 0.6084
vt 0.0515 0.6110
vt 0.1076 0.5787
vt 0.1098 0.5953
vt 0.0660 0.6192
vt 0.0515 0.6110
vt 0.0425 0.8732
vt 0.0682 0.7065
vt 0.0680 0.8713
vt 0.0592 0.6940
vt 0.0201 0.6949
vt 0.0373 0.8735
vt 0.0119 0.8766
vt 0.0372 0.6733
vt 0.0372 0.6733
vt 0.0425 0.8732
vt 0.0373 0.8735
vt 0.0425 0.6733
vt 0.0425 0.6733
vt 0.0470 0.9086
vt 0.0253 0.9212
vt 0.0539 0.9521
vt 0.0705 0.9326
vt 0.0515 0.9060
vt 0.0470 0.9086
vt 0.0656 0.9222
vt 0.0705 0.9326
vt 0.0736 0.8936
vt 0.0515 0.9060
vt 0.0836 0.9042
vt 0.0656 0.9222
vt 0.0120 0.7065
vt 0.0116 0.8736
vt 0.0739 0.9285
vt 0.1002 0.9570
vt 0.1036 0.9530
vt 0.1036 0.9530
vt 0.0902 0.9087
vt 0.1199 0.9331
vt 0.0739 0.9285
vt 0.0705 0.9326
vt 0.0839 0.9768
vt 0.0539 0.9521
vt 0.1002 0.9570
vt 0.1036 0.9530
vt 0.1036 0.9530
vt 0.1199 0.9331
vt 0.1002 0.9570
vt 0.0839 0.9768
vt 0.0470 0.6084
vt 0.0330 0.6001
vt 0.0470 0.6084
vt 0.0515 0.6110
vt 0.0660 0.6192
vt 0.0515 0.6110
vt 0.1880 0.6851
vt 0.1880 0.6532
vt 0.2098 0.6681
vt 0.2098 0.6532
vt 0.1576 0.6050
vt 0.1426 0.6050
vt 0.2088 0.6347
vt 0.1684 0.6455
vt 0.1792 0.6051
vt 0.1576 0.6050
vt 0.1576 0.6458
vt 0.0743 0.6346
vt 0.1039 0.6050
vt 0.1256 0.6050
vt 0.2475 0.6681
vt 0.2680 0.6851
vt 0.2680 0.6681
vt 0.2475 0.6851
vt 0.1256 0.6456
vt 0.1426 0.6259
vt 0.1256 0.6259
vt 0.1576 0.6458
vt 0.1256 0.6456
vt 0.1256 0.6259
vt 0.2315 0.7011
vt 0.2110 0.7011
vt 0.2098 0.6851
vt 0.2315 0.6521
vt 0.2110 0.6521
vt 0.2098 0.6681
vt 0.2098 0.6851
vt 0.1880 0.6851
vt 0.1880 0.6532
vt 0.2098 0.6681
vt 0.2098 0.6532
vt 0.1576 0.6050
vt 0.1426 0.6050
vt 0.2088 0.6347
vt 0.1792 0.6051
vt 0.1576 0.6050
vt 0.0742 0.6562
vt 0.1036 0.6860
vt 0.1252 0.6862
vt 0.2680 0.6851
vt 0.2475 0.6681
vt 0.2680 0.6681
vt 0.2475 0.6851
vt 0.1426 0.6259
vt 0.1256 0.6458
vt 0.1256 0.6259
vt 0.1254 0.6654
vt 0.2315 0.7011
vt 0.2110 0.7011
vt 0.2098 0.6851
vt 0.2315 0.6521
vt 0.2110 0.6521
vt 0.2098 0.6681
vt 0.2098 0.6851
vt 0.0995 0.8793
vt 0.0994 0.8854
vt 0.2997 0.8554
vt 0.2995 0.8801
vt 0.2996 0.9110
vt 0.2997 0.8863
vt 0.2995 0.8801
vt 0.2997 0.8863
vt 0.0996 0.8669
vt 0.0995 0.8793
vt 0.0994 0.8978
vt 0.0994 0.8854
vt 0.2406 0.5391
vt 0.2406 0.3933
vt 0.2637 0.5165
vt 0.3110 0.5165
vt 0.2952 0.5165
vt 0.2795 0.5165
vt 0.2795 0.5507
vt 0.0178 0.9746
vt 0.0394 0.9746
vt 0.0488 0.9693
vt 0.0498 0.9664
vt 0.0394 0.9638
vt 0.0394 0.9668
vt 0.0289 0.9665
vt 0.0301 0.9693
vt 0.0394 0.9668
vt 0.0178 0.9668
vt 0.0178 0.9746
vt 0.0394 0.9746
vt 0.0488 0.9693
vt 0.0498 0.9664
vt 0.0394 0.9638
vt 0.0394 0.9668
vt 0.0289 0.9665
vt 0.0301 0.9693
vt 0.0394 0.9668
vt 0.0178 0.9668
vt 0.3208 0.4765
vt 0.3208 0.4561
vt 0.3299 0.4562
vt 0.3299 0.4765
vt 0.3390 0.4561
vt 0.3390 0.4765
vt 0.3208 0.4561
vt 0.3198 0.4521
vt 0.3299 0.4562
vt 0.3286 0.4520
vt 0.3390 0.4561
vt 0.3379 0.4518
vt 0.3208 0.4765
vt 0.3220 0.4809
vt 0.3299 0.4765
vt 0.3312 0.4806
vt 0.3390 0.4765
vt 0.3400 0.4806
vt 0.3031 0.4561
vt 0.2716 0.4561
vt 0.2873 0.4561
vt 0.2102 0.5370
vt 0.2102 0.4828
vt 0.2195 0.4828
vt 0.2195 0.5370
vt 0.1632 0.4828
vt 0.1632 0.5370
vt 0.1726 0.5370
vt 0.1726 0.4828
vt 0.1820 0.5370
vt 0.1820 0.4828
vt 0.1914 0.5370
vt 0.1914 0.4828
vt 0.2008 0.4828
vt 0.2008 0.5370
vt 0.4918 0.9835
vt 0.5092 0.9761
vt 0.5164 0.9581
vt 0.5092 0.9401
vt 0.4918 0.9327
vt 0.4743 0.9401
vt 0.4671 0.9581
vt 0.4743 0.9761
vt 0.4918 0.9965
vt 0.5181 0.9852
vt 0.5290 0.9581
vt 0.5181 0.9310
vt 0.4918 0.9198
vt 0.4654 0.9310
vt 0.4545 0.9581
vt 0.4654 0.9852
vt 0.2213 0.5547
vt 0.2415 0.5922
vt 0.2415 0.5547
vt 0.1992 0.5922
vt 0.2415 0.5547
vt 0.2590 0.5922
vt 0.2590 0.5547
vt 0.2415 0.5922
vt 0.3006 0.5840
vt 0.3208 0.6215
vt 0.3208 0.5840
vt 0.2785 0.6215
vt 0.3208 0.5840
vt 0.3383 0.6215
vt 0.3383 0.5840
vt 0.3208 0.6215
vt 0.2710 0.9333
vt 0.2763 0.9546
vt 0.2764 0.9333
vt 0.2626 0.9545
vt 0.2626 0.9414
vt 0.2626 0.9545
vt 0.2582 0.9416
vt 0.2582 0.9545
vt 0.2626 0.9414
vt 0.2582 0.9545
vt 0.2342 0.9545
vt 0.2506 0.9290
vt 0.2500 0.9333
vt 0.2608 0.9353
vt 0.2571 0.9374
vt 0.2540 0.9343
vt 0.2561 0.9307
vt 0.2637 0.9375
vt 0.2668 0.9344
vt 0.2571 0.9374
vt 0.2540 0.9343
vt 0.2709 0.9812
vt 0.2625 0.9731
vt 0.2881 0.9813
vt 0.2625 0.9731
vt 0.2582 0.9728
vt 0.2504 0.9854
vt 0.2498 0.9811
vt 0.2607 0.9791
vt 0.2570 0.9769
vt 0.2559 0.9837
vt 0.2538 0.9800
vt 0.2667 0.9800
vt 0.2636 0.9770
vt 0.2570 0.9769
vt 0.2538 0.9800
vt 0.3862 0.7998
vt 0.3862 0.8475
vt 0.3552 0.7998
vt 0.3552 0.8475
vt 0.3243 0.7998
vt 0.3243 0.8475
vt 0.3862 0.7945
vt 0.3862 0.7998
vt 0.3552 0.7998
vt 0.3552 0.7945
vt 0.3243 0.7998
vt 0.3243 0.7945
vt 0.3862 0.7945
vt 0.3552 0.7945
vt 0.3243 0.7945
vt 0.3127 0.8588
vt 0.3088 0.8475
vt 0.3243 0.8475
vt 0.3204 0.8588
vt 0.4016 0.8475
vt 0.3977 0.8588
vt 0.3900 0.8588
vt 0.3862 0.8475
vt 0.3823 0.8588
vt 0.3746 0.8588
vt 0.3707 0.8475
vt 0.3668 0.8588
vt 0.3591 0.8588
vt 0.3552 0.8475
vt 0.3514 0.8588
vt 0.3436 0.8588
vt 0.3398 0.8475
vt 0.3359 0.8588
vt 0.3281 0.8588
vt 0.3862 0.7998
vt 0.3862 0.8475
vt 0.3552 0.7998
vt 0.3552 0.8475
vt 0.3243 0.7998
vt 0.3243 0.8475
vt 0.3862 0.7945
vt 0.3862 0.7998
vt 0.3552 0.7998
vt 0.3552 0.7945
vt 0.3243 0.7998
vt 0.3243 0.7945
vt 0.3862 0.7945
vt 0.3552 0.7945
vt 0.3243 0.7945
vt 0.3243 0.8475
vt 0.3862 0.8475
vt 0.3707 0.8475
vt 0.3552 0.8475
vt 0.3398 0.8475
vt 0.1659 0.9449
vt 0.2093 0.9449
vt 0.1659 0.9553
vt 0.2093 0.9553
vt 0.1481 0.9303
vt 0.1481 0.9303
vt 0.1100 0.5351
vt 0.0982 0.5351
vt 0.0982 0.5299
vt 0.1100 0.5299
vt 0.1100 0.5247
vt 0.0982 0.5247
vt 0.0941 0.5370
vt 0.0982 0.5351
vt 0.0941 0.5344
vt 0.0941 0.5318
vt 0.0982 0.5299
vt 0.0941 0.5292
vt 0.0941 0.5266
vt 0.0982 0.5247
vt 0.1141 0.5370
vt 0.1100 0.5351
vt 0.1141 0.5318
vt 0.1100 0.5299
vt 0.1141 0.5292
vt 0.1141 0.5266
vt 0.1100 0.5247
vt 0.0982 0.5351
vt 0.1100 0.5351
vt 0.0982 0.5299
vt 0.1100 0.5299
vt 0.0982 0.5351
vt 0.0982 0.5299
vt 0.1100 0.5351
vt 0.1141 0.5344
vt 0.1100 0.5299
vt 0.2197 0.7221
vt 0.2295 0.7286
vt 0.2197 0.7286
vt 0.2295 0.7222
vt 0.2318 0.7222
vt 0.2295 0.7286
vt 0.2295 0.7222
vt 0.2317 0.7286
vt 0.2775 0.7238
vt 0.2753 0.7335
vt 0.2753 0.7237
vt 0.2775 0.7335
vt 0.2711 0.7568
vt 0.2402 0.7633
vt 0.2402 0.7473
vt 0.2505 0.7473
vt 0.2505 0.7633
vt 0.2522 0.7473
vt 0.2608 0.7553
vt 0.2608 0.7633
vt 0.2712 0.7610
vt 0.2712 0.7633
vt 0.2915 0.7238
vt 0.3012 0.7269
vt 0.3072 0.7351
vt 0.3012 0.7536
vt 0.2916 0.7567
vt 0.2262 0.7610
vt 0.2262 0.7633
vt 0.2775 0.7335
vt 0.2711 0.7335
vt 0.2775 0.7238
vt 0.3072 0.7453
vt 0.3096 0.7625
vt 0.2918 0.7634
vt 0.2918 0.7625
vt 0.3122 0.7634
vt 0.2815 0.7625
vt 0.2815 0.7634
vt 0.2527 0.7424
vt 0.2295 0.7286
vt 0.2528 0.7263
vt 0.2295 0.7263
vt 0.2197 0.7424
vt 0.2197 0.7286
vt 0.2527 0.7450
vt 0.2527 0.7424
vt 0.2241 0.7450
vt 0.2197 0.7424
vt 0.3122 0.7473
vt 0.3096 0.7473
vt 0.2198 0.7610
vt 0.2198 0.7473
vt 0.2548 0.7377
vt 0.2573 0.7447
vt 0.2582 0.7455
vt 0.2197 0.7221
vt 0.2295 0.7286
vt 0.2295 0.7222
vt 0.2197 0.7286
vt 0.2295 0.7286
vt 0.2318 0.7222
vt 0.2295 0.7222
vt 0.2317 0.7286
vt 0.2753 0.7335
vt 0.2775 0.7238
vt 0.2753 0.7237
vt 0.2775 0.7335
vt 0.2711 0.7568
vt 0.2402 0.7633
vt 0.2402 0.7473
vt 0.2505 0.7473
vt 0.2505 0.7633
vt 0.2522 0.7473
vt 0.2608 0.7553
vt 0.2608 0.7633
vt 0.2712 0.7610
vt 0.2712 0.7633
vt 0.3012 0.7269
vt 0.2915 0.7238
vt 0.3072 0.7351
vt 0.2916 0.7567
vt 0.3012 0.7536
vt 0.2262 0.7610
vt 0.2262 0.7633
vt 0.2775 0.7335
vt 0.2711 0.7335
vt 0.2775 0.7238
vt 0.3072 0.7453
vt 0.2918 0.7634
vt 0.3096 0.7625
vt 0.2918 0.7625
vt 0.3122 0.7634
vt 0.2815 0.7625
vt 0.2815 0.7634
vt 0.2527 0.7424
vt 0.2528 0.7263
vt 0.2295 0.7286
vt 0.2295 0.7263
vt 0.2197 0.7424
vt 0.2197 0.7286
vt 0.2527 0.7450
vt 0.2527 0.7424
vt 0.2241 0.7450
vt 0.2197 0.7424
vt 0.3122 0.7473
vt 0.3096 0.7473
vt 0.2198 0.7610
vt 0.2198 0.7473
vt 0.2548 0.7377
vt 0.2582 0.7249
vt 0.2582 0.7455
vt 0.2573 0.7447
vt 0.1366 0.7306
vt 0.1366 0.7648
vt 0.1707 0.7308
vt 0.1707 0.7584
vt 0.0207 0.6420
vt 0.0373 0.6435
vt 0.0425 0.6438
vt 0.0373 0.6435
vt 0.0592 0.6449
vt 0.0425 0.6438
vt 0.0636 0.5694
vt 0.0717 0.5836
vt 0.0717 0.5836
vt 0.0744 0.5881
vt 0.0744 0.5881
vt 0.0823 0.6027
vt 0.0120 0.7065
vt 0.0063 0.8734
vt 0.0072 0.7049
vt 0.0422 0.9491
vt 0.0539 0.9521
vt 0.0253 0.9212
vt 0.0210 0.9236
vt 0.0119 0.8766
vt 0.0071 0.8792
vt 0.0839 0.9768
vt 0.0509 0.9564
vt 0.0806 0.9809
vt 0.1018 0.9977
vt 0.0806 0.9809
vt 0.1051 0.9937
vt 0.0201 0.6949
vt 0.0153 0.6933
vt 0.0156 0.6414
vt 0.0207 0.6420
vt 0.1048 0.5570
vt 0.1028 0.5521
vt 0.0636 0.5694
vt 0.0613 0.5650
vt 0.0330 0.6001
vt 0.0287 0.5976
vt 0.0207 0.6420
vt 0.0373 0.6435
vt 0.0425 0.6438
vt 0.0373 0.6435
vt 0.0592 0.6449
vt 0.0425 0.6438
vt 0.0636 0.5694
vt 0.0717 0.5836
vt 0.0717 0.5836
vt 0.0744 0.5881
vt 0.0744 0.5881
vt 0.0823 0.6027
vt 0.0120 0.7065
vt 0.0063 0.8734
vt 0.0072 0.7049
vt 0.0116 0.8736
vt 0.0422 0.9491
vt 0.0539 0.9521
vt 0.0253 0.9212
vt 0.0210 0.9236
vt 0.0119 0.8766
vt 0.0071 0.8792
vt 0.0839 0.9768
vt 0.0509 0.9564
vt 0.0806 0.9809
vt 0.0806 0.9809
vt 0.0201 0.6949
vt 0.0153 0.6933
vt 0.0156 0.6414
vt 0.0207 0.6420
vt 0.0636 0.5694
vt 0.0613 0.5650
vt 0.0330 0.6001
vt 0.0287 0.5976
vt 0.2534 0.6956
vt 0.2590 0.7104
vt 0.2590 0.6956
vt 0.2534 0.7104
vt 0.2706 0.6956
vt 0.2590 0.7104
vt 0.2706 0.7104
vt 0.2590 0.6956
vt 0.2418 0.7104
vt 0.2534 0.6956
vt 0.2418 0.6956
vt 0.2534 0.7104
vt 0.1443 0.6532
vt 0.1443 0.6851
vt 0.1661 0.6851
vt 0.1661 0.6532
vt 0.1980 0.6159
vt 0.0852 0.6159
vt 0.2315 0.6851
vt 0.2475 0.6681
vt 0.2315 0.6681
vt 0.2475 0.6851
vt 0.2315 0.6851
vt 0.2315 0.6681
vt 0.2534 0.6956
vt 0.2590 0.7104
vt 0.2534 0.7104
vt 0.2590 0.6956
vt 0.2706 0.6956
vt 0.2590 0.7104
vt 0.2590 0.6956
vt 0.2706 0.7104
vt 0.2418 0.7104
vt 0.2534 0.6956
vt 0.2534 0.7104
vt 0.2418 0.6956
vt 0.1443 0.6532
vt 0.1443 0.6851
vt 0.1661 0.6851
vt 0.1661 0.6532
vt 0.1980 0.6159
vt 0.0849 0.6750
vt 0.2315 0.6851
vt 0.2475 0.6681
vt 0.2475 0.6851
vt 0.2315 0.6681
vt 0.2315 0.6851
vt 0.2315 0.6681
vt 0.0985 0.9039
vt 0.0994 0.8978
vt 0.2994 0.9171
vt 0.2996 0.9110
vt 0.2304 0.3933
vt 0.2355 0.5391
vt 0.2355 0.3933
vt 0.2304 0.5391
vt 0.2457 0.5391
vt 0.2457 0.3933
vt 0.2508 0.5391
vt 0.2508 0.3933
vt 0.2559 0.5391
vt 0.2559 0.3933
vt 0.2716 0.5101
vt 0.2637 0.5101
vt 0.3110 0.5101
vt 0.3031 0.5101
vt 0.2952 0.5101
vt 0.2873 0.5101
vt 0.2795 0.5101
vt 0.2716 0.5165
vt 0.3031 0.5165
vt 0.2873 0.5165
vt 0.2873 0.5507
vt 0.0488 0.9856
vt 0.0517 0.9938
vt 0.0488 0.9938
vt 0.0517 0.9856
vt 0.0488 0.9856
vt 0.0085 0.9856
vt 0.0450 0.9645
vt 0.0443 0.9674
vt 0.0338 0.9646
vt 0.0346 0.9674
vt 0.0346 0.9674
vt 0.0443 0.9674
vt 0.0130 0.9674
vt 0.0226 0.9674
vt 0.0488 0.9856
vt 0.0517 0.9938
vt 0.0517 0.9856
vt 0.0488 0.9938
vt 0.0488 0.9856
vt 0.0085 0.9856
vt 0.0450 0.9645
vt 0.0443 0.9674
vt 0.0338 0.9646
vt 0.0346 0.9674
vt 0.0346 0.9674
vt 0.0443 0.9674
vt 0.0130 0.9674
vt 0.0226 0.9674
vt 0.3185 0.4561
vt 0.3185 0.4766
vt 0.3231 0.4562
vt 0.3231 0.4765
vt 0.3276 0.4561
vt 0.3276 0.4765
vt 0.3322 0.4765
vt 0.3322 0.4561
vt 0.3367 0.4562
vt 0.3367 0.4765
vt 0.3413 0.4562
vt 0.3413 0.4765
vt 0.3185 0.4561
vt 0.3175 0.4521
vt 0.3231 0.4562
vt 0.3220 0.4522
vt 0.3276 0.4561
vt 0.3263 0.4521
vt 0.3322 0.4561
vt 0.3309 0.4519
vt 0.3367 0.4562
vt 0.3356 0.4518
vt 0.3413 0.4562
vt 0.3403 0.4519
vt 0.3185 0.4766
vt 0.3196 0.4809
vt 0.3231 0.4765
vt 0.3243 0.4809
vt 0.3276 0.4765
vt 0.3290 0.4807
vt 0.3322 0.4765
vt 0.3334 0.4806
vt 0.3367 0.4765
vt 0.3378 0.4806
vt 0.3413 0.4765
vt 0.3423 0.4807
vt 0.3070 0.4779
vt 0.3070 0.4561
vt 0.3031 0.4779
vt 0.3110 0.4779
vt 0.2676 0.4779
vt 0.2676 0.4561
vt 0.2637 0.4779
vt 0.2716 0.4779
vt 0.2755 0.4561
vt 0.2755 0.4779
vt 0.2795 0.4779
vt 0.2834 0.4779
vt 0.2834 0.4561
vt 0.2873 0.4779
vt 0.2913 0.4561
vt 0.2913 0.4779
vt 0.2952 0.4779
vt 0.2992 0.4779
vt 0.2992 0.4561
vt 0.2149 0.4828
vt 0.2149 0.5370
vt 0.1679 0.5370
vt 0.1679 0.4828
vt 0.1773 0.5370
vt 0.1773 0.4828
vt 0.1867 0.5370
vt 0.1867 0.4828
vt 0.1961 0.4828
vt 0.1961 0.5370
vt 0.2055 0.4828
vt 0.2055 0.5370
vt 0.1995 0.4733
vt 0.1995 0.3948
vt 0.2049 0.4733
vt 0.2049 0.3948
vt 0.2103 0.4733
vt 0.2103 0.3948
vt 0.2156 0.4733
vt 0.2156 0.3948
vt 0.5494 0.8190
vt 0.4826 0.8190
vt 0.4826 0.8352
vt 0.5495 0.8352
vt 0.5494 0.8514
vt 0.4826 0.8514
vt 0.5493 0.8595
vt 0.4826 0.8595
vt 0.5493 0.8109
vt 0.4826 0.8109
vt 0.5012 0.9816
vt 0.5146 0.9678
vt 0.5146 0.9484
vt 0.5012 0.9346
vt 0.4823 0.9346
vt 0.4690 0.9484
vt 0.4690 0.9678
vt 0.4823 0.9816
vt 0.5060 0.9935
vt 0.5262 0.9728
vt 0.5262 0.9434
vt 0.5060 0.9227
vt 0.4775 0.9227
vt 0.4573 0.9434
vt 0.4573 0.9728
vt 0.4775 0.9935
vt 0.3939 0.8475
vt 0.3939 0.7998
vt 0.3784 0.8475
vt 0.3784 0.7998
vt 0.3630 0.7998
vt 0.3630 0.8474
vt 0.3475 0.8474
vt 0.3475 0.7998
vt 0.3320 0.7998
vt 0.3320 0.8475
vt 0.3166 0.8475
vt 0.3166 0.7998
vt 0.3939 0.7998
vt 0.3939 0.7945
vt 0.3784 0.7998
vt 0.3784 0.7945
vt 0.3630 0.7998
vt 0.3630 0.7945
vt 0.3475 0.7945
vt 0.3475 0.7998
vt 0.3320 0.7945
vt 0.3320 0.7998
vt 0.3166 0.7945
vt 0.3166 0.7998
vt 0.3939 0.7945
vt 0.3784 0.7945
vt 0.3630 0.7945
vt 0.3475 0.7945
vt 0.3320 0.7945
vt 0.3166 0.7945
vt 0.3166 0.8475
vt 0.3939 0.8475
vt 0.3784 0.8475
vt 0.3630 0.8474
vt 0.3475 0.8474
vt 0.3320 0.8475
vt 0.3939 0.8475
vt 0.3939 0.7998
vt 0.3784 0.8475
vt 0.3784 0.7998
vt 0.3630 0.7998
vt 0.3630 0.8474
vt 0.3475 0.8474
vt 0.3475 0.7998
vt 0.3320 0.7998
vt 0.3320 0.8475
vt 0.3166 0.8475
vt 0.3166 0.7998
vt 0.3939 0.7998
vt 0.3939 0.7945
vt 0.3784 0.7998
vt 0.3784 0.7945
vt 0.3630 0.7998
vt 0.3630 0.7945
vt 0.3475 0.7945
vt 0.3475 0.7998
vt 0.3320 0.7945
vt 0.3320 0.7998
vt 0.3166 0.7945
vt 0.3166 0.7998
vt 0.3939 0.7945
vt 0.3784 0.7945
vt 0.3630 0.7945
vt 0.3475 0.7945
vt 0.3320 0.7945
vt 0.3166 0.7945
vt 0.3166 0.8475
vt 0.3939 0.8475
vt 0.3784 0.8475
vt 0.3630 0.8474
vt 0.3475 0.8474
vt 0.3320 0.8475
vt 0.1659 0.9293
vt 0.2093 0.9293
vt 0.1659 0.9397
vt 0.2093 0.9397
vt 0.1659 0.9501
vt 0.2093 0.9501
vt 0.1659 0.9605
vt 0.2093 0.9605
vt 0.1659 0.9709
vt 0.2093 0.9709
vt 0.1659 0.9814
vt 0.2093 0.9814
vt 0.1389 0.9355
vt 0.1389 0.9248
vt 0.1481 0.9195
vt 0.1574 0.9248
vt 0.1574 0.9355
vt 0.1481 0.9409
vt 0.1387 0.9357
vt 0.1387 0.9250
vt 0.1480 0.9196
vt 0.1573 0.9250
vt 0.1573 0.9357
vt 0.1481 0.9411
vt 0.0982 0.5376
vt 0.1100 0.5376
vt 0.1100 0.5325
vt 0.0982 0.5325
vt 0.1100 0.5273
vt 0.0982 0.5273
vt 0.0982 0.5376
vt 0.0982 0.5325
vt 0.0982 0.5273
vt 0.1100 0.5376
vt 0.1141 0.5344
vt 0.1100 0.5325
vt 0.1100 0.5273
vt 0.1100 0.5325
vt 0.0982 0.5325
vt 0.0982 0.5273
vt 0.1100 0.5273
vt 0.0982 0.5325
vt 0.0982 0.5273
vt 0.1141 0.5370
vt 0.1100 0.5325
vt 0.1141 0.5318
vt 0.1100 0.5273
vt 0.2858 0.7436
vt 0.2711 0.7403
vt 0.2849 0.7402
vt 0.2454 0.7473
vt 0.2454 0.7633
vt 0.2557 0.7508
vt 0.2557 0.7633
vt 0.2660 0.7589
vt 0.2660 0.7633
vt 0.2763 0.7619
vt 0.2763 0.7634
vt 0.2966 0.7246
vt 0.2915 0.7336
vt 0.2949 0.7344
vt 0.3049 0.7305
vt 0.2973 0.7369
vt 0.2982 0.7402
vt 0.3080 0.7402
vt 0.2967 0.7559
vt 0.2949 0.7460
vt 0.2916 0.7469
vt 0.2949 0.7344
vt 0.2973 0.7369
vt 0.2915 0.7402
vt 0.2982 0.7402
vt 0.2973 0.7436
vt 0.2949 0.7460
vt 0.2916 0.7469
vt 0.2882 0.7460
vt 0.2858 0.7436
vt 0.2849 0.7402
vt 0.2858 0.7369
vt 0.2882 0.7345
vt 0.2915 0.7336
vt 0.2882 0.7345
vt 0.2973 0.7436
vt 0.3049 0.7499
vt 0.2866 0.7634
vt 0.2866 0.7625
vt 0.2363 0.7263
vt 0.2362 0.7424
vt 0.2362 0.7424
vt 0.2362 0.7450
vt 0.2224 0.7473
vt 0.2554 0.7414
vt 0.2582 0.7249
vt 0.2547 0.7249
vt 0.2197 0.7450
vt 0.2882 0.7460
vt 0.2858 0.7369
vt 0.2858 0.7436
vt 0.2711 0.7403
vt 0.2849 0.7402
vt 0.2454 0.7473
vt 0.2454 0.7633
vt 0.2557 0.7508
vt 0.2557 0.7633
vt 0.2660 0.7589
vt 0.2660 0.7633
vt 0.2763 0.7619
vt 0.2763 0.7634
vt 0.2966 0.7246
vt 0.2949 0.7344
vt 0.2915 0.7336
vt 0.3049 0.7305
vt 0.2973 0.7369
vt 0.2982 0.7402
vt 0.3080 0.7402
vt 0.2967 0.7559
vt 0.2916 0.7469
vt 0.2949 0.7460
vt 0.2949 0.7344
vt 0.2915 0.7402
vt 0.2973 0.7369
vt 0.2982 0.7402
vt 0.2973 0.7436
vt 0.2949 0.7460
vt 0.2916 0.7469
vt 0.2882 0.7460
vt 0.2858 0.7436
vt 0.2849 0.7402
vt 0.2858 0.7369
vt 0.2882 0.7345
vt 0.2915 0.7336
vt 0.2882 0.7345
vt 0.2973 0.7436
vt 0.3049 0.7499
vt 0.2866 0.7634
vt 0.2866 0.7625
vt 0.2363 0.7263
vt 0.2362 0.7424
vt 0.2362 0.7424
vt 0.2362 0.7450
vt 0.2224 0.7473
vt 0.2547 0.7249
vt 0.2554 0.7414
vt 0.2197 0.7450
vt 0.2882 0.7460
vt 0.2858 0.7369
vt 0.1450 0.7886
vt 0.1536 0.7905
vt 0.1536 0.7888
vt 0.1364 0.7906
vt 0.1364 0.7890
vt 0.1818 0.7789
vt 0.1759 0.7848
vt 0.1727 0.7794
vt 0.1383 0.7057
vt 0.1218 0.7218
vt 0.1194 0.7305
vt 0.1194 0.7573
vt 0.2663 0.7730
vt 0.2663 0.8330
vt 0.1325 0.7890
vt 0.1277 0.7907
vt 0.1095 0.7676
vt 0.1134 0.7681
vt 0.1835 0.7726
vt 0.1813 0.7645
vt 0.1727 0.7731
vt 0.1809 0.7752
vt 0.1537 0.7307
vt 0.1481 0.7086
vt 0.1553 0.7017
vt 0.1772 0.7078
vt 0.1537 0.7647
vt 0.1537 0.7307
vt 0.1876 0.7566
vt 0.1876 0.7308
vt 0.1992 0.7308
vt 0.2397 0.8327
vt 0.2454 0.7733
vt 0.2397 0.7733
vt 0.2454 0.8327
vt 0.2558 0.7731
vt 0.2558 0.8328
vt 0.1575 0.7888
vt 0.1622 0.7905
vt 0.1056 0.7873
vt 0.1056 0.7682
vt 0.0592 0.6733
vt 0.0205 0.6731
vt 0.0398 0.8915
vt 0.0155 0.8985
vt 0.0580 0.9227
vt 0.0396 0.9400
vt 0.0448 0.8902
vt 0.0398 0.8915
vt 0.0615 0.9190
vt 0.0580 0.9227
vt 0.0448 0.8902
vt 0.0692 0.8837
vt 0.0615 0.9190
vt 0.0808 0.9024
vt 0.0116 0.8736
vt 0.0844 0.5603
vt 0.0892 0.5760
vt 0.0585 0.5939
vt 0.0468 0.5824
vt 0.0398 0.6255
vt 0.0240 0.6209
vt 0.0906 0.5810
vt 0.0892 0.5760
vt 0.0585 0.5939
vt 0.0621 0.5976
vt 0.0398 0.6255
vt 0.0448 0.6268
vt 0.0948 0.5971
vt 0.0906 0.5810
vt 0.0741 0.6092
vt 0.0621 0.5976
vt 0.0609 0.6311
vt 0.0448 0.6268
vt 0.0116 0.8736
vt 0.0396 0.9400
vt 0.0358 0.9433
vt 0.0155 0.8985
vt 0.0109 0.8999
vt 0.0205 0.6731
vt 0.0152 0.6730
vt 0.0828 0.5556
vt 0.0844 0.5603
vt 0.0468 0.5824
vt 0.0432 0.5790
vt 0.0240 0.6209
vt 0.0193 0.6195
vt 0.0592 0.6733
vt 0.0205 0.6731
vt 0.0398 0.8915
vt 0.0155 0.8985
vt 0.0580 0.9227
vt 0.0396 0.9400
vt 0.0448 0.8902
vt 0.0398 0.8915
vt 0.0615 0.9190
vt 0.0580 0.9227
vt 0.0448 0.8902
vt 0.0692 0.8837
vt 0.0615 0.9190
vt 0.0808 0.9024
vt 0.0844 0.5603
vt 0.0892 0.5760
vt 0.0585 0.5939
vt 0.0468 0.5824
vt 0.0398 0.6255
vt 0.0240 0.6209
vt 0.0906 0.5810
vt 0.0892 0.5760
vt 0.0585 0.5939
vt 0.0621 0.5976
vt 0.0398 0.6255
vt 0.0448 0.6268
vt 0.0948 0.5971
vt 0.0906 0.5810
vt 0.0741 0.6092
vt 0.0621 0.5976
vt 0.0609 0.6311
vt 0.0448 0.6268
vt 0.0396 0.9400
vt 0.0358 0.9433
vt 0.0155 0.8985
vt 0.0109 0.8999
vt 0.0205 0.6731
vt 0.0152 0.6730
vt 0.0828 0.5556
vt 0.0844 0.5603
vt 0.0468 0.5824
vt 0.0432 0.5790
vt 0.0240 0.6209
vt 0.0193 0.6195
vt 0.1334 0.6851
vt 0.1333 0.6532
vt 0.1552 0.6851
vt 0.1552 0.6532
vt 0.1771 0.6532
vt 0.1771 0.6851
vt 0.1989 0.6532
vt 0.1989 0.6851
vt 0.1426 0.6104
vt 0.2102 0.6455
vt 0.2046 0.6246
vt 0.1893 0.6092
vt 0.1684 0.6036
vt 0.0729 0.6454
vt 0.1147 0.6456
vt 0.0785 0.6245
vt 0.0938 0.6092
vt 0.1148 0.6036
vt 0.2098 0.6681
vt 0.2206 0.6851
vt 0.2206 0.6681
vt 0.2098 0.6851
vt 0.2206 0.6681
vt 0.2315 0.6851
vt 0.2315 0.6681
vt 0.2206 0.6851
vt 0.2206 0.6851
vt 0.2206 0.6681
vt 0.2116 0.6654
vt 0.1552 0.6851
vt 0.1552 0.6532
vt 0.1771 0.6532
vt 0.1771 0.6851
vt 0.1989 0.6532
vt 0.1989 0.6851
vt 0.1426 0.6104
vt 0.2046 0.6246
vt 0.1893 0.6092
vt 0.1684 0.6036
vt 0.0783 0.6663
vt 0.0935 0.6818
vt 0.1144 0.6876
vt 0.2206 0.6851
vt 0.2098 0.6681
vt 0.2206 0.6681
vt 0.2098 0.6851
vt 0.2315 0.6851
vt 0.2206 0.6681
vt 0.2315 0.6681
vt 0.2206 0.6851
vt 0.2206 0.6851
vt 0.2206 0.6681
vt 0.2116 0.6654
vt 0.1815 0.8858
vt 0.1815 0.8796
vt 0.1814 0.9105
vt 0.1809 0.9166
vt 0.1815 0.8796
vt 0.1817 0.8549
vt 0.1814 0.9105
vt 0.1809 0.9166
vt 0.1815 0.8858
vt 0.1814 0.9105
vt 0.2755 0.4908
vt 0.2716 0.4908
vt 0.2676 0.4908
vt 0.2637 0.4908
vt 0.3070 0.4908
vt 0.3110 0.4908
vt 0.3031 0.4908
vt 0.2992 0.4908
vt 0.2952 0.4908
vt 0.2913 0.4908
vt 0.2873 0.4908
vt 0.2834 0.4908
vt 0.2795 0.4908
vt 0.2716 0.5037
vt 0.2755 0.5101
vt 0.2755 0.5037
vt 0.2676 0.5037
vt 0.2676 0.5101
vt 0.2637 0.5037
vt 0.3110 0.5037
vt 0.3070 0.5101
vt 0.3070 0.5037
vt 0.3031 0.5037
vt 0.2992 0.5101
vt 0.2992 0.5037
vt 0.2952 0.5037
vt 0.2913 0.5101
vt 0.2913 0.5037
vt 0.2873 0.5037
vt 0.2834 0.5037
vt 0.2834 0.5101
vt 0.2795 0.5037
vt 0.2755 0.5165
vt 0.2716 0.5230
vt 0.2755 0.5230
vt 0.2676 0.5230
vt 0.2676 0.5165
vt 0.2637 0.5230
vt 0.3070 0.5165
vt 0.3110 0.5230
vt 0.3070 0.5230
vt 0.3031 0.5230
vt 0.2992 0.5165
vt 0.2992 0.5230
vt 0.2952 0.5230
vt 0.2913 0.5165
vt 0.2913 0.5230
vt 0.2873 0.5230
vt 0.2834 0.5230
vt 0.2834 0.5165
vt 0.2795 0.5230
vt 0.2755 0.5302
vt 0.2716 0.5302
vt 0.2676 0.5302
vt 0.2637 0.5302
vt 0.3070 0.5302
vt 0.3110 0.5302
vt 0.3031 0.5302
vt 0.2992 0.5302
vt 0.2952 0.5302
vt 0.2913 0.5302
vt 0.2873 0.5302
vt 0.2834 0.5302
vt 0.2795 0.5302
vt 0.2676 0.5507
vt 0.2716 0.5507
vt 0.2676 0.5507
vt 0.2637 0.5507
vt 0.3070 0.5507
vt 0.3110 0.5507
vt 0.3070 0.5507
vt 0.3031 0.5507
vt 0.3031 0.5507
vt 0.2992 0.5507
vt 0.2992 0.5507
vt 0.2952 0.5507
vt 0.2952 0.5507
vt 0.2913 0.5507
vt 0.2913 0.5507
vt 0.2834 0.5507
vt 0.2834 0.5507
vt 0.2755 0.5507
vt 0.2755 0.5507
vt 0.2716 0.5507
vt 0.0517 0.9693
vt 0.0488 0.9856
vt 0.0517 0.9856
vt 0.0488 0.9693
vt 0.0488 0.9693
vt 0.0517 0.9856
vt 0.0488 0.9856
vt 0.0517 0.9693
vt 0.9594 0.0953
vt 0.9594 0.0994
vt 0.9594 0.0824
vt 0.9580 0.0783
vt 0.9573 0.0994
vt 0.9573 0.0953
vt 0.9573 0.0824
vt 0.9566 0.0783
vt 0.9616 0.0953
vt 0.9807 0.0997
vt 0.9807 0.0953
vt 0.9616 0.0997
vt 0.9616 0.0824
vt 0.9777 0.0781
vt 0.9597 0.0781
vt 0.9807 0.0824
vt 0.9790 0.0782
vt 0.9746 0.0653
vt 0.9777 0.0781
vt 0.9790 0.0653
vt 0.9594 0.0953
vt 0.9594 0.0824
vt 0.9573 0.0953
vt 0.9573 0.0824
vt 0.9807 0.0953
vt 0.9616 0.0824
vt 0.9616 0.0953
vt 0.9807 0.0824
vt 0.9559 0.0653
vt 0.9777 0.0781
vt 0.9597 0.0781
vt 0.9746 0.0653
vt 0.9552 0.0653
vt 0.9566 0.0783
vt 0.9552 0.0653
vt 0.9580 0.0783
vt 0.9580 0.0783
vt 0.9552 0.0653
vn -0.0000 1.0000 0.0000
vn -0.0000 1.0000 0.0000
vn -0.0000 1.0000 0.0000
vn -0.0000 1.0000 0.0000
vn -1.0000 -0.0008 -0.0000
vn -1.0000 -0.0008 -0.0000
vn -1.0000 -0.0008 -0.0000
vn 1.0000 0.0008 0.0000
vn 1.0000 0.0008 0.0000
vn -1.0000 -0.0008 -0.0000
vn 1.0000 0.0008 0.0000
vn 1.0000 0.0008 0.0000
vn 1.0000 0.0008 0.0000
vn -1.0000 -0.0008 -0.0000
vn -0.0000 1.0000 0.0000
vn -0.0000 1.0000 0.0000
vn -0.0000 1.0000 0.0000
vn -0.0000 1.0000 0.0000
vn 1.0000 0.0008 0.0000
vn 1.0000 0.0008 0.0000
vn 1.0000 0.0008 0.0000
vn -1.0000 -0.0008 -0.0000
vn -1.0000 -0.0008 -0.0000
vn 1.0000 0.0008 0.0000
vn -1.0000 -0.0008 -0.0000
vn -1.0000 -0.0008 -0.0000
vn -1.0000 -0.0008 -0.0000
vn 1.0000 0.0008 0.0000
vn -0.0008 0.9406 -0.3396
vn -0.0008 0.9406 -0.3396
vn 0.0006 -0.7644 -0.6447
vn 0.0006 -0.7644 -0.6447
vn 0.0000 -0.1924 0.9813
vn 0.0000 -0.1924 0.9813
vn -0.0008 0.9406 -0.3396
vn -0.0008 0.9406 -0.3396
vn 1.0000 0.0008 0.0000
vn 1.0000 0.0008 0.0000
vn 1.0000 0.0008 0.0000
vn 1.0000 0.0008 0.0000
vn 1.0000 0.0008 0.0000
vn 1.0000 0.0008 0.0000
vn 1.0000 0.0008 0.0000
vn -1.0000 -0.0008 -0.0000
vn -1.0000 -0.0008 -0.0000
vn -1.0000 -0.0008 -0.0000
vn -1.0000 -0.0008 -0.0000
vn -1.0000 -0.0008 -0.0000
vn -1.0000 -0.0008 -0.0000
vn -1.0000 -0.0008 -0.0000
vn 0.0000 0.0000 1.0000
vn 0.0000 0.0000 1.0000
vn -0.8660 0.0000 -0.5000
vn 0.8660 0.0000 -0.5000
vn 0.0000 -0.7071 -0.7071
vn 0.0000 -0.7071 -0.7071
vn -0.0000 0.7071 -0.7071
vn -0.0000 0.7071 -0.7071
vn -0.0000 0.7071 0.7071
vn -0.0000 0.7071 0.7071
vn 0.0000 -0.7071 0.7071
vn 0.0000 -0.7071 0.7071
vn 0.0000 -0.7071 -0.7071
vn 0.0000 -0.7071 -0.7071
vn 0.5000 0.8660 0.0094
vn 0.5000 0.8660 0.0094
vn -0.5000 0.8660 0.0094
vn -0.5000 0.8660 0.0094
vn -0.0000 1.0000 0.0000
vn -0.0000 1.0000 0.0000
vn -0.0000 1.0000 0.0000
vn -0.0000 1.0000 0.0000
vn -0.0000 1.0000 0.0000
vn -0.0000 0.4190 0.9080
vn -0.0000 0.4190 0.9080
vn -0.0000 0.4190 0.9080
vn -0.0000 0.4190 0.9080
vn -1.0000 -0.0008 -0.0000
vn -1.0000 -0.0008 -0.0000
vn -1.0000 -0.0008 -0.0000
vn -1.0000 -0.0008 -0.0000
vn 1.0000 0.0008 0.0000
vn 1.0000 0.0008 0.0000
vn 1.0000 0.0008 0.0000
vn 1.0000 0.0008 0.0000
vn -1.0000 -0.0008 -0.0000
vn -1.0000 -0.0008 -0.0000
vn 1.0000 0.0008 0.0000
vn 1.0000 0.0008 0.0000
vn 1.0000 0.0008 0.0000
vn 0.0000 -0.9080 0.4190
vn 0.0000 -0.9080 0.4190
vn 0.0000 -0.9080 0.4190
vn 0.0000 -0.9080 0.4190
vn -0.0000 1.0000 0.0000
vn -0.0000 1.0000 0.0000
vn -0.0000 1.0000 0.0000
vn -0.0000 1.0000 0.0000
vn -0.0000 0.4190 0.9080
vn -0.0000 0.4190 0.9080
vn -0.0000 0.4190 0.9080
vn -0.0000 0.4190 0.9080
vn -1.0000 -0.0008 -0.0000
vn -1.0000 -0.0008 -0.0000
vn -1.0000 -0.0008 -0.0000
vn -1.0000 -0.0008 -0.0000
vn 1.0000 0.0008 0.0000
vn 1.0000 0.0008 0.0000
vn 1.0000 0.0008 0.0000
vn 1.0000 0.0008 0.0000
vn -1.0000 -0.0008 -0.0000
vn -1.0000 -0.0008 -0.0000
vn 1.0000 0.0008 0.0000
vn 1.0000 0.0008 0.0000
vn 1.0000 0.0008 0.0000
vn 0.0000 -0.9080 0.4190
vn 0.0000 -0.9080 0.4190
vn 0.0000 -0.9080 0.4190
vn 0.0000 -0.9080 0.4190
vn -0.0000 1.0000 0.0000
vn -0.0000 1.0000 0.0000
vn -0.0000 1.0000 0.0000
vn 0.0000 0.0000 1.0000
vn 0.0000 0.0000 1.0000
vn -0.0000 1.0000 0.0000
vn -0.0000 1.0000 0.0000
vn -0.0000 1.0000 0.0000
vn 0.0000 0.0000 -1.0000
vn 0.0000 0.0000 -1.0000
vn 0.0000 0.0000 -1.0000
vn 0.0000 0.0000 -1.0000
vn 0.8660 0.0000 -0.5000
vn 0.8660 0.0000 -0.5000
vn 0.8660 0.0000 0.5000
vn 0.8660 0.0000 0.5000
vn 0.0000 0.0000 1.0000
vn 0.0000 0.0000 1.0000
vn -0.0000 1.0000 0.0000
vn -0.0000 1.0000 0.0000
vn -0.0000 1.0000 0.0000
vn -0.0000 1.0000 0.0000
vn -0.0000 1.0000 0.0000
vn -0.0000 1.0000 0.0000
vn -0.0000 1.0000 0.0000
vn -0.0000 1.0000 0.0000
vn -0.0000 0.8303 0.5574
vn -0.0000 1.0000 0.0000
vn -0.4827 0.8303 0.2787
vn -0.4827 0.8303 -0.2787
vn 0.0000 0.8303 -0.5574
vn -0.8660 0.0000 -0.5000
vn -0.8660 0.0000 -0.5000
vn -0.8660 -0.0000 0.5000
vn -0.8660 -0.0000 0.5000
vn -0.0000 1.0000 0.0000
vn -0.0000 1.0000 0.0000
vn -0.0000 1.0000 0.0000
vn -0.0000 1.0000 0.0000
vn 0.4827 0.8303 0.2787
vn 0.4827 0.8303 -0.2787
vn 0.0000 0.8534 -0.5213
vn 0.0000 0.8534 -0.5213
vn 0.0000 0.0000 -1.0000
vn 0.0000 0.0000 -1.0000
vn 0.0000 0.0000 1.0000
vn 0.0000 0.0000 1.0000
vn -0.0000 0.8660 0.5000
vn -0.0000 0.8660 0.5000
vn 0.0000 0.8534 -0.5213
vn 0.0000 0.8534 -0.5213
vn 1.0000 0.0008 0.0000
vn 1.0000 0.0008 0.0000
vn 1.0000 0.0008 0.0000
vn 1.0000 0.0008 0.0000
vn 1.0000 0.0008 0.0000
vn 1.0000 0.0008 0.0000
vn -1.0000 -0.0008 -0.0000
vn -1.0000 -0.0008 -0.0000
vn -1.0000 -0.0008 -0.0000
vn -1.0000 -0.0008 -0.0000
vn -1.0000 -0.0008 -0.0000
vn -1.0000 -0.0008 -0.0000
vn 0.0000 -1.0000 -0.0000
vn 0.0000 -1.0000 -0.0000
vn 0.0000 -1.0000 -0.0000
vn 0.0000 -1.0000 -0.0000
vn 0.0000 0.0000 -1.0000
vn 0.0000 0.0000 -1.0000
vn 0.0000 0.0000 -1.0000
vn 0.0000 0.0000 -1.0000
vn -0.0000 1.0000 0.0000
vn -0.0000 1.0000 0.0000
vn -0.0000 1.0000 0.0000
vn -0.0000 1.0000 0.0000
vn 0.0000 0.0000 1.0000
vn 0.0000 0.0000 1.0000
vn 0.0000 0.0000 1.0000
vn 0.0000 0.0000 1.0000
vn 0.0000 0.0000 1.0000
vn 0.0000 0.0000 1.0000
vn 0.0000 0.0000 1.0000
vn 0.0000 0.0000 1.0000
vn -0.3184 -0.9480 -0.0000
vn -0.3184 -0.9480 -0.0000
vn -0.3184 -0.9480 -0.0000
vn -0.3184 -0.9480 -0.0000
vn 0.0000 0.0000 -1.0000
vn 0.0000 0.0000 -1.0000
vn 0.0000 0.0000 -1.0000
vn 0.0000 0.0000 -1.0000
vn -0.0000 1.0000 0.0000
vn -0.0000 1.0000 0.0000
vn -0.0000 1.0000 0.0000
vn -0.0000 1.0000 0.0000
vn 0.0000 0.0000 1.0000
vn 0.0000 0.0000 1.0000
vn 0.0000 0.0000 1.0000
vn 0.0000 0.0000 1.0000
vn -0.0000 1.0000 0.0000
vn -0.0000 1.0000 0.0000
vn -0.0000 1.0000 0.0000
vn -0.0000 1.0000 0.0000
vn 0.0000 0.0000 -1.0000
vn 0.0000 0.0000 -1.0000
vn 0.0000 0.0000 -1.0000
vn 0.0000 0.0000 -1.0000
vn 0.0000 -1.0000 -0.0000
vn 0.0000 -1.0000 -0.0000
vn 0.0000 -1.0000 -0.0000
vn 0.0000 -1.0000 -0.0000
vn -1.0000 -0.0008 -0.0000
vn -1.0000 -0.0008 -0.0000
vn -1.0000 -0.0008 -0.0000
vn -1.0000 -0.0008 -0.0000
vn 1.0000 0.0008 0.0000
vn 1.0000 0.0008 0.0000
vn 1.0000 0.0008 0.0000
vn 1.0000 0.0008 0.0000
vn 0.0000 0.0000 1.0000
vn 0.0000 0.0000 1.0000
vn 0.0000 0.0000 1.0000
vn 0.0000 0.0000 1.0000
vn -0.0000 1.0000 0.0000
vn -0.0000 1.0000 0.0000
vn -0.0000 1.0000 0.0000
vn -0.0000 1.0000 0.0000
vn 0.0000 0.0000 -1.0000
vn 0.0000 0.0000 -1.0000
vn 0.0000 0.0000 -1.0000
vn 0.0000 0.0000 -1.0000
vn 0.0000 -1.0000 -0.0000
vn 0.0000 -1.0000 -0.0000
vn 0.0000 -1.0000 -0.0000
vn 0.0000 -1.0000 -0.0000
vn 1.0000 0.0008 0.0000
vn 1.0000 0.0008 0.0000
vn 1.0000 0.0008 0.0000
vn 1.0000 0.0008 0.0000
vn -1.0000 -0.0008 -0.0000
vn -1.0000 -0.0008 -0.0000
vn -1.0000 -0.0008 -0.0000
vn -1.0000 -0.0008 -0.0000
vn -1.0000 -0.0008 -0.0000
vn -1.0000 -0.0008 -0.0000
vn -1.0000 -0.0008 -0.0000
vn -1.0000 -0.0008 -0.0000
vn 0.0000 0.0000 -1.0000
vn 0.0000 0.0000 -1.0000
vn 0.0000 0.0000 -1.0000
vn 0.0000 0.0000 -1.0000
vn 0.0000 0.0000 -1.0000
vn 0.0000 0.0000 -1.0000
vn 0.0000 0.0000 -1.0000
vn 0.0000 0.0000 1.0000
vn 0.0000 0.0000 1.0000
vn 0.0000 0.0000 1.0000
vn 0.0000 0.0000 1.0000
vn 0.0000 0.0000 1.0000
vn 0.0000 0.0000 1.0000
vn 0.9630 -0.2696 -0.0028
vn 0.9630 -0.2696 -0.0028
vn 0.9965 -0.0833 0.0034
vn 0.9991 -0.0417 0.0017
vn 0.9991 -0.0417 0.0017
vn 1.0000 0.0008 0.0000
vn -0.0000 1.0000 0.0000
vn -0.0000 1.0000 0.0000
vn -0.0000 1.0000 0.0000
vn -0.0000 1.0000 0.0000
vn -0.9982 0.0605 0.0006
vn -0.9659 0.2588 0.0028
vn -0.9659 0.2588 0.0028
vn -0.9982 0.0605 0.0006
vn -0.2588 0.9659 0.0098
vn -0.2588 0.9659 0.0098
vn 0.4369 -0.8995 -0.0002
vn 0.4369 -0.8995 -0.0002
vn 0.4369 -0.8995 -0.0002
vn 0.4369 -0.8995 -0.0002
vn 0.0000 -1.0000 -0.0000
vn 0.0000 -1.0000 -0.0000
vn 0.0000 -1.0000 -0.0000
vn 0.0000 -1.0000 -0.0000
vn 0.0000 0.0000 1.0000
vn 0.0000 0.0000 1.0000
vn 0.0000 0.0000 1.0000
vn 0.0000 0.0000 1.0000
vn 1.0000 0.0008 0.0000
vn 1.0000 0.0008 0.0000
vn 1.0000 0.0008 0.0000
vn 1.0000 0.0008 0.0000
vn 0.0000 0.0000 -1.0000
vn 0.0000 0.0000 -1.0000
vn 0.0000 0.0000 -1.0000
vn 0.0000 0.0000 -1.0000
vn 0.0000 0.0000 -1.0000
vn 0.0000 0.0000 -1.0000
vn 0.0000 0.0000 1.0000
vn 0.0000 0.0000 1.0000
vn 0.0000 0.0000 1.0000
vn 0.0000 0.0000 1.0000
vn -0.4367 -0.8996 -0.0006
vn -0.4367 -0.8996 -0.0006
vn -0.9991 -0.0417 0.0017
vn -0.9991 -0.0417 0.0017
vn -1.0000 -0.0008 -0.0000
vn -0.0000 1.0000 0.0000
vn -0.0000 1.0000 0.0000
vn -0.0000 1.0000 0.0000
vn -0.0000 1.0000 0.0000
vn 0.7071 0.7071 0.0072
vn 0.7071 0.7071 0.0072
vn 0.0000 -0.5000 -0.8660
vn 0.0000 -0.5000 -0.8660
vn 0.0000 -0.5000 -0.8660
vn 0.0000 -0.5000 -0.8660
vn 0.0000 -0.5000 -0.8660
vn -1.0000 -0.0008 -0.0000
vn -0.9978 -0.0003 -0.0659
vn -0.9978 -0.0003 -0.0659
vn -1.0000 -0.0008 -0.0000
vn 1.0000 0.0008 0.0000
vn 0.9977 -0.0000 0.0673
vn 1.0000 0.0008 0.0000
vn 0.9977 -0.0000 0.0673
vn -0.0000 1.0000 0.0000
vn -0.0000 1.0000 0.0000
vn -0.0000 1.0000 0.0000
vn -0.0000 1.0000 0.0000
vn -1.0000 -0.0008 -0.0000
vn 0.8660 0.0000 0.5000
vn 0.8660 0.0000 0.5000
vn 0.6172 0.0081 0.7867
vn 0.6172 0.0081 0.7867
vn -0.0000 1.0000 0.0000
vn -0.0000 1.0000 0.0000
vn -0.0000 1.0000 0.0000
vn -0.0000 1.0000 0.0000
vn -0.8660 0.0000 -0.5000
vn -0.8660 0.0000 -0.5000
vn -0.6642 0.0000 -0.7476
vn -0.6642 0.0000 -0.7476
vn 1.0000 0.0008 0.0000
vn -0.0000 1.0000 0.0000
vn -0.0000 1.0000 0.0000
vn -0.0000 1.0000 0.0000
vn 1.0000 0.0008 0.0000
vn 1.0000 0.0008 0.0000
vn 1.0000 0.0008 0.0000
vn 1.0000 0.0008 0.0000
vn -1.0000 -0.0008 -0.0000
vn -1.0000 -0.0008 -0.0000
vn -1.0000 -0.0008 -0.0000
vn -1.0000 -0.0008 -0.0000
vn -0.0000 1.0000 0.0000
vn -0.0000 1.0000 0.0000
vn -0.0000 1.0000 0.0000
vn 0.0000 0.0000 -1.0000
vn 0.0000 0.0000 -1.0000
vn 0.0000 0.0000 -1.0000
vn 0.0000 0.0000 -1.0000
vn 0.0000 0.0000 1.0000
vn 0.0000 0.0000 1.0000
vn 0.0000 0.0000 1.0000
vn 0.0000 0.0000 1.0000
vn 0.0000 0.0000 -1.0000
vn 0.0000 0.0000 -1.0000
vn 0.8660 0.0000 -0.5000
vn 0.8660 0.0000 -0.5000
vn -0.0000 1.0000 0.0000
vn -0.0000 1.0000 0.0000
vn -0.0000 1.0000 0.0000
vn -0.0000 1.0000 0.0000
vn 0.0000 0.0000 1.0000
vn 0.0000 0.0000 1.0000
vn -0.8660 -0.0000 0.5000
vn -0.8660 -0.0000 0.5000
vn 0.9977 0.0000 -0.0679
vn 1.0000 0.0008 0.0000
vn 0.9977 0.0000 -0.0679
vn 1.0000 0.0008 0.0000
vn -1.0000 -0.0008 -0.0000
vn -0.9978 -0.0000 0.0657
vn -0.9978 -0.0000 0.0657
vn -1.0000 -0.0008 -0.0000
vn -0.0000 1.0000 0.0000
vn -0.0000 1.0000 0.0000
vn -0.0000 1.0000 0.0000
vn -0.0000 1.0000 0.0000
vn 1.0000 0.0008 0.0000
vn -0.8660 -0.0000 0.5000
vn -0.8660 -0.0000 0.5000
vn -0.6172 0.0081 0.7867
vn -0.6172 0.0081 0.7867
vn -0.0000 1.0000 0.0000
vn -0.0000 1.0000 0.0000
vn -0.0000 1.0000 0.0000
vn -0.0000 1.0000 0.0000
vn 0.8660 0.0000 -0.5000
vn 0.8660 0.0000 -0.5000
vn 0.6642 0.0000 -0.7476
vn 0.6642 0.0000 -0.7476
vn -1.0000 -0.0008 -0.0000
vn -1.0000 -0.0008 -0.0000
vn -0.0000 1.0000 0.0000
vn -0.0000 1.0000 0.0000
vn -0.0000 1.0000 0.0000
vn -1.0000 -0.0008 -0.0000
vn -1.0000 -0.0008 -0.0000
vn -1.0000 -0.0008 -0.0000
vn -1.0000 -0.0008 -0.0000
vn 1.0000 0.0008 0.0000
vn 1.0000 0.0008 0.0000
vn 1.0000 0.0008 0.0000
vn 1.0000 0.0008 0.0000
vn -0.0000 1.0000 0.0000
vn 0.0000 0.0000 -1.0000
vn 0.0000 0.0000 -1.0000
vn 0.0000 0.0000 1.0000
vn 0.0000 0.0000 1.0000
vn -0.8660 0.0000 -0.5000
vn -0.8660 0.0000 -0.5000
vn -0.0000 1.0000 0.0000
vn -0.0000 1.0000 0.0000
vn 0.8660 0.0000 0.5000
vn 0.8660 0.0000 0.5000
vn -0.9630 -0.2696 -0.0028
vn -0.9630 -0.2696 -0.0028
vn -0.9914 0.1305 0.0000
vn -0.9914 0.1305 0.0000
vn -0.0000 1.0000 0.0000
vn -0.0000 1.0000 0.0000
vn 0.0000 0.0000 1.0000
vn 0.0000 0.0000 1.0000
vn 0.0000 0.0000 1.0000
vn 0.0000 0.0000 1.0000
vn 0.0000 0.0000 1.0000
vn 0.0000 0.0000 -1.0000
vn 0.0000 0.0000 -1.0000
vn 0.0000 0.0000 -1.0000
vn 1.0000 0.0008 0.0000
vn 1.0000 0.0008 0.0000
vn 1.0000 0.0008 0.0000
vn 1.0000 0.0008 0.0000
vn -0.0000 1.0000 0.0000
vn -0.0000 1.0000 0.0000
vn -0.0000 1.0000 0.0000
vn -0.0000 1.0000 0.0000
vn 0.0000 0.0000 -1.0000
vn 0.0000 0.0000 -1.0000
vn 0.0000 0.0000 -1.0000
vn 0.0000 0.0000 -1.0000
vn 0.0000 0.0000 -1.0000
vn 0.0000 0.0000 1.0000
vn 0.0000 0.0000 1.0000
vn 0.0000 0.0000 1.0000
vn -0.9914 0.1305 0.0000
vn 0.9630 -0.2696 -0.0028
vn 0.9630 -0.2696 -0.0028
vn 0.9914 0.1305 0.0000
vn 0.9914 0.1305 0.0000
vn -0.0000 1.0000 0.0000
vn -0.0000 1.0000 0.0000
vn 0.0000 0.0000 1.0000
vn 0.0000 0.0000 1.0000
vn 0.0000 0.0000 1.0000
vn 0.0000 0.0000 -1.0000
vn 0.0000 0.0000 -1.0000
vn 0.0000 0.0000 -1.0000
vn -1.0000 -0.0008 -0.0000
vn -1.0000 -0.0008 -0.0000
vn -1.0000 -0.0008 -0.0000
vn -1.0000 -0.0008 -0.0000
vn -0.0000 1.0000 0.0000
vn -0.0000 1.0000 0.0000
vn -0.0000 1.0000 0.0000
vn 0.0000 0.0000 -1.0000
vn 0.0000 0.0000 -1.0000
vn 0.0000 0.0000 -1.0000
vn 0.0000 0.0000 -1.0000
vn 0.0000 0.0000 1.0000
vn 0.0000 0.0000 1.0000
vn 0.0000 0.0000 1.0000
vn 0.9914 0.1305 0.0000
vn -0.0000 1.0000 0.0000
vn -0.0000 1.0000 0.0000
vn -1.0000 -0.0008 -0.0000
vn -1.0000 -0.0008 -0.0000
vn 1.0000 0.0008 0.0000
vn 1.0000 0.0008 0.0000
vn -0.0000 1.0000 0.0000
vn -0.0000 1.0000 0.0000
vn -1.0000 -0.0008 -0.0000
vn -1.0000 -0.0008 -0.0000
vn 1.0000 0.0008 0.0000
vn 1.0000 0.0008 0.0000
vn 0.0000 -0.8152 0.5792
vn 0.0000 -0.8152 0.5792
vn 0.0000 -0.5962 0.8028
vn 0.0000 -0.5962 0.8028
vn 0.8684 0.3006 -0.3944
vn -0.8684 0.3006 -0.3944
vn -0.8660 0.4456 -0.2268
vn -1.0000 -0.0008 -0.0000
vn 1.0000 0.0008 0.0000
vn 0.0000 -0.3867 -0.9222
vn 0.0000 -0.3867 -0.9222
vn 0.0000 0.0000 -1.0000
vn 0.0000 0.0000 -1.0000
vn -0.0000 0.3867 -0.9222
vn -0.0000 0.3867 -0.9222
vn 1.0000 0.0008 0.0000
vn -1.0000 -0.0008 -0.0000
vn 1.0000 0.0008 0.0000
vn -1.0000 -0.0008 -0.0000
vn 0.0000 -0.3867 -0.9222
vn 0.0000 -0.3867 -0.9222
vn 0.0000 0.0000 -1.0000
vn 0.0000 0.0000 -1.0000
vn -0.0000 0.3867 -0.9222
vn -0.0000 0.3867 -0.9222
vn -1.0000 -0.0008 -0.0000
vn 1.0000 0.0008 0.0000
vn 0.0000 0.1887 -0.9820
vn 0.0000 0.1887 -0.9820
vn 0.0008 -0.9406 0.3396
vn 0.0008 -0.9406 0.3396
vn -0.0006 0.7644 0.6447
vn -0.0006 0.7644 0.6447
vn 1.0000 0.0008 0.0000
vn 1.0000 0.0008 0.0000
vn 1.0000 0.0008 0.0000
vn 1.0000 0.0008 0.0000
vn 1.0000 0.0008 0.0000
vn 1.0000 0.0008 0.0000
vn -1.0000 -0.0008 -0.0000
vn -1.0000 -0.0008 -0.0000
vn -1.0000 -0.0008 -0.0000
vn -1.0000 -0.0008 -0.0000
vn -1.0000 -0.0008 -0.0000
vn -1.0000 -0.0008 -0.0000
vn 0.8660 0.0000 0.5000
vn -0.8660 -0.0000 0.5000
vn 0.0000 0.0000 -1.0000
vn 0.8660 0.0000 0.5000
vn 0.8660 0.0000 0.5000
vn 0.0000 0.0000 1.0000
vn 0.0000 0.0000 1.0000
vn 0.0000 0.0000 1.0000
vn 0.0000 0.0000 1.0000
vn -0.8660 -0.0000 0.5000
vn -0.8660 -0.0000 0.5000
vn -0.8660 0.0000 -0.5000
vn -0.8660 0.0000 -0.5000
vn 0.0000 0.0000 -1.0000
vn 0.0000 0.0000 -1.0000
vn 0.8660 0.0000 -0.5000
vn 0.8660 0.0000 -0.5000
vn 0.3698 0.9164 0.1532
vn 0.1532 0.9164 0.3698
vn -0.1532 0.9164 0.3698
vn -0.3698 0.9164 0.1532
vn -0.3698 0.9164 -0.1532
vn -0.1532 0.9164 -0.3698
vn 0.1532 0.9164 -0.3698
vn 0.3698 0.9164 -0.1532
vn 0.6806 0.6762 0.2819
vn 0.2819 0.6762 0.6806
vn -0.2819 0.6762 0.6806
vn -0.6806 0.6762 0.2819
vn -0.6806 0.6762 -0.2819
vn -0.2819 0.6762 -0.6806
vn 0.2819 0.6762 -0.6806
vn 0.6806 0.6762 -0.2819
vn 0.0000 -1.0000 -0.0000
vn 0.0000 -1.0000 -0.0000
vn 0.0000 -1.0000 -0.0000
vn 0.0000 -1.0000 -0.0000
vn 0.0000 -0.4190 -0.9080
vn 0.0000 -0.4190 -0.9080
vn 0.0000 -0.4190 -0.9080
vn 0.0000 -0.4190 -0.9080
vn 0.0000 -1.0000 -0.0000
vn 0.0000 -1.0000 -0.0000
vn 0.0000 -1.0000 -0.0000
vn 0.0000 -1.0000 -0.0000
vn 0.0000 -0.4190 -0.9080
vn 0.0000 -0.4190 -0.9080
vn 0.0000 -0.4190 -0.9080
vn 0.0000 -0.4190 -0.9080
vn 0.0000 -1.0000 -0.0000
vn 0.0000 -1.0000 -0.0000
vn 0.0000 -1.0000 -0.0000
vn 0.0000 -1.0000 -0.0000
vn 0.0000 -1.0000 -0.0000
vn 1.0000 0.0008 0.0000
vn 0.9914 0.0000 0.1305
vn 1.0000 0.0008 0.0000
vn 0.9914 0.0000 0.1305
vn -0.0000 1.0000 0.0000
vn -0.0000 1.0000 0.0000
vn 0.1305 0.0000 0.9914
vn 0.1305 0.0000 0.9914
vn 0.8660 0.0000 0.5000
vn 0.8660 0.0000 0.5000
vn 0.5000 0.0000 0.8660
vn 0.5000 0.0000 0.8660
vn 0.0000 -1.0000 -0.0000
vn 0.0000 -1.0000 -0.0000
vn -0.0000 1.0000 0.0000
vn -0.0000 1.0000 0.0000
vn 0.0000 -1.0000 -0.0000
vn 0.0000 -1.0000 -0.0000
vn 0.0000 -1.0000 -0.0000
vn 0.9914 0.0000 -0.1305
vn 0.9914 0.0000 -0.1305
vn 0.1305 -0.0000 -0.9914
vn 0.1305 -0.0000 -0.9914
vn 0.8660 0.0000 -0.5000
vn 0.8660 0.0000 -0.5000
vn 0.5000 0.0000 -0.8660
vn 0.5000 0.0000 -0.8660
vn 0.0000 -1.0000 -0.0000
vn 0.0000 -1.0000 -0.0000
vn -0.0000 1.0000 0.0000
vn -0.0000 1.0000 0.0000
vn 0.5000 0.0000 -0.8660
vn 0.5000 0.0000 -0.8660
vn 1.0000 0.0008 0.0000
vn 1.0000 0.0008 0.0000
vn 0.5000 0.0000 0.8660
vn 0.5000 0.0000 0.8660
vn -0.0000 1.0000 0.0000
vn -0.0000 1.0000 0.0000
vn -0.0000 1.0000 0.0000
vn -0.0000 1.0000 0.0000
vn -0.0000 1.0000 0.0000
vn -0.0000 1.0000 0.0000
vn -0.2787 0.8303 0.4827
vn -0.5574 0.8303 -0.0000
vn -0.2787 0.8303 -0.4827
vn 0.0000 -1.0000 -0.0000
vn 0.0000 -1.0000 -0.0000
vn 0.0000 -1.0000 -0.0000
vn 0.0000 -1.0000 -0.0000
vn 0.0000 -1.0000 -0.0000
vn 0.0000 -1.0000 -0.0000
vn 0.0000 -1.0000 -0.0000
vn 0.0000 -1.0000 -0.0000
vn 0.0000 -1.0000 -0.0000
vn 0.0000 -1.0000 -0.0000
vn 0.0000 -1.0000 -0.0000
vn 0.0000 -1.0000 -0.0000
vn 0.0000 -1.0000 -0.0000
vn 0.0000 -1.0000 -0.0000
vn 0.0000 -1.0000 -0.0000
vn 0.0000 -1.0000 -0.0000
vn 0.0000 -1.0000 -0.0000
vn 0.0000 -1.0000 -0.0000
vn 0.0000 -1.0000 -0.0000
vn -0.5000 0.0000 -0.8660
vn -0.5000 0.0000 -0.8660
vn -1.0000 -0.0008 -0.0000
vn -1.0000 -0.0008 -0.0000
vn -0.5000 0.0000 0.8660
vn -0.5000 0.0000 0.8660
vn -0.0000 1.0000 0.0000
vn -0.0000 1.0000 0.0000
vn -0.0000 1.0000 0.0000
vn -0.0000 1.0000 0.0000
vn -0.0000 1.0000 0.0000
vn -0.0000 1.0000 0.0000
vn 0.2787 0.8303 0.4827
vn 0.5574 0.8303 -0.0000
vn 0.2787 0.8303 -0.4827
vn 0.0000 -1.0000 -0.0000
vn 0.0000 -1.0000 -0.0000
vn 0.0000 -1.0000 -0.0000
vn 0.0000 -1.0000 -0.0000
vn 0.0000 -1.0000 -0.0000
vn 0.0000 -0.8660 -0.5000
vn 0.0000 -0.8660 -0.5000
vn 0.0000 -0.8822 0.4708
vn 0.0000 -0.8822 0.4708
vn 1.0000 0.0008 0.0000
vn -1.0000 -0.0008 -0.0000
vn -0.0000 0.8028 0.5963
vn -0.0000 0.8028 0.5963
vn 0.0000 -0.3190 0.9477
vn 0.0000 -0.3190 0.9477
vn 0.0000 -1.0000 -0.0000
vn 0.0000 -1.0000 -0.0000
vn 1.0000 0.0008 0.0000
vn 1.0000 0.0008 0.0000
vn 1.0000 0.0008 0.0000
vn 1.0000 0.0008 0.0000
vn 1.0000 0.0008 0.0000
vn 1.0000 0.0008 0.0000
vn 1.0000 0.0008 0.0000
vn 1.0000 0.0008 0.0000
vn -1.0000 -0.0008 -0.0000
vn -1.0000 -0.0008 -0.0000
vn -1.0000 -0.0008 -0.0000
vn -1.0000 -0.0008 -0.0000
vn -1.0000 -0.0008 -0.0000
vn -1.0000 -0.0008 -0.0000
vn -1.0000 -0.0008 -0.0000
vn 0.0000 0.8303 -0.5574
vn 0.0000 0.8303 -0.5574
vn -0.0000 -0.2990 -0.9543
vn -0.0000 -0.2990 -0.9543
vn 1.0000 0.0008 0.0000
vn 1.0000 0.0008 0.0000
vn -1.0000 -0.0008 -0.0000
vn -1.0000 -0.0008 -0.0000
vn -1.0000 -0.0008 -0.0000
vn 1.0000 0.0008 0.0000
vn 1.0000 0.0008 0.0000
vn 1.0000 0.0008 0.0000
vn 1.0000 0.0008 0.0000
vn 0.0000 -1.0000 -0.0000
vn 0.0000 -1.0000 -0.0000
vn 0.0000 -1.0000 -0.0000
vn 0.0000 -1.0000 -0.0000
vn 0.0000 0.0000 -1.0000
vn 0.0000 0.0000 -1.0000
vn 0.0000 0.0000 -1.0000
vn 0.0000 0.0000 -1.0000
vn 1.0000 0.0008 0.0000
vn -0.0006 -0.9991 0.0420
vn -0.0006 -0.9991 0.0420
vn 0.0000 -0.8152 0.5792
vn 0.0000 -0.8152 0.5792
vn 0.0000 -0.7071 0.7071
vn 0.0000 -0.3190 0.9477
vn 0.0000 -0.3190 0.9477
vn -0.0000 0.2990 0.9543
vn -0.0000 0.2990 0.9543
vn 1.0000 0.0008 0.0000
vn 1.0000 0.0008 0.0000
vn 1.0000 0.0008 0.0000
vn 1.0000 0.0008 0.0000
vn 1.0000 0.0008 0.0000
vn 0.0000 -1.0000 -0.0000
vn 0.0000 -1.0000 -0.0000
vn 1.0000 0.0008 0.0000
vn 1.0000 0.0008 0.0000
vn 1.0000 0.0008 0.0000
vn 1.0000 0.0008 0.0000
vn -0.0000 1.0000 0.0000
vn -0.0000 0.9960 0.0890
vn -0.0000 0.9960 0.0890
vn -0.0000 1.0000 0.0000
vn -0.0000 0.8028 0.5963
vn -0.0000 0.8028 0.5963
vn 0.0000 0.0000 -1.0000
vn 0.0000 0.0000 -1.0000
vn 0.0000 0.0000 -1.0000
vn 0.0000 0.0000 -1.0000
vn 0.0000 0.0000 -1.0000
vn 0.0000 0.0000 -1.0000
vn -1.0000 -0.0008 -0.0000
vn -1.0000 -0.0008 -0.0000
vn -1.0000 -0.0008 -0.0000
vn -1.0000 -0.0008 -0.0000
vn -0.0000 1.0000 0.0000
vn -0.0000 1.0000 0.0000
vn 0.0000 -1.0000 -0.0000
vn 0.0000 -1.0000 -0.0000
vn -1.0000 -0.0008 -0.0000
vn -1.0000 -0.0008 -0.0000
vn -1.0000 -0.0008 -0.0000
vn -1.0000 -0.0008 -0.0000
vn -1.0000 -0.0008 -0.0000
vn -1.0000 -0.0008 -0.0000
vn -1.0000 -0.0008 -0.0000
vn 0.0000 -1.0000 -0.0000
vn 0.0000 -1.0000 -0.0000
vn 0.0000 -1.0000 -0.0000
vn 0.0000 -1.0000 -0.0000
vn 0.0000 0.0000 -1.0000
vn 0.0000 0.0000 -1.0000
vn 0.0000 0.0000 -1.0000
vn 0.0000 0.0000 -1.0000
vn -1.0000 -0.0008 -0.0000
vn -0.0006 -0.9991 0.0420
vn -0.0006 -0.9991 0.0420
vn 0.0000 -0.8152 0.5792
vn 0.0000 -0.8152 0.5792
vn 0.0000 -0.7071 0.7071
vn 0.0000 -0.3190 0.9477
vn 0.0000 -0.3190 0.9477
vn -0.0000 0.2990 0.9543
vn -0.0000 0.2990 0.9543
vn -1.0000 -0.0008 -0.0000
vn -1.0000 -0.0008 -0.0000
vn -1.0000 -0.0008 -0.0000
vn -1.0000 -0.0008 -0.0000
vn -1.0000 -0.0008 -0.0000
vn 0.0000 -1.0000 -0.0000
vn 0.0000 -1.0000 -0.0000
vn -1.0000 -0.0008 -0.0000
vn -1.0000 -0.0008 -0.0000
vn -1.0000 -0.0008 -0.0000
vn -1.0000 -0.0008 -0.0000
vn -0.0000 0.9960 0.0890
vn -0.0000 1.0000 0.0000
vn -0.0000 0.9960 0.0890
vn -0.0000 1.0000 0.0000
vn -0.0000 0.8028 0.5963
vn -0.0000 0.8028 0.5963
vn 0.0000 0.0000 -1.0000
vn 0.0000 0.0000 -1.0000
vn 0.0000 0.0000 -1.0000
vn 0.0000 0.0000 -1.0000
vn 0.0000 0.0000 -1.0000
vn 0.0000 0.0000 -1.0000
vn 1.0000 0.0008 0.0000
vn 1.0000 0.0008 0.0000
vn 1.0000 0.0008 0.0000
vn 1.0000 0.0008 0.0000
vn -0.0000 1.0000 0.0000
vn -0.0000 1.0000 0.0000
vn 0.0000 -1.0000 -0.0000
vn 0.0000 -1.0000 -0.0000
vn 1.0000 0.0008 0.0000
vn 1.0000 0.0008 0.0000
vn 1.0000 0.0008 0.0000
vn 1.0000 0.0008 0.0000
vn 0.2542 -0.9671 -0.0008
vn 0.2542 -0.9671 -0.0008
vn -0.7047 -0.7095 0.0018
vn -0.7047 -0.7095 0.0018
vn 0.9977 0.0000 -0.0679
vn 0.9977 0.0000 -0.0679
vn -0.0000 1.0000 0.0000
vn -0.0000 1.0000 0.0000
vn -0.9978 -0.0000 0.0657
vn -0.9978 -0.0000 0.0657
vn 0.5000 0.0000 -0.8660
vn 0.5000 0.0000 -0.8660
vn -0.0000 1.0000 0.0000
vn -0.0000 1.0000 0.0000
vn -0.5000 0.0000 0.8660
vn -0.5000 0.0000 0.8660
vn 0.0049 -0.9538 -0.3003
vn 0.0000 -1.0000 -0.0000
vn 0.0049 -0.9538 -0.3003
vn -0.0367 -0.9993 -0.0005
vn -0.0367 -0.9993 -0.0005
vn 0.0000 -1.0000 -0.0000
vn 0.0000 -1.0000 -0.0000
vn 0.0000 -1.0000 -0.0000
vn 0.0000 -1.0000 -0.0000
vn 0.0000 -1.0000 -0.0000
vn -0.0367 -0.9993 -0.0005
vn 0.0000 -1.0000 -0.0000
vn 0.0000 -1.0000 -0.0000
vn 0.0000 -1.0000 -0.0000
vn 0.0000 -1.0000 -0.0000
vn 0.0049 -0.9538 -0.3003
vn 0.0049 -0.9538 -0.3003
vn 0.0000 -1.0000 -0.0000
vn 0.0000 -1.0000 -0.0000
vn 0.0000 -1.0000 -0.0000
vn 0.0000 -1.0000 -0.0000
vn 0.0000 -1.0000 -0.0000
vn 0.0000 -1.0000 -0.0000
vn 0.0000 -1.0000 -0.0000
vn 0.0000 -1.0000 -0.0000
vn -0.9978 -0.0003 -0.0659
vn -0.9978 -0.0003 -0.0659
vn -0.0000 1.0000 0.0000
vn -0.0000 1.0000 0.0000
vn 0.9977 -0.0000 0.0673
vn 0.9977 -0.0000 0.0673
vn -0.5000 0.0000 -0.8660
vn -0.5000 0.0000 -0.8660
vn -0.0000 1.0000 0.0000
vn -0.0000 1.0000 0.0000
vn 0.5000 0.0000 0.8660
vn 0.5000 0.0000 0.8660
vn 0.0049 -0.9538 -0.3003
vn 0.0000 -1.0000 -0.0000
vn 0.0049 -0.9538 -0.3003
vn 0.0000 -1.0000 -0.0000
vn 0.0367 -0.9993 -0.0005
vn 0.0367 -0.9993 -0.0005
vn 0.0000 -1.0000 -0.0000
vn 0.0000 -1.0000 -0.0000
vn 0.0000 -1.0000 -0.0000
vn 0.0000 -1.0000 -0.0000
vn 0.0000 -1.0000 -0.0000
vn 0.0367 -0.9993 -0.0005
vn 0.0000 -1.0000 -0.0000
vn 0.0000 -1.0000 -0.0000
vn 0.0049 -0.9538 -0.3003
vn 0.0049 -0.9538 -0.3003
vn 0.0000 -1.0000 -0.0000
vn 0.0000 -1.0000 -0.0000
vn 0.0000 -1.0000 -0.0000
vn 0.0000 -1.0000 -0.0000
vn 0.0000 -1.0000 -0.0000
vn 0.0000 -1.0000 -0.0000
vn -0.0000 1.0000 0.0000
vn -0.0000 1.0000 0.0000
vn -0.0000 1.0000 0.0000
vn -0.0000 1.0000 0.0000
vn 0.0000 0.0000 1.0000
vn 0.0000 0.0000 1.0000
vn 0.0000 0.0000 1.0000
vn 0.0000 0.0000 1.0000
vn 0.0000 0.0000 -1.0000
vn 0.0000 0.0000 -1.0000
vn 0.0000 0.0000 -1.0000
vn 0.0000 0.0000 -1.0000
vn -0.2554 -0.9668 -0.0010
vn -0.2554 -0.9668 -0.0010
vn -0.7047 -0.7095 0.0018
vn -0.7047 -0.7095 0.0018
vn 0.0000 0.0000 1.0000
vn 0.0000 0.0000 -1.0000
vn -0.0000 1.0000 0.0000
vn -0.0000 1.0000 0.0000
vn -0.0000 1.0000 0.0000
vn -0.0000 1.0000 0.0000
vn 0.0000 0.0000 -1.0000
vn 0.0000 0.0000 1.0000
vn -0.0000 1.0000 0.0000
vn -0.0000 1.0000 0.0000
vn -0.0000 1.0000 0.0000
vn -0.0000 1.0000 0.0000
vn 0.0000 0.0000 1.0000
vn 0.0000 0.0000 1.0000
vn 0.0000 0.0000 1.0000
vn 0.0000 0.0000 1.0000
vn 0.0000 0.0000 -1.0000
vn 0.0000 0.0000 -1.0000
vn 0.0000 0.0000 -1.0000
vn 0.0000 0.0000 -1.0000
vn 0.2542 -0.9671 -0.0008
vn 0.2542 -0.9671 -0.0008
vn 0.7037 -0.7105 0.0019
vn 0.7037 -0.7105 0.0019
vn 0.0000 0.0000 1.0000
vn 0.0000 0.0000 -1.0000
vn -0.0000 1.0000 0.0000
vn -0.0000 1.0000 0.0000
vn -0.0000 1.0000 0.0000
vn -0.0000 1.0000 0.0000
vn 0.0000 0.0000 -1.0000
vn 0.0000 0.0000 1.0000
vn 0.0008 -0.9844 -0.1761
vn 0.0008 -0.9844 -0.1761
vn 0.0000 -1.0000 -0.0000
vn 0.0000 -1.0000 -0.0000
vn -0.0000 0.3190 -0.9477
vn 0.0000 -0.8028 -0.5963
vn 0.0000 -0.8028 -0.5963
vn -0.0000 0.3190 -0.9477
vn -0.0003 0.3396 0.9406
vn -0.0003 0.3396 0.9406
vn -0.0000 1.0000 0.0000
vn -0.0000 1.0000 0.0000
vn -0.0000 0.3190 -0.9477
vn -0.0000 0.3190 -0.9477
vn -0.8658 -0.0968 0.4909
vn 0.0000 -0.1924 0.9813
vn 0.0000 -0.1924 0.9813
vn 0.8658 -0.0968 0.4909
vn 0.8659 0.0957 -0.4910
vn 0.0000 0.1887 -0.9820
vn -0.8659 0.0957 -0.4910
vn -0.8678 -0.2967 0.3987
vn 0.8678 -0.2967 0.3987
vn 0.0000 0.6128 -0.7903
vn 0.0000 0.8912 -0.4536
vn 0.0000 -0.8822 0.4708
vn 0.0000 -0.8822 0.4708
vn 0.0000 -0.8822 0.4708
vn 0.0000 -0.8822 0.4708
vn 1.0000 0.0008 0.0000
vn -1.0000 -0.0008 -0.0000
vn 0.0000 -0.2616 -0.9652
vn 0.0000 -0.2616 -0.9652
vn -0.0000 0.2616 -0.9652
vn -0.0000 0.2616 -0.9652
vn 1.0000 0.0008 0.0000
vn 1.0000 0.0008 0.0000
vn -1.0000 -0.0008 -0.0000
vn -1.0000 -0.0008 -0.0000
vn 0.0000 -0.8822 0.4708
vn 0.0000 -0.8822 0.4708
vn 0.0000 -0.8822 0.4708
vn 0.0000 -0.8822 0.4708
vn -1.0000 -0.0008 -0.0000
vn 1.0000 0.0008 0.0000
vn 0.0000 -0.2616 -0.9652
vn 0.0000 -0.2616 -0.9652
vn -0.0000 0.2616 -0.9652
vn -0.0000 0.2616 -0.9652
vn -1.0000 -0.0008 -0.0000
vn -1.0000 -0.0008 -0.0000
vn 1.0000 0.0008 0.0000
vn 1.0000 0.0008 0.0000
vn -0.0005 0.6447 -0.7644
vn -0.0005 0.6447 -0.7644
vn 0.0003 -0.3396 -0.9406
vn 0.0003 -0.3396 -0.9406
vn 0.0008 -0.9844 -0.1761
vn 0.0008 -0.9844 -0.1761
vn 0.0005 -0.6447 0.7644
vn 0.0005 -0.6447 0.7644
vn -0.0003 0.3396 0.9406
vn -0.0003 0.3396 0.9406
vn -0.0008 0.9844 0.1761
vn -0.0008 0.9844 0.1761
vn 1.0000 0.0008 0.0000
vn 1.0000 0.0008 0.0000
vn 1.0000 0.0008 0.0000
vn 1.0000 0.0008 0.0000
vn 1.0000 0.0008 0.0000
vn 1.0000 0.0008 0.0000
vn 1.0000 0.0008 0.0000
vn 1.0000 0.0008 0.0000
vn 1.0000 0.0008 0.0000
vn 1.0000 0.0008 0.0000
vn 1.0000 0.0008 0.0000
vn 1.0000 0.0008 0.0000
vn -1.0000 -0.0008 -0.0000
vn -1.0000 -0.0008 -0.0000
vn -1.0000 -0.0008 -0.0000
vn -1.0000 -0.0008 -0.0000
vn -1.0000 -0.0008 -0.0000
vn -1.0000 -0.0008 -0.0000
vn -1.0000 -0.0008 -0.0000
vn -1.0000 -0.0008 -0.0000
vn -1.0000 -0.0008 -0.0000
vn -1.0000 -0.0008 -0.0000
vn -1.0000 -0.0008 -0.0000
vn -1.0000 -0.0008 -0.0000
vn 0.5000 0.0000 0.8660
vn 0.5000 0.0000 0.8660
vn 0.8660 0.0000 0.5000
vn 0.0000 0.0000 1.0000
vn -0.5000 0.0000 0.8660
vn -0.5000 0.0000 0.8660
vn 0.0000 0.0000 1.0000
vn -0.8660 -0.0000 0.5000
vn -1.0000 -0.0008 -0.0000
vn -1.0000 -0.0008 -0.0000
vn -0.8660 0.0000 -0.5000
vn -0.5000 0.0000 -0.8660
vn -0.5000 0.0000 -0.8660
vn 0.0000 0.0000 -1.0000
vn 0.5000 0.0000 -0.8660
vn 0.5000 0.0000 -0.8660
vn 0.8660 0.0000 -0.5000
vn 1.0000 0.0008 0.0000
vn 1.0000 0.0008 0.0000
vn 0.5000 0.0000 0.8660
vn 0.5000 0.0000 0.8660
vn -0.5000 0.0000 0.8660
vn -0.5000 0.0000 0.8660
vn -1.0000 -0.0008 -0.0000
vn -1.0000 -0.0008 -0.0000
vn -0.5000 0.0000 -0.8660
vn -0.5000 0.0000 -0.8660
vn 0.5000 0.0000 -0.8660
vn 0.5000 0.0000 -0.8660
vn 1.0000 0.0008 0.0000
vn 1.0000 0.0008 0.0000
vn 0.0000 0.0000 -1.0000
vn 0.0000 0.0000 -1.0000
vn -0.0000 1.0000 0.0000
vn -0.0000 1.0000 0.0000
vn 0.0000 0.0000 1.0000
vn 0.0000 0.0000 1.0000
vn 0.0000 -1.0000 -0.0000
vn 0.0000 -1.0000 -0.0000
vn 0.8660 0.5000 0.0054
vn 0.8660 0.5000 0.0054
vn -0.0000 1.0000 0.0000
vn -0.0000 1.0000 0.0000
vn -0.8660 0.5000 0.0054
vn -0.8660 0.5000 0.0054
vn -0.9659 0.2588 0.0028
vn -0.9659 0.2588 0.0028
vn 0.9659 0.2588 0.0028
vn 0.9659 0.2588 0.0028
vn 0.2830 0.9164 0.2830
vn -0.0000 0.9164 0.4002
vn -0.2830 0.9164 0.2830
vn -0.4002 0.9164 0.0000
vn -0.2830 0.9164 -0.2830
vn -0.0000 0.9164 -0.4002
vn 0.2830 0.9164 -0.2830
vn 0.4002 0.9164 0.0000
vn 0.5209 0.6762 0.5209
vn -0.0000 0.6762 0.7367
vn -0.5209 0.6762 0.5209
vn -0.7367 0.6762 0.0000
vn -0.5209 0.6762 -0.5209
vn 0.0000 0.6762 -0.7367
vn 0.5209 0.6762 -0.5209
vn 0.7367 0.6762 0.0000
vn 0.2588 0.0000 -0.9659
vn 0.2588 0.0000 -0.9659
vn 0.7071 0.0000 -0.7071
vn 0.7071 0.0000 -0.7071
vn 0.9659 0.0000 -0.2588
vn 0.9659 0.0000 -0.2588
vn 0.9659 0.0000 0.2588
vn 0.9659 0.0000 0.2588
vn 0.7071 0.0000 0.7071
vn 0.7071 0.0000 0.7071
vn 0.2588 0.0000 0.9659
vn 0.2588 0.0000 0.9659
vn -0.0000 1.0000 0.0000
vn -0.0000 1.0000 0.0000
vn -0.0000 1.0000 0.0000
vn -0.0000 1.0000 0.0000
vn -0.0000 1.0000 0.0000
vn -0.0000 1.0000 0.0000
vn -0.0000 1.0000 0.0000
vn -0.0000 1.0000 0.0000
vn -0.0000 1.0000 0.0000
vn -0.0000 1.0000 0.0000
vn -0.0000 1.0000 0.0000
vn -0.0000 1.0000 0.0000
vn -0.1443 0.8303 0.5384
vn -0.3941 0.8303 0.3941
vn -0.5384 0.8303 0.1443
vn -0.5384 0.8303 -0.1443
vn -0.3941 0.8303 -0.3941
vn -0.1443 0.8303 -0.5384
vn 0.0000 -1.0000 -0.0000
vn 0.0000 -1.0000 -0.0000
vn 0.0000 -1.0000 -0.0000
vn 0.0000 -1.0000 -0.0000
vn 0.0000 -1.0000 -0.0000
vn 0.0000 -1.0000 -0.0000
vn -0.2588 -0.0000 -0.9659
vn -0.2588 -0.0000 -0.9659
vn -0.7071 -0.0000 -0.7071
vn -0.7071 -0.0000 -0.7071
vn -0.9659 -0.0000 -0.2588
vn -0.9659 -0.0000 -0.2588
vn -0.9659 -0.0000 0.2588
vn -0.9659 -0.0000 0.2588
vn -0.7071 -0.0000 0.7071
vn -0.7071 -0.0000 0.7071
vn -0.2588 -0.0000 0.9659
vn -0.2588 -0.0000 0.9659
vn -0.0000 1.0000 0.0000
vn -0.0000 1.0000 0.0000
vn -0.0000 1.0000 0.0000
vn -0.0000 1.0000 0.0000
vn -0.0000 1.0000 0.0000
vn -0.0000 1.0000 0.0000
vn -0.0000 1.0000 0.0000
vn -0.0000 1.0000 0.0000
vn -0.0000 1.0000 0.0000
vn -0.0000 1.0000 0.0000
vn -0.0000 1.0000 0.0000
vn -0.0000 1.0000 0.0000
vn 0.1443 0.8303 0.5384
vn 0.3941 0.8303 0.3941
vn 0.5384 0.8303 0.1443
vn 0.5384 0.8303 -0.1443
vn 0.3941 0.8303 -0.3941
vn 0.1443 0.8303 -0.5384
vn 0.0000 -1.0000 -0.0000
vn 0.0000 -1.0000 -0.0000
vn 0.0000 -1.0000 -0.0000
vn 0.0000 -1.0000 -0.0000
vn 0.0000 -1.0000 -0.0000
vn 0.0000 -1.0000 -0.0000
vn -0.0000 0.5000 -0.8660
vn -0.0000 0.5000 -0.8660
vn 0.0000 -0.5000 -0.8660
vn 0.0000 -0.5000 -0.8660
vn 0.0000 -1.0000 -0.0000
vn 0.0000 -1.0000 -0.0000
vn 0.0000 -0.5000 0.8660
vn 0.0000 -0.5000 0.8660
vn -0.0000 0.5000 0.8660
vn -0.0000 0.5000 0.8660
vn -0.0000 1.0000 0.0000
vn -0.0000 1.0000 0.0000
vn 1.0000 0.0008 0.0000
vn 1.0000 0.0008 0.0000
vn 1.0000 0.0008 0.0000
vn 1.0000 0.0008 0.0000
vn 1.0000 0.0008 0.0000
vn 1.0000 0.0008 0.0000
vn -1.0000 -0.0008 -0.0000
vn -1.0000 -0.0008 -0.0000
vn -1.0000 -0.0008 -0.0000
vn -1.0000 -0.0008 -0.0000
vn -1.0000 -0.0008 -0.0000
vn -1.0000 -0.0008 -0.0000
vn -0.0000 1.0000 0.0000
vn -0.0000 1.0000 0.0000
vn -0.0000 0.2990 0.9543
vn -0.0000 0.2990 0.9543
vn 0.0000 -0.8152 0.5792
vn 0.0000 -0.8152 0.5792
vn 1.0000 0.0008 0.0000
vn 1.0000 0.0008 0.0000
vn 1.0000 0.0008 0.0000
vn -1.0000 -0.0008 -0.0000
vn -1.0000 -0.0008 -0.0000
vn -1.0000 -0.0008 -0.0000
vn -1.0000 -0.0008 -0.0000
vn -0.0000 0.3190 -0.9477
vn -0.0000 0.3190 -0.9477
vn 0.0000 -0.8028 -0.5963
vn 0.0000 -0.8028 -0.5963
vn 1.0000 0.0008 0.0000
vn 1.0000 0.0008 0.0000
vn -1.0000 -0.0008 -0.0000
vn -1.0000 -0.0008 -0.0000
vn -1.0000 -0.0008 -0.0000
vn -1.0000 -0.0008 -0.0000
vn 1.0000 0.0008 0.0000
vn 1.0000 0.0008 0.0000
vn 1.0000 0.0008 0.0000
vn -0.0008 -0.9543 0.2990
vn -0.0008 -0.9543 0.2990
vn 0.0000 -0.5962 0.8028
vn 0.0000 -0.5962 0.8028
vn 0.0000 0.0000 1.0000
vn 0.0000 0.0000 1.0000
vn 0.0001 0.5792 0.8152
vn 0.0001 0.5792 0.8152
vn 1.0000 0.0008 0.0000
vn 1.0000 0.0008 0.0000
vn 1.0000 0.0008 0.0000
vn 1.0000 0.0008 0.0000
vn 1.0000 0.0008 0.0000
vn 1.0000 0.0008 0.0000
vn 1.0000 0.0008 0.0000
vn 1.0000 0.0008 0.0000
vn 1.0000 0.0008 0.0000
vn 1.0000 0.0008 0.0000
vn 0.9645 0.2292 -0.1309
vn 0.9642 0.1326 -0.2294
vn 1.0000 0.0008 0.0000
vn 0.9659 0.0000 -0.2588
vn 0.9635 -0.1338 -0.2321
vn 0.9632 -0.2324 -0.1352
vn 0.9630 -0.2696 -0.0028
vn 0.9632 -0.2352 0.1303
vn 0.9635 -0.1386 0.2292
vn 0.9659 0.0000 0.2588
vn 0.9642 0.1278 0.2322
vn 0.9645 0.2264 0.1357
vn 0.9659 0.2588 0.0028
vn 1.0000 0.0008 0.0000
vn 1.0000 0.0008 0.0000
vn 1.0000 0.0008 0.0000
vn -0.0000 0.9477 0.3190
vn -0.0000 0.9477 0.3190
vn 0.0000 0.0000 -1.0000
vn 0.0000 0.0000 -1.0000
vn -1.0000 -0.0008 -0.0000
vn -1.0000 -0.0008 -0.0000
vn 0.0000 -1.0000 -0.0000
vn -1.0000 -0.0008 -0.0000
vn -1.0000 -0.0008 -0.0000
vn -1.0000 -0.0008 -0.0000
vn -1.0000 -0.0008 -0.0000
vn 1.0000 0.0008 0.0000
vn 1.0000 0.0008 0.0000
vn -1.0000 -0.0008 -0.0000
vn -1.0000 -0.0008 -0.0000
vn -1.0000 -0.0008 -0.0000
vn -0.0008 -0.9543 0.2990
vn -0.0008 -0.9543 0.2990
vn 0.0000 -0.5962 0.8028
vn 0.0000 -0.5962 0.8028
vn 0.0000 0.0000 1.0000
vn 0.0000 0.0000 1.0000
vn 0.0001 0.5792 0.8152
vn 0.0001 0.5792 0.8152
vn -1.0000 -0.0008 -0.0000
vn -1.0000 -0.0008 -0.0000
vn -1.0000 -0.0008 -0.0000
vn -1.0000 -0.0008 -0.0000
vn -1.0000 -0.0008 -0.0000
vn -1.0000 -0.0008 -0.0000
vn -1.0000 -0.0008 -0.0000
vn -1.0000 -0.0008 -0.0000
vn -1.0000 -0.0008 -0.0000
vn -1.0000 -0.0008 -0.0000
vn -0.9645 0.2292 -0.1309
vn -1.0000 -0.0008 -0.0000
vn -0.9642 0.1326 -0.2294
vn -0.9659 -0.0000 -0.2588
vn -0.9635 -0.1338 -0.2321
vn -0.9632 -0.2324 -0.1352
vn -0.9630 -0.2696 -0.0028
vn -0.9632 -0.2352 0.1303
vn -0.9635 -0.1386 0.2292
vn -0.9659 -0.0000 0.2588
vn -0.9642 0.1278 0.2322
vn -0.9645 0.2264 0.1357
vn -0.9659 0.2588 0.0028
vn -1.0000 -0.0008 -0.0000
vn -1.0000 -0.0008 -0.0000
vn -1.0000 -0.0008 -0.0000
vn -0.0000 0.9477 0.3190
vn -0.0000 0.9477 0.3190
vn 0.0000 0.0000 -1.0000
vn 0.0000 0.0000 -1.0000
vn 1.0000 0.0008 0.0000
vn 1.0000 0.0008 0.0000
vn 0.0000 -1.0000 -0.0000
vn 1.0000 0.0008 0.0000
vn 1.0000 0.0008 0.0000
vn 1.0000 0.0008 0.0000
vn -1.0000 -0.0008 -0.0000
vn -1.0000 -0.0008 -0.0000
vn 0.0008 -0.9844 -0.1761
vn -0.1955 -0.9778 -0.0747
vn -0.1955 -0.9778 -0.0747
vn 0.1955 -0.9778 -0.0747
vn 0.1955 -0.9778 -0.0747
vn 0.0000 0.0000 -1.0000
vn 0.0000 0.0000 -1.0000
vn 0.0000 0.0000 -1.0000
vn 0.0000 0.0000 1.0000
vn 0.0000 0.0000 1.0000
vn 0.7037 -0.7105 0.0019
vn 0.7037 -0.7105 0.0019
vn -0.7071 0.7071 0.0072
vn -0.7071 0.7071 0.0072
vn 0.3816 -0.9243 -0.0067
vn 0.3816 -0.9243 -0.0067
vn 0.0000 0.0000 1.0000
vn 0.0000 0.0000 1.0000
vn 0.0000 0.0000 -1.0000
vn 0.0000 0.0000 -1.0000
vn 0.0000 0.0000 -1.0000
vn 0.0000 0.0000 -1.0000
vn 0.0000 0.0000 1.0000
vn 0.0000 0.0000 1.0000
vn 0.0000 0.0000 1.0000
vn 0.0000 0.0000 1.0000
vn -0.2554 -0.9668 -0.0010
vn -0.2554 -0.9668 -0.0010
vn -0.9630 -0.2696 -0.0028
vn -0.9630 -0.2696 -0.0028
vn -0.9965 -0.0833 0.0034
vn 0.9982 0.0605 0.0006
vn 0.9659 0.2588 0.0028
vn 0.9982 0.0605 0.0006
vn 0.9659 0.2588 0.0028
vn 0.2588 0.9659 0.0098
vn 0.2588 0.9659 0.0098
vn -0.3802 -0.9249 -0.0070
vn -0.3802 -0.9249 -0.0070
vn 0.0000 -0.5000 -0.8660
vn 0.0000 0.0000 1.0000
vn -1.0000 -0.0008 -0.0000
vn 1.0000 0.0008 0.0000
vn 0.9659 0.0000 0.2588
vn 0.9659 0.0000 0.2588
vn 0.7071 0.0000 0.7071
vn 0.7071 0.0000 0.7071
vn -0.0000 1.0000 0.0000
vn -0.0000 1.0000 0.0000
vn -0.0000 1.0000 0.0000
vn -0.0000 1.0000 0.0000
vn -0.9659 -0.0000 -0.2588
vn -0.9659 -0.0000 -0.2588
vn -0.7321 -0.0000 -0.6812
vn -0.7321 -0.0000 -0.6812
vn 1.0000 0.0008 0.0000
vn 0.2588 0.0000 -0.9659
vn 0.2588 0.0000 -0.9659
vn 0.7071 0.0000 -0.7071
vn 0.7071 0.0000 -0.7071
vn 0.9659 0.0000 -0.2588
vn 0.9659 0.0000 -0.2588
vn -0.0000 1.0000 0.0000
vn -0.0000 1.0000 0.0000
vn -0.0000 1.0000 0.0000
vn -0.0000 1.0000 0.0000
vn -0.0000 1.0000 0.0000
vn -0.0000 1.0000 0.0000
vn -0.2588 -0.0000 0.9659
vn -0.2588 -0.0000 0.9659
vn -0.7071 -0.0000 0.7071
vn -0.7071 -0.0000 0.7071
vn -0.9659 -0.0000 0.2588
vn -0.9659 -0.0000 0.2588
vn 0.0000 -1.0000 -0.0000
vn 0.0000 -1.0000 -0.0000
vn 0.0000 -1.0000 -0.0000
vn 0.0000 -1.0000 -0.0000
vn 0.0000 -1.0000 -0.0000
vn 0.0000 -1.0000 -0.0000
vn 0.0000 -1.0000 -0.0000
vn 0.0000 -1.0000 -0.0000
vn 0.0000 -1.0000 -0.0000
vn 0.0000 -1.0000 -0.0000
vn 0.0000 -1.0000 -0.0000
vn 0.0000 -1.0000 -0.0000
vn 0.0000 -1.0000 -0.0000
vn 1.0000 0.0008 0.0000
vn -1.0000 -0.0008 -0.0000
vn -0.9659 -0.0000 0.2588
vn -0.9659 -0.0000 0.2588
vn -0.7071 -0.0000 0.7071
vn -0.7071 -0.0000 0.7071
vn -0.0000 1.0000 0.0000
vn -0.0000 1.0000 0.0000
vn -0.0000 1.0000 0.0000
vn -0.0000 1.0000 0.0000
vn 0.9659 0.0000 -0.2588
vn 0.9659 0.0000 -0.2588
vn 0.7321 0.0000 -0.6812
vn 0.7321 0.0000 -0.6812
vn -0.2588 -0.0000 -0.9659
vn -0.2588 -0.0000 -0.9659
vn -0.7071 -0.0000 -0.7071
vn -0.7071 -0.0000 -0.7071
vn -0.9659 -0.0000 -0.2588
vn -0.9659 -0.0000 -0.2588
vn -0.0000 1.0000 0.0000
vn -0.0000 1.0000 0.0000
vn -0.0000 1.0000 0.0000
vn -0.0000 1.0000 0.0000
vn -0.0000 1.0000 0.0000
vn -0.0000 1.0000 0.0000
vn 0.2588 0.0000 0.9659
vn 0.2588 0.0000 0.9659
vn 0.7071 0.0000 0.7071
vn 0.7071 0.0000 0.7071
vn 0.9659 0.0000 0.2588
vn 0.9659 0.0000 0.2588
vn 0.0000 -1.0000 -0.0000
vn 0.0000 -1.0000 -0.0000
vn 0.0000 -1.0000 -0.0000
vn 0.0000 -1.0000 -0.0000
vn 0.0000 -1.0000 -0.0000
vn 0.0000 -1.0000 -0.0000
vn 0.0000 -1.0000 -0.0000
vn 0.0000 -1.0000 -0.0000
vn 0.0000 -1.0000 -0.0000
vn 0.0000 -1.0000 -0.0000
vn 0.0000 -1.0000 -0.0000
vn 0.0000 -1.0000 -0.0000
vn 0.0000 -1.0000 -0.0000
vn 0.0000 -1.0000 -0.0000
vn -0.5000 -0.8660 0.0000
vn -0.5000 -0.8660 0.0000
vn -0.8660 -0.5000 0.0000
vn -0.8660 -0.5000 0.0000
vn -1.0000 -0.0008 -0.0000
vn -0.9982 0.0605 0.0006
vn -0.0000 1.0000 0.0000
vn 0.0000 0.0000 1.0000
vn 0.0000 0.0000 1.0000
vn 0.0000 0.0000 1.0000
vn 0.0000 0.0000 1.0000
vn 0.0000 0.0000 -1.0000
vn 0.0000 0.0000 -1.0000
vn 0.0000 0.0000 -1.0000
vn 0.0000 0.0000 -1.0000
vn 0.0000 0.0000 -1.0000
vn -0.8939 0.4482 -0.0000
vn -0.8939 0.4482 -0.0000
vn -0.8939 0.4482 -0.0000
vn -0.8939 0.4482 -0.0000
vn -1.0000 -0.0008 -0.0000
vn -1.0000 -0.0008 -0.0000
vn -1.0000 -0.0008 -0.0000
vn -1.0000 -0.0008 -0.0000
vn 0.0000 0.0000 -1.0000
vn 0.0000 0.0000 1.0000
vn 0.0000 0.0000 1.0000
vn 0.5000 -0.8660 0.0000
vn 0.5000 -0.8660 0.0000
vn 0.8660 -0.5000 0.0000
vn 0.8660 -0.5000 0.0000
vn 1.0000 0.0008 0.0000
vn 0.9982 0.0605 0.0006
vn -0.0000 1.0000 0.0000
vn 0.0000 0.0000 1.0000
vn 0.0000 0.0000 1.0000
vn 0.0000 0.0000 1.0000
vn 0.0000 0.0000 -1.0000
vn 0.0000 0.0000 -1.0000
vn 0.0000 0.0000 -1.0000
vn 0.8939 0.4482 -0.0000
vn 0.8939 0.4482 -0.0000
vn 0.8939 0.4482 -0.0000
vn 0.8939 0.4482 -0.0000
vn 1.0000 0.0008 0.0000
vn 1.0000 0.0008 0.0000
vn 1.0000 0.0008 0.0000
vn 1.0000 0.0008 0.0000
vn 0.0000 0.0000 -1.0000
vn 0.0000 0.0000 1.0000
vn 0.0000 0.0000 1.0000
vn -0.0000 1.0000 0.0000
vn -0.0000 1.0000 0.0000
vn 0.0008 -0.9844 -0.1761
vn 0.0008 -0.9844 -0.1761
vn -1.0000 -0.0008 -0.0000
vn -1.0000 -0.0008 -0.0000
vn 0.0000 -1.0000 -0.0000
vn 0.0000 -1.0000 -0.0000
vn 1.0000 0.0008 0.0000
vn 1.0000 0.0008 0.0000
vn -1.0000 -0.0008 -0.0000
vn -0.8660 -0.0000 0.5000
vn -0.5000 0.0000 0.8660
vn 0.0000 0.0000 1.0000
vn 0.5000 0.0000 0.8660
vn 0.0000 0.0000 1.0000
vn 0.8660 0.0000 0.5000
vn 1.0000 0.0008 0.0000
vn 0.8660 0.0000 -0.5000
vn 0.5000 0.0000 -0.8660
vn 0.0000 0.0000 -1.0000
vn -0.5000 0.0000 -0.8660
vn -0.8660 0.0000 -0.5000
vn -0.8660 -0.0000 0.5000
vn -1.0000 -0.0008 -0.0000
vn -1.0000 -0.0008 -0.0000
vn -0.5000 0.0000 0.8660
vn -0.4997 -0.1670 0.8500
vn 0.0000 0.0000 1.0000
vn 0.0000 0.0000 1.0000
vn 0.4997 -0.1670 0.8500
vn 0.5000 0.0000 0.8660
vn 0.8660 0.0000 0.5000
vn 1.0000 0.0008 0.0000
vn 1.0000 0.0008 0.0000
vn 0.8660 0.0000 -0.5000
vn 0.4998 0.1641 -0.8504
vn 0.5000 0.0000 -0.8660
vn 0.0000 0.0000 -1.0000
vn -0.5000 0.0000 -0.8660
vn -0.4998 0.1641 -0.8504
vn -0.8660 0.0000 -0.5000
vn -1.0000 -0.0008 -0.0000
vn -0.8646 -0.4236 0.2703
vn -1.0000 -0.0008 -0.0000
vn -0.4976 -0.7308 0.4673
vn -0.5029 -0.5155 0.6938
vn 0.0000 -0.8423 0.5389
vn 0.5029 -0.5155 0.6938
vn 0.0000 -0.8423 0.5389
vn 0.4976 -0.7308 0.4673
vn 0.8646 -0.4236 0.2703
vn 1.0000 0.0008 0.0000
vn 1.0000 0.0008 0.0000
vn 0.8643 0.4272 -0.2657
vn 0.5045 0.5272 -0.6837
vn 0.4967 0.7395 -0.4544
vn 0.0000 0.8534 -0.5213
vn -0.4967 0.7395 -0.4544
vn -0.5045 0.5272 -0.6838
vn -0.8643 0.4272 -0.2657
vn -1.0000 -0.0008 -0.0000
vn -0.8660 -0.4456 0.2268
vn -0.5000 -0.7718 0.3928
vn 0.0000 -0.8822 0.4708
vn 0.5000 -0.7718 0.3928
vn 0.0000 -0.8822 0.4708
vn 0.8660 -0.4456 0.2268
vn 1.0000 0.0008 0.0000
vn 0.8660 0.4456 -0.2268
vn 0.5000 0.7718 -0.3928
vn 0.0000 0.8912 -0.4536
vn -0.5000 0.7718 -0.3928
vn -0.8660 0.4456 -0.2268
vn -0.7071 -0.6302 0.3207
vn -0.7071 -0.6302 0.3207
vn -0.2588 -0.8608 0.4381
vn -0.2588 -0.8608 0.4381
vn 0.2588 -0.8608 0.4381
vn 0.2588 -0.8608 0.4381
vn 0.7071 -0.6302 0.3207
vn 0.7071 -0.6302 0.3207
vn 0.9632 -0.2352 0.1303
vn 0.9632 -0.2352 0.1303
vn 0.9645 0.2292 -0.1309
vn 0.9645 0.2292 -0.1309
vn 0.7071 0.6302 -0.3207
vn 0.7071 0.6302 -0.3207
vn 0.2588 0.8608 -0.4381
vn -0.2588 0.8608 -0.4381
vn -0.7071 0.6302 -0.3207
vn -0.9645 0.2292 -0.1309
vn -0.9632 -0.2352 0.1303
vn -0.9632 -0.2352 0.1303
vn 0.0000 -1.0000 -0.0000
vn 0.0000 -1.0000 -0.0000
vn 0.0000 -1.0000 -0.0000
vn 0.0000 -1.0000 -0.0000
vn 0.0000 -1.0000 -0.0000
vn 0.0000 -1.0000 -0.0000
vn 0.0000 -1.0000 -0.0000
vn 0.0000 -1.0000 -0.0000
vn 0.9962 -0.0064 0.0865
vn 0.9962 -0.0064 0.0865
vn -0.9966 0.0058 -0.0817
vn -0.9966 0.0058 -0.0817
vn 0.5985 -0.1935 0.7774
vn 0.5985 -0.1935 0.7774
vn -0.3994 0.2424 -0.8842
vn -0.3994 0.2424 -0.8842
vn 1.0000 0.0008 -0.0020
vn 1.0000 0.0008 -0.0020
vn 1.0000 0.0008 -0.0020
vn 1.0000 0.0008 -0.0020
vn -1.0000 -0.0008 0.0020
vn -1.0000 -0.0008 0.0020
vn -1.0000 -0.0008 0.0020
vn -1.0000 -0.0008 0.0020
vn -0.0020 -0.0035 -1.0000
vn -0.0020 -0.0035 -1.0000
vn -0.0020 -0.0035 -1.0000
vn -0.0020 -0.0035 -1.0000
vn 0.0009 0.7095 0.7047
vn 0.0009 0.7095 0.7047
vn 0.1156 0.8039 -0.5834
vn 0.1156 0.8039 -0.5834
vn -0.0008 0.9998 -0.0212
vn -0.0055 0.9351 0.3544
vn -0.0055 0.9351 0.3544
vn -0.0008 0.9998 -0.0212
vn 0.0054 -0.9994 -0.0340
vn 0.0008 -0.9997 0.0235
vn 0.0054 -0.9994 -0.0340
vn 0.0008 -0.9997 0.0235
vn -0.0035 0.4458 -0.8951
vn -0.0035 0.4458 -0.8951
vn -0.0035 0.4458 -0.8951
vn -0.0035 0.4458 -0.8951
vn 0.0100 -0.9958 -0.0914
vn 0.0100 -0.9958 -0.0914
f 664/664/664 1157/1157/1157 665/665/665
f 1162/1162/1162 664/664/664 680/680/680
f 1198/1198/1198 680/680/680 696/696/696
f 696/696/696 665/665/665 1193/1193/1193
f 700/700/700 679/679/679 1198/1198/1198
f 678/678/678 1162/1162/1162 679/679/679
f 1197/1197/1197 677/677/677 700/700/700
f 1161/1161/1161 678/678/678 677/677/677
f 699/699/699 676/676/676 1197/1197/1197
f 675/675/675 1161/1161/1161 676/676/676
f 1196/1196/1196 674/674/674 699/699/699
f 1160/1160/1160 675/675/675 674/674/674
f 698/698/698 673/673/673 1196/1196/1196
f 672/672/672 1160/1160/1160 673/673/673
f 1195/1195/1195 671/671/671 698/698/698
f 1159/1159/1159 672/672/672 671/671/671
f 697/697/697 670/670/670 1195/1195/1195
f 669/669/669 1159/1159/1159 670/670/670
f 1194/1194/1194 668/668/668 697/697/697
f 1158/1158/1158 669/669/669 668/668/668
f 666/666/666 667/667/667 1194/1194/1194
f 666/666/666 1158/1158/1158 667/667/667
f 1073/1073/1073 1075/1075/1075 1549/1549/1549
f 1077/1077/1077 1549/1549/1549 1075/1075/1075
f 1077/1077/1077 1548/1548/1548 1549/1549/1549
f 1549/1549/1549 1548/1548/1548 1566/1566/1566
f 1598/1598/1598 1613/1613/1613 1614/1614/1614
f 1598/1598/1598 1597/1597/1597 1613/1613/1613
f 1582/1582/1582 1597/1597/1597 1598/1598/1598
f 1582/1582/1582 1598/1598/1598 1583/1583/1583
f 521/521/521 1582/1582/1582 1583/1583/1583
f 1584/1584/1584 521/521/521 1583/1583/1583
f 991/991/991 521/521/521 1584/1584/1584
f 991/991/991 1584/1584/1584 1565/1565/1565
f 1564/1564/1564 991/991/991 1565/1565/1565
f 1564/1564/1564 1565/1565/1565 1566/1566/1566
f 1547/1547/1547 1564/1564/1564 1566/1566/1566
f 1547/1547/1547 1566/1566/1566 1548/1548/1548
f 1078/1078/1078 1547/1547/1547 1548/1548/1548
f 1078/1078/1078 1548/1548/1548 1077/1077/1077
f 54/54/54 1078/1078/1078 1077/1077/1077
f 54/54/54 1077/1077/1077 1076/1076/1076
f 1076/1076/1076 1077/1077/1077 1075/1075/1075
f 1076/1076/1076 1075/1075/1075 564/564/564
f 1074/1074/1074 564/564/564 1075/1075/1075
f 1074/1074/1074 1075/1075/1075 1073/1073/1073
f 53/53/53 1074/1074/1074 1073/1073/1073
f 54/54/54 1080/1080/1080 1079/1079/1079
f 54/54/54 1079/1079/1079 1078/1078/1078
f 1078/1078/1078 1079/1079/1079 1546/1546/1546
f 1078/1078/1078 1546/1546/1546 1547/1547/1547
f 1546/1546/1546 1564/1564/1564 1547/1547/1547
f 1546/1546/1546 1563/1563/1563 1564/1564/1564
f 1563/1563/1563 991/991/991 1564/1564/1564
f 521/521/521 1581/1581/1581 1582/1582/1582
f 991/991/991 1581/1581/1581 521/521/521
f 991/991/991 1562/1562/1562 1581/1581/1581
f 1563/1563/1563 1562/1562/1562 991/991/991
f 1561/1561/1561 1562/1562/1562 1563/1563/1563
f 1546/1546/1546 1561/1561/1561 1563/1563/1563
f 1546/1546/1546 1545/1545/1545 1561/1561/1561
f 1079/1079/1079 1545/1545/1545 1546/1546/1546
f 1079/1079/1079 1064/1064/1064 1545/1545/1545
f 1080/1080/1080 1064/1064/1064 1079/1079/1079
f 1080/1080/1080 562/562/562 1064/1064/1064
f 1597/1597/1597 1611/1611/1611 1612/1612/1612
f 1597/1597/1597 1596/1596/1596 1611/1611/1611
f 1582/1582/1582 1596/1596/1596 1597/1597/1597
f 1582/1582/1582 1580/1580/1580 1596/1596/1596
f 1581/1581/1581 1580/1580/1580 1582/1582/1582
f 1581/1581/1581 995/995/995 1580/1580/1580
f 1562/1562/1562 995/995/995 1581/1581/1581
f 1562/1562/1562 990/990/990 995/995/995
f 1561/1561/1561 990/990/990 1562/1562/1562
f 1560/1560/1560 990/990/990 1561/1561/1561
f 1545/1545/1545 1560/1560/1560 1561/1561/1561
f 1545/1545/1545 1543/1543/1543 1560/1560/1560
f 1064/1064/1064 1543/1543/1543 1545/1545/1545
f 1064/1064/1064 1062/1062/1062 1543/1543/1543
f 562/562/562 1062/1062/1062 1064/1064/1064
f 562/562/562 1063/1063/1063 1062/1062/1062
f 51/51/51 1062/1062/1062 1063/1063/1063
f 51/51/51 1065/1065/1065 1062/1062/1062
f 995/995/995 1579/1579/1579 1580/1580/1580
f 995/995/995 1577/1577/1577 1579/1579/1579
f 990/990/990 1577/1577/1577 995/995/995
f 990/990/990 1559/1559/1559 1577/1577/1577
f 1560/1560/1560 1559/1559/1559 990/990/990
f 1065/1065/1065 1543/1543/1543 1062/1062/1062
f 1065/1065/1065 1544/1544/1544 1543/1543/1543
f 1544/1544/1544 1560/1560/1560 1543/1543/1543
f 1544/1544/1544 1558/1558/1558 1560/1560/1560
f 1558/1558/1558 1559/1559/1559 1560/1560/1560
f 1558/1558/1558 989/989/989 1559/1559/1559
f 989/989/989 1577/1577/1577 1559/1559/1559
f 989/989/989 520/520/520 1577/1577/1577
f 1577/1577/1577 520/520/520 1578/1578/1578
f 1577/1577/1577 1578/1578/1578 1579/1579/1579
f 1578/1578/1578 1594/1594/1594 1579/1579/1579
f 1580/1580/1580 1579/1579/1579 1594/1594/1594
f 1580/1580/1580 1594/1594/1594 1596/1596/1596
f 1596/1596/1596 1594/1594/1594 1609/1609/1609
f 1596/1596/1596 1609/1609/1609 1610/1610/1610
f 1578/1578/1578 1595/1595/1595 1594/1594/1594
f 1595/1595/1595 1607/1607/1607 1594/1594/1594
f 1595/1595/1595 1608/1608/1608 1607/1607/1607
f 987/987/987 1571/1571/1571 994/994/994
f 987/987/987 1553/1553/1553 1571/1571/1571
f 1553/1553/1553 522/522/522 1571/1571/1571
f 1553/1553/1553 993/993/993 522/522/522
f 993/993/993 1588/1588/1588 522/522/522
f 993/993/993 1569/1569/1569 1588/1588/1588
f 1570/1570/1570 1569/1569/1569 993/993/993
f 1554/1554/1554 1570/1570/1570 993/993/993
f 1554/1554/1554 993/993/993 1553/1553/1553
f 1552/1552/1552 1554/1554/1554 1553/1553/1553
f 1552/1552/1552 1553/1553/1553 987/987/987
f 1555/1555/1555 1552/1552/1552 987/987/987
f 1555/1555/1555 987/987/987 1556/1556/1556
f 1556/1556/1556 987/987/987 994/994/994
f 1556/1556/1556 994/994/994 1575/1575/1575
f 994/994/994 1574/1574/1574 1575/1575/1575
f 994/994/994 1572/1572/1572 1574/1574/1574
f 1571/1571/1571 1572/1572/1572 994/994/994
f 1571/1571/1571 1573/1573/1573 1572/1572/1572
f 1591/1591/1591 1621/1621/1621 1622/1622/1622
f 1591/1591/1591 1590/1590/1590 1621/1621/1621
f 1572/1572/1572 1590/1590/1590 1591/1591/1591
f 1572/1572/1572 1591/1591/1591 1592/1592/1592
f 1572/1572/1572 1592/1592/1592 1574/1574/1574
f 1576/1576/1576 1574/1574/1574 1592/1592/1592
f 1575/1575/1575 1574/1574/1574 1576/1576/1576
f 1575/1575/1575 1576/1576/1576 519/519/519
f 988/988/988 1575/1575/1575 519/519/519
f 988/988/988 1556/1556/1556 1575/1575/1575
f 1557/1557/1557 1556/1556/1556 988/988/988
f 1557/1557/1557 1555/1555/1555 1556/1556/1556
f 1542/1542/1542 1555/1555/1555 1557/1557/1557
f 1542/1542/1542 1541/1541/1541 1555/1555/1555
f 1068/1068/1068 1541/1541/1541 1542/1542/1542
f 1068/1068/1068 1066/1066/1066 1541/1541/1541
f 52/52/52 1066/1066/1066 1068/1068/1068
f 52/52/52 1067/1067/1067 1066/1066/1066
f 1591/1591/1591 1603/1603/1603 1592/1592/1592
f 1591/1591/1591 1604/1604/1604 1603/1603/1603
f 1576/1576/1576 1592/1592/1592 1593/1593/1593
f 1593/1593/1593 1592/1592/1592 1605/1605/1605
f 1593/1593/1593 1605/1605/1605 1606/1606/1606
f 1539/1539/1539 1554/1554/1554 1552/1552/1552
f 1539/1539/1539 1552/1552/1552 1540/1540/1540
f 1540/1540/1540 1552/1552/1552 1555/1555/1555
f 1540/1540/1540 1555/1555/1555 1541/1541/1541
f 1066/1066/1066 1540/1540/1540 1541/1541/1541
f 1066/1066/1066 1069/1069/1069 1540/1540/1540
f 1069/1069/1069 1539/1539/1539 1540/1540/1540
f 1069/1069/1069 1071/1071/1071 1539/1539/1539
f 1072/1072/1072 1539/1539/1539 1071/1071/1071
f 1072/1072/1072 1551/1551/1551 1539/1539/1539
f 1072/1072/1072 1550/1550/1550 1551/1551/1551
f 1551/1551/1551 1550/1550/1550 1568/1568/1568
f 1550/1550/1550 1567/1567/1567 1568/1568/1568
f 1568/1568/1568 1567/1567/1567 992/992/992
f 1067/1067/1067 1069/1069/1069 1066/1066/1066
f 1067/1067/1067 563/563/563 1069/1069/1069
f 1070/1070/1070 1069/1069/1069 563/563/563
f 1070/1070/1070 1071/1071/1071 1069/1069/1069
f 53/53/53 1071/1071/1071 1070/1070/1070
f 53/53/53 1072/1072/1072 1071/1071/1071
f 53/53/53 1073/1073/1073 1072/1072/1072
f 1072/1072/1072 1073/1073/1073 1550/1550/1550
f 1073/1073/1073 1549/1549/1549 1550/1550/1550
f 1550/1550/1550 1549/1549/1549 1567/1567/1567
f 1549/1549/1549 1566/1566/1566 1567/1567/1567
f 1566/1566/1566 992/992/992 1567/1567/1567
f 1566/1566/1566 1565/1565/1565 992/992/992
f 1565/1565/1565 996/996/996 992/992/992
f 1565/1565/1565 1584/1584/1584 996/996/996
f 996/996/996 1584/1584/1584 1585/1585/1585
f 1584/1584/1584 1583/1583/1583 1585/1585/1585
f 1583/1583/1583 1599/1599/1599 1585/1585/1585
f 1583/1583/1583 1598/1598/1598 1599/1599/1599
f 1599/1599/1599 1598/1598/1598 1615/1615/1615
f 1599/1599/1599 1615/1615/1615 1616/1616/1616
f 996/996/996 1585/1585/1585 1586/1586/1586
f 1586/1586/1586 1585/1585/1585 1599/1599/1599
f 1586/1586/1586 1599/1599/1599 1600/1600/1600
f 1600/1600/1600 1599/1599/1599 1617/1617/1617
f 1600/1600/1600 1617/1617/1617 997/997/997
f 1600/1600/1600 997/997/997 1618/1618/1618
f 1600/1600/1600 1618/1618/1618 1601/1601/1601
f 1586/1586/1586 1600/1600/1600 1601/1601/1601
f 1586/1586/1586 1601/1601/1601 1587/1587/1587
f 996/996/996 1586/1586/1586 1587/1587/1587
f 996/996/996 1587/1587/1587 1588/1588/1588
f 992/992/992 996/996/996 1588/1588/1588
f 992/992/992 1588/1588/1588 1569/1569/1569
f 1568/1568/1568 992/992/992 1569/1569/1569
f 1570/1570/1570 1568/1568/1568 1569/1569/1569
f 1551/1551/1551 1568/1568/1568 1570/1570/1570
f 1551/1551/1551 1570/1570/1570 1554/1554/1554
f 1551/1551/1551 1554/1554/1554 1539/1539/1539
f 1573/1573/1573 1571/1571/1571 522/522/522
f 1573/1573/1573 522/522/522 1589/1589/1589
f 1588/1588/1588 1589/1589/1589 522/522/522
f 1588/1588/1588 1587/1587/1587 1589/1589/1589
f 1589/1589/1589 1587/1587/1587 1601/1601/1601
f 1589/1589/1589 1601/1601/1601 1602/1602/1602
f 1602/1602/1602 1601/1601/1601 1619/1619/1619
f 1602/1602/1602 1619/1619/1619 523/523/523
f 1602/1602/1602 523/523/523 1620/1620/1620
f 1602/1602/1602 1620/1620/1620 1590/1590/1590
f 1590/1590/1590 1589/1589/1589 1602/1602/1602
f 1590/1590/1590 1573/1573/1573 1589/1589/1589
f 1572/1572/1572 1573/1573/1573 1590/1590/1590
f 1061/1061/1061 1060/1060/1060 50/50/50
f 561/561/561 560/560/560 1060/1060/1060
f 1059/1059/1059 1058/1058/1058 560/560/560
f 49/49/49 48/48/48 1058/1058/1058
f 1057/1057/1057 1056/1056/1056 48/48/48
f 559/559/559 558/558/558 1056/1056/1056
f 1055/1055/1055 1054/1054/1054 558/558/558
f 47/47/47 46/46/46 1054/1054/1054
f 1053/1053/1053 1052/1052/1052 46/46/46
f 557/557/557 556/556/556 1052/1052/1052
f 1051/1051/1051 1050/1050/1050 556/556/556
f 44/44/44 45/45/45 1050/1050/1050
f 42/42/42 1048/1048/1048 43/43/43
f 1048/1048/1048 554/554/554 1049/1049/1049
f 554/554/554 1046/1046/1046 555/555/555
f 1046/1046/1046 40/40/40 1047/1047/1047
f 40/40/40 1044/1044/1044 41/41/41
f 1044/1044/1044 552/552/552 1045/1045/1045
f 552/552/552 1042/1042/1042 553/553/553
f 1042/1042/1042 38/38/38 1043/1043/1043
f 38/38/38 1040/1040/1040 39/39/39
f 1040/1040/1040 550/550/550 1041/1041/1041
f 550/550/550 1038/1038/1038 551/551/551
f 1038/1038/1038 37/37/37 1039/1039/1039
f 544/544/544 1028/1028/1028 1029/1029/1029
f 544/544/544 545/545/545 1028/1028/1028
f 1026/1026/1026 545/545/545 544/544/544
f 1026/1026/1026 544/544/544 1027/1027/1027
f 29/29/29 1026/1026/1026 1027/1027/1027
f 29/29/29 30/30/30 1026/1026/1026
f 1037/1037/1037 35/35/35 36/36/36
f 1037/1037/1037 1036/1036/1036 35/35/35
f 549/549/549 1036/1036/1036 1037/1037/1037
f 549/549/549 548/548/548 1036/1036/1036
f 1035/1035/1035 548/548/548 549/549/549
f 1035/1035/1035 1034/1034/1034 548/548/548
f 34/34/34 1034/1034/1034 1035/1035/1035
f 34/34/34 33/33/33 1034/1034/1034
f 1032/1032/1032 33/33/33 34/34/34
f 1032/1032/1032 1033/1033/1033 33/33/33
f 546/546/546 1033/1033/1033 1032/1032/1032
f 546/546/546 1032/1032/1032 547/547/547
f 1031/1031/1031 546/546/546 547/547/547
f 1031/1031/1031 1030/1030/1030 546/546/546
f 31/31/31 1030/1030/1030 1031/1031/1031
f 31/31/31 32/32/32 1030/1030/1030
f 1028/1028/1028 32/32/32 31/31/31
f 1028/1028/1028 31/31/31 1029/1029/1029
f 534/534/534 19/19/19 21/21/21
f 534/534/534 20/20/20 19/19/19
f 534/534/534 1025/1025/1025 20/20/20
f 534/534/534 543/543/543 1025/1025/1025
f 534/534/534 1024/1024/1024 543/543/543
f 534/534/534 28/28/28 1024/1024/1024
f 534/534/534 1017/1017/1017 28/28/28
f 1017/1017/1017 534/534/534 21/21/21
f 1017/1017/1017 21/21/21 24/24/24
f 1007/1007/1007 530/530/530 531/531/531
f 1007/1007/1007 1006/1006/1006 530/530/530
f 529/529/529 1006/1006/1006 1007/1007/1007
f 529/529/529 528/528/528 1006/1006/1006
f 1005/1005/1005 528/528/528 529/529/529
f 1005/1005/1005 1004/1004/1004 528/528/528
f 526/526/526 1004/1004/1004 1005/1005/1005
f 526/526/526 527/527/527 1004/1004/1004
f 536/536/536 1018/1018/1018 537/537/537
f 536/536/536 1019/1019/1019 1018/1018/1018
f 1019/1019/1019 538/538/538 1018/1018/1018
f 1019/1019/1019 539/539/539 538/538/538
f 539/539/539 1020/1020/1020 538/538/538
f 539/539/539 1021/1021/1021 1020/1020/1020
f 1021/1021/1021 540/540/540 1020/1020/1020
f 1021/1021/1021 541/541/541 540/540/540
f 1016/1016/1016 23/23/23 22/22/22
f 1016/1016/1016 22/22/22 535/535/535
f 27/27/27 1016/1016/1016 535/535/535
f 535/535/535 1023/1023/1023 27/27/27
f 535/535/535 542/542/542 1023/1023/1023
f 535/535/535 1022/1022/1022 542/542/542
f 535/535/535 26/26/26 1022/1022/1022
f 535/535/535 25/25/25 26/26/26
f 535/535/535 22/22/22 25/25/25
f 1012/1012/1012 1013/1013/1013 1015/1015/1015
f 1012/1012/1012 1014/1014/1014 1013/1013/1013
f 15/15/15 16/16/16 18/18/18
f 15/15/15 17/17/17 16/16/16
f 1002/1002/1002 8/8/8 9/9/9
f 1002/1002/1002 525/525/525 8/8/8
f 11/11/11 8/8/8 525/525/525
f 11/11/11 525/525/525 12/12/12
f 525/525/525 1008/1008/1008 12/12/12
f 525/525/525 532/532/532 1008/1008/1008
f 525/525/525 1009/1009/1009 532/532/532
f 525/525/525 13/13/13 1009/1009/1009
f 13/13/13 525/525/525 1002/1002/1002
f 5/5/5 524/524/524 7/7/7
f 5/5/5 6/6/6 524/524/524
f 524/524/524 6/6/6 1011/1011/1011
f 524/524/524 1011/1011/1011 533/533/533
f 524/524/524 533/533/533 1010/1010/1010
f 524/524/524 1010/1010/1010 14/14/14
f 1003/1003/1003 524/524/524 14/14/14
f 7/7/7 524/524/524 1003/1003/1003
f 7/7/7 1003/1003/1003 10/10/10
f 451/451/451 1484/1484/1484 452/452/452
f 466/466/466 1484/1484/1484 451/451/451
f 468/468/468 466/466/466 451/451/451
f 465/465/465 466/466/466 468/468/468
f 465/465/465 467/467/467 466/466/466
f 494/494/494 496/496/496 495/495/495
f 494/494/494 495/495/495 468/468/468
f 468/468/468 482/482/482 494/494/494
f 494/494/494 482/482/482 1511/1511/1511
f 482/482/482 483/483/483 1511/1511/1511
f 933/933/933 934/934/934 936/936/936
f 933/933/933 935/935/935 934/934/934
f 929/929/929 930/930/930 932/932/932
f 929/929/929 931/931/931 930/930/930
f 925/925/925 926/926/926 928/928/928
f 925/925/925 927/927/927 926/926/926
f 913/913/913 914/914/914 915/915/915
f 913/913/913 908/908/908 914/914/914
f 913/913/913 916/916/916 878/878/878
f 913/913/913 878/878/878 880/880/880
f 878/878/878 875/875/875 880/880/880
f 878/878/878 879/879/879 875/875/875
f 875/875/875 876/876/876 870/870/870
f 875/875/875 877/877/877 876/876/876
f 1464/1464/1464 907/907/907 908/908/908
f 1464/1464/1464 1465/1465/1465 907/907/907
f 909/909/909 1465/1465/1465 1464/1464/1464
f 909/909/909 910/910/910 1465/1465/1465
f 1466/1466/1466 910/910/910 909/909/909
f 1466/1466/1466 1467/1467/1467 910/910/910
f 911/911/911 1467/1467/1467 1466/1466/1466
f 911/911/911 912/912/912 1467/1467/1467
f 873/873/873 1423/1423/1423 874/874/874
f 873/873/873 1422/1422/1422 1423/1423/1423
f 1422/1422/1422 872/872/872 1423/1423/1423
f 1422/1422/1422 871/871/871 872/872/872
f 871/871/871 1421/1421/1421 872/872/872
f 871/871/871 1420/1420/1420 1421/1421/1421
f 1420/1420/1420 869/869/869 1421/1421/1421
f 1420/1420/1420 870/870/870 869/869/869
f 432/432/432 433/433/433 435/435/435
f 432/432/432 434/434/434 433/433/433
f 428/428/428 429/429/429 431/431/431
f 428/428/428 430/430/430 429/429/429
f 425/425/425 426/426/426 427/427/427
f 425/425/425 418/418/418 426/426/426
f 426/426/426 375/375/375 436/436/436
f 426/426/426 376/376/376 375/375/375
f 375/375/375 376/376/376 365/365/365
f 375/375/375 365/365/365 377/377/377
f 364/364/364 365/365/365 358/358/358
f 364/364/364 366/366/366 365/365/365
f 893/893/893 894/894/894 406/406/406
f 893/893/893 406/406/406 409/409/409
f 406/406/406 407/407/407 409/409/409
f 406/406/406 408/408/408 407/407/407
f 408/408/408 1438/1438/1438 407/407/407
f 408/408/408 1439/1439/1439 1438/1438/1438
f 1439/1439/1439 415/415/415 1438/1438/1438
f 1439/1439/1439 416/416/416 415/415/415
f 416/416/416 1440/1440/1440 415/415/415
f 416/416/416 1441/1441/1441 1440/1440/1440
f 1441/1441/1441 417/417/417 1440/1440/1440
f 1441/1441/1441 418/418/418 417/417/417
f 863/863/863 1410/1410/1410 1409/1409/1409
f 863/863/863 1409/1409/1409 862/862/862
f 1407/1407/1407 863/863/863 862/862/862
f 1407/1407/1407 862/862/862 1408/1408/1408
f 1407/1407/1407 1408/1408/1408 390/390/390
f 1407/1407/1407 390/390/390 391/391/391
f 390/390/390 1452/1452/1452 391/391/391
f 390/390/390 1453/1453/1453 1452/1452/1452
f 1452/1452/1452 1453/1453/1453 899/899/899
f 1452/1452/1452 899/899/899 900/900/900
f 900/900/900 899/899/899 1454/1454/1454
f 900/900/900 1454/1454/1454 1455/1455/1455
f 1455/1455/1455 1454/1454/1454 443/443/443
f 1455/1455/1455 443/443/443 444/444/444
f 444/444/444 443/443/443 1456/1456/1456
f 444/444/444 1456/1456/1456 1457/1457/1457
f 1457/1457/1457 1456/1456/1456 894/894/894
f 1457/1457/1457 894/894/894 893/893/893
f 357/357/357 358/358/358 1395/1395/1395
f 357/357/357 1395/1395/1395 1394/1394/1394
f 1394/1394/1394 1395/1395/1395 356/356/356
f 1394/1394/1394 356/356/356 355/355/355
f 355/355/355 356/356/356 1393/1393/1393
f 355/355/355 1393/1393/1393 1392/1392/1392
f 1392/1392/1392 1393/1393/1393 349/349/349
f 1392/1392/1392 349/349/349 347/347/347
f 346/346/346 347/347/347 349/349/349
f 346/346/346 348/348/348 347/347/347
f 856/856/856 348/348/348 346/346/346
f 856/856/856 346/346/346 857/857/857
f 1412/1412/1412 856/856/856 857/857/857
f 1412/1412/1412 857/857/857 1411/1411/1411
f 393/393/393 1412/1412/1412 1411/1411/1411
f 393/393/393 1411/1411/1411 392/392/392
f 1410/1410/1410 393/393/393 392/392/392
f 1410/1410/1410 392/392/392 1409/1409/1409
f 868/868/868 882/882/882 881/881/881
f 868/868/868 881/881/881 866/866/866
f 866/866/866 867/867/867 868/868/868
f 866/866/866 1419/1419/1419 867/867/867
f 1470/1470/1470 1471/1471/1471 885/885/885
f 1470/1470/1470 885/885/885 886/886/886
f 1426/1426/1426 886/886/886 885/885/885
f 1426/1426/1426 885/885/885 1427/1427/1427
f 1426/1426/1426 1427/1427/1427 887/887/887
f 1426/1426/1426 887/887/887 888/888/888
f 888/888/888 887/887/887 1428/1428/1428
f 888/888/888 1428/1428/1428 1429/1429/1429
f 1429/1429/1429 1428/1428/1428 889/889/889
f 1429/1429/1429 889/889/889 890/890/890
f 890/890/890 889/889/889 1430/1430/1430
f 890/890/890 1430/1430/1430 1431/1431/1431
f 1431/1431/1431 1430/1430/1430 884/884/884
f 1431/1431/1431 884/884/884 883/883/883
f 883/883/883 884/884/884 1424/1424/1424
f 883/883/883 1424/1424/1424 1425/1425/1425
f 882/882/882 1425/1425/1425 1424/1424/1424
f 882/882/882 1424/1424/1424 881/881/881
f 903/903/903 904/904/904 906/906/906
f 903/903/903 905/905/905 904/904/904
f 905/905/905 903/903/903 917/917/917
f 905/905/905 917/917/917 918/918/918
f 918/918/918 917/917/917 1468/1468/1468
f 918/918/918 1468/1468/1468 1469/1469/1469
f 1468/1468/1468 919/919/919 1469/1469/1469
f 1468/1468/1468 920/920/920 919/919/919
f 920/920/920 1475/1475/1475 919/919/919
f 920/920/920 1474/1474/1474 1475/1475/1475
f 1474/1474/1474 924/924/924 1475/1475/1475
f 1474/1474/1474 923/923/923 924/924/924
f 923/923/923 1473/1473/1473 924/924/924
f 923/923/923 1472/1472/1472 1473/1473/1473
f 1472/1472/1472 922/922/922 1473/1473/1473
f 1472/1472/1472 921/921/921 922/922/922
f 921/921/921 1470/1470/1470 922/922/922
f 921/921/921 1471/1471/1471 1470/1470/1470
f 437/437/437 379/379/379 438/438/438
f 437/437/437 381/381/381 379/379/379
f 378/378/378 379/379/379 381/381/381
f 378/378/378 380/380/380 379/379/379
f 371/371/371 372/372/372 374/374/374
f 371/371/371 373/373/373 372/372/372
f 367/367/367 368/368/368 370/370/370
f 367/367/367 369/369/369 368/368/368
f 423/423/423 404/404/404 402/402/402
f 423/423/423 424/424/424 404/404/404
f 1450/1450/1450 891/891/891 892/892/892
f 891/891/891 405/405/405 892/892/892
f 891/891/891 1433/1433/1433 405/405/405
f 405/405/405 1433/1433/1433 402/402/402
f 402/402/402 403/403/403 405/405/405
f 402/402/402 404/404/404 403/403/403
f 404/404/404 1434/1434/1434 403/403/403
f 404/404/404 1435/1435/1435 1434/1434/1434
f 1435/1435/1435 411/411/411 1434/1434/1434
f 1435/1435/1435 412/412/412 411/411/411
f 412/412/412 1436/1436/1436 411/411/411
f 412/412/412 1437/1437/1437 1436/1436/1436
f 1436/1436/1436 1437/1437/1437 413/413/413
f 1436/1436/1436 413/413/413 414/414/414
f 388/388/388 1404/1404/1404 1403/1403/1403
f 1403/1403/1403 1404/1404/1404 860/860/860
f 1403/1403/1403 860/860/860 861/861/861
f 1402/1402/1402 861/861/861 860/860/860
f 1402/1402/1402 860/860/860 1401/1401/1401
f 386/386/386 1402/1402/1402 1401/1401/1401
f 386/386/386 1401/1401/1401 387/387/387
f 386/386/386 387/387/387 1446/1446/1446
f 386/386/386 1446/1446/1446 1447/1447/1447
f 1447/1447/1447 1446/1446/1446 897/897/897
f 1447/1447/1447 897/897/897 898/898/898
f 897/897/897 1448/1448/1448 898/898/898
f 897/897/897 1449/1449/1449 1448/1448/1448
f 1449/1449/1449 441/441/441 1448/1448/1448
f 1449/1449/1449 442/442/442 441/441/441
f 442/442/442 1450/1450/1450 441/441/441
f 442/442/442 1451/1451/1451 1450/1450/1450
f 1450/1450/1450 1451/1451/1451 891/891/891
f 1390/1390/1390 354/354/354 353/353/353
f 1390/1390/1390 353/353/353 1391/1391/1391
f 1390/1390/1390 1391/1391/1391 352/352/352
f 1390/1390/1390 352/352/352 351/351/351
f 351/351/351 352/352/352 1389/1389/1389
f 351/351/351 1389/1389/1389 1388/1388/1388
f 345/345/345 1388/1388/1388 1389/1389/1389
f 345/345/345 343/343/343 1388/1388/1388
f 342/342/342 343/343/343 345/345/345
f 342/342/342 344/344/344 343/343/343
f 344/344/344 342/342/342 1387/1387/1387
f 344/344/344 1387/1387/1387 854/854/854
f 344/344/344 854/854/854 855/855/855
f 1405/1405/1405 855/855/855 854/854/854
f 1405/1405/1405 854/854/854 1406/1406/1406
f 1405/1405/1405 1406/1406/1406 389/389/389
f 1405/1405/1405 389/389/389 388/388/388
f 388/388/388 389/389/389 1404/1404/1404
f 345/345/345 363/363/363 342/342/342
f 345/345/345 1400/1400/1400 363/363/363
f 445/445/445 1461/1461/1461 446/446/446
f 445/445/445 1460/1460/1460 1461/1461/1461
f 1460/1460/1460 901/901/901 1461/1461/1461
f 1460/1460/1460 902/902/902 901/901/901
f 901/901/901 902/902/902 1458/1458/1458
f 901/901/901 1458/1458/1458 1459/1459/1459
f 1458/1458/1458 394/394/394 1459/1459/1459
f 1458/1458/1458 395/395/395 394/394/394
f 394/394/394 395/395/395 1413/1413/1413
f 394/394/394 1413/1413/1413 1414/1414/1414
f 864/864/864 1414/1414/1414 1413/1413/1413
f 864/864/864 1413/1413/1413 865/865/865
f 864/864/864 865/865/865 1415/1415/1415
f 864/864/864 1415/1415/1415 1416/1416/1416
f 1416/1416/1416 1415/1415/1415 396/396/396
f 1416/1416/1416 396/396/396 397/397/397
f 397/397/397 396/396/396 1417/1417/1417
f 397/397/397 1417/1417/1417 1418/1418/1418
f 1418/1418/1418 1417/1417/1417 858/858/858
f 1418/1418/1418 858/858/858 859/859/859
f 858/858/858 350/350/350 859/859/859
f 858/858/858 1386/1386/1386 350/350/350
f 350/350/350 1386/1386/1386 341/341/341
f 341/341/341 339/339/339 350/350/350
f 338/338/338 339/339/339 341/341/341
f 338/338/338 340/340/340 339/339/339
f 1396/1396/1396 339/339/339 340/340/340
f 1396/1396/1396 340/340/340 1397/1397/1397
f 1396/1396/1396 1397/1397/1397 359/359/359
f 1396/1396/1396 359/359/359 360/360/360
f 1398/1398/1398 360/360/360 359/359/359
f 1398/1398/1398 359/359/359 1399/1399/1399
f 361/361/361 1398/1398/1398 1399/1399/1399
f 361/361/361 362/362/362 1398/1398/1398
f 421/421/421 1444/1444/1444 422/422/422
f 421/421/421 1445/1445/1445 1444/1444/1444
f 1444/1444/1444 1445/1445/1445 419/419/419
f 1444/1444/1444 419/419/419 420/420/420
f 419/419/419 1442/1442/1442 420/420/420
f 419/419/419 1443/1443/1443 1442/1442/1442
f 1442/1442/1442 1443/1443/1443 400/400/400
f 1442/1442/1442 400/400/400 398/398/398
f 398/398/398 400/400/400 399/399/399
f 398/398/398 399/399/399 401/401/401
f 401/401/401 410/410/410 398/398/398
f 410/410/410 401/401/401 1432/1432/1432
f 410/410/410 1432/1432/1432 895/895/895
f 410/410/410 895/895/895 896/896/896
f 895/895/895 1463/1463/1463 896/896/896
f 895/895/895 1462/1462/1462 1463/1463/1463
f 1462/1462/1462 446/446/446 1463/1463/1463
f 1462/1462/1462 445/445/445 446/446/446
f 327/327/327 328/328/328 330/330/330
f 327/327/327 329/329/329 328/328/328
f 308/308/308 309/309/309 311/311/311
f 308/308/308 310/310/310 309/309/309
f 300/300/300 301/301/301 303/303/303
f 300/300/300 302/302/302 301/301/301
f 290/290/290 291/291/291 293/293/293
f 290/290/290 292/292/292 291/291/291
f 292/292/292 1357/1357/1357 291/291/291
f 292/292/292 1358/1358/1358 1357/1357/1357
f 1358/1358/1358 294/294/294 1357/1357/1357
f 1358/1358/1358 295/295/295 294/294/294
f 295/295/295 1380/1380/1380 294/294/294
f 295/295/295 1381/1381/1381 1380/1380/1380
f 332/332/332 1380/1380/1380 1381/1381/1381
f 332/332/332 331/331/331 1380/1380/1380
f 1379/1379/1379 331/331/331 332/332/332
f 1379/1379/1379 1377/1377/1377 331/331/331
f 1376/1376/1376 1377/1377/1377 1379/1379/1379
f 1376/1376/1376 1378/1378/1378 1377/1377/1377
f 286/286/286 287/287/287 289/289/289
f 286/286/286 288/288/288 287/287/287
f 1369/1369/1369 321/321/321 320/320/320
f 1369/1369/1369 320/320/320 1370/1370/1370
f 1369/1369/1369 1370/1370/1370 318/318/318
f 1369/1369/1369 318/318/318 319/319/319
f 318/318/318 1368/1368/1368 319/319/319
f 318/318/318 1367/1367/1367 1368/1368/1368
f 275/275/275 1368/1368/1368 1367/1367/1367
f 275/275/275 1367/1367/1367 274/274/274
f 274/274/274 1353/1353/1353 275/275/275
f 274/274/274 1354/1354/1354 1353/1353/1353
f 277/277/277 1353/1353/1353 1354/1354/1354
f 277/277/277 1354/1354/1354 279/279/279
f 276/276/276 277/277/277 279/279/279
f 276/276/276 278/278/278 277/277/277
f 1356/1356/1356 1355/1355/1355 850/850/850
f 280/280/280 1355/1355/1355 1356/1356/1356
f 280/280/280 281/281/281 1355/1355/1355
f 282/282/282 281/281/281 280/280/280
f 282/282/282 280/280/280 283/283/283
f 282/282/282 283/283/283 284/284/284
f 284/284/284 283/283/283 285/285/285
f 1371/1371/1371 1372/1372/1372 852/852/852
f 850/850/850 1372/1372/1372 1371/1371/1371
f 850/850/850 1371/1371/1371 851/851/851
f 1356/1356/1356 850/850/850 851/851/851
f 1356/1356/1356 851/851/851 296/296/296
f 1356/1356/1356 296/296/296 297/297/297
f 1359/1359/1359 298/298/298 299/299/299
f 1359/1359/1359 1360/1360/1360 298/298/298
f 1359/1359/1359 1348/1348/1348 1360/1360/1360
f 1359/1359/1359 1349/1349/1349 1348/1348/1348
f 1345/1345/1345 1348/1348/1348 1349/1349/1349
f 1345/1345/1345 1346/1346/1346 1348/1348/1348
f 1345/1345/1345 1347/1347/1347 1346/1346/1346
f 1382/1382/1382 1346/1346/1346 1347/1347/1347
f 1382/1382/1382 1383/1383/1383 1346/1346/1346
f 1382/1382/1382 322/322/322 1383/1383/1383
f 1382/1382/1382 323/323/323 322/322/322
f 1371/1371/1371 322/322/322 323/323/323
f 1371/1371/1371 853/853/853 322/322/322
f 1371/1371/1371 852/852/852 853/853/853
f 1373/1373/1373 853/853/853 852/852/852
f 1373/1373/1373 852/852/852 1374/1374/1374
f 1375/1375/1375 1373/1373/1373 1374/1374/1374
f 1375/1375/1375 324/324/324 1373/1373/1373
f 1375/1375/1375 325/325/325 324/324/324
f 325/325/325 326/326/326 324/324/324
f 263/263/263 264/264/264 266/266/266
f 263/263/263 265/265/265 264/264/264
f 841/841/841 840/840/840 1342/1342/1342
f 1337/1337/1337 840/840/840 841/841/841
f 1337/1337/1337 1338/1338/1338 840/840/840
f 1337/1337/1337 838/838/838 1338/1338/1338
f 1337/1337/1337 839/839/839 838/838/838
f 1296/1296/1296 805/805/805 1297/1297/1297
f 1343/1343/1343 805/805/805 1296/1296/1296
f 1343/1343/1343 818/818/818 805/805/805
f 1343/1343/1343 1315/1315/1315 818/818/818
f 1314/1314/1314 818/818/818 1315/1315/1315
f 1314/1314/1314 1315/1315/1315 1316/1316/1316
f 1314/1314/1314 1316/1316/1316 819/819/819
f 1331/1331/1331 819/819/819 1316/1316/1316
f 1331/1331/1331 1332/1332/1332 819/819/819
f 1331/1331/1331 825/825/825 1332/1332/1332
f 1331/1331/1331 1313/1313/1313 825/825/825
f 1331/1331/1331 1312/1312/1312 1313/1313/1313
f 817/817/817 1313/1313/1313 1312/1312/1312
f 817/817/817 1312/1312/1312 1311/1311/1311
f 817/817/817 1311/1311/1311 1310/1310/1310
f 1308/1308/1308 1310/1310/1310 1311/1311/1311
f 1308/1308/1308 815/815/815 1310/1310/1310
f 1307/1307/1307 815/815/815 1308/1308/1308
f 1307/1307/1307 1308/1308/1308 1309/1309/1309
f 1307/1307/1307 1309/1309/1309 816/816/816
f 1330/1330/1330 816/816/816 1309/1309/1309
f 1330/1330/1330 824/824/824 816/816/816
f 1344/1344/1344 824/824/824 1330/1330/1330
f 822/822/822 824/824/824 1344/1344/1344
f 822/822/822 1344/1344/1344 1298/1298/1298
f 822/822/822 1298/1298/1298 1297/1297/1297
f 1296/1296/1296 1297/1297/1297 1298/1298/1298
f 822/822/822 1297/1297/1297 823/823/823
f 801/801/801 802/802/802 804/804/804
f 801/801/801 803/803/803 802/802/802
f 797/797/797 798/798/798 800/800/800
f 797/797/797 799/799/799 798/798/798
f 793/793/793 794/794/794 796/796/796
f 793/793/793 795/795/795 794/794/794
f 259/259/259 260/260/260 262/262/262
f 259/259/259 261/261/261 260/260/260
f 255/255/255 256/256/256 258/258/258
f 255/255/255 257/257/257 256/256/256
f 251/251/251 252/252/252 254/254/254
f 251/251/251 253/253/253 252/252/252
f 247/247/247 248/248/248 250/250/250
f 247/247/247 249/249/249 248/248/248
f 243/243/243 244/244/244 246/246/246
f 243/243/243 245/245/245 244/244/244
f 239/239/239 240/240/240 242/242/242
f 239/239/239 241/241/241 240/240/240
f 1285/1285/1285 776/776/776 778/778/778
f 1285/1285/1285 777/777/777 776/776/776
f 1286/1286/1286 776/776/776 777/777/777
f 780/780/780 1286/1286/1286 777/777/777
f 780/780/780 777/777/777 781/781/781
f 779/779/779 777/777/777 1285/1285/1285
f 774/774/774 1255/1255/1255 1256/1256/1256
f 774/774/774 1256/1256/1256 775/775/775
f 1283/1283/1283 774/774/774 775/775/775
f 1283/1283/1283 1284/1284/1284 774/774/774
f 771/771/771 1284/1284/1284 1283/1283/1283
f 771/771/771 772/772/772 1284/1284/1284
f 770/770/770 772/772/772 771/771/771
f 770/770/770 771/771/771 773/773/773
f 786/786/786 770/770/770 773/773/773
f 786/786/786 787/787/787 770/770/770
f 1289/1289/1289 789/789/789 788/788/788
f 1289/1289/1289 788/788/788 764/764/764
f 764/764/764 751/751/751 1289/1289/1289
f 764/764/764 750/750/750 751/751/751
f 750/750/750 1249/1249/1249 751/751/751
f 750/750/750 1250/1250/1250 1249/1249/1249
f 1250/1250/1250 752/752/752 1249/1249/1249
f 1250/1250/1250 753/753/753 752/752/752
f 1251/1251/1251 752/752/752 753/753/753
f 1251/1251/1251 753/753/753 1252/1252/1252
f 1252/1252/1252 755/755/755 1251/1251/1251
f 1252/1252/1252 756/756/756 755/755/755
f 756/756/756 1253/1253/1253 755/755/755
f 756/756/756 1254/1254/1254 1253/1253/1253
f 1254/1254/1254 757/757/757 1253/1253/1253
f 1254/1254/1254 758/758/758 757/757/757
f 758/758/758 1255/1255/1255 757/757/757
f 758/758/758 1256/1256/1256 1255/1255/1255
f 1251/1251/1251 754/754/754 752/752/752
f 764/764/764 765/765/765 750/750/750
f 745/745/745 746/746/746 748/748/748
f 745/745/745 747/747/747 746/746/746
f 741/741/741 742/742/742 744/744/744
f 741/741/741 743/743/743 742/742/742
f 737/737/737 738/738/738 740/740/740
f 737/737/737 739/739/739 738/738/738
f 235/235/235 236/236/236 238/238/238
f 235/235/235 237/237/237 236/236/236
f 231/231/231 232/232/232 234/234/234
f 231/231/231 233/233/233 232/232/232
f 227/227/227 228/228/228 230/230/230
f 227/227/227 229/229/229 228/228/228
f 223/223/223 224/224/224 226/226/226
f 223/223/223 225/225/225 224/224/224
f 219/219/219 220/220/220 222/222/222
f 219/219/219 221/221/221 220/220/220
f 215/215/215 216/216/216 218/218/218
f 215/215/215 217/217/217 216/216/216
f 726/726/726 727/727/727 1235/1235/1235
f 726/726/726 1245/1245/1245 727/727/727
f 725/725/725 1235/1235/1235 724/724/724
f 725/725/725 736/736/736 1245/1245/1245
f 723/723/723 724/724/724 1234/1234/1234
f 1244/1244/1244 1243/1243/1243 736/736/736
f 1233/1233/1233 1234/1234/1234 722/722/722
f 735/735/735 734/734/734 1243/1243/1243
f 721/721/721 722/722/722 1232/1232/1232
f 1242/1242/1242 1232/1232/1232 734/734/734
f 707/707/707 708/708/708 1223/1223/1223
f 1225/1225/1225 708/708/708 707/707/707
f 1225/1225/1225 1226/1226/1226 708/708/708
f 709/709/709 1226/1226/1226 1225/1225/1225
f 709/709/709 1225/1225/1225 710/710/710
f 1227/1227/1227 709/709/709 710/710/710
f 1227/1227/1227 1228/1228/1228 709/709/709
f 711/711/711 1228/1228/1228 1227/1227/1227
f 711/711/711 712/712/712 1228/1228/1228
f 1238/1238/1238 712/712/712 711/711/711
f 1238/1238/1238 711/711/711 1239/1239/1239
f 731/731/731 1238/1238/1238 1239/1239/1239
f 731/731/731 730/730/730 1238/1238/1238
f 1236/1236/1236 730/730/730 731/731/731
f 1236/1236/1236 1237/1237/1237 730/730/730
f 728/728/728 1237/1237/1237 1236/1236/1236
f 728/728/728 1236/1236/1236 729/729/729
f 1224/1224/1224 728/728/728 729/729/729
f 1224/1224/1224 1223/1223/1223 728/728/728
f 707/707/707 1223/1223/1223 1224/1224/1224
f 211/211/211 212/212/212 214/214/214
f 211/211/211 213/213/213 212/212/212
f 207/207/207 208/208/208 210/210/210
f 207/207/207 209/209/209 208/208/208
f 203/203/203 204/204/204 206/206/206
f 203/203/203 205/205/205 204/204/204
f 199/199/199 200/200/200 202/202/202
f 199/199/199 201/201/201 200/200/200
f 195/195/195 196/196/196 198/198/198
f 195/195/195 197/197/197 196/196/196
f 191/191/191 192/192/192 194/194/194
f 191/191/191 193/193/193 192/192/192
f 187/187/187 188/188/188 190/190/190
f 187/187/187 189/189/189 188/188/188
f 183/183/183 184/184/184 186/186/186
f 183/183/183 185/185/185 184/184/184
f 1208/1208/1208 167/167/167 1207/1207/1207
f 1208/1208/1208 168/168/168 167/167/167
f 168/168/168 1209/1209/1209 167/167/167
f 168/168/168 1210/1210/1210 1209/1209/1209
f 1210/1210/1210 169/169/169 1209/1209/1209
f 1210/1210/1210 170/170/170 169/169/169
f 161/161/161 1199/1199/1199 162/162/162
f 161/161/161 1200/1200/1200 1199/1199/1199
f 1200/1200/1200 163/163/163 1199/1199/1199
f 1200/1200/1200 164/164/164 163/163/163
f 164/164/164 1201/1201/1201 163/163/163
f 164/164/164 1202/1202/1202 1201/1201/1201
f 1202/1202/1202 701/701/701 1201/1201/1201
f 1202/1202/1202 702/702/702 701/701/701
f 702/702/702 1203/1203/1203 701/701/701
f 702/702/702 1204/1204/1204 1203/1203/1203
f 1204/1204/1204 703/703/703 1203/1203/1203
f 1204/1204/1204 704/704/704 703/703/703
f 704/704/704 1205/1205/1205 703/703/703
f 704/704/704 1206/1206/1206 1205/1205/1205
f 1206/1206/1206 165/165/165 1205/1205/1205
f 1206/1206/1206 166/166/166 165/165/165
f 166/166/166 1207/1207/1207 165/165/165
f 166/166/166 1208/1208/1208 1207/1207/1207
f 662/662/662 663/663/663 1193/1193/1193
f 662/662/662 1157/1157/1157 663/663/663
f 1189/1189/1189 694/694/694 147/147/147
f 159/159/159 1189/1189/1189 147/147/147
f 1188/1188/1188 159/159/159 147/147/147
f 693/693/693 1188/1188/1188 147/147/147
f 1187/1187/1187 693/693/693 147/147/147
f 146/146/146 1187/1187/1187 147/147/147
f 146/146/146 147/147/147 1151/1151/1151
f 1151/1151/1151 147/147/147 659/659/659
f 659/659/659 147/147/147 1152/1152/1152
f 1152/1152/1152 147/147/147 148/148/148
f 148/148/148 147/147/147 1153/1153/1153
f 1153/1153/1153 147/147/147 660/660/660
f 660/660/660 147/147/147 1154/1154/1154
f 1154/1154/1154 147/147/147 149/149/149
f 149/149/149 147/147/147 1155/1155/1155
f 1155/1155/1155 147/147/147 661/661/661
f 661/661/661 147/147/147 1156/1156/1156
f 1156/1156/1156 147/147/147 150/150/150
f 1192/1192/1192 150/150/150 147/147/147
f 695/695/695 1192/1192/1192 147/147/147
f 1191/1191/1191 695/695/695 147/147/147
f 160/160/160 1191/1191/1191 147/147/147
f 1190/1190/1190 160/160/160 147/147/147
f 694/694/694 1190/1190/1190 147/147/147
f 689/689/689 1180/1180/1180 1179/1179/1179
f 1179/1179/1179 1180/1180/1180 156/156/156
f 1179/1179/1179 156/156/156 155/155/155
f 155/155/155 156/156/156 1178/1178/1178
f 155/155/155 1178/1178/1178 1177/1177/1177
f 1177/1177/1177 1178/1178/1178 687/687/687
f 1177/1177/1177 687/687/687 688/688/688
f 1175/1175/1175 688/688/688 687/687/687
f 1175/1175/1175 687/687/687 1176/1176/1176
f 1175/1175/1175 1176/1176/1176 138/138/138
f 1175/1175/1175 138/138/138 139/139/139
f 138/138/138 1139/1139/1139 139/139/139
f 138/138/138 1140/1140/1140 1139/1139/1139
f 1139/1139/1139 1140/1140/1140 653/653/653
f 1139/1139/1139 653/653/653 654/654/654
f 653/653/653 1141/1141/1141 654/654/654
f 653/653/653 1142/1142/1142 1141/1141/1141
f 1142/1142/1142 140/140/140 1141/1141/1141
f 1142/1142/1142 141/141/141 140/140/140
f 141/141/141 1143/1143/1143 140/140/140
f 141/141/141 1144/1144/1144 1143/1143/1143
f 1144/1144/1144 655/655/655 1143/1143/1143
f 1144/1144/1144 656/656/656 655/655/655
f 655/655/655 656/656/656 1145/1145/1145
f 655/655/655 1145/1145/1145 1146/1146/1146
f 1146/1146/1146 1145/1145/1145 142/142/142
f 1146/1146/1146 142/142/142 143/143/143
f 143/143/143 142/142/142 1147/1147/1147
f 143/143/143 1147/1147/1147 1148/1148/1148
f 1147/1147/1147 657/657/657 1148/1148/1148
f 1147/1147/1147 658/658/658 657/657/657
f 657/657/657 658/658/658 1149/1149/1149
f 657/657/657 1149/1149/1149 1150/1150/1150
f 1150/1150/1150 1149/1149/1149 144/144/144
f 1150/1150/1150 144/144/144 145/145/145
f 1186/1186/1186 145/145/145 144/144/144
f 1186/1186/1186 144/144/144 1185/1185/1185
f 691/691/691 1186/1186/1186 1185/1185/1185
f 691/691/691 1185/1185/1185 692/692/692
f 691/691/691 692/692/692 1183/1183/1183
f 691/691/691 1183/1183/1183 1184/1184/1184
f 158/158/158 1184/1184/1184 1183/1183/1183
f 158/158/158 1183/1183/1183 157/157/157
f 1182/1182/1182 158/158/158 157/157/157
f 1182/1182/1182 157/157/157 1181/1181/1181
f 689/689/689 1182/1182/1182 1181/1181/1181
f 689/689/689 1181/1181/1181 690/690/690
f 689/689/689 690/690/690 1180/1180/1180
f 116/116/116 117/117/117 119/119/119
f 116/116/116 118/118/118 117/117/117
f 607/607/607 608/608/608 610/610/610
f 607/607/607 609/609/609 608/608/608
f 603/603/603 604/604/604 606/606/606
f 603/603/603 605/605/605 604/604/604
f 113/113/113 114/114/114 109/109/109
f 113/113/113 115/115/115 114/114/114
f 107/107/107 108/108/108 110/110/110
f 107/107/107 109/109/109 108/108/108
f 111/111/111 104/104/104 112/112/112
f 111/111/111 106/106/106 104/104/104
f 103/103/103 104/104/104 106/106/106
f 103/103/103 105/105/105 104/104/104
f 99/99/99 100/100/100 102/102/102
f 99/99/99 101/101/101 100/100/100
f 95/95/95 96/96/96 98/98/98
f 95/95/95 97/97/97 96/96/96
f 91/91/91 92/92/92 94/94/94
f 91/91/91 93/93/93 92/92/92
f 599/599/599 600/600/600 602/602/602
f 599/599/599 601/601/601 600/600/600
f 595/595/595 596/596/596 598/598/598
f 595/595/595 597/597/597 596/596/596
f 88/88/88 89/89/89 84/84/84
f 88/88/88 90/90/90 89/89/89
f 82/82/82 83/83/83 85/85/85
f 82/82/82 84/84/84 83/83/83
f 86/86/86 79/79/79 87/87/87
f 86/86/86 81/81/81 79/79/79
f 78/78/78 79/79/79 81/81/81
f 78/78/78 80/80/80 79/79/79
f 74/74/74 75/75/75 77/77/77
f 74/74/74 76/76/76 75/75/75
f 70/70/70 71/71/71 73/73/73
f 70/70/70 72/72/72 71/71/71
f 593/593/593 1124/1124/1124 1116/1116/1116
f 592/592/592 1116/1116/1116 1124/1124/1124
f 592/592/592 584/584/584 1116/1116/1116
f 1111/1111/1111 579/579/579 69/69/69
f 579/579/579 1118/1118/1118 69/69/69
f 1118/1118/1118 586/586/586 69/69/69
f 594/594/594 586/586/586 1118/1118/1118
f 594/594/594 1117/1117/1117 586/586/586
f 594/594/594 1125/1125/1125 1117/1117/1117
f 593/593/593 1117/1117/1117 1125/1125/1125
f 593/593/593 585/585/585 1117/1117/1117
f 593/593/593 1116/1116/1116 585/585/585
f 585/585/585 1116/1116/1116 69/69/69
f 1116/1116/1116 584/584/584 69/69/69
f 584/584/584 1115/1115/1115 69/69/69
f 592/592/592 1115/1115/1115 584/584/584
f 592/592/592 1123/1123/1123 1115/1115/1115
f 591/591/591 1115/1115/1115 1123/1123/1123
f 591/591/591 583/583/583 1115/1115/1115
f 1122/1122/1122 583/583/583 591/591/591
f 1122/1122/1122 1114/1114/1114 583/583/583
f 1115/1115/1115 583/583/583 69/69/69
f 583/583/583 1114/1114/1114 69/69/69
f 586/586/586 1117/1117/1117 69/69/69
f 1117/1117/1117 585/585/585 69/69/69
f 581/581/581 1112/1112/1112 69/69/69
f 1122/1122/1122 582/582/582 1114/1114/1114
f 1114/1114/1114 582/582/582 69/69/69
f 582/582/582 1113/1113/1113 69/69/69
f 1113/1113/1113 581/581/581 69/69/69
f 1121/1121/1121 581/581/581 1113/1113/1113
f 1121/1121/1121 589/589/589 581/581/581
f 1120/1120/1120 581/581/581 589/589/589
f 1120/1120/1120 1112/1112/1112 581/581/581
f 1120/1120/1120 580/580/580 1112/1112/1112
f 1112/1112/1112 580/580/580 69/69/69
f 580/580/580 1111/1111/1111 69/69/69
f 1119/1119/1119 1111/1111/1111 580/580/580
f 587/587/587 1111/1111/1111 1119/1119/1119
f 587/587/587 579/579/579 1111/1111/1111
f 1126/1126/1126 579/579/579 587/587/587
f 1126/1126/1126 1118/1118/1118 579/579/579
f 594/594/594 1118/1118/1118 1126/1126/1126
f 1122/1122/1122 590/590/590 582/582/582
f 590/590/590 1113/1113/1113 582/582/582
f 590/590/590 1121/1121/1121 1113/1113/1113
f 1119/1119/1119 580/580/580 588/588/588
f 1120/1120/1120 588/588/588 580/580/580
f 998/998/998 999/999/999 1001/1001/1001
f 998/998/998 1000/1000/1000 999/999/999
f 1/1/1 2/2/2 4/4/4
f 1/1/1 3/3/3 2/2/2
f 1650/1650/1650 1649/1649/1649 1647/1647/1647
f 1650/1650/1650 1648/1648/1648 1649/1649/1649
f 1663/1663/1663 1664/1664/1664 1666/1666/1666
f 1663/1663/1663 1665/1665/1665 1664/1664/1664
f 1642/1642/1642 1640/1640/1640 1641/1641/1641
f 1642/1642/1642 1641/1641/1641 1639/1639/1639
f 1631/1631/1631 1642/1642/1642 1639/1639/1639
f 1631/1631/1631 1632/1632/1632 1642/1642/1642
f 1636/1636/1636 1632/1632/1632 1631/1631/1631
f 1636/1636/1636 1635/1635/1635 1632/1632/1632
f 1658/1658/1658 1657/1657/1657 1655/1655/1655
f 1658/1658/1658 1656/1656/1656 1657/1657/1657
f 1656/1656/1656 1651/1651/1651 1657/1657/1657
f 1656/1656/1656 1652/1652/1652 1651/1651/1651
f 1652/1652/1652 1653/1653/1653 1651/1651/1651
f 1652/1652/1652 1654/1654/1654 1653/1653/1653
f 1509/1509/1509 480/480/480 481/481/481
f 1506/1506/1506 1505/1505/1505 963/963/963
f 1506/1506/1506 963/963/963 964/964/964
f 963/963/963 1507/1507/1507 964/964/964
f 963/963/963 1508/1508/1508 1507/1507/1507
f 1507/1507/1507 1508/1508/1508 478/478/478
f 1507/1507/1507 478/478/478 479/479/479
f 478/478/478 1509/1509/1509 479/479/479
f 478/478/478 1510/1510/1510 1509/1509/1509
f 1509/1509/1509 1510/1510/1510 480/480/480
f 1510/1510/1510 504/504/504 480/480/480
f 1483/1483/1483 449/449/449 477/477/477
f 1482/1482/1482 449/449/449 1483/1483/1483
f 1482/1482/1482 1483/1483/1483 447/447/447
f 1482/1482/1482 447/447/447 448/448/448
f 1480/1480/1480 448/448/448 447/447/447
f 1480/1480/1480 447/447/447 1481/1481/1481
f 1480/1480/1480 1481/1481/1481 939/939/939
f 1480/1480/1480 939/939/939 940/940/940
f 1479/1479/1479 940/940/940 939/939/939
f 1479/1479/1479 939/939/939 1478/1478/1478
f 937/937/937 1479/1479/1479 1478/1478/1478
f 937/937/937 1478/1478/1478 938/938/938
f 1476/1476/1476 937/937/937 938/938/938
f 1476/1476/1476 1477/1477/1477 937/937/937
f 1476/1476/1476 961/961/961 1477/1477/1477
f 1476/1476/1476 962/962/962 961/961/961
f 961/961/961 962/962/962 1505/1505/1505
f 961/961/961 1505/1505/1505 1506/1506/1506
f 1482/1482/1482 450/450/450 449/449/449
f 439/439/439 440/440/440 382/382/382
f 439/439/439 382/382/382 385/385/385
f 382/382/382 383/383/383 385/385/385
f 382/382/382 384/384/384 383/383/383
f 1384/1384/1384 336/336/336 337/337/337
f 1384/1384/1384 335/335/335 336/336/336
f 1384/1384/1384 333/333/333 335/335/335
f 1384/1384/1384 334/334/334 333/333/333
f 1627/1627/1627 1628/1628/1628 1630/1630/1630
f 1627/1627/1627 1629/1629/1629 1628/1628/1628
f 1623/1623/1623 1624/1624/1624 1626/1626/1626
f 1623/1623/1623 1625/1625/1625 1624/1624/1624
f 977/977/977 978/978/978 980/980/980
f 977/977/977 979/979/979 978/978/978
f 979/979/979 517/517/517 978/978/978
f 979/979/979 518/518/518 517/517/517
f 518/518/518 981/981/981 517/517/517
f 518/518/518 982/982/982 981/981/981
f 982/982/982 983/983/983 981/981/981
f 982/982/982 984/984/984 983/983/983
f 984/984/984 985/985/985 983/983/983
f 984/984/984 986/986/986 985/985/985
f 1535/1535/1535 975/975/975 1536/1536/1536
f 1535/1535/1535 976/976/976 975/975/975
f 973/973/973 1531/1531/1531 1532/1532/1532
f 973/973/973 974/974/974 1531/1531/1531
f 490/490/490 491/491/491 493/493/493
f 490/490/490 492/492/492 491/491/491
f 967/967/967 968/968/968 970/970/970
f 967/967/967 969/969/969 968/968/968
f 1522/1522/1522 1523/1523/1523 1525/1525/1525
f 1522/1522/1522 1524/1524/1524 1523/1523/1523
f 1518/1518/1518 1519/1519/1519 1521/1521/1521
f 1518/1518/1518 1520/1520/1520 1519/1519/1519
f 957/957/957 958/958/958 960/960/960
f 957/957/957 959/959/959 958/958/958
f 953/953/953 954/954/954 956/956/956
f 953/953/953 955/955/955 954/954/954
f 949/949/949 950/950/950 952/952/952
f 949/949/949 951/951/951 950/950/950
f 1504/1504/1504 1503/1503/1503 476/476/476
f 475/475/475 1503/1503/1503 1504/1504/1504
f 474/474/474 1503/1503/1503 475/475/475
f 474/474/474 948/948/948 1503/1503/1503
f 461/461/461 462/462/462 464/464/464
f 461/461/461 463/463/463 462/462/462
f 943/943/943 944/944/944 946/946/946
f 943/943/943 945/945/945 944/944/944
f 1498/1498/1498 1499/1499/1499 1501/1501/1501
f 1498/1498/1498 1500/1500/1500 1499/1499/1499
f 1494/1494/1494 1495/1495/1495 1497/1497/1497
f 1494/1494/1494 1496/1496/1496 1495/1495/1495
f 1109/1109/1109 1102/1102/1102 1110/1110/1110
f 1109/1109/1109 1101/1101/1101 1102/1102/1102
f 1101/1101/1101 65/65/65 1102/1102/1102
f 1101/1101/1101 66/66/66 65/65/65
f 66/66/66 1103/1103/1103 65/65/65
f 66/66/66 1104/1104/1104 1103/1103/1103
f 1103/1103/1103 1104/1104/1104 67/67/67
f 1103/1103/1103 67/67/67 68/68/68
f 68/68/68 67/67/67 1105/1105/1105
f 68/68/68 1105/1105/1105 1106/1106/1106
f 1106/1106/1106 1105/1105/1105 1107/1107/1107
f 1106/1106/1106 1107/1107/1107 1108/1108/1108
f 1361/1361/1361 307/307/307 1385/1385/1385
f 1361/1361/1361 306/306/306 307/307/307
f 1361/1361/1361 304/304/304 306/306/306
f 1361/1361/1361 305/305/305 304/304/304
f 1361/1361/1361 1362/1362/1362 305/305/305
f 55/55/55 1093/1093/1093 56/56/56
f 55/55/55 1094/1094/1094 1093/1093/1093
f 1094/1094/1094 57/57/57 1093/1093/1093
f 1094/1094/1094 58/58/58 57/57/57
f 58/58/58 1095/1095/1095 57/57/57
f 58/58/58 1096/1096/1096 1095/1095/1095
f 1096/1096/1096 59/59/59 1095/1095/1095
f 1096/1096/1096 60/60/60 59/59/59
f 60/60/60 1097/1097/1097 59/59/59
f 60/60/60 1098/1098/1098 1097/1097/1097
f 1098/1098/1098 61/61/61 1097/1097/1097
f 1098/1098/1098 62/62/62 61/61/61
f 62/62/62 1099/1099/1099 61/61/61
f 62/62/62 1100/1100/1100 1099/1099/1099
f 1100/1100/1100 63/63/63 1099/1099/1099
f 1100/1100/1100 64/64/64 63/63/63
f 1091/1091/1091 565/565/565 1092/1092/1092
f 1091/1091/1091 566/566/566 565/565/565
f 1081/1081/1081 565/565/565 566/566/566
f 1081/1081/1081 1082/1082/1082 565/565/565
f 567/567/567 1082/1082/1082 1081/1081/1081
f 567/567/567 568/568/568 1082/1082/1082
f 569/569/569 1083/1083/1083 570/570/570
f 569/569/569 1084/1084/1084 1083/1083/1083
f 1084/1084/1084 571/571/571 1083/1083/1083
f 1084/1084/1084 572/572/572 571/571/571
f 572/572/572 1085/1085/1085 571/571/571
f 572/572/572 1086/1086/1086 1085/1085/1085
f 1086/1086/1086 573/573/573 1085/1085/1085
f 1086/1086/1086 574/574/574 573/573/573
f 574/574/574 1087/1087/1087 573/573/573
f 574/574/574 1088/1088/1088 1087/1087/1087
f 1088/1088/1088 575/575/575 1087/1087/1087
f 1088/1088/1088 576/576/576 575/575/575
f 1089/1089/1089 575/575/575 576/576/576
f 1089/1089/1089 1090/1090/1090 575/575/575
f 577/577/577 1090/1090/1090 1089/1089/1089
f 577/577/577 578/578/578 1090/1090/1090
f 1091/1091/1091 578/578/578 577/577/577
f 1091/1091/1091 1092/1092/1092 578/578/578
f 1351/1351/1351 272/272/272 1352/1352/1352
f 312/312/312 313/313/313 1363/1363/1363
f 312/312/312 1363/1363/1363 1364/1364/1364
f 1364/1364/1364 1363/1363/1363 315/315/315
f 1364/1364/1364 315/315/315 316/316/316
f 1365/1365/1365 316/316/316 315/315/315
f 1365/1365/1365 315/315/315 1366/1366/1366
f 1352/1352/1352 1365/1365/1365 1366/1366/1366
f 1352/1352/1352 1366/1366/1366 273/273/273
f 1351/1351/1351 1352/1352/1352 273/273/273
f 1351/1351/1351 273/273/273 1350/1350/1350
f 268/268/268 1351/1351/1351 1350/1350/1350
f 268/268/268 1350/1350/1350 270/270/270
f 267/267/267 268/268/268 270/270/270
f 267/267/267 269/269/269 268/268/268
f 267/267/267 270/270/270 271/271/271
f 1365/1365/1365 317/317/317 316/316/316
f 312/312/312 1364/1364/1364 314/314/314
f 846/846/846 849/849/849 1341/1341/1341
f 846/846/846 848/848/848 849/849/849
f 846/846/846 847/847/847 848/848/848
f 846/846/846 1340/1340/1340 847/847/847
f 835/835/835 1335/1335/1335 834/834/834
f 834/834/834 836/836/836 837/837/837
f 834/834/834 1336/1336/1336 836/836/836
f 1336/1336/1336 834/834/834 832/832/832
f 1335/1335/1335 832/832/832 834/834/834
f 1335/1335/1335 833/833/833 832/832/832
f 1317/1317/1317 1319/1319/1319 1318/1318/1318
f 1318/1318/1318 1319/1319/1319 1320/1320/1320
f 1318/1318/1318 1320/1320/1320 1321/1321/1321
f 1318/1318/1318 1321/1321/1321 1322/1322/1322
f 1318/1318/1318 1322/1322/1322 1323/1323/1323
f 1318/1318/1318 1323/1323/1323 1324/1324/1324
f 1318/1318/1318 1324/1324/1324 1325/1325/1325
f 1318/1318/1318 1325/1325/1325 1326/1326/1326
f 1318/1318/1318 1326/1326/1326 1327/1327/1327
f 1318/1318/1318 1327/1327/1327 1328/1328/1328
f 1318/1318/1318 1328/1328/1328 1329/1329/1329
f 1318/1318/1318 1329/1329/1329 1317/1317/1317
f 1301/1301/1301 808/808/808 810/810/810
f 844/844/844 845/845/845 1339/1339/1339
f 844/844/844 1339/1339/1339 820/820/820
f 820/820/820 1339/1339/1339 807/807/807
f 820/820/820 807/807/807 806/806/806
f 1299/1299/1299 806/806/806 807/807/807
f 1299/1299/1299 1300/1300/1300 806/806/806
f 808/808/808 1300/1300/1300 1299/1299/1299
f 808/808/808 809/809/809 1300/1300/1300
f 1301/1301/1301 809/809/809 808/808/808
f 1301/1301/1301 1302/1302/1302 809/809/809
f 811/811/811 1302/1302/1302 1301/1301/1301
f 811/811/811 812/812/812 1302/1302/1302
f 1303/1303/1303 812/812/812 811/811/811
f 1303/1303/1303 1304/1304/1304 812/812/812
f 813/813/813 1304/1304/1304 1303/1303/1303
f 813/813/813 814/814/814 1304/1304/1304
f 1305/1305/1305 814/814/814 813/813/813
f 1305/1305/1305 1306/1306/1306 814/814/814
f 820/820/820 806/806/806 821/821/821
f 1306/1306/1306 1305/1305/1305 830/830/830
f 1306/1306/1306 830/830/830 831/831/831
f 1333/1333/1333 831/831/831 830/830/830
f 1333/1333/1333 830/830/830 1334/1334/1334
f 826/826/826 1333/1333/1333 1334/1334/1334
f 826/826/826 1334/1334/1334 828/828/828
f 826/826/826 828/828/828 827/827/827
f 826/826/826 827/827/827 829/829/829
f 842/842/842 829/829/829 827/827/827
f 842/842/842 827/827/827 843/843/843
f 766/766/766 1295/1295/1295 768/768/768
f 1295/1295/1295 1280/1280/1280 768/768/768
f 1280/1280/1280 759/759/759 768/768/768
f 1280/1280/1280 1258/1258/1258 759/759/759
f 1257/1257/1257 759/759/759 1258/1258/1258
f 1257/1257/1257 1258/1258/1258 1259/1259/1259
f 1257/1257/1257 1259/1259/1259 760/760/760
f 1259/1259/1259 1260/1260/1260 760/760/760
f 1259/1259/1259 1261/1261/1261 1260/1260/1260
f 761/761/761 1260/1260/1260 1261/1261/1261
f 761/761/761 1261/1261/1261 1262/1262/1262
f 761/761/761 1262/1262/1262 1263/1263/1263
f 1281/1281/1281 1263/1263/1263 1262/1262/1262
f 1281/1281/1281 769/769/769 1263/1263/1263
f 1281/1281/1281 1282/1282/1282 769/769/769
f 1281/1281/1281 762/762/762 1282/1282/1282
f 1281/1281/1281 1265/1265/1265 762/762/762
f 1264/1264/1264 762/762/762 1265/1265/1265
f 1264/1264/1264 1265/1265/1265 1266/1266/1266
f 1264/1264/1264 1266/1266/1266 763/763/763
f 1294/1294/1294 763/763/763 1266/1266/1266
f 1294/1294/1294 749/749/749 763/763/763
f 1294/1294/1294 1246/1246/1246 749/749/749
f 1246/1246/1246 1247/1247/1247 749/749/749
f 1246/1246/1246 1248/1248/1248 1247/1247/1247
f 766/766/766 1247/1247/1247 1248/1248/1248
f 766/766/766 1248/1248/1248 1295/1295/1295
f 766/766/766 767/767/767 1247/1247/1247
f 456/456/456 1488/1488/1488 454/454/454
f 1488/1488/1488 455/455/455 454/454/454
f 455/455/455 1487/1487/1487 454/454/454
f 1487/1487/1487 941/941/941 454/454/454
f 941/941/941 1486/1486/1486 454/454/454
f 1486/1486/1486 453/453/453 454/454/454
f 453/453/453 1485/1485/1485 454/454/454
f 484/484/484 454/454/454 1485/1485/1485
f 1512/1512/1512 454/454/454 484/484/484
f 965/965/965 454/454/454 1512/1512/1512
f 1513/1513/1513 454/454/454 965/965/965
f 485/485/485 454/454/454 1513/1513/1513
f 1514/1514/1514 454/454/454 485/485/485
f 486/486/486 454/454/454 1514/1514/1514
f 457/457/457 454/454/454 486/486/486
f 457/457/457 456/456/456 454/454/454
f 1489/1489/1489 458/458/458 1490/1490/1490
f 458/458/458 1491/1491/1491 1490/1490/1490
f 1491/1491/1491 942/942/942 1490/1490/1490
f 942/942/942 1492/1492/1492 1490/1490/1490
f 1492/1492/1492 459/459/459 1490/1490/1490
f 459/459/459 1493/1493/1493 1490/1490/1490
f 1493/1493/1493 460/460/460 1490/1490/1490
f 1490/1490/1490 460/460/460 470/470/470
f 1490/1490/1490 470/470/470 469/469/469
f 1490/1490/1490 469/469/469 497/497/497
f 1490/1490/1490 497/497/497 489/489/489
f 1517/1517/1517 1490/1490/1490 489/489/489
f 488/488/488 1490/1490/1490 1517/1517/1517
f 1516/1516/1516 1490/1490/1490 488/488/488
f 966/966/966 1490/1490/1490 1516/1516/1516
f 1515/1515/1515 1490/1490/1490 966/966/966
f 487/487/487 1490/1490/1490 1515/1515/1515
f 1489/1489/1489 1490/1490/1490 487/487/487
f 790/790/790 1291/1291/1291 1292/1292/1292
f 790/790/790 792/792/792 1291/1291/1291
f 790/790/790 791/791/791 792/792/792
f 790/790/790 1290/1290/1290 791/791/791
f 1502/1502/1502 472/472/472 473/473/473
f 1502/1502/1502 471/471/471 472/472/472
f 1502/1502/1502 947/947/947 471/471/471
f 1287/1287/1287 782/782/782 783/783/783
f 1287/1287/1287 1288/1288/1288 782/782/782
f 784/784/784 1288/1288/1288 1287/1287/1287
f 784/784/784 1287/1287/1287 785/785/785
f 785/785/785 1293/1293/1293 784/784/784
f 1267/1267/1267 1269/1269/1269 1268/1268/1268
f 1269/1269/1269 1270/1270/1270 1268/1268/1268
f 1269/1269/1269 1271/1271/1271 1270/1270/1270
f 1269/1269/1269 1272/1272/1272 1271/1271/1271
f 1269/1269/1269 1273/1273/1273 1272/1272/1272
f 1269/1269/1269 1274/1274/1274 1273/1273/1273
f 1269/1269/1269 1275/1275/1275 1274/1274/1274
f 1269/1269/1269 1276/1276/1276 1275/1275/1275
f 1269/1269/1269 1277/1277/1277 1276/1276/1276
f 1269/1269/1269 1278/1278/1278 1277/1277/1277
f 1269/1269/1269 1279/1279/1279 1278/1278/1278
f 1269/1269/1269 1267/1267/1267 1279/1279/1279
f 1526/1526/1526 498/498/498 971/971/971
f 1526/1526/1526 499/499/499 498/498/498
f 1526/1526/1526 500/500/500 499/499/499
f 1241/1241/1241 733/733/733 718/718/718
f 717/717/717 1231/1231/1231 718/718/718
f 733/733/733 1240/1240/1240 716/716/716
f 1230/1230/1230 717/717/717 716/716/716
f 1240/1240/1240 732/732/732 715/715/715
f 714/714/714 1230/1230/1230 715/715/715
f 1231/1231/1231 720/720/720 719/719/719
f 720/720/720 1241/1241/1241 719/719/719
f 732/732/732 1229/1229/1229 713/713/713
f 1229/1229/1229 714/714/714 713/713/713
f 177/177/177 1217/1217/1217 706/706/706
f 1217/1217/1217 178/178/178 706/706/706
f 178/178/178 1218/1218/1218 706/706/706
f 1218/1218/1218 179/179/179 706/706/706
f 179/179/179 1219/1219/1219 706/706/706
f 1219/1219/1219 180/180/180 706/706/706
f 180/180/180 1220/1220/1220 706/706/706
f 1220/1220/1220 181/181/181 706/706/706
f 181/181/181 1221/1221/1221 706/706/706
f 1221/1221/1221 182/182/182 706/706/706
f 182/182/182 1222/1222/1222 706/706/706
f 1222/1222/1222 177/177/177 706/706/706
f 1211/1211/1211 171/171/171 705/705/705
f 171/171/171 1216/1216/1216 705/705/705
f 1216/1216/1216 176/176/176 705/705/705
f 176/176/176 1215/1215/1215 705/705/705
f 1215/1215/1215 175/175/175 705/705/705
f 175/175/175 1214/1214/1214 705/705/705
f 1214/1214/1214 174/174/174 705/705/705
f 174/174/174 1213/1213/1213 705/705/705
f 1213/1213/1213 173/173/173 705/705/705
f 173/173/173 1212/1212/1212 705/705/705
f 1212/1212/1212 172/172/172 705/705/705
f 172/172/172 1211/1211/1211 705/705/705
f 1133/1133/1133 650/650/650 649/649/649
f 649/649/649 650/650/650 1132/1132/1132
f 649/649/649 1132/1132/1132 1131/1131/1131
f 1131/1131/1131 1132/1132/1132 132/132/132
f 1131/1131/1131 132/132/132 133/133/133
f 132/132/132 1130/1130/1130 133/133/133
f 132/132/132 1129/1129/1129 1130/1130/1130
f 1129/1129/1129 647/647/647 1130/1130/1130
f 1129/1129/1129 648/648/648 647/647/647
f 647/647/647 648/648/648 1127/1127/1127
f 647/647/647 1127/1127/1127 1128/1128/1128
f 1127/1127/1127 130/130/130 1128/1128/1128
f 1127/1127/1127 131/131/131 130/130/130
f 130/130/130 131/131/131 1163/1163/1163
f 130/130/130 1163/1163/1163 1164/1164/1164
f 681/681/681 1164/1164/1164 1163/1163/1163
f 681/681/681 1163/1163/1163 682/682/682
f 681/681/681 682/682/682 1165/1165/1165
f 681/681/681 1165/1165/1165 1166/1166/1166
f 1166/1166/1166 1165/1165/1165 151/151/151
f 1166/1166/1166 151/151/151 152/152/152
f 1167/1167/1167 152/152/152 151/151/151
f 1167/1167/1167 151/151/151 1168/1168/1168
f 683/683/683 1167/1167/1167 1168/1168/1168
f 683/683/683 1168/1168/1168 684/684/684
f 683/683/683 684/684/684 1169/1169/1169
f 683/683/683 1169/1169/1169 1170/1170/1170
f 153/153/153 1170/1170/1170 1169/1169/1169
f 153/153/153 1169/1169/1169 154/154/154
f 1171/1171/1171 153/153/153 154/154/154
f 1171/1171/1171 154/154/154 1172/1172/1172
f 685/685/685 1171/1171/1171 1172/1172/1172
f 685/685/685 1172/1172/1172 686/686/686
f 685/685/685 686/686/686 1173/1173/1173
f 685/685/685 1173/1173/1173 1174/1174/1174
f 136/136/136 1174/1174/1174 1173/1173/1173
f 136/136/136 1173/1173/1173 137/137/137
f 136/136/136 137/137/137 1137/1137/1137
f 136/136/136 1137/1137/1137 1138/1138/1138
f 1137/1137/1137 651/651/651 1138/1138/1138
f 1137/1137/1137 652/652/652 651/651/651
f 651/651/651 652/652/652 1136/1136/1136
f 651/651/651 1136/1136/1136 1135/1135/1135
f 1135/1135/1135 1136/1136/1136 135/135/135
f 1135/1135/1135 135/135/135 134/134/134
f 134/134/134 135/135/135 1133/1133/1133
f 134/134/134 1133/1133/1133 1134/1134/1134
f 1133/1133/1133 649/649/649 1134/1134/1134
f 1528/1528/1528 503/503/503 1527/1527/1527
f 502/502/502 1528/1528/1528 1527/1527/1527
f 1527/1527/1527 501/501/501 502/502/502
f 1527/1527/1527 972/972/972 501/501/501
f 125/125/125 645/645/645 646/646/646
f 125/125/125 127/127/127 645/645/645
f 125/125/125 620/620/620 127/127/127
f 125/125/125 126/126/126 621/621/621
f 125/125/125 621/621/621 620/620/620
f 120/120/120 620/620/620 621/621/621
f 120/120/120 121/121/121 620/620/620
f 120/120/120 630/630/630 121/121/121
f 120/120/120 631/631/631 630/630/630
f 120/120/120 621/621/621 122/122/122
f 1529/1529/1529 511/511/511 512/512/512
f 1529/1529/1529 1530/1530/1530 511/511/511
f 1529/1529/1529 505/505/505 1530/1530/1530
f 1529/1529/1529 506/506/506 505/505/505
f 622/622/622 123/123/123 124/124/124
f 622/622/622 623/623/623 123/123/123
f 626/626/626 623/623/623 622/622/622
f 626/626/626 622/622/622 627/627/627
f 626/626/626 627/627/627 624/624/624
f 626/626/626 624/624/624 625/625/625
f 617/617/617 625/625/625 624/624/624
f 617/617/617 624/624/624 619/619/619
f 616/616/616 617/617/617 619/619/619
f 616/616/616 618/618/618 617/617/617
f 635/635/635 618/618/618 616/616/616
f 635/635/635 636/636/636 618/618/618
f 636/636/636 635/635/635 639/639/639
f 636/636/636 639/639/639 640/640/640
f 640/640/640 639/639/639 641/641/641
f 640/640/640 641/641/641 642/642/642
f 641/641/641 638/638/638 642/642/642
f 641/641/641 637/637/637 638/638/638
f 128/128/128 638/638/638 637/637/637
f 128/128/128 637/637/637 129/129/129
f 1533/1533/1533 507/507/507 508/508/508
f 1533/1533/1533 1534/1534/1534 507/507/507
f 1533/1533/1533 513/513/513 1534/1534/1534
f 1533/1533/1533 514/514/514 513/513/513
f 643/643/643 644/644/644 633/633/633
f 643/643/643 633/633/633 632/632/632
f 632/632/632 633/633/633 614/614/614
f 632/632/632 614/614/614 612/612/612
f 632/632/632 612/612/612 634/634/634
f 611/611/611 628/628/628 629/629/629
f 611/611/611 615/615/615 628/628/628
f 611/611/611 614/614/614 615/615/615
f 611/611/611 612/612/612 614/614/614
f 611/611/611 613/613/613 612/612/612
f 515/515/515 516/516/516 1537/1537/1537
f 515/515/515 1537/1537/1537 1538/1538/1538
f 1537/1537/1537 509/509/509 1538/1538/1538
f 1537/1537/1537 510/510/510 509/509/509
f 1659/1659/1659 1660/1660/1660 1662/1662/1662
f 1659/1659/1659 1661/1661/1661 1660/1660/1660
f 1659/1659/1659 1667/1667/1667 1661/1661/1661
f 1659/1659/1659 1668/1668/1668 1667/1667/1667
f 1646/1646/1646 1644/1644/1644 1645/1645/1645
f 1646/1646/1646 1645/1645/1645 1643/1643/1643
f 1645/1645/1645 1633/1633/1633 1643/1643/1643
f 1645/1645/1645 1634/1634/1634 1633/1633/1633
f 1634/1634/1634 1637/1637/1637 1633/1633/1633
f 1634/1634/1634 1638/1638/1638 1637/1637/1637
